nama_produk,harga,gambar,link_produk
ASICS Gel-Kayano 14 Cream Black Metallic Plum,1550000,https://d5ibtax54de3q.cloudfront.net/eyJidWNrZXQiOiJraWNrYXZlbnVlLWFzc2V0cyIsImtleSI6InByb2R1Y3RzLzY0MTQ2LzNlZDdjMzQ0OWFjZDVlMTNmNDhmZjU5MTI1ZTEzMDZlLmpwZWciLCJlZGl0cyI6eyJyZXNpemUiOnsid2lkdGgiOjQwMH0sIndlYnAiOnsicXVhbGl0eSI6NTB9fX0=,/sneakers/asics/asics-gel-kayano-14-cream-black-metallic-plum-1201a019-108-ka/64146?from=search
Nike Dunk Low Cacao Wow (Women's),1200000,https://d5ibtax54de3q.cloudfront.net/eyJidWNrZXQiOiJraWNrYXZlbnVlLWFzc2V0cyIsImtleSI6InByb2R1Y3RzLzYzMjgzL2ZiYTM5NjU2ODEwMzRhNjUwNjc4NzE4YjIwNDBiZDRlLmpwZWciLCJlZGl0cyI6eyJyZXNpemUiOnsid2lkdGgiOjQwMH0sIndlYnAiOnsicXVhbGl0eSI6NTB9fX0=,/sneakers/nike/nike-dunk-low-cacao-wow-w-dd1503-124-ka/63283?from=search
Air Jordan 1 Low Black Toe Medium Olive,1380000,https://d5ibtax54de3q.cloudfront.net/eyJidWNrZXQiOiJraWNrYXZlbnVlLWFzc2V0cyIsImtleSI6InByb2R1Y3RzLzExMzExOS9lYTM5Y2NkNGJiYjBlZWIxZjE5OWEyNWM5ODdlNDNiYy5wbmciLCJlZGl0cyI6eyJyZXNpemUiOnsid2lkdGgiOjQwMH0sIndlYnAiOnsicXVhbGl0eSI6NTB9fX0=,/sneakers/air-jordan/air-jordan-1-low-black-toe-medium-olive-553558-092-ka/113119?from=search
Nike P-6000 Flat Pewter,1280000,https://d5ibtax54de3q.cloudfront.net/eyJidWNrZXQiOiJraWNrYXZlbnVlLWFzc2V0cyIsImtleSI6InByb2R1Y3RzLzcyODg5LzQ1ZDZjM2RjOTEzNTY3NjEyYjcwZjNlZGJiMzk1YzAwLnBuZyIsImVkaXRzIjp7InJlc2l6ZSI6eyJ3aWR0aCI6NDAwfSwid2VicCI6eyJxdWFsaXR5Ijo1MH19fQ==,/sneakers/nike/nike-p-6000-flat-pewter-fn7509-029-ka/72889?from=search
New Balance 550 White Gum,650000,https://d5ibtax54de3q.cloudfront.net/eyJidWNrZXQiOiJraWNrYXZlbnVlLWFzc2V0cyIsImtleSI6InByb2R1Y3RzLzM5OTU1LzIwMTY2ZWZmMjBlMTdkZTE1NzdkMmFkY2NkYzgwNGI0LnBuZyIsImVkaXRzIjp7InJlc2l6ZSI6eyJ3aWR0aCI6NDAwfSwid2VicCI6eyJxdWFsaXR5Ijo1MH19fQ==,/sneakers/new-balance/new-balance-550-white-gum-bb550wgu-ka-2/39955?from=search
Adidas Handball Spezial Night Indigo,1780000,https://d5ibtax54de3q.cloudfront.net/eyJidWNrZXQiOiJraWNrYXZlbnVlLWFzc2V0cyIsImtleSI6InByb2R1Y3RzLzEwODA0Ny82OTE5YzY2ZjBlNTllYjE2ZmE2OTM3M2Y4MWNjNzMyMC5wbmciLCJlZGl0cyI6eyJyZXNpemUiOnsid2lkdGgiOjQwMH0sIndlYnAiOnsicXVhbGl0eSI6NTB9fX0=,/sneakers/adidas/adidas-handball-spezial-night-indigo-if7087-ka/108047?from=search
Nike Dunk Low Polar Blue,1000000,https://d5ibtax54de3q.cloudfront.net/eyJidWNrZXQiOiJraWNrYXZlbnVlLWFzc2V0cyIsImtleSI6InByb2R1Y3RzLzcyMDE2LzRkYjAxNmRhNTdlZTRlZGEwOTJhZjk0ZWQ4YjAzNzkxLnBuZyIsImVkaXRzIjp7InJlc2l6ZSI6eyJ3aWR0aCI6NDAwfSwid2VicCI6eyJxdWFsaXR5Ijo1MH19fQ==,/sneakers/nike/nike-dunk-low-polar-blue-dv0833-400-ka/72016?from=search
Nike Dunk Low Retro University Red Obsidian,830000,https://d5ibtax54de3q.cloudfront.net/eyJidWNrZXQiOiJraWNrYXZlbnVlLWFzc2V0cyIsImtleSI6InByb2R1Y3RzLzEwODAwNi8xYTlhY2U2OTk1YzFmODA3MWFiODczYWQwM2Q5ZGMxMS5wbmciLCJlZGl0cyI6eyJyZXNpemUiOnsid2lkdGgiOjQwMH0sIndlYnAiOnsicXVhbGl0eSI6NTB9fX0=,/sneakers/nike/nike-dunk-low-retro-university-red-obsidian-dv0833-601-ka/108006?from=search
Nike V2K Run Pure Platinum Metallic Silver,1220000,https://d5ibtax54de3q.cloudfront.net/eyJidWNrZXQiOiJraWNrYXZlbnVlLWFzc2V0cyIsImtleSI6InByb2R1Y3RzLzExMzI1Ni9kMTZkZGRmMzgwZThjMzJjYTJhM2U0NWI5YzkwYzliYy5wbmciLCJlZGl0cyI6eyJyZXNpemUiOnsid2lkdGgiOjQwMH0sIndlYnAiOnsicXVhbGl0eSI6NTB9fX0=,/sneakers/nike/nike-v2k-run-pure-platinum-metallic-silver-hj4497-100-ka/113256?from=search
Nike Dunk Low Light Smoke Grey,1100000,https://d5ibtax54de3q.cloudfront.net/eyJidWNrZXQiOiJraWNrYXZlbnVlLWFzc2V0cyIsImtleSI6InByb2R1Y3RzLzExNTE1NC9hNTY2MWMyNGJlYjcyZmU4NDE4ZGEyMDRlOGYwNDE5MC5wbmciLCJlZGl0cyI6eyJyZXNpemUiOnsid2lkdGgiOjQwMH0sIndlYnAiOnsicXVhbGl0eSI6NTB9fX0=,/sneakers/nike/nike-dunk-low-light-smoke-grey-hf5441-105-ka/115154?from=search
ASICS Gel-NYC Ivory Clay Grey,2600000,https://d5ibtax54de3q.cloudfront.net/eyJidWNrZXQiOiJraWNrYXZlbnVlLWFzc2V0cyIsImtleSI6InByb2R1Y3RzLzY2MzI2LzBkYzE5M2FiNTEzNjMzNDM5ZmM2MzUyODYyMjVlOGRhLnBuZyIsImVkaXRzIjp7InJlc2l6ZSI6eyJ3aWR0aCI6NDAwfSwid2VicCI6eyJxdWFsaXR5Ijo1MH19fQ==,/sneakers/asics/asics-gel-nyc-ivory-clay-grey-1201a789-750-ka/66326?from=search
Nike LeBron 18 Low EP Neon Nights,500000,https://d5ibtax54de3q.cloudfront.net/eyJidWNrZXQiOiJraWNrYXZlbnVlLWFzc2V0cyIsImtleSI6InByb2R1Y3RzLzgzODI2L2U2ZTJiYjNkNGZlOGE5ZDM5OWJhZjg2YTFjOThmNzE5LnBuZyIsImVkaXRzIjp7InJlc2l6ZSI6eyJ3aWR0aCI6NDAwfSwid2VicCI6eyJxdWFsaXR5Ijo1MH19fQ==,/sneakers/nike/nike-lebron-18-low-ep-neon-nights-cv7564-600-ka-2/83826?from=search
Air Jordan 1 Low Reverse Panda,1220000,https://d5ibtax54de3q.cloudfront.net/eyJidWNrZXQiOiJraWNrYXZlbnVlLWFzc2V0cyIsImtleSI6InByb2R1Y3RzLzkzMjUyLzFjNzczZWFkMjk0ZDBhYzE5MDQzYzg0N2Q1ZWRkNDE4LnBuZyIsImVkaXRzIjp7InJlc2l6ZSI6eyJ3aWR0aCI6NDAwfSwid2VicCI6eyJxdWFsaXR5Ijo1MH19fQ==,/sneakers/air-jordan/air-jordan-1-low-reverse-panda-553558-132-ka/93252?from=search
ASICS Gel-Kayano 14 Black Pure Silver,2250000,https://d5ibtax54de3q.cloudfront.net/eyJidWNrZXQiOiJraWNrYXZlbnVlLWFzc2V0cyIsImtleSI6InByb2R1Y3RzLzk2NTY2L2U1ZTQ5YjIzMmY0NWQ5M2FhNzVkOWVhY2FkY2UzYmNmLnBuZyIsImVkaXRzIjp7InJlc2l6ZSI6eyJ3aWR0aCI6NDAwfSwid2VicCI6eyJxdWFsaXR5Ijo1MH19fQ==,/sneakers/asics/asics-gel-kayano-14-black-pure-silver-1201a019-006-ka/96566?from=search
Onitsuka Tiger Tokuten White Black Gold,1850000,https://d5ibtax54de3q.cloudfront.net/eyJidWNrZXQiOiJraWNrYXZlbnVlLWFzc2V0cyIsImtleSI6InByb2R1Y3RzLzEwODI3NC9mNGFlYjVmNDM4ZjljZjVjN2VlZmE4Yzg4ZTY5MTIwZS5wbmciLCJlZGl0cyI6eyJyZXNpemUiOnsid2lkdGgiOjQwMH0sIndlYnAiOnsicXVhbGl0eSI6NTB9fX0=,/sneakers/onitsuka-tiger/onitsuka-tiger-tokuten-white-black-gold-1183b938-100-ka/108274?from=search
ASICS Gel Fujitrabuco 8 Grey,550000,https://d5ibtax54de3q.cloudfront.net/eyJidWNrZXQiOiJraWNrYXZlbnVlLWFzc2V0cyIsImtleSI6InByb2R1Y3RzLzExNDYwNi8wNWRkOWIzNTJkZTY3MmNjNjJiOTk4OGU5NGIyN2FhYy5wbmciLCJlZGl0cyI6eyJyZXNpemUiOnsid2lkdGgiOjQwMH0sIndlYnAiOnsicXVhbGl0eSI6NTB9fX0=,/sneakers/asics/asics-gel-fujitrabuco-8-grey-1011b256-021-ka/114606?from=search
Nike SB Heritage Vulc Black White,450000,https://d5ibtax54de3q.cloudfront.net/eyJidWNrZXQiOiJraWNrYXZlbnVlLWFzc2V0cyIsImtleSI6InByb2R1Y3RzLzEwNDgxMi8zYmEzZjMzZWE2ZmJiMzBiMDRlMjg4ODNjNzg1ZTJmMS5wbmciLCJlZGl0cyI6eyJyZXNpemUiOnsid2lkdGgiOjQwMH0sIndlYnAiOnsicXVhbGl0eSI6NTB9fX0=,/sneakers/nike/nike-sb-heritage-vulc-black-white-cd5010-003-ka/104812?from=search
Onitsuka Tiger Mexico 66 Chrome Silver,500000,https://d5ibtax54de3q.cloudfront.net/eyJidWNrZXQiOiJraWNrYXZlbnVlLWFzc2V0cyIsImtleSI6InByb2R1Y3RzLzEwODMwNS9iMjM2ODU0MzRmZGJhOTkyMzdhOTQwNjRkODNiYzA0ZS5wbmciLCJlZGl0cyI6eyJyZXNpemUiOnsid2lkdGgiOjQwMH0sIndlYnAiOnsicXVhbGl0eSI6NTB9fX0=,/sneakers/onitsuka-tiger/onitsuka-tiger-mexico-66-chrome-silver-thl7c2-9399-ka/108305?from=search
ASICS Gel-1130 White Clay Canyon,1470000,https://d5ibtax54de3q.cloudfront.net/eyJidWNrZXQiOiJraWNrYXZlbnVlLWFzc2V0cyIsImtleSI6InByb2R1Y3RzLzk4MTQ1LzYyZWRhOTcyNmRlNzdkZTU1ZjI3YTZhYTNhYmYyMzk3LnBuZyIsImVkaXRzIjp7InJlc2l6ZSI6eyJ3aWR0aCI6NDAwfSwid2VicCI6eyJxdWFsaXR5Ijo1MH19fQ==,/sneakers/asics/asics-gel-1130-white-clay-canyon-1201a256-113-ka/98145?from=search
Adidas Handball Spezial Core Blue,1460000,https://d5ibtax54de3q.cloudfront.net/eyJidWNrZXQiOiJraWNrYXZlbnVlLWFzc2V0cyIsImtleSI6InByb2R1Y3RzLzk2NzI3L2EyMjI4Yzg1OGU4ZWE1Y2E0Yjg3NDAzOGJmZmU5ODY1LnBuZyIsImVkaXRzIjp7InJlc2l6ZSI6eyJ3aWR0aCI6NDAwfSwid2VicCI6eyJxdWFsaXR5Ijo1MH19fQ==,/sneakers/adidas/adidas-handball-spezial-core-blue-ig6194-ka/96727?from=search
Nike Zoom Vomero 5 Have a Nike Day,1250000,https://d5ibtax54de3q.cloudfront.net/eyJidWNrZXQiOiJraWNrYXZlbnVlLWFzc2V0cyIsImtleSI6InByb2R1Y3RzLzkwMDUxL2JmN2I0NzY1MDI4MTFiM2E4MWI4NGY1ZGM1OWJmNzE3LnBuZyIsImVkaXRzIjp7InJlc2l6ZSI6eyJ3aWR0aCI6NDAwfSwid2VicCI6eyJxdWFsaXR5Ijo1MH19fQ==,/sneakers/nike/nike-zoom-vomero-5-have-a-nike-day-fn8889-181-ka/90051?from=search
New Balance 1906R Lunar New Year White,1580000,https://d5ibtax54de3q.cloudfront.net/eyJidWNrZXQiOiJraWNrYXZlbnVlLWFzc2V0cyIsImtleSI6InByb2R1Y3RzLzc4NzQ2LzdhZjFiOWVkYmRiMzk0Y2I0YWFiNDQwYzA2ODUwMTc5LnBuZyIsImVkaXRzIjp7InJlc2l6ZSI6eyJ3aWR0aCI6NDAwfSwid2VicCI6eyJxdWFsaXR5Ijo1MH19fQ==,/sneakers/new-balance/new-balance-1906r-lunar-new-year-white-m1906nly-ka/78746?from=search
Nike Dunk Low Next Nature Baroque Brown,1200000,https://d5ibtax54de3q.cloudfront.net/eyJidWNrZXQiOiJraWNrYXZlbnVlLWFzc2V0cyIsImtleSI6InByb2R1Y3RzLzEwNTMyNi9lOTg4Njg1ODhkODcwOTRjZGRjZGI2OWY4MjZjOGY0ZC5wbmciLCJlZGl0cyI6eyJyZXNpemUiOnsid2lkdGgiOjQwMH0sIndlYnAiOnsicXVhbGl0eSI6NTB9fX0=,/sneakers/nike/nike-dunk-low-next-nature-baroque-brown-hf4292-200-ka/105326?from=search
New Balance 1906R Silver Orange,1310000,https://d5ibtax54de3q.cloudfront.net/eyJidWNrZXQiOiJraWNrYXZlbnVlLWFzc2V0cyIsImtleSI6InByb2R1Y3RzLzk0NTAzL2FhYWQ5MjMyNTQyZmZkMGJhM2E4NDU2YzkwMzRiZTQ3LnBuZyIsImVkaXRzIjp7InJlc2l6ZSI6eyJ3aWR0aCI6NDAwfSwid2VicCI6eyJxdWFsaXR5Ijo1MH19fQ==,/sneakers/new-balance/jordan-formula-23-low-gym-red-m1906rwm-ka/94503?from=search
Nike Dunk Low Redwood,1330000,https://d5ibtax54de3q.cloudfront.net/eyJidWNrZXQiOiJraWNrYXZlbnVlLWFzc2V0cyIsImtleSI6InByb2R1Y3RzLzExMzY3OC9lNjY3ZGQ3ZTRlYzg2MDhhNjNjMTg1Nzg2ZmRlM2Y3OC5wbmciLCJlZGl0cyI6eyJyZXNpemUiOnsid2lkdGgiOjQwMH0sIndlYnAiOnsicXVhbGl0eSI6NTB9fX0=,/sneakers/nike/nike-dunk-low-redwood-dv0833-115-ka/113678?from=search
Nike P-6000 Metallic Silver Sail,1480000,https://d5ibtax54de3q.cloudfront.net/eyJidWNrZXQiOiJraWNrYXZlbnVlLWFzc2V0cyIsImtleSI6InByb2R1Y3RzLzc4MjEzL2EyN2M4NjU2Nzk2MjYyMDkzODBhNTc3ZWQzOWQ0NGZhLnBuZyIsImVkaXRzIjp7InJlc2l6ZSI6eyJ3aWR0aCI6NDAwfSwid2VicCI6eyJxdWFsaXR5Ijo1MH19fQ==,/sneakers/nike/nike-p-6000-metallic-silver-sail-cn0149-001-ka/78213?from=search
Adidas AE 1 Low MX Grey,1430000,https://d5ibtax54de3q.cloudfront.net/eyJidWNrZXQiOiJraWNrYXZlbnVlLWFzc2V0cyIsImtleSI6InByb2R1Y3RzLzEwODE5MS8xMmZhMWRjMWZlZmY3YWFmODAwYTRlZDAwMzhkODBlOC5wbmciLCJlZGl0cyI6eyJyZXNpemUiOnsid2lkdGgiOjQwMH0sIndlYnAiOnsicXVhbGl0eSI6NTB9fX0=,/sneakers/adidas/adidas-ae-1-low-mx-grey-ji4066-ka/108191?from=search
Nike Giannis Immortality 3 EP Triple White,640000,https://d5ibtax54de3q.cloudfront.net/eyJidWNrZXQiOiJraWNrYXZlbnVlLWFzc2V0cyIsImtleSI6InByb2R1Y3RzLzExMTIxMS9lNzg1MDYwZDJjNDliODgzZmVkZjdmZTAzY2U2YjAzMC5wbmciLCJlZGl0cyI6eyJyZXNpemUiOnsid2lkdGgiOjQwMH0sIndlYnAiOnsicXVhbGl0eSI6NTB9fX0=,/sneakers/nike/nike-giannis-immortality-3-ep-triple-white-dz7534-102-ka/111211?from=search
Puma Palermo Players Lane,1510000,https://d5ibtax54de3q.cloudfront.net/eyJidWNrZXQiOiJraWNrYXZlbnVlLWFzc2V0cyIsImtleSI6InByb2R1Y3RzLzEwODUwNi9hZGFhNjhjMzU3MGI5NjRmYmUzMTRkYjUwZDk2MDFjMi5wbmciLCJlZGl0cyI6eyJyZXNpemUiOnsid2lkdGgiOjQwMH0sIndlYnAiOnsicXVhbGl0eSI6NTB9fX0=,/sneakers/puma/puma-palermo-players-lane-398525-01-ka/108506?from=search
Nike LeBron Icon John Elliott Black,700000,https://d5ibtax54de3q.cloudfront.net/eyJidWNrZXQiOiJraWNrYXZlbnVlLWFzc2V0cyIsImtleSI6InByb2R1Y3RzLzgzOTQ4LzkyMjRiZWZlZDM3YjA2ZjMxMjhmMmU1MzhjNDk0ZDA4LnBuZyIsImVkaXRzIjp7InJlc2l6ZSI6eyJ3aWR0aCI6NDAwfSwid2VicCI6eyJxdWFsaXR5Ijo1MH19fQ==,/sneakers/nike/nike-lebron-icon-john-elliott-black-aq0114-001-ka/83948?from=search
Nike Dunk Low Athletic Department Deep Jungle,1320000,https://d5ibtax54de3q.cloudfront.net/eyJidWNrZXQiOiJraWNrYXZlbnVlLWFzc2V0cyIsImtleSI6InByb2R1Y3RzLzcyMzQxLzkyMWIxNjUyYWU2MTdiNzQxYTI1MDhmNmI0YTI1YzQxLnBuZyIsImVkaXRzIjp7InJlc2l6ZSI6eyJ3aWR0aCI6NDAwfSwid2VicCI6eyJxdWFsaXR5Ijo1MH19fQ==,/sneakers/nike/nike-dunk-low-athletic-department-deep-jungle-fq8080-133-ka/72341?from=search
Air Jordan 1 Low Industrial Blue,1100000,https://d5ibtax54de3q.cloudfront.net/eyJidWNrZXQiOiJraWNrYXZlbnVlLWFzc2V0cyIsImtleSI6InByb2R1Y3RzLzEwMzEwOS9kNzdiNWQ3NzU4Mjc0ZmMxZmNmZjNlMjc1MDU5MDE5Ni5wbmciLCJlZGl0cyI6eyJyZXNpemUiOnsid2lkdGgiOjQwMH0sIndlYnAiOnsicXVhbGl0eSI6NTB9fX0=,/sneakers/air-jordan/air-jordan-1-low-industrial-blue-fn5214-141-ka/103109?from=search
Nike P-6000 Coconut Milk Metallic Silver (Women's),1890000,https://d5ibtax54de3q.cloudfront.net/eyJidWNrZXQiOiJraWNrYXZlbnVlLWFzc2V0cyIsImtleSI6InByb2R1Y3RzLzc1MTc4L2UxZWJlMWYzNGVlMzMyZjE0MzE0NGMwMDA1NWU4MWZiLnBuZyIsImVkaXRzIjp7InJlc2l6ZSI6eyJ3aWR0aCI6NDAwfSwid2VicCI6eyJxdWFsaXR5Ijo1MH19fQ==,/sneakers/nike/nike-p-6000-coconut-milk-metallic-silver-w-fv6603-100-ka/75178?from=search
ASICS Gel-Kayano 14 Cream Black Metallic Plum (Kick Point Only),719000,https://d5ibtax54de3q.cloudfront.net/eyJidWNrZXQiOiJraWNrYXZlbnVlLWFzc2V0cyIsImtleSI6InByb2R1Y3RzLzk1NjIyL2U2N2I0YTA5MDc0YTgxM2RhMzYwMmMwYWEwNTRkMjkyLmpwZWciLCJlZGl0cyI6eyJyZXNpemUiOnsid2lkdGgiOjQwMH0sIndlYnAiOnsicXVhbGl0eSI6NTB9fX0=,/sneakers/asics/asics-gel-kayano-14-cream-black-metallic-plum-kick-point-only-kp-1201a019-108-ka/95622?from=search
Nike Kobe Zoom 6 Protro EYBL,102600000,https://d5ibtax54de3q.cloudfront.net/eyJidWNrZXQiOiJraWNrYXZlbnVlLWFzc2V0cyIsImtleSI6InByb2R1Y3RzLzgzMzE5LzgyZWRmMDU0NWE2ZWRmZDQ1N2IxYTU2MzljNzAzYjcyLnBuZyIsImVkaXRzIjp7InJlc2l6ZSI6eyJ3aWR0aCI6NDAwfSwid2VicCI6eyJxdWFsaXR5Ijo1MH19fQ==,/sneakers/nike/nike-kobe-zoom-6-protro-eybl-dm2825-001-ka/83319?from=search
Adidas Samba Classic Black,850000,https://d5ibtax54de3q.cloudfront.net/eyJidWNrZXQiOiJraWNrYXZlbnVlLWFzc2V0cyIsImtleSI6InByb2R1Y3RzLzQyMzkyL2FmYThhMzY2MjU4MmQwNmY3MGMxZjkxMTg3NWIwNThmLmpwZWciLCJlZGl0cyI6eyJyZXNpemUiOnsid2lkdGgiOjQwMH0sIndlYnAiOnsicXVhbGl0eSI6NTB9fX0=,/sneakers/adidas/adidas-samba-classic-black-034563-ka/42392?from=search
ASICS Gel-NYC Cream Cloud Grey,1800000,https://d5ibtax54de3q.cloudfront.net/eyJidWNrZXQiOiJraWNrYXZlbnVlLWFzc2V0cyIsImtleSI6InByb2R1Y3RzLzExMTMwOC83MGZlMjRjYmNiYmMyZjNlZDJiMDRiNzA3OWJjYzJhOC5wbmciLCJlZGl0cyI6eyJyZXNpemUiOnsid2lkdGgiOjQwMH0sIndlYnAiOnsicXVhbGl0eSI6NTB9fX0=,/sneakers/asics/asics-gel-nyc-cream-cloud-grey-1203a663-101-ka/111308?from=search
Nike Ebernon Low Premium 'White Lime Blast',400000,https://d5ibtax54de3q.cloudfront.net/eyJidWNrZXQiOiJraWNrYXZlbnVlLWFzc2V0cyIsImtleSI6InByb2R1Y3RzLzg4OTY3L2VjZDRkMDM0MjkwNTM1NjZjYzZkOTJmODVhNmM3MTljLnBuZyIsImVkaXRzIjp7InJlc2l6ZSI6eyJ3aWR0aCI6NDAwfSwid2VicCI6eyJxdWFsaXR5Ijo1MH19fQ==,/sneakers/nike/nike-ebernon-low-premium-white-lime-blast-aq1774-100-ka/88967?from=search
Nike Killshot 2 Leather Sail Gum,550000,https://d5ibtax54de3q.cloudfront.net/eyJidWNrZXQiOiJraWNrYXZlbnVlLWFzc2V0cyIsImtleSI6InByb2R1Y3RzLzg0MTcxLzM4NmNhYTAyYmZlZGRjOWU3YzdhMTdjNzJlYmRmOWU3LnBuZyIsImVkaXRzIjp7InJlc2l6ZSI6eyJ3aWR0aCI6NDAwfSwid2VicCI6eyJxdWFsaXR5Ijo1MH19fQ==,/sneakers/nike/nike-killshot-2-leather-sail-gum-432997-128-ka/84171?from=search
New Balance 2002R Gore-Tex Light Grey,2310000,https://d5ibtax54de3q.cloudfront.net/eyJidWNrZXQiOiJraWNrYXZlbnVlLWFzc2V0cyIsImtleSI6InByb2R1Y3RzLzM2NDk4LzFhOTEyMDAwMzRhZTdkYjhlM2QwMGE5ZmM0YjFiYjkwLnBuZyIsImVkaXRzIjp7InJlc2l6ZSI6eyJ3aWR0aCI6NDAwfSwid2VicCI6eyJxdWFsaXR5Ijo1MH19fQ==,/sneakers/new-balance/new-balance-2002r-gore-tex-light-grey-m2002rxb-ka-2/36498?from=search
Onitsuka Tiger Serrano Black White,1620000,https://d5ibtax54de3q.cloudfront.net/eyJidWNrZXQiOiJraWNrYXZlbnVlLWFzc2V0cyIsImtleSI6InByb2R1Y3RzLzEwODI5NC9jZDNhZTM2NmNkM2E1YjE1MWE2ZjQzZDczODZmYWZhMy5wbmciLCJlZGl0cyI6eyJyZXNpemUiOnsid2lkdGgiOjQwMH0sIndlYnAiOnsicXVhbGl0eSI6NTB9fX0=,/sneakers/onitsuka-tiger/onitsuka-tiger-serrano-black-white-1183b400-001-ka/108294?from=search
ASICS Gel Sonoma 15-50 Black Pepper,1360000,https://d5ibtax54de3q.cloudfront.net/eyJidWNrZXQiOiJraWNrYXZlbnVlLWFzc2V0cyIsImtleSI6InByb2R1Y3RzLzEwOTcyNS9mOWJjMDcwYjkyMDlmMDQwZjAxOWIyZDBlMDQwZGI5MS5wbmciLCJlZGl0cyI6eyJyZXNpemUiOnsid2lkdGgiOjQwMH0sIndlYnAiOnsicXVhbGl0eSI6NTB9fX0=,/sneakers/asics/asics-gel-sonoma-15-50-black-pepper-1203a538-002-ka/109725?from=search
New Balance 2002R Protection Pack High Desert,1600000,https://d5ibtax54de3q.cloudfront.net/eyJidWNrZXQiOiJraWNrYXZlbnVlLWFzc2V0cyIsImtleSI6InByb2R1Y3RzLzczNjg4L2UyMDM1ZWI4MzE4ZDg2YjFlNDIzMDZhY2NlNGZlODE5LnBuZyIsImVkaXRzIjp7InJlc2l6ZSI6eyJ3aWR0aCI6NDAwfSwid2VicCI6eyJxdWFsaXR5Ijo1MH19fQ==,/sneakers/new-balance/new-balance-2002r-protection-pack-high-desert-m2002rdp-ka/73688?from=search
Puma Palermo Vintage Magenta Gleam,1290000,https://d5ibtax54de3q.cloudfront.net/eyJidWNrZXQiOiJraWNrYXZlbnVlLWFzc2V0cyIsImtleSI6InByb2R1Y3RzLzExMjI2Mi80Yjc5OGFlN2JjYzNkNWVjZGIzYWNkNjk5YTZhMWI2ZS5wbmciLCJlZGl0cyI6eyJyZXNpemUiOnsid2lkdGgiOjQwMH0sIndlYnAiOnsicXVhbGl0eSI6NTB9fX0=,/sneakers/puma/puma-palermo-vintage-magenta-gleam-396841-07-ka/112262?from=search
Nike Flight Legacy Wolf Grey Mystic Navy,700000,https://d5ibtax54de3q.cloudfront.net/eyJidWNrZXQiOiJraWNrYXZlbnVlLWFzc2V0cyIsImtleSI6InByb2R1Y3RzLzg5MDk2LzA1MGMxY2M1MDI5ZWE2MmU1ZDRhM2IwOGY1MWQxNTZlLnBuZyIsImVkaXRzIjp7InJlc2l6ZSI6eyJ3aWR0aCI6NDAwfSwid2VicCI6eyJxdWFsaXR5Ijo1MH19fQ==,/sneakers/nike/nike-flight-legacy-wolf-grey-mystic-navy-bq4212-001-ka-2/89096?from=search
New Balance 1906R Black Metallic Silver,1430000,https://d5ibtax54de3q.cloudfront.net/eyJidWNrZXQiOiJraWNrYXZlbnVlLWFzc2V0cyIsImtleSI6InByb2R1Y3RzLzU5MzU3L2IyMTdmOTA1MDY0YzkzNmJkNjE2ZTY2ZWVjZjBlZmMyLmpwZWciLCJlZGl0cyI6eyJyZXNpemUiOnsid2lkdGgiOjQwMH0sIndlYnAiOnsicXVhbGl0eSI6NTB9fX0=,/sneakers/new-balance/new-balance-1906r-black-metallic-silver-m1906rjb-ka/59357?from=search
Nike JA 1 Scratch EP White Turbo Green,1310000,https://d5ibtax54de3q.cloudfront.net/eyJidWNrZXQiOiJraWNrYXZlbnVlLWFzc2V0cyIsImtleSI6InByb2R1Y3RzLzExMTk4Ny8zNjUwNzYyNmNkNDYyYjBjYzBlZDZiMzY3OWZmYWFlNy5wbmciLCJlZGl0cyI6eyJyZXNpemUiOnsid2lkdGgiOjQwMH0sIndlYnAiOnsicXVhbGl0eSI6NTB9fX0=,/sneakers/nike/nike-ja-1-scratch-ep-white-turbo-green-hj7929-100-ka/111987?from=search
Nike Air Max 1 Athletic Department Light Bone University Gold,1210000,https://d5ibtax54de3q.cloudfront.net/eyJidWNrZXQiOiJraWNrYXZlbnVlLWFzc2V0cyIsImtleSI6InByb2R1Y3RzLzcyODA2LzdlOWY3NGNkOGY4YmYxNDE2ZjcwNTMxMDFiNDM2ZWRkLnBuZyIsImVkaXRzIjp7InJlc2l6ZSI6eyJ3aWR0aCI6NDAwfSwid2VicCI6eyJxdWFsaXR5Ijo1MH19fQ==,/sneakers/nike/nike-air-max-1-athletic-department-light-bone-university-gold-fn7487-133-ka/72806?from=search
Nike Dunk Low Summit White Malachite,1220000,https://d5ibtax54de3q.cloudfront.net/eyJidWNrZXQiOiJraWNrYXZlbnVlLWFzc2V0cyIsImtleSI6InByb2R1Y3RzLzc4MjIzL2E0ZTdmYzZjMGRjN2I5NDdjNjYxMzVjZjZjZGQzMTMyLnBuZyIsImVkaXRzIjp7InJlc2l6ZSI6eyJ3aWR0aCI6NDAwfSwid2VicCI6eyJxdWFsaXR5Ijo1MH19fQ==,/sneakers/nike/nike-dunk-low-summit-white-malachite-dv0831-107-ka/78223?from=search
Nike Ja 1 EP Day Multi Color,1630000,https://d5ibtax54de3q.cloudfront.net/eyJidWNrZXQiOiJraWNrYXZlbnVlLWFzc2V0cyIsImtleSI6InByb2R1Y3RzLzEwNTA2NC9hMGZkMTY0MDU0MjE1NmI2ZGUyYmQ2ZGY1YmEyZmZhZC5wbmciLCJlZGl0cyI6eyJyZXNpemUiOnsid2lkdGgiOjQwMH0sIndlYnAiOnsicXVhbGl0eSI6NTB9fX0=,/sneakers/nike/nike-ja-1-ep-day-multi-color-fv1288-800-ka/105064?from=search
Nike SB Dunk Low Verdy Visty,5740000,https://d5ibtax54de3q.cloudfront.net/eyJidWNrZXQiOiJraWNrYXZlbnVlLWFzc2V0cyIsImtleSI6InByb2R1Y3RzLzEwNjk2MC82MjFjMTYyMGRjN2FkZmY5MTY0YjE0OGZmZGI2Njk4Ni5wbmciLCJlZGl0cyI6eyJyZXNpemUiOnsid2lkdGgiOjQwMH0sIndlYnAiOnsicXVhbGl0eSI6NTB9fX0=,/sneakers/nike/nike-sb-dunk-low-verdy-visty-fn6040-400-ka/106960?from=search
New Balance 550 Vintage Indigo Beige,1000000,https://d5ibtax54de3q.cloudfront.net/eyJidWNrZXQiOiJraWNrYXZlbnVlLWFzc2V0cyIsImtleSI6InByb2R1Y3RzLzU2NTg5L2NhZWUyNDYzYjYxZDQxMWIwMzFiZGNjMjNjNzRhOWM0LmpwZWciLCJlZGl0cyI6eyJyZXNpemUiOnsid2lkdGgiOjQwMH0sIndlYnAiOnsicXVhbGl0eSI6NTB9fX0=,/sneakers/new-balance/new-balance-550-vintage-indigo-beige-bb550pla-ka/56589?from=search
Nike Dunk Low Photon Dust Obsidian,1460000,https://d5ibtax54de3q.cloudfront.net/eyJidWNrZXQiOiJraWNrYXZlbnVlLWFzc2V0cyIsImtleSI6InByb2R1Y3RzLzEwMzg3MS82ZmM5NjljZWJkMjAwYTk5ZGZiM2JiMDBjYTk0NTNjZi5wbmciLCJlZGl0cyI6eyJyZXNpemUiOnsid2lkdGgiOjQwMH0sIndlYnAiOnsicXVhbGl0eSI6NTB9fX0=,/sneakers/nike/nike-dunk-low-photon-dust-obsidian-hf4299-001-ka/103871?from=search
New Balance 1906R Moonbeam Raincloud,1440000,https://d5ibtax54de3q.cloudfront.net/eyJidWNrZXQiOiJraWNrYXZlbnVlLWFzc2V0cyIsImtleSI6InByb2R1Y3RzLzEwNjE2Ni82NWFiM2VkOTc2ODZiZDM4NzZlMWZkMDJjYjNmOWZhZi5wbmciLCJlZGl0cyI6eyJyZXNpemUiOnsid2lkdGgiOjQwMH0sIndlYnAiOnsicXVhbGl0eSI6NTB9fX0=,/sneakers/new-balance/new-balance-1906r-moonbeam-raincloud-m1906rrd-ka/106166?from=search
Puma Suede Year of the Dragon X Jeff Staple,1550000,https://d5ibtax54de3q.cloudfront.net/eyJidWNrZXQiOiJraWNrYXZlbnVlLWFzc2V0cyIsImtleSI6InByb2R1Y3RzLzExMjg0Ny83YzhhYzdjMDk5NjM2YjZmZjE0MTkyMjQ1YWQzYWE5NC5wbmciLCJlZGl0cyI6eyJyZXNpemUiOnsid2lkdGgiOjQwMH0sIndlYnAiOnsicXVhbGl0eSI6NTB9fX0=,/sneakers/puma/puma-suede-year-of-the-dragon-x-jeff-staple-396253-01-ka/112847?from=search
Air Jordan 1 Retro Low OG Barons,1540000,https://d5ibtax54de3q.cloudfront.net/eyJidWNrZXQiOiJraWNrYXZlbnVlLWFzc2V0cyIsImtleSI6InByb2R1Y3RzLzEwOTE1Mi9lZWFhNWM1YmE4MjVhZmZjMjZlZDk4N2I0MzQ2OWQ2MC5wbmciLCJlZGl0cyI6eyJyZXNpemUiOnsid2lkdGgiOjQwMH0sIndlYnAiOnsicXVhbGl0eSI6NTB9fX0=,/sneakers/air-jordan/air-jordan-1-retro-low-og-barons-cz0790-110-ka/109152?from=search
Nike P-6000 Earth Light Bone,1320000,https://d5ibtax54de3q.cloudfront.net/eyJidWNrZXQiOiJraWNrYXZlbnVlLWFzc2V0cyIsImtleSI6InByb2R1Y3RzLzEwNjQ5OC9jMDJiYjA5ZTlkZThhZDVhMTdjMTlkYzYwNDNmMmMwYS5wbmciLCJlZGl0cyI6eyJyZXNpemUiOnsid2lkdGgiOjQwMH0sIndlYnAiOnsicXVhbGl0eSI6NTB9fX0=,/sneakers/nike/nike-p-6000-earth-light-bone-hf0728-201-ka/106498?from=search
New Balance 57/40 Black,1690000,https://d5ibtax54de3q.cloudfront.net/eyJidWNrZXQiOiJraWNrYXZlbnVlLWFzc2V0cyIsImtleSI6InByb2R1Y3RzLzk0OTAzL2IxYTY4ZDBhMDYxNTJkY2MyZjI2ODA2NTUyOWYwMGE5LnBuZyIsImVkaXRzIjp7InJlc2l6ZSI6eyJ3aWR0aCI6NDAwfSwid2VicCI6eyJxdWFsaXR5Ijo1MH19fQ==,/sneakers/new-balance/jordan-jordan-why-not-zer03-se-pf-flash-crimson-m5740ll-ka/94903?from=search
Jordan 1 Low Alternate Royal Toe,1320000,https://d5ibtax54de3q.cloudfront.net/eyJidWNrZXQiOiJraWNrYXZlbnVlLWFzc2V0cyIsImtleSI6InByb2R1Y3RzLzczNjYzL2U2MDczZTFlYjdjMjcyOTgzYTlkYmFiYjg3MmY2NTRmLnBuZyIsImVkaXRzIjp7InJlc2l6ZSI6eyJ3aWR0aCI6NDAwfSwid2VicCI6eyJxdWFsaXR5Ijo1MH19fQ==,/sneakers/air-jordan/jordan-1-low-alternate-royal-toe-553558-140-ka/73663?from=search
Nike Air Dunk Jumbo Mint Foam,900000,https://d5ibtax54de3q.cloudfront.net/eyJidWNrZXQiOiJraWNrYXZlbnVlLWFzc2V0cyIsImtleSI6InByb2R1Y3RzLzQzNzE1L2JhZWE1Mjg2MjE0MGNhM2Q3NDVkM2RkMmZkY2QzMzM5LmpwZWciLCJlZGl0cyI6eyJyZXNpemUiOnsid2lkdGgiOjQwMH0sIndlYnAiOnsicXVhbGl0eSI6NTB9fX0=,/sneakers/nike/nike-air-dunk-jumbo-mint-foam-dv0821-100-ka/43715?from=search
Onitsuka Tiger Mexico 66 Dark Sepia,1280000,https://d5ibtax54de3q.cloudfront.net/eyJidWNrZXQiOiJraWNrYXZlbnVlLWFzc2V0cyIsImtleSI6InByb2R1Y3RzLzE3MTUzLzdmMGEyZTZlZWY4MDFjZTcxYjU4MTkxYmVmMmMzMzhhLnBuZyIsImVkaXRzIjp7InJlc2l6ZSI6eyJ3aWR0aCI6NDAwfSwid2VicCI6eyJxdWFsaXR5Ijo1MH19fQ==,/sneakers/onitsuka-tiger/onitsuka-tiger-mexico-66-dark-sepia-1183a051-251-ka/17153?from=search
Onitsuka Tiger Mexico 66 White Dried Berry,1720000,https://d5ibtax54de3q.cloudfront.net/eyJidWNrZXQiOiJraWNrYXZlbnVlLWFzc2V0cyIsImtleSI6InByb2R1Y3RzLzMzMDA5L2IxYjk0NWJhZjcxNGE3NWYzMDQ0NGNlMzA3MWEyNzRkLnBuZyIsImVkaXRzIjp7InJlc2l6ZSI6eyJ3aWR0aCI6NDAwfSwid2VicCI6eyJxdWFsaXR5Ijo1MH19fQ==,/sneakers/onitsuka-tiger/onitsuka-tiger-mexico-66-white-dried-berry-1183a201-114-ka/33009?from=search
ASICS Gel-NYC Oyster Grey,1970000,https://d5ibtax54de3q.cloudfront.net/eyJidWNrZXQiOiJraWNrYXZlbnVlLWFzc2V0cyIsImtleSI6InByb2R1Y3RzLzYxMDUzL2IwNDM5ZDgwMzJmOGNmNjQ2Zjk2YmVmYzJlNjA1MTVmLmpwZWciLCJlZGl0cyI6eyJyZXNpemUiOnsid2lkdGgiOjQwMH0sIndlYnAiOnsicXVhbGl0eSI6NTB9fX0=,/sneakers/asics/asics-gel-nyc-oyster-grey-1201a789-103-ka/61053?from=search
Adidas Handball Spezial Light Blue,1710000,https://d5ibtax54de3q.cloudfront.net/eyJidWNrZXQiOiJraWNrYXZlbnVlLWFzc2V0cyIsImtleSI6InByb2R1Y3RzLzY0MTUwL2ZiZDc4YTgxNWUxYWI2NDc1YzM4ZDlmZjM0MGYxYmJjLmpwZWciLCJlZGl0cyI6eyJyZXNpemUiOnsid2lkdGgiOjQwMH0sIndlYnAiOnsicXVhbGl0eSI6NTB9fX0=,/sneakers/adidas/adidas-handball-spezial-light-blue-bd7632-ka/64150?from=search
Nike KD 4 Weatherman (2024),1920000,https://d5ibtax54de3q.cloudfront.net/eyJidWNrZXQiOiJraWNrYXZlbnVlLWFzc2V0cyIsImtleSI6InByb2R1Y3RzLzEwNDE1My81MDJmYzE0OWM3ZTVhMWI0MTEyOWE1MWY1NDA1MzVhMy5wbmciLCJlZGl0cyI6eyJyZXNpemUiOnsid2lkdGgiOjQwMH0sIndlYnAiOnsicXVhbGl0eSI6NTB9fX0=,/sneakers/nike/nike-kd-4-weatherman-2024-fn6247-300-ka/104153?from=search
ASICS Cecilie Bahnsen x Gel-Quantum 360 VIII Silver Clearly Aqua,4880000,https://d5ibtax54de3q.cloudfront.net/eyJidWNrZXQiOiJraWNrYXZlbnVlLWFzc2V0cyIsImtleSI6InByb2R1Y3RzLzExMzMyNC8wOTMxZmY1NjNmYzc4ZmQ2Yzg0NjI3Yzc1ZDcwMDk4OS5wbmciLCJlZGl0cyI6eyJyZXNpemUiOnsid2lkdGgiOjQwMH0sIndlYnAiOnsicXVhbGl0eSI6NTB9fX0=,/sneakers/asics/asics-cecilie-bahnsen-x-gel-quantum-360-viii-silver-clearly-aqua-1203a638-020-ka/113324?from=search
Puma Suede Spraycan - Black,820000,https://d5ibtax54de3q.cloudfront.net/eyJidWNrZXQiOiJraWNrYXZlbnVlLWFzc2V0cyIsImtleSI6InByb2R1Y3RzLzEwOTAyNS8yZDdjY2E5ZTkwZDliNDFlMzU1MGE5NWU2MzlhN2UxYi5wbmciLCJlZGl0cyI6eyJyZXNpemUiOnsid2lkdGgiOjQwMH0sIndlYnAiOnsicXVhbGl0eSI6NTB9fX0=,/sneakers/puma/puma-suede-spraycan-black-383396-02-ka/109025?from=search
Nike Kobe 4 Protro Girl Dad,2410000,https://d5ibtax54de3q.cloudfront.net/eyJidWNrZXQiOiJraWNrYXZlbnVlLWFzc2V0cyIsImtleSI6InByb2R1Y3RzLzEwNTAzMi83YzBlZDM5MzAwNTFiMGE2N2ZjNzkzMDc3MzZjYzMxYS5wbmciLCJlZGl0cyI6eyJyZXNpemUiOnsid2lkdGgiOjQwMH0sIndlYnAiOnsicXVhbGl0eSI6NTB9fX0=,/sneakers/nike/nike-kobe-4-protro-girl-dad-fq3545-300-ka/105032?from=search
Adidas AE 1 Charcoal,1480000,https://d5ibtax54de3q.cloudfront.net/eyJidWNrZXQiOiJraWNrYXZlbnVlLWFzc2V0cyIsImtleSI6InByb2R1Y3RzLzEwNDk2MS8wMzFjZDQxNmVlYWJhNDFiODEzYzAyZDJiNTQwNGI3ZC5wbmciLCJlZGl0cyI6eyJyZXNpemUiOnsid2lkdGgiOjQwMH0sIndlYnAiOnsicXVhbGl0eSI6NTB9fX0=,/sneakers/adidas/adidas-ae-1-charcoal-ig6668-ka/104961?from=search
Air Force 1 '07 LV8 Hemp Coconut Milk,1700000,https://d5ibtax54de3q.cloudfront.net/eyJidWNrZXQiOiJraWNrYXZlbnVlLWFzc2V0cyIsImtleSI6InByb2R1Y3RzLzc1MDQzL2JjM2ZmYzk5NWI5MWIxNGQ1NjJkMjNlN2M2MjA1ZGExLnBuZyIsImVkaXRzIjp7InJlc2l6ZSI6eyJ3aWR0aCI6NDAwfSwid2VicCI6eyJxdWFsaXR5Ijo1MH19fQ==,/sneakers/nike/air-force-1-07-lv8-hemp-coconut-milk-fb8878-200-ka/75043?from=search
Nike Air Force 1 '07 Sail Cacao Wow,1400000,https://d5ibtax54de3q.cloudfront.net/eyJidWNrZXQiOiJraWNrYXZlbnVlLWFzc2V0cyIsImtleSI6InByb2R1Y3RzLzc4OTk5Lzk3NTIzYzgzMzljNjJlM2ZmNjU4OTM3Mjg5OTY5MGU1LnBuZyIsImVkaXRzIjp7InJlc2l6ZSI6eyJ3aWR0aCI6NDAwfSwid2VicCI6eyJxdWFsaXR5Ijo1MH19fQ==,/sneakers/nike/nike-air-force-1-07-sail-cacao-wow-fz3592-259-ka/78999?from=search
New Balance 2002R Gore-Tex Dark Grey,2560000,https://d5ibtax54de3q.cloudfront.net/eyJidWNrZXQiOiJraWNrYXZlbnVlLWFzc2V0cyIsImtleSI6InByb2R1Y3RzLzM2NDk1LzdjNzZlYTk2MzlhY2ExMjIwOGNlNjgxZjU4NGMwZmY5LnBuZyIsImVkaXRzIjp7InJlc2l6ZSI6eyJ3aWR0aCI6NDAwfSwid2VicCI6eyJxdWFsaXR5Ijo1MH19fQ==,/sneakers/new-balance/new-balance-2002r-gore-tex-dark-grey-m2002rxa-ka-2/36495?from=search
Nike KD 17 Bink!,2840000,https://d5ibtax54de3q.cloudfront.net/eyJidWNrZXQiOiJraWNrYXZlbnVlLWFzc2V0cyIsImtleSI6InByb2R1Y3RzLzEwNTMzOC8xYTYxMTc1ODIxZjAxNWIwMWMwZDBlZWUzOTRiYmRjNC5wbmciLCJlZGl0cyI6eyJyZXNpemUiOnsid2lkdGgiOjQwMH0sIndlYnAiOnsicXVhbGl0eSI6NTB9fX0=,/sneakers/nike/nike-kd-17-bink-hj4464-200-ka/105338?from=search
Onitsuka Tiger Mexico 66 SD Cream Peacoat 2020,2000000,https://d5ibtax54de3q.cloudfront.net/eyJidWNrZXQiOiJraWNrYXZlbnVlLWFzc2V0cyIsImtleSI6InByb2R1Y3RzLzEwODI3Ni81MTk1MTYzMzZlYmIxYTY0NGVhYzA2NGI3MzEzYmExNS5wbmciLCJlZGl0cyI6eyJyZXNpemUiOnsid2lkdGgiOjQwMH0sIndlYnAiOnsicXVhbGl0eSI6NTB9fX0=,/sneakers/onitsuka-tiger/onitsuka-tiger-mexico-66-sd-cream-peacoat-2020-1183a872-101-ka/108276?from=search
New Balance 2002R J. Crew Incense,1620000,https://d5ibtax54de3q.cloudfront.net/eyJidWNrZXQiOiJraWNrYXZlbnVlLWFzc2V0cyIsImtleSI6InByb2R1Y3RzLzc1MzIwLzlhMjBiYzQyMmM1YjBiZDUzODJmMjM2ODBjMjcwMmM3LnBuZyIsImVkaXRzIjp7InJlc2l6ZSI6eyJ3aWR0aCI6NDAwfSwid2VicCI6eyJxdWFsaXR5Ijo1MH19fQ==,/sneakers/new-balance/new-balance-2002r-j-crew-incense-m2002rwa-ka/75320?from=search
ASICS Gel NYC 2055 Pale Oak Truffle Grey,1720000,https://d5ibtax54de3q.cloudfront.net/eyJidWNrZXQiOiJraWNrYXZlbnVlLWFzc2V0cyIsImtleSI6InByb2R1Y3RzLzEwODY2Ny82ZGQwZjExNDRlZDIzOTVkYmQ3M2U3NjU1N2EwNWYzNS5wbmciLCJlZGl0cyI6eyJyZXNpemUiOnsid2lkdGgiOjQwMH0sIndlYnAiOnsicXVhbGl0eSI6NTB9fX0=,/sneakers/asics/asics-gel-nyc-2055-pale-oak-truffle-grey-1203a542-200-ka/108667?from=search
Nike Dunk Low Summit Platinum Tint,1200000,https://d5ibtax54de3q.cloudfront.net/eyJidWNrZXQiOiJraWNrYXZlbnVlLWFzc2V0cyIsImtleSI6InByb2R1Y3RzLzEwNTE4Ni8wYzI3NzExMmMzNzllOTlmZjAzNDg1MzcwMTU4YzNlMy5wbmciLCJlZGl0cyI6eyJyZXNpemUiOnsid2lkdGgiOjQwMH0sIndlYnAiOnsicXVhbGl0eSI6NTB9fX0=,/sneakers/nike/nike-dunk-low-summit-platinum-tint-dv0831-111-ka/105186?from=search
Nike Air Humara QS Black Metallic Silver,1500000,https://d5ibtax54de3q.cloudfront.net/eyJidWNrZXQiOiJraWNrYXZlbnVlLWFzc2V0cyIsImtleSI6InByb2R1Y3RzLzY0NjU5LzM2YTczMjU3ZTNmZWRkYmNkOTVhNzkxODliMzFmNjUxLmpwZWciLCJlZGl0cyI6eyJyZXNpemUiOnsid2lkdGgiOjQwMH0sIndlYnAiOnsicXVhbGl0eSI6NTB9fX0=,/sneakers/nike/nike-air-humara-qs-black-metallic-silver-fj7098-002-ka/64659?from=search
New Balance FuelCell Super Comp Elite V4 Hot Mango,2760000,https://d5ibtax54de3q.cloudfront.net/eyJidWNrZXQiOiJraWNrYXZlbnVlLWFzc2V0cyIsImtleSI6InByb2R1Y3RzLzEwNTEzMi9iMjA5Yzk2ODIzODY2NWI0OWE3OTNmOTBhZjgzMmRlNi5wbmciLCJlZGl0cyI6eyJyZXNpemUiOnsid2lkdGgiOjQwMH0sIndlYnAiOnsicXVhbGl0eSI6NTB9fX0=,/sneakers/new-balance/new-balance-fuelcell-super-comp-elite-v4-hot-mango-mrcella4-ka/105132?from=search
New Balance 327 Moonbeam Driftwood,1200000,https://d5ibtax54de3q.cloudfront.net/eyJidWNrZXQiOiJraWNrYXZlbnVlLWFzc2V0cyIsImtleSI6InByb2R1Y3RzLzczODQ0LzcyYWFmYTNiYjgyZTlhZTFkZDMwYzhjNzMyNWRhNzMwLnBuZyIsImVkaXRzIjp7InJlc2l6ZSI6eyJ3aWR0aCI6NDAwfSwid2VicCI6eyJxdWFsaXR5Ijo1MH19fQ==,/sneakers/new-balance/new-balance-327-moonbeam-driftwood-u327lz-ka/73844?from=search
Nike Air Force 1 '07 White Deep Royal Blue,1200000,https://d5ibtax54de3q.cloudfront.net/eyJidWNrZXQiOiJraWNrYXZlbnVlLWFzc2V0cyIsImtleSI6InByb2R1Y3RzLzExMTk4My9kMzBhNmYzZWUxMTRmYTNlMjIxZDYzMTc5MzU5ZGJmZC5wbmciLCJlZGl0cyI6eyJyZXNpemUiOnsid2lkdGgiOjQwMH0sIndlYnAiOnsicXVhbGl0eSI6NTB9fX0=,/sneakers/nike/nike-air-force-1-07-white-deep-royal-blue-hf3836-100-ka/111983?from=search
Nike LeBron 20 EP Four Horsemen,1620000,https://d5ibtax54de3q.cloudfront.net/eyJidWNrZXQiOiJraWNrYXZlbnVlLWFzc2V0cyIsImtleSI6InByb2R1Y3RzLzgzODc5LzAxOTE5ZjY1ZmVmNGM4YjY3OTQ2NDBiYmU5ZDRmMTg3LnBuZyIsImVkaXRzIjp7InJlc2l6ZSI6eyJ3aWR0aCI6NDAwfSwid2VicCI6eyJxdWFsaXR5Ijo1MH19fQ==,/sneakers/nike/nike-lebron-20-ep-four-horsemen-dv9089-200-ka-2/83879?from=search
Nike Blazer Low '77 Vintage White Photon Dust,570000,https://d5ibtax54de3q.cloudfront.net/eyJidWNrZXQiOiJraWNrYXZlbnVlLWFzc2V0cyIsImtleSI6InByb2R1Y3RzLzc4MTc5LzM5ODc4OWI0NjVlNWI1YWYyZjQ4ZmRlOGFkMjRjNTI3LnBuZyIsImVkaXRzIjp7InJlc2l6ZSI6eyJ3aWR0aCI6NDAwfSwid2VicCI6eyJxdWFsaXR5Ijo1MH19fQ==,/sneakers/nike/nike-blazer-low-77-vintage-white-photon-dust-da6364-110-ka/78179?from=search
Nike Air Force 1 Low College Pack Night Maroon,1570000,https://d5ibtax54de3q.cloudfront.net/eyJidWNrZXQiOiJraWNrYXZlbnVlLWFzc2V0cyIsImtleSI6InByb2R1Y3RzLzc2MDczLzczMmJmZDdlNGU0NDM5ZjA3MTQwN2U3MDVmMjUyYjdhLnBuZyIsImVkaXRzIjp7InJlc2l6ZSI6eyJ3aWR0aCI6NDAwfSwid2VicCI6eyJxdWFsaXR5Ijo1MH19fQ==,/sneakers/nike/nike-air-force-1-low-college-pack-night-maroon-dq7659-102-ka/76073?from=search
New Balance 990v6 MiUSA Teddy Santis Marblehead Vintage Indigo,2310000,https://d5ibtax54de3q.cloudfront.net/eyJidWNrZXQiOiJraWNrYXZlbnVlLWFzc2V0cyIsImtleSI6InByb2R1Y3RzLzYwMDM1LzQ1OGZkYmE0NzkyNDg3MzMwMjQ5ZTcyOWQ4Zjg4N2Q0LmpwZWciLCJlZGl0cyI6eyJyZXNpemUiOnsid2lkdGgiOjQwMH0sIndlYnAiOnsicXVhbGl0eSI6NTB9fX0=,/sneakers/new-balance/new-balance-990v6-miusa-teddy-santis-marblehead-vintage-indigo-u990tc6-ka/60035?from=search
ASICS Cecilie Bahnsen x Gel-Quantum 360 VIII Silver Black,5000000,https://d5ibtax54de3q.cloudfront.net/eyJidWNrZXQiOiJraWNrYXZlbnVlLWFzc2V0cyIsImtleSI6InByb2R1Y3RzLzExMzMyNS82ZjNhYWMyY2Y5MDQ0Y2MwOGE1ZjkzMTllMjI2ZTQzZC5wbmciLCJlZGl0cyI6eyJyZXNpemUiOnsid2lkdGgiOjQwMH0sIndlYnAiOnsicXVhbGl0eSI6NTB9fX0=,/sneakers/asics/asics-cecilie-bahnsen-x-gel-quantum-360-viii-silver-black-1203a638-021-ka/113325?from=search
Adidas Campus 00's Korn Black Gum,5690000,https://d5ibtax54de3q.cloudfront.net/eyJidWNrZXQiOiJraWNrYXZlbnVlLWFzc2V0cyIsImtleSI6InByb2R1Y3RzLzcyNTQ5LzUxZTZmMjNhNDEwOGE5MzQ4YWFiM2UwN2IwNmYyOWEwLnBuZyIsImVkaXRzIjp7InJlc2l6ZSI6eyJ3aWR0aCI6NDAwfSwid2VicCI6eyJxdWFsaXR5Ijo1MH19fQ==,/sneakers/adidas/adidas-campus-00s-korn-black-gum-ig0792-ka/72549?from=search
Adidas Rivalry 86 Low Hikari Shibata Light Solid Grey,600000,https://d5ibtax54de3q.cloudfront.net/eyJidWNrZXQiOiJraWNrYXZlbnVlLWFzc2V0cyIsImtleSI6InByb2R1Y3RzLzk2NzEzLzQ2ZGQ1M2QxM2QyZDgwMmYzNWU4NWRmZmY4NDY5OGYzLnBuZyIsImVkaXRzIjp7InJlc2l6ZSI6eyJ3aWR0aCI6NDAwfSwid2VicCI6eyJxdWFsaXR5Ijo1MH19fQ==,/sneakers/adidas/adidas-rivalry-86-low-hikari-shibata-light-solid-grey-ie7337-ka/96713?from=search
Air Jordan 1 Low G Golf USA,1730000,https://d5ibtax54de3q.cloudfront.net/eyJidWNrZXQiOiJraWNrYXZlbnVlLWFzc2V0cyIsImtleSI6InByb2R1Y3RzLzk4MzgzL2M5MzE2ZmFiODEwM2YwN2IxNGZkYWM0MjUwN2UwZDJkLnBuZyIsImVkaXRzIjp7InJlc2l6ZSI6eyJ3aWR0aCI6NDAwfSwid2VicCI6eyJxdWFsaXR5Ijo1MH19fQ==,/sneakers/air-jordan/air-jordan-1-low-g-golf-usa-dd9315-113-ka/98383?from=search
New Balance 1906R White Navy Gold,2490000,https://d5ibtax54de3q.cloudfront.net/eyJidWNrZXQiOiJraWNrYXZlbnVlLWFzc2V0cyIsImtleSI6InByb2R1Y3RzLzM3ODM5LzNhYTAzYzI2Yjc4YmQ1NGU0NWY4OThmMDk5NmI4YWQ0LnBuZyIsImVkaXRzIjp7InJlc2l6ZSI6eyJ3aWR0aCI6NDAwfSwid2VicCI6eyJxdWFsaXR5Ijo1MH19fQ==,/sneakers/new-balance/new-balance-1906r-white-navy-gold-m1906rg-ka-2/37839?from=search
Nike Ja 1 EP Seasonal Coconut Milk,1420000,https://d5ibtax54de3q.cloudfront.net/eyJidWNrZXQiOiJraWNrYXZlbnVlLWFzc2V0cyIsImtleSI6InByb2R1Y3RzLzEwNTA2NS8xYjAyOTZjNzJkYjI1NDM4ZDU0MTJlYTNlMzJlODNmNy5wbmciLCJlZGl0cyI6eyJyZXNpemUiOnsid2lkdGgiOjQwMH0sIndlYnAiOnsicXVhbGl0eSI6NTB9fX0=,/sneakers/nike/nike-ja-1-ep-seasonal-coconut-milk-dr8786-102-ka/105065?from=search
Nike Zoom Vomero 5 Light Orewood Brown,1100000,https://d5ibtax54de3q.cloudfront.net/eyJidWNrZXQiOiJraWNrYXZlbnVlLWFzc2V0cyIsImtleSI6InByb2R1Y3RzLzc5MDY2LzVhY2VjYzg2MmEwYzNjN2QzYmVhODkwNjg3ZTFiNDA1LnBuZyIsImVkaXRzIjp7InJlc2l6ZSI6eyJ3aWR0aCI6NDAwfSwid2VicCI6eyJxdWFsaXR5Ijo1MH19fQ==,/sneakers/nike/nike-zoom-vomero-5-light-orewood-brown-fz3653-104-ka/79066?from=search
New Balance 1906L Junya Watanabe MAN Black,8100000,https://d5ibtax54de3q.cloudfront.net/eyJidWNrZXQiOiJraWNrYXZlbnVlLWFzc2V0cyIsImtleSI6InByb2R1Y3RzLzExNjEwNy80NWE1NTZjYzFmYjgzN2VhY2MyYzMzNTg4ZGZiZTY1ZS5wbmciLCJlZGl0cyI6eyJyZXNpemUiOnsid2lkdGgiOjQwMH0sIndlYnAiOnsicXVhbGl0eSI6NTB9fX0=,/sneakers/new-balance/new-balance-1906l-junya-watanabe-man-black-u1906lcd-ka/116107?from=search
Nike ACG Torre Mid Waterproof 'Khaki',1600000,https://d5ibtax54de3q.cloudfront.net/eyJidWNrZXQiOiJraWNrYXZlbnVlLWFzc2V0cyIsImtleSI6InByb2R1Y3RzLzg0NTE4L2IyYzY0MTRhOTY0NTNlMGMxOTUzZDkyYjg3NTRlODA5LnBuZyIsImVkaXRzIjp7InJlc2l6ZSI6eyJ3aWR0aCI6NDAwfSwid2VicCI6eyJxdWFsaXR5Ijo1MH19fQ==,/sneakers/nike/nike-acg-torre-mid-waterproof-khaki-fd0212-201-ka/84518?from=search
New Balance 480 White Black,800000,https://d5ibtax54de3q.cloudfront.net/eyJidWNrZXQiOiJraWNrYXZlbnVlLWFzc2V0cyIsImtleSI6InByb2R1Y3RzLzEwODkzMy9mMjIxZGViMWYzZTIxMzdiOGVjZGIwNGM2ZGU3MWYyOC5wbmciLCJlZGl0cyI6eyJyZXNpemUiOnsid2lkdGgiOjQwMH0sIndlYnAiOnsicXVhbGl0eSI6NTB9fX0=,/sneakers/new-balance/new-balance-480-white-black-bb480lbk-ka/108933?from=search
ASICS Gel Kayano 14 Metropolis Jasper Green,2070000,https://d5ibtax54de3q.cloudfront.net/eyJidWNrZXQiOiJraWNrYXZlbnVlLWFzc2V0cyIsImtleSI6InByb2R1Y3RzLzEwOTY0OS85NDBkZmZlNGUwMzhlNDRiYmM0ZjdhNjU4YWNiMGViNS5wbmciLCJlZGl0cyI6eyJyZXNpemUiOnsid2lkdGgiOjQwMH0sIndlYnAiOnsicXVhbGl0eSI6NTB9fX0=,/sneakers/asics/asics-gel-kayano-14-metropolis-jasper-green-1203a537-020-ka/109649?from=search
Onitsuka Tiger Mexico 66 Kill Bill,1100000,https://d5ibtax54de3q.cloudfront.net/eyJidWNrZXQiOiJraWNrYXZlbnVlLWFzc2V0cyIsImtleSI6InByb2R1Y3RzLzkwNTIvOGQzNzQ2OWMtNGU4OC00NjYzLWJiZjEtZDJmYzZmZjliZmNkLnBuZyIsImVkaXRzIjp7InJlc2l6ZSI6eyJ3aWR0aCI6NDAwfSwid2VicCI6eyJxdWFsaXR5Ijo1MH19fQ==,/sneakers/onitsuka-tiger/onitsuka-tiger-mexico-66-kill-bill-dl408-0490-ka/9052?from=search
Nike Air Force 1 '07 White Midnight Navy,1140000,https://d5ibtax54de3q.cloudfront.net/eyJidWNrZXQiOiJraWNrYXZlbnVlLWFzc2V0cyIsImtleSI6InByb2R1Y3RzLzExMzEyMS9mZTRjYzU2MTg4ZTNiNTkyOTYyMzMyNjljNzY3YmZjZS5wbmciLCJlZGl0cyI6eyJyZXNpemUiOnsid2lkdGgiOjQwMH0sIndlYnAiOnsicXVhbGl0eSI6NTB9fX0=,/sneakers/nike/nike-air-force-1-07-white-midnight-navy-fj4146-104-ka/113121?from=search
Nike LeBron 21 EP Conchiolin White,1390000,https://d5ibtax54de3q.cloudfront.net/eyJidWNrZXQiOiJraWNrYXZlbnVlLWFzc2V0cyIsImtleSI6InByb2R1Y3RzLzk1NDI3L2NlZDFmYTNhMzIyZmY2MDJiYjJlNTRhZmZmZDliOGYwLnBuZyIsImVkaXRzIjp7InJlc2l6ZSI6eyJ3aWR0aCI6NDAwfSwid2VicCI6eyJxdWFsaXR5Ijo1MH19fQ==,/sneakers/nike/nike-lebron-21-ep-conchiolin-white-hf5842-100-ka/95427?from=search
Skechers Proven Aldeno Black,560000,https://d5ibtax54de3q.cloudfront.net/eyJidWNrZXQiOiJraWNrYXZlbnVlLWFzc2V0cyIsImtleSI6InByb2R1Y3RzLzk2NjYzLzVmNDRmMmNiMjE4OTk2YjdkNWM2ZGM3ZGQxMDBhMjVkLnBuZyIsImVkaXRzIjp7InJlc2l6ZSI6eyJ3aWR0aCI6NDAwfSwid2VicCI6eyJxdWFsaXR5Ijo1MH19fQ==,/sneakers/skechers/skechers-proven-aldeno-black-204875bbk-ka/96663?from=search
New Balance XC-72 Grey White,550000,https://d5ibtax54de3q.cloudfront.net/eyJidWNrZXQiOiJraWNrYXZlbnVlLWFzc2V0cyIsImtleSI6InByb2R1Y3RzLzczMjU3LzE3MmQ1OTM4ODhmMzYwNWNhYzNhNDQ3YTdjMmNiN2M5LnBuZyIsImVkaXRzIjp7InJlc2l6ZSI6eyJ3aWR0aCI6NDAwfSwid2VicCI6eyJxdWFsaXR5Ijo1MH19fQ==,/sneakers/new-balance/new-balance-xc-72-grey-white-uxc72ng-ka/73257?from=search
New Balance 480 Team Navy,650000,https://d5ibtax54de3q.cloudfront.net/eyJidWNrZXQiOiJraWNrYXZlbnVlLWFzc2V0cyIsImtleSI6InByb2R1Y3RzLzk0ODEzLzFjYTQwYjc2N2Q0MTZmOGQ4ODNkMmNkMjljYTI2ODVhLnBuZyIsImVkaXRzIjp7InJlc2l6ZSI6eyJ3aWR0aCI6NDAwfSwid2VicCI6eyJxdWFsaXR5Ijo1MH19fQ==,/sneakers/new-balance/new-balance-480-team-navy-bb480lhj-ka/94813?from=search
Nike SB Dunk Low Supreme Rammellzee,4970000,https://d5ibtax54de3q.cloudfront.net/eyJidWNrZXQiOiJraWNrYXZlbnVlLWFzc2V0cyIsImtleSI6InByb2R1Y3RzLzY5NjkwLzA0N2VkOWFjNWEwNTlmNzY0NzkyMTVlYmI2ODY4NzNiLnBuZyIsImVkaXRzIjp7InJlc2l6ZSI6eyJ3aWR0aCI6NDAwfSwid2VicCI6eyJxdWFsaXR5Ijo1MH19fQ==,/sneakers/nike/nike-sb-dunk-low-supreme-rammellzee-fd8778-001-ka/69690?from=search
New Balance 550 White Navy NB Burgundy,2000000,https://d5ibtax54de3q.cloudfront.net/eyJidWNrZXQiOiJraWNrYXZlbnVlLWFzc2V0cyIsImtleSI6InByb2R1Y3RzLzk0ODkxLzQxNDJkMWRjNjQ1ZDJiYmI1ZjAzYjI2ZmJkZGZlYThiLnBuZyIsImVkaXRzIjp7InJlc2l6ZSI6eyJ3aWR0aCI6NDAwfSwid2VicCI6eyJxdWFsaXR5Ijo1MH19fQ==,/sneakers/new-balance/jordan-jordan-why-not-zer02-se-orange-pulse-bb550ncd-ka/94891?from=search
ASICS Gel 1130 White Cloud Grey,1340000,https://d5ibtax54de3q.cloudfront.net/eyJidWNrZXQiOiJraWNrYXZlbnVlLWFzc2V0cyIsImtleSI6InByb2R1Y3RzLzExMDMyOS8zNzMzMTNjYWY5OTcxODYyNDkzMzRlOWJiOGFhOTU5ZS5wbmciLCJlZGl0cyI6eyJyZXNpemUiOnsid2lkdGgiOjQwMH0sIndlYnAiOnsicXVhbGl0eSI6NTB9fX0=,/sneakers/asics/asics-gel-1130-white-cloud-grey-1201a256-118-ka/110329?from=search
Nike Dunk Low Midnight Navy,1100000,https://d5ibtax54de3q.cloudfront.net/eyJidWNrZXQiOiJraWNrYXZlbnVlLWFzc2V0cyIsImtleSI6InByb2R1Y3RzLzExNTE1NS81MmE1MjAzZTliM2Q0MTE0MWUyM2EzYjE1YTAxYjhhYy5wbmciLCJlZGl0cyI6eyJyZXNpemUiOnsid2lkdGgiOjQwMH0sIndlYnAiOnsicXVhbGl0eSI6NTB9fX0=,/sneakers/nike/nike-dunk-low-midnight-navy-hf5441-107-ka/115155?from=search
New Balance 2002R Steel Blue Grey,1590000,https://d5ibtax54de3q.cloudfront.net/eyJidWNrZXQiOiJraWNrYXZlbnVlLWFzc2V0cyIsImtleSI6InByb2R1Y3RzLzEwODIwNC9kMWRiOGFiZjlmMmJkMDFhMmRjZmFlMjJjNDMzYmIyMS5wbmciLCJlZGl0cyI6eyJyZXNpemUiOnsid2lkdGgiOjQwMH0sIndlYnAiOnsicXVhbGl0eSI6NTB9fX0=,/sneakers/new-balance/new-balance-2002r-steel-blue-grey-m2002rfb-ka/108204?from=search
New Balance 550 Triple Black,1100000,https://d5ibtax54de3q.cloudfront.net/eyJidWNrZXQiOiJraWNrYXZlbnVlLWFzc2V0cyIsImtleSI6InByb2R1Y3RzLzMwMjI1LzEzNzhlZGU5ZjgyOTIyYTBlMWMzN2NmZTFiNmNkNDMzLnBuZyIsImVkaXRzIjp7InJlc2l6ZSI6eyJ3aWR0aCI6NDAwfSwid2VicCI6eyJxdWFsaXR5Ijo1MH19fQ==,/sneakers/new-balance/new-balance-550-triple-black-bb550bbb-ka-2/30225?from=search
Air Jordan 1 Retro Low OG Game Royal,5370000,https://d5ibtax54de3q.cloudfront.net/eyJidWNrZXQiOiJraWNrYXZlbnVlLWFzc2V0cyIsImtleSI6InByb2R1Y3RzLzExMzcyNi85NDJjMWYyMDI2MWYwOGVlZWRhMzI3N2I0MzBmMTFlYy5wbmciLCJlZGl0cyI6eyJyZXNpemUiOnsid2lkdGgiOjQwMH0sIndlYnAiOnsicXVhbGl0eSI6NTB9fX0=,/sneakers/air-jordan/air-jordan-1-retro-low-og-game-royal-cz0790-140-ka/113726?from=search
Nike SB Dunk Low City of Cinema,1930000,https://d5ibtax54de3q.cloudfront.net/eyJidWNrZXQiOiJraWNrYXZlbnVlLWFzc2V0cyIsImtleSI6InByb2R1Y3RzLzExMzE1Mi9jMjI0M2E4NDY3NWNkMmE4YTc2YTQzY2FjMzMyMDQyYi5wbmciLCJlZGl0cyI6eyJyZXNpemUiOnsid2lkdGgiOjQwMH0sIndlYnAiOnsicXVhbGl0eSI6NTB9fX0=,/sneakers/nike/nike-sb-dunk-low-city-of-cinema-fz1278-200-ka/113152?from=search
Onitsuka Tiger Dualio,990000,https://d5ibtax54de3q.cloudfront.net/eyJidWNrZXQiOiJraWNrYXZlbnVlLWFzc2V0cyIsImtleSI6InByb2R1Y3RzLzE4MjcvMTE0YzBiYjQtOWQ0MS00YTBlLThiZTYtMDY4NDg1YjVkZmYzLmpwZWciLCJlZGl0cyI6eyJyZXNpemUiOnsid2lkdGgiOjQwMH0sIndlYnAiOnsicXVhbGl0eSI6NTB9fX0=,/sneakers/onitsuka-tiger/onitsuka-tiger-dualio-d600n-0190-ka/1827?from=search
ASICS Gel-Kayano 14 Cream Pure Silver Blue,1920000,https://d5ibtax54de3q.cloudfront.net/eyJidWNrZXQiOiJraWNrYXZlbnVlLWFzc2V0cyIsImtleSI6InByb2R1Y3RzLzU3OTE2LzJiZWI0YWU4ZmViNmE0MzY4ZjZiYzQxOGIyNzBhZmVmLmpwZWciLCJlZGl0cyI6eyJyZXNpemUiOnsid2lkdGgiOjQwMH0sIndlYnAiOnsicXVhbGl0eSI6NTB9fX0=,/sneakers/asics/asics-gel-kayano-14-cream-pure-silver-blue-1201a019-105-ka/57916?from=search
Adidas Superstar XLG Black White,1820000,https://d5ibtax54de3q.cloudfront.net/eyJidWNrZXQiOiJraWNrYXZlbnVlLWFzc2V0cyIsImtleSI6InByb2R1Y3RzLzExMTkwMy9kOWE4ZTk5N2RjMGVkZDk3ZDk3MTM2ZTUzZTFlZTE4Yy5wbmciLCJlZGl0cyI6eyJyZXNpemUiOnsid2lkdGgiOjQwMH0sIndlYnAiOnsicXVhbGl0eSI6NTB9fX0=,/sneakers/adidas/adidas-superstar-xlg-black-white-ig9777-ka/111903?from=search
New Balance 1000 Kith 101 Quarry,4490000,/static/media/kick_avenue_empty_image.cf172573.png,/sneakers/new-balance/new-balance-1000-kith-101-quarry-m1000kq-ka/116342?from=search
Adidas Samba Wonder White Legacy Burgundy,1130000,https://d5ibtax54de3q.cloudfront.net/eyJidWNrZXQiOiJraWNrYXZlbnVlLWFzc2V0cyIsImtleSI6InByb2R1Y3RzLzc4NDMyL2M5NjZkNDM4NWY1NzhkMWYwOGQ1ODMwOGFmYTgzNTQ1LnBuZyIsImVkaXRzIjp7InJlc2l6ZSI6eyJ3aWR0aCI6NDAwfSwid2VicCI6eyJxdWFsaXR5Ijo1MH19fQ==,/sneakers/adidas/adidas-samba-wonder-white-legacy-burgundy-id4198-ka/78432?from=search
Nike Air Max Plus Tiempo Wolf Grey Black,2570000,https://d5ibtax54de3q.cloudfront.net/eyJidWNrZXQiOiJraWNrYXZlbnVlLWFzc2V0cyIsImtleSI6InByb2R1Y3RzLzEwNzk5MC80N2MyZWVlOTQ4NTZiY2E1MDExNGE2YmI5ODM5YzIzNi5wbmciLCJlZGl0cyI6eyJyZXNpemUiOnsid2lkdGgiOjQwMH0sIndlYnAiOnsicXVhbGl0eSI6NTB9fX0=,/sneakers/nike/nike-air-max-plus-tiempo-wolf-grey-black-hm6850-001-ka/107990?from=search
New Balance 1906F Snowh Ash,1400000,https://d5ibtax54de3q.cloudfront.net/eyJidWNrZXQiOiJraWNrYXZlbnVlLWFzc2V0cyIsImtleSI6InByb2R1Y3RzLzk4MDc3LzNjYzc5Zjg2NjNlN2NiZGRmYjM2MmZmYzI3MWJjMmVlLnBuZyIsImVkaXRzIjp7InJlc2l6ZSI6eyJ3aWR0aCI6NDAwfSwid2VicCI6eyJxdWFsaXR5Ijo1MH19fQ==,/sneakers/new-balance/new-balance-1906f-snowh-ash-m1906ff-ka/98077?from=search
Nike Phantom GX Club MG Shadow Pack,520000,https://d5ibtax54de3q.cloudfront.net/eyJidWNrZXQiOiJraWNrYXZlbnVlLWFzc2V0cyIsImtleSI6InByb2R1Y3RzLzEwNzI0MC9iMGFkOTA1ZDhhMGZmODYwMWUzMjEyYWY3YzAyMzg2Ny5wbmciLCJlZGl0cyI6eyJyZXNpemUiOnsid2lkdGgiOjQwMH0sIndlYnAiOnsicXVhbGl0eSI6NTB9fX0=,/sneakers/nike/nike-phantom-gx-club-mg-shadow-pack-dd9483-010-ka/107240?from=search
Timberland 6 Inch Wheat Brown,3500000,https://d5ibtax54de3q.cloudfront.net/eyJidWNrZXQiOiJraWNrYXZlbnVlLWFzc2V0cyIsImtleSI6InByb2R1Y3RzLzI2MDkzLzg4NTQ2NzI1ZGY2OTQ5ZTZkNGQzMDQzZDkwMGQ2ZjY2LnBuZyIsImVkaXRzIjp7InJlc2l6ZSI6eyJ3aWR0aCI6NDAwfSwid2VicCI6eyJxdWFsaXR5Ijo1MH19fQ==,/sneakers/timberland/timberland-6-inch-wheat-brown-tb018094-231-ka/26093?from=search
Adidas Adizero SL2 Running Cloud White Orange,1380000,https://d5ibtax54de3q.cloudfront.net/eyJidWNrZXQiOiJraWNrYXZlbnVlLWFzc2V0cyIsImtleSI6InByb2R1Y3RzLzExMzQzNy8xN2JiYjQ3ZmZkYTNjY2Q5NjIwZGU3ODRmMGNkODdjYS5wbmciLCJlZGl0cyI6eyJyZXNpemUiOnsid2lkdGgiOjQwMH0sIndlYnAiOnsicXVhbGl0eSI6NTB9fX0=,/sneakers/adidas/adidas-adizero-sl2-running-cloud-white-orange-if6745-ka/113437?from=search
Nike Calm Mules Grey,530000,https://d5ibtax54de3q.cloudfront.net/eyJidWNrZXQiOiJraWNrYXZlbnVlLWFzc2V0cyIsImtleSI6InByb2R1Y3RzLzczNjgxLzdlOTBjNDk1NmRmZmFkMGI4MzdlZTVkYmZjYmY1NGE2LnBuZyIsImVkaXRzIjp7InJlc2l6ZSI6eyJ3aWR0aCI6NDAwfSwid2VicCI6eyJxdWFsaXR5Ijo1MH19fQ==,/sneakers/nike/nike-calm-mules-grey-fd5131-002-ka/73681?from=search
New Balance 650R Sea Salt Navy Dawn Glow,690000,https://d5ibtax54de3q.cloudfront.net/eyJidWNrZXQiOiJraWNrYXZlbnVlLWFzc2V0cyIsImtleSI6InByb2R1Y3RzLzk4NTUzL2Q3NWZmYThiMmViNjFlY2VhZjMxNTFhNzQyNGVjYTVlLnBuZyIsImVkaXRzIjp7InJlc2l6ZSI6eyJ3aWR0aCI6NDAwfSwid2VicCI6eyJxdWFsaXR5Ijo1MH19fQ==,/sneakers/new-balance/new-balance-650r-sea-salt-navy-dawn-glow-bb650rvn-ka/98553?from=search
New Balance 480 White Reflection,1060000,https://d5ibtax54de3q.cloudfront.net/eyJidWNrZXQiOiJraWNrYXZlbnVlLWFzc2V0cyIsImtleSI6InByb2R1Y3RzLzEwNTQ1OC9mMTU1YWEwNzQ1MDlmNmUyZTEzNzllMTdmMTgzZDE4MS5wbmciLCJlZGl0cyI6eyJyZXNpemUiOnsid2lkdGgiOjQwMH0sIndlYnAiOnsicXVhbGl0eSI6NTB9fX0=,/sneakers/new-balance/new-balance-480-white-reflection-bb480lfr-ka/105458?from=search
Onitsuka Tiger Mexico 66 Slip-On Black Wood Crepe,2010000,https://d5ibtax54de3q.cloudfront.net/eyJidWNrZXQiOiJraWNrYXZlbnVlLWFzc2V0cyIsImtleSI6InByb2R1Y3RzLzEwODQ0My84ZTUxMmYyOWFmYTI1NDE1YWE4MGY2NGIwZjc3MzdmMy5wbmciLCJlZGl0cyI6eyJyZXNpemUiOnsid2lkdGgiOjQwMH0sIndlYnAiOnsicXVhbGl0eSI6NTB9fX0=,/sneakers/onitsuka-tiger/onitsuka-tiger-mexico-66-slip-on-black-wood-crepe-1183a438-001-ka/108443?from=search
ASICS Hakaone Ekiden x Novablast 4 White Sunrise Red,2430000,https://d5ibtax54de3q.cloudfront.net/eyJidWNrZXQiOiJraWNrYXZlbnVlLWFzc2V0cyIsImtleSI6InByb2R1Y3RzLzEwMTc2My8xZTk5ZjVhM2NlNjA2M2NlYzA1YjA1ODkyNGFkNTkyNC5wbmciLCJlZGl0cyI6eyJyZXNpemUiOnsid2lkdGgiOjQwMH0sIndlYnAiOnsicXVhbGl0eSI6NTB9fX0=,/sneakers/asics/asics-hakaone-ekiden-x-novablast-4-white-sunrise-red-1011b845-100-ka-2/101763?from=search
New Balance 1906U Lunar New Year,1100000,https://d5ibtax54de3q.cloudfront.net/eyJidWNrZXQiOiJraWNrYXZlbnVlLWFzc2V0cyIsImtleSI6InByb2R1Y3RzLzc4NzE1L2Q5ODdkMjljMDMyZTRhNmNkMTUyZTIwOWMwZmUyNjIwLnBuZyIsImVkaXRzIjp7InJlc2l6ZSI6eyJ3aWR0aCI6NDAwfSwid2VicCI6eyJxdWFsaXR5Ijo1MH19fQ==,/sneakers/new-balance/new-balance-1906u-lunar-new-year-m1906nc-ka/78715?from=search
ASICS GT-2160 JJJJound White,3970000,https://d5ibtax54de3q.cloudfront.net/eyJidWNrZXQiOiJraWNrYXZlbnVlLWFzc2V0cyIsImtleSI6InByb2R1Y3RzLzExNDMxOS85MWQzMWVlMDhlMzJjNzg4ZDE3NTVhN2VhMTMyNzA0MC5wbmciLCJlZGl0cyI6eyJyZXNpemUiOnsid2lkdGgiOjQwMH0sIndlYnAiOnsicXVhbGl0eSI6NTB9fX0=,/sneakers/asics/asics-gt-2160-jjjjound-white-1203a554-100-ka/114319?from=search
Nike P-6000 Black Anthracite,1220000,https://d5ibtax54de3q.cloudfront.net/eyJidWNrZXQiOiJraWNrYXZlbnVlLWFzc2V0cyIsImtleSI6InByb2R1Y3RzLzc0ODUzLzQzODFmZmQ0OGQ5OTZlOTQ1OTE2YTQxNmJkMzQyNTc5LnBuZyIsImVkaXRzIjp7InJlc2l6ZSI6eyJ3aWR0aCI6NDAwfSwid2VicCI6eyJxdWFsaXR5Ijo1MH19fQ==,/sneakers/nike/nike-p-6000-black-anthracite-fq8732-010-ka/74853?from=search
Nike Air Max Correlate Black Grey,1250000,https://d5ibtax54de3q.cloudfront.net/eyJidWNrZXQiOiJraWNrYXZlbnVlLWFzc2V0cyIsImtleSI6InByb2R1Y3RzLzc4MjE0L2MxYzExOTQ0M2JlOWNlYWQ5NWIxOTIzM2NiOTVjMjFiLnBuZyIsImVkaXRzIjp7InJlc2l6ZSI6eyJ3aWR0aCI6NDAwfSwid2VicCI6eyJxdWFsaXR5Ijo1MH19fQ==,/sneakers/nike/nike-air-max-correlate-black-grey-511416-011-ka/78214?from=search
Nike Air Max SNDR Volt and Black,1290000,https://d5ibtax54de3q.cloudfront.net/eyJidWNrZXQiOiJraWNrYXZlbnVlLWFzc2V0cyIsImtleSI6InByb2R1Y3RzLzExMjQyMC9kMGFiNzYxNjUyYTcxNGY4M2UyYjZmMjA1ZDdlYTY1YS5wbmciLCJlZGl0cyI6eyJyZXNpemUiOnsid2lkdGgiOjQwMH0sIndlYnAiOnsicXVhbGl0eSI6NTB9fX0=,/sneakers/nike/nike-air-max-sndr-volt-and-black-fz2068-700-ka/112420?from=search
ASICS Novablast 4 White Illuminate Mint,2200000,https://d5ibtax54de3q.cloudfront.net/eyJidWNrZXQiOiJraWNrYXZlbnVlLWFzc2V0cyIsImtleSI6InByb2R1Y3RzLzEwMjE3NC9lNTUwN2U0NTc4MDNiMzdjY2QxNGE5N2Q3ZDgyMWJjMS5wbmciLCJlZGl0cyI6eyJyZXNpemUiOnsid2lkdGgiOjQwMH0sIndlYnAiOnsicXVhbGl0eSI6NTB9fX0=,/sneakers/asics/asics-novablast-4-white-illuminate-mint-1011b693-100-ka-2/102174?from=search
New Balance 1906R Phantom Dark Grey Metallic Silver,2060000,/static/media/kick_avenue_empty_image.cf172573.png,/sneakers/new-balance/new-balance-1906r-phantom-dark-grey-metallic-silver-m1906res-ka/116345?from=search
Adidas Gazelle Indoor Core White,2250000,https://d5ibtax54de3q.cloudfront.net/eyJidWNrZXQiOiJraWNrYXZlbnVlLWFzc2V0cyIsImtleSI6InByb2R1Y3RzLzEwMzcwMy8xYWY4YmNhM2RmZmNmZmNmYzcwOGFjMDRiMmI2OGIxZS5wbmciLCJlZGl0cyI6eyJyZXNpemUiOnsid2lkdGgiOjQwMH0sIndlYnAiOnsicXVhbGl0eSI6NTB9fX0=,/sneakers/adidas/adidas-gazelle-indoor-core-white-ig1643-ka/103703?from=search
Onitsuka Tiger Mexico 66 Slip-On White Black Red,1220000,https://d5ibtax54de3q.cloudfront.net/eyJidWNrZXQiOiJraWNrYXZlbnVlLWFzc2V0cyIsImtleSI6InByb2R1Y3RzLzEwODQ1MC9iODQ0ODM3YmQwOTJkMWRiNTBhYjY1MjAxMjVmZTZlZC5wbmciLCJlZGl0cyI6eyJyZXNpemUiOnsid2lkdGgiOjQwMH0sIndlYnAiOnsicXVhbGl0eSI6NTB9fX0=,/sneakers/onitsuka-tiger/onitsuka-tiger-mexico-66-slip-on-white-black-red-1183a360-117-ka/108450?from=search
New Balance 574 Legacy Stone Island Steel Blue,3000000,https://d5ibtax54de3q.cloudfront.net/eyJidWNrZXQiOiJraWNrYXZlbnVlLWFzc2V0cyIsImtleSI6InByb2R1Y3RzLzQzNjIxL2YwMzQ4YThlN2QzY2Q4NjliMzNlNjU3OGViMDFjMGI0LmpwZWciLCJlZGl0cyI6eyJyZXNpemUiOnsid2lkdGgiOjQwMH0sIndlYnAiOnsicXVhbGl0eSI6NTB9fX0=,/sneakers/new-balance/new-balance-574-legacy-stone-island-steel-blue-u574lgst-ka/43621?from=search
Nike Basketball Giannis Immortality 3 EP,1460000,https://d5ibtax54de3q.cloudfront.net/eyJidWNrZXQiOiJraWNrYXZlbnVlLWFzc2V0cyIsImtleSI6InByb2R1Y3RzLzY5OTY1L2JmNTIxMWZjMjk5YWYxZDliMDQwN2JjY2UzMWQ3YzI0LnBuZyIsImVkaXRzIjp7InJlc2l6ZSI6eyJ3aWR0aCI6NDAwfSwid2VicCI6eyJxdWFsaXR5Ijo1MH19fQ==,/sneakers/nike/nike-basketball-giannis-immortality-3-ep-dz7534-300-ka/69965?from=search
New Balance 2002R Incense Sandstone,1590000,https://d5ibtax54de3q.cloudfront.net/eyJidWNrZXQiOiJraWNrYXZlbnVlLWFzc2V0cyIsImtleSI6InByb2R1Y3RzLzc1NDk4LzZhYWY0YTI2NmZlZWY2N2ZiYTdhNzU3M2RiOWY4YTM4LnBuZyIsImVkaXRzIjp7InJlc2l6ZSI6eyJ3aWR0aCI6NDAwfSwid2VicCI6eyJxdWFsaXR5Ijo1MH19fQ==,/sneakers/new-balance/new-balance-2002r-incense-sandstone-m2002rid-ka/75498?from=search
Puma Suede VTG Atmos Staple Crow And Pigeon (2023),2020000,https://d5ibtax54de3q.cloudfront.net/eyJidWNrZXQiOiJraWNrYXZlbnVlLWFzc2V0cyIsImtleSI6InByb2R1Y3RzLzc5Mjk2L2M5NTNlNDZmMzhiMmRkNmJlYzVhNDc2MjE5ZDg2MzBkLnBuZyIsImVkaXRzIjp7InJlc2l6ZSI6eyJ3aWR0aCI6NDAwfSwid2VicCI6eyJxdWFsaXR5Ijo1MH19fQ==,/sneakers/puma/puma-suede-vtg-atmos-staple-crow-and-pigeon-2023-390478-01-ka/79296?from=search
Nike Air Max 1 White Black Medium Olive,1190000,https://d5ibtax54de3q.cloudfront.net/eyJidWNrZXQiOiJraWNrYXZlbnVlLWFzc2V0cyIsImtleSI6InByb2R1Y3RzLzY5MDMzL2Y2MzAxNjMwZDI3YTlkNDMxNDJmMTBmNmM5OTBlNzYyLnBuZyIsImVkaXRzIjp7InJlc2l6ZSI6eyJ3aWR0aCI6NDAwfSwid2VicCI6eyJxdWFsaXR5Ijo1MH19fQ==,/sneakers/nike/nike-air-max-1-white-black-medium-olive-fd9082-102-ka/69033?from=search
New Balance 2002R Slate Grey Raincloud,1580000,https://d5ibtax54de3q.cloudfront.net/eyJidWNrZXQiOiJraWNrYXZlbnVlLWFzc2V0cyIsImtleSI6InByb2R1Y3RzLzY2Mjc3LzIyMmE0MThlNTY1NmYwM2ZkZTFmZmQ5ZTE4YTkzNjY4LnBuZyIsImVkaXRzIjp7InJlc2l6ZSI6eyJ3aWR0aCI6NDAwfSwid2VicCI6eyJxdWFsaXR5Ijo1MH19fQ==,/sneakers/new-balance/new-balance-2002r-slate-grey-raincloud-m2002rsg-ka/66277?from=search
Reebok Club C 85 Black Charcoal,940000,https://d5ibtax54de3q.cloudfront.net/eyJidWNrZXQiOiJraWNrYXZlbnVlLWFzc2V0cyIsImtleSI6InByb2R1Y3RzLzY1MDM5LzYwZDk1NTA0YmU3NDQ0NjU1ZDU4ZDliMjExMDI0YjkwLmpwZWciLCJlZGl0cyI6eyJyZXNpemUiOnsid2lkdGgiOjQwMH0sIndlYnAiOnsicXVhbGl0eSI6NTB9fX0=,/sneakers/reebok/reebok-club-c-85-black-charcoal-ar0454-ka/65039?from=search
Nike ACG Air Deschutz Moon Fossil,1000000,https://d5ibtax54de3q.cloudfront.net/eyJidWNrZXQiOiJraWNrYXZlbnVlLWFzc2V0cyIsImtleSI6InByb2R1Y3RzLzc1NzYxL2JjZDNlNDU1MTExNTE4NDI2MDA5OWM5ODdlNzM0YTA4LnBuZyIsImVkaXRzIjp7InJlc2l6ZSI6eyJ3aWR0aCI6NDAwfSwid2VicCI6eyJxdWFsaXR5Ijo1MH19fQ==,/sneakers/nike/nike-acg-air-deschutz-moon-fossil-dc9092-001-ka/75761?from=search
Nike Court Vision Low Next Nature White Burgundy Crush,450000,https://d5ibtax54de3q.cloudfront.net/eyJidWNrZXQiOiJraWNrYXZlbnVlLWFzc2V0cyIsImtleSI6InByb2R1Y3RzLzExMjQzNi83YWEzNjUzNGEzMjRkZDZjNTg0OGQyNzU5OTYwOGIxNi5wbmciLCJlZGl0cyI6eyJyZXNpemUiOnsid2lkdGgiOjQwMH0sIndlYnAiOnsicXVhbGl0eSI6NTB9fX0=,/sneakers/nike/nike-court-vision-low-next-nature-white-burgundy-crush-dh2987-113-ka/112436?from=search
Nike Zoom Vomero 5 Sashiko,1470000,https://d5ibtax54de3q.cloudfront.net/eyJidWNrZXQiOiJraWNrYXZlbnVlLWFzc2V0cyIsImtleSI6InByb2R1Y3RzLzc5MjIzLzQ4ZDRmNDQyNzg1ZjYzYmQ3MzI2NmZlZTRmOTI4NzY1LnBuZyIsImVkaXRzIjp7InJlc2l6ZSI6eyJ3aWR0aCI6NDAwfSwid2VicCI6eyJxdWFsaXR5Ijo1MH19fQ==,/sneakers/nike/nike-zoom-vomero-5-sashiko-fz5051-121-ka/79223?from=search
Puma Slipstream Low Butter Goods Whisper White,1000000,https://d5ibtax54de3q.cloudfront.net/eyJidWNrZXQiOiJraWNrYXZlbnVlLWFzc2V0cyIsImtleSI6InByb2R1Y3RzLzk1Mjc3L2RlZTJkYjZmZTI3ZWM5OGE3NDc2Y2I0ODUxZmJkYzIxLnBuZyIsImVkaXRzIjp7InJlc2l6ZSI6eyJ3aWR0aCI6NDAwfSwid2VicCI6eyJxdWFsaXR5Ijo1MH19fQ==,/sneakers/puma/puma-slipstream-low-butter-goods-whisper-white-381787-01-ka/95277?from=search
Nike Air Max Torch 4 White Hyper Blue,1600000,https://d5ibtax54de3q.cloudfront.net/eyJidWNrZXQiOiJraWNrYXZlbnVlLWFzc2V0cyIsImtleSI6InByb2R1Y3RzLzExMzMyOS80MGE1NmVhOGE4ZWNjNmI0ZmJiMDA5NmZkN2Y3M2JjMi5wbmciLCJlZGl0cyI6eyJyZXNpemUiOnsid2lkdGgiOjQwMH0sIndlYnAiOnsicXVhbGl0eSI6NTB9fX0=,/sneakers/nike/nike-air-max-torch-4-white-hyper-blue-cw7026-100-ka/113329?from=search
New Balance 1906R Grey Indigo,1710000,https://d5ibtax54de3q.cloudfront.net/eyJidWNrZXQiOiJraWNrYXZlbnVlLWFzc2V0cyIsImtleSI6InByb2R1Y3RzLzM2NTA2L2FmOGMzZWZmZTE3YWI5ODFjYjFlZmZiOWM4ZTQ1MGYxLnBuZyIsImVkaXRzIjp7InJlc2l6ZSI6eyJ3aWR0aCI6NDAwfSwid2VicCI6eyJxdWFsaXR5Ijo1MH19fQ==,/sneakers/new-balance/new-balance-1906r-grey-indigo-m1906rb-ka-2/36506?from=search
Jordan 1 Retro Low OG Trophy Room Away,3800000,https://d5ibtax54de3q.cloudfront.net/eyJidWNrZXQiOiJraWNrYXZlbnVlLWFzc2V0cyIsImtleSI6InByb2R1Y3RzLzkyNDU1LzNjNWRjNDRhMDA2ZjFlMmE1MGFlY2NmZmJkM2M5ZTRhLnBuZyIsImVkaXRzIjp7InJlc2l6ZSI6eyJ3aWR0aCI6NDAwfSwid2VicCI6eyJxdWFsaXR5Ijo1MH19fQ==,/sneakers/air-jordan/jordan-1-retro-low-og-trophy-room-away-fn0432-100-ka/92455?from=search
New Balance 1906R New Spruce,1470000,https://d5ibtax54de3q.cloudfront.net/eyJidWNrZXQiOiJraWNrYXZlbnVlLWFzc2V0cyIsImtleSI6InByb2R1Y3RzLzEwNTMwNS9mNDZhOGU3NTBkNmNlZjg5MGMzYjFhMmQ1NDFjYTBjYS5wbmciLCJlZGl0cyI6eyJyZXNpemUiOnsid2lkdGgiOjQwMH0sIndlYnAiOnsicXVhbGl0eSI6NTB9fX0=,/sneakers/new-balance/new-balance-1906r-new-spruce-m1906rrc-ka/105305?from=search
Nike Zoom Vomero 5 Photon Dust Laser Orange,2290000,https://d5ibtax54de3q.cloudfront.net/eyJidWNrZXQiOiJraWNrYXZlbnVlLWFzc2V0cyIsImtleSI6InByb2R1Y3RzLzEwNDczNS82MTgwY2YyZmE2OGQ5NzNiY2JmZDFjNTgxMjVmNzJhYS5wbmciLCJlZGl0cyI6eyJyZXNpemUiOnsid2lkdGgiOjQwMH0sIndlYnAiOnsicXVhbGl0eSI6NTB9fX0=,/sneakers/nike/nike-zoom-vomero-5-photon-dust-laser-orange-fb9149-002-ka/104735?from=search
Nike Dunk Low SE Light Carbon,1570000,https://d5ibtax54de3q.cloudfront.net/eyJidWNrZXQiOiJraWNrYXZlbnVlLWFzc2V0cyIsImtleSI6InByb2R1Y3RzLzc4NzE2LzNkZTA4ZGE2MGNkNTY5NmQ1YjcxZDk3MzUzZmY3NjlmLnBuZyIsImVkaXRzIjp7InJlc2l6ZSI6eyJ3aWR0aCI6NDAwfSwid2VicCI6eyJxdWFsaXR5Ijo1MH19fQ==,/sneakers/nike/nike-dunk-low-se-light-carbon-fj4188-100-ka/78716?from=search
New Balance 2002R Gore-Tex JJJJound Pine,3150000,https://d5ibtax54de3q.cloudfront.net/eyJidWNrZXQiOiJraWNrYXZlbnVlLWFzc2V0cyIsImtleSI6InByb2R1Y3RzLzk2MTMxLzRkZWJjNjFhMWQ4NDE2M2EyNjA1ZTRlNThhMmE0NjA1LnBuZyIsImVkaXRzIjp7InJlc2l6ZSI6eyJ3aWR0aCI6NDAwfSwid2VicCI6eyJxdWFsaXR5Ijo1MH19fQ==,/sneakers/new-balance/new-balance-2002r-gore-tex-jjjjound-pine-m2002rxy-ka/96131?from=search
Nike Invincible Run 3 SE White Black Picante Red Lime Blast,1770000,https://d5ibtax54de3q.cloudfront.net/eyJidWNrZXQiOiJraWNrYXZlbnVlLWFzc2V0cyIsImtleSI6InByb2R1Y3RzLzgzNTg4L2QyMDEzNzM4OTA5YWFlZDgyY2ZhODAzNDNlZmViYmU5LnBuZyIsImVkaXRzIjp7InJlc2l6ZSI6eyJ3aWR0aCI6NDAwfSwid2VicCI6eyJxdWFsaXR5Ijo1MH19fQ==,/sneakers/nike/nike-invincible-run-3-se-white-black-picante-red-lime-blast-fj1046-100-ka/83588?from=search
Nike Air Zoom Pegasus 41 EasyOn Electric Pack,2100000,https://d5ibtax54de3q.cloudfront.net/eyJidWNrZXQiOiJraWNrYXZlbnVlLWFzc2V0cyIsImtleSI6InByb2R1Y3RzLzExMDA3MC83NjgxNjhhYTk5NjY0YTdhYjYyMzFkODgwMmIxMTMxNC5wbmciLCJlZGl0cyI6eyJyZXNpemUiOnsid2lkdGgiOjQwMH0sIndlYnAiOnsicXVhbGl0eSI6NTB9fX0=,/sneakers/nike/nike-air-zoom-pegasus-41-easyon-electric-pack-hf5457-900-ka/110070?from=search
New Balance 2002R Gore-Tex JJJJound Charcoal,4010000,https://d5ibtax54de3q.cloudfront.net/eyJidWNrZXQiOiJraWNrYXZlbnVlLWFzc2V0cyIsImtleSI6InByb2R1Y3RzLzk2MTMwL2NiODJlNmJmNmMwYTQ4YTBiODUwMDc0OTYxMTI0YTM5LnBuZyIsImVkaXRzIjp7InJlc2l6ZSI6eyJ3aWR0aCI6NDAwfSwid2VicCI6eyJxdWFsaXR5Ijo1MH19fQ==,/sneakers/new-balance/new-balance-2002r-gore-tex-jjjjound-charcoal-m2002rxz-ka/96130?from=search
New Balance Numeric 480 Andrew Reynolds Chocolate,2920000,https://d5ibtax54de3q.cloudfront.net/eyJidWNrZXQiOiJraWNrYXZlbnVlLWFzc2V0cyIsImtleSI6InByb2R1Y3RzLzk5MTI4LzkxMmZjNjEwMjMzNWY3ZjBmNmE0MzNmYTBkZjJkNjRmLnBuZyIsImVkaXRzIjp7InJlc2l6ZSI6eyJ3aWR0aCI6NDAwfSwid2VicCI6eyJxdWFsaXR5Ijo1MH19fQ==,/sneakers/new-balance/new-balance-numeric-480-andrew-reynolds-chocolate-nm480bos-ka/99128?from=search
Nike Air Force 1 '07 Red Mini Swoosh,1400000,https://d5ibtax54de3q.cloudfront.net/eyJidWNrZXQiOiJraWNrYXZlbnVlLWFzc2V0cyIsImtleSI6InByb2R1Y3RzLzk2NTY1LzMyYzI4MTc1YjBiYzkwNDE1Nzc4ZTRmNzUyODRlOGQwLnBuZyIsImVkaXRzIjp7InJlc2l6ZSI6eyJ3aWR0aCI6NDAwfSwid2VicCI6eyJxdWFsaXR5Ijo1MH19fQ==,/sneakers/nike/nike-air-force-1-07-red-mini-swoosh-fz7187-100-ka/96565?from=search
Adidas AE 1 Stormtrooper,1600000,https://d5ibtax54de3q.cloudfront.net/eyJidWNrZXQiOiJraWNrYXZlbnVlLWFzc2V0cyIsImtleSI6InByb2R1Y3RzLzk2MzUyL2UyNTMwOTBmOGJhN2U4ZTg0YzkyOGRkZjdhOTRhOWRlLnBuZyIsImVkaXRzIjp7InJlc2l6ZSI6eyJ3aWR0aCI6NDAwfSwid2VicCI6eyJxdWFsaXR5Ijo1MH19fQ==,/sneakers/adidas/adidas-ae-1-stormtrooper-if1857-ka/96352?from=search
ASICS Gel-NYC Cream Mineral Beige Pink,2600000,https://d5ibtax54de3q.cloudfront.net/eyJidWNrZXQiOiJraWNrYXZlbnVlLWFzc2V0cyIsImtleSI6InByb2R1Y3RzLzEwNjA5MC81N2I2Mzc2MjdkOGE0YzljN2ZjZmU1NjE3NjY2MTI0ZS5wbmciLCJlZGl0cyI6eyJyZXNpemUiOnsid2lkdGgiOjQwMH0sIndlYnAiOnsicXVhbGl0eSI6NTB9fX0=,/sneakers/asics/asics-gel-nyc-cream-mineral-beige-pink-1203a383-104-ka/106090?from=search
ANTA Shock Wave 5 Kyrie Irving Dark Matter,1240000,https://d5ibtax54de3q.cloudfront.net/eyJidWNrZXQiOiJraWNrYXZlbnVlLWFzc2V0cyIsImtleSI6InByb2R1Y3RzLzk5NTYwLzcxZDliOWEwZjEzOTM2OWJhNWEwODhhMDdmYTgwZjI5LnBuZyIsImVkaXRzIjp7InJlc2l6ZSI6eyJ3aWR0aCI6NDAwfSwid2VicCI6eyJxdWFsaXR5Ijo1MH19fQ==,/sneakers/anta/anta-shock-wave-5-kyrie-irving-dark-matter-112331106-6-ka-2/99560?from=search
Li-Ning Way of Wade 10 Low Cherry Blossom,2780000,https://d5ibtax54de3q.cloudfront.net/eyJidWNrZXQiOiJraWNrYXZlbnVlLWFzc2V0cyIsImtleSI6InByb2R1Y3RzLzEwMjg2MC8zZDU5NWUyNmVjNTRkYWY0N2VlZTUwMGQ1MmQ5NjIwYi5wbmciLCJlZGl0cyI6eyJyZXNpemUiOnsid2lkdGgiOjQwMH0sIndlYnAiOnsicXVhbGl0eSI6NTB9fX0=,/sneakers/li-ning/li-ning-way-of-wade-10-low-cherry-blossom-abas083-3-ka/102860?from=search
Converse One Star Pro Ox Sean Pablo Rapid Teal,800000,https://d5ibtax54de3q.cloudfront.net/eyJidWNrZXQiOiJraWNrYXZlbnVlLWFzc2V0cyIsImtleSI6InByb2R1Y3RzLzU4MTYzLzM0Yjc3NzQxOGQzODVjZjVmMjBkMjQ3ODk0NzE2YjIxLmpwZWciLCJlZGl0cyI6eyJyZXNpemUiOnsid2lkdGgiOjQwMH0sIndlYnAiOnsicXVhbGl0eSI6NTB9fX0=,/sneakers/converse/converse-one-star-pro-ox-sean-pablo-rapid-teal-173215c-ka/58163?from=search
New Balance 991 MiUK Castlerock Navy,2610000,https://d5ibtax54de3q.cloudfront.net/eyJidWNrZXQiOiJraWNrYXZlbnVlLWFzc2V0cyIsImtleSI6InByb2R1Y3RzLzQyNTMxLzU2NDkyOGVjZWJkYWNiMzU5MTA5NjRhZjE2NjY1NjQzLmpwZWciLCJlZGl0cyI6eyJyZXNpemUiOnsid2lkdGgiOjQwMH0sIndlYnAiOnsicXVhbGl0eSI6NTB9fX0=,/sneakers/new-balance/new-balance-991-miuk-castlerock-navy-m991gns-ka-2/42531?from=search
Adidas Stan Smith x BAPE White,2240000,https://d5ibtax54de3q.cloudfront.net/eyJidWNrZXQiOiJraWNrYXZlbnVlLWFzc2V0cyIsImtleSI6InByb2R1Y3RzLzk2NTQxLzRjOTgwYTQwYjExNDFmOWUwNWIxNzNhMWU5ZDRhOTUxLnBuZyIsImVkaXRzIjp7InJlc2l6ZSI6eyJ3aWR0aCI6NDAwfSwid2VicCI6eyJxdWFsaXR5Ijo1MH19fQ==,/sneakers/adidas/adidas-stan-smith-x-bape-white-ig8949-ka/96541?from=search
Kith x Asics Gel Kayano 14 Cream Scarab 2024,4740000,https://d5ibtax54de3q.cloudfront.net/eyJidWNrZXQiOiJraWNrYXZlbnVlLWFzc2V0cyIsImtleSI6InByb2R1Y3RzLzExMDE3MS9jMTk2ZjNjNjZjNjY1YTQzYjQ5MjU4NDc0Y2U4NjcyOC5wbmciLCJlZGl0cyI6eyJyZXNpemUiOnsid2lkdGgiOjQwMH0sIndlYnAiOnsicXVhbGl0eSI6NTB9fX0=,/sneakers/asics/kith-x-asics-gel-kayano-14-cream-scarab-2024-1203a566-100-ka/110171?from=search
ASICS Novablast 4 Illuminate Green,1760000,https://d5ibtax54de3q.cloudfront.net/eyJidWNrZXQiOiJraWNrYXZlbnVlLWFzc2V0cyIsImtleSI6InByb2R1Y3RzLzEwMjE3Mi9mZTAxYmYxM2IyYTU0ZWE0NjY5MGU3YWI5MWUzMTU4Ny5wbmciLCJlZGl0cyI6eyJyZXNpemUiOnsid2lkdGgiOjQwMH0sIndlYnAiOnsicXVhbGl0eSI6NTB9fX0=,/sneakers/asics/asics-novablast-4-illuminate-green-1011b693-300-ka-2/102172?from=search
Nike Air Max Bliss White Black (Women's),700000,https://d5ibtax54de3q.cloudfront.net/eyJidWNrZXQiOiJraWNrYXZlbnVlLWFzc2V0cyIsImtleSI6InByb2R1Y3RzLzc0MzY2LzEyMjAzZTNkY2E4NjVmMGM1MTllMWY1Mzk3ZjcxMTVlLnBuZyIsImVkaXRzIjp7InJlc2l6ZSI6eyJ3aWR0aCI6NDAwfSwid2VicCI6eyJxdWFsaXR5Ijo1MH19fQ==,/sneakers/nike/nike-air-max-bliss-white-black-w-fj7737-101-ka/74366?from=search
Nike LeBron 21 EP Akoya,1100000,https://d5ibtax54de3q.cloudfront.net/eyJidWNrZXQiOiJraWNrYXZlbnVlLWFzc2V0cyIsImtleSI6InByb2R1Y3RzLzgzODkyLzIwMmQ4ZDgzYTUwNWQ0OTQ4OTgwMGZjM2Q1OGEzYzNmLnBuZyIsImVkaXRzIjp7InJlc2l6ZSI6eyJ3aWR0aCI6NDAwfSwid2VicCI6eyJxdWFsaXR5Ijo1MH19fQ==,/sneakers/nike/nike-lebron-21-ep-akoya-fv2346-001-ka/83892?from=search
Nike Air Max 1 White University Gold,1000000,https://d5ibtax54de3q.cloudfront.net/eyJidWNrZXQiOiJraWNrYXZlbnVlLWFzc2V0cyIsImtleSI6InByb2R1Y3RzLzcwNTA4LzhhMDk2MWMxZWVkMTE1YTM1ODNhYWZlYzkyMjFkM2JjLnBuZyIsImVkaXRzIjp7InJlc2l6ZSI6eyJ3aWR0aCI6NDAwfSwid2VicCI6eyJxdWFsaXR5Ijo1MH19fQ==,/sneakers/nike/nike-air-max-1-white-university-gold-fd9082-104-ka/70508?from=search
Nike Air Max 97 White Dragon Red,2000000,https://d5ibtax54de3q.cloudfront.net/eyJidWNrZXQiOiJraWNrYXZlbnVlLWFzc2V0cyIsImtleSI6InByb2R1Y3RzLzEwMzk2Mi81M2MyNTc2OTg5ZjY2NjUzNDExM2E5NzQ2ODUyMDcwMC5wbmciLCJlZGl0cyI6eyJyZXNpemUiOnsid2lkdGgiOjQwMH0sIndlYnAiOnsicXVhbGl0eSI6NTB9fX0=,/sneakers/nike/nike-air-max-97-white-dragon-red-fn6957-101-ka/103962?from=search
Nike Hot Wheels x PG 6 NRG EP,2390000,https://d5ibtax54de3q.cloudfront.net/eyJidWNrZXQiOiJraWNrYXZlbnVlLWFzc2V0cyIsImtleSI6InByb2R1Y3RzLzg5Mzk0L2Y1ZGU5MGZjMzk4ZWQ0MjkwMDkxMTMxMDlkNjNiZjBiLnBuZyIsImVkaXRzIjp7InJlc2l6ZSI6eyJ3aWR0aCI6NDAwfSwid2VicCI6eyJxdWFsaXR5Ijo1MH19fQ==,/sneakers/nike/nike-hot-wheels-x-pg-6-nrg-ep-dh8445-400-ka/89394?from=search
Nike SB Dunk Low Crenshaw Skate Club,4860000,https://d5ibtax54de3q.cloudfront.net/eyJidWNrZXQiOiJraWNrYXZlbnVlLWFzc2V0cyIsImtleSI6InByb2R1Y3RzLzYyNTUzLzMwNGNmNjg0ZjQ1ODlhNzMyODg0NDBlMTI0YTIwMTMzLmpwZWciLCJlZGl0cyI6eyJyZXNpemUiOnsid2lkdGgiOjQwMH0sIndlYnAiOnsicXVhbGl0eSI6NTB9fX0=,/sneakers/nike/nike-sb-dunk-low-crenshaw-skate-club-fn4193-100-ka/62553?from=search
On Running Cloudultra 2 Black White Blue,3460000,https://d5ibtax54de3q.cloudfront.net/eyJidWNrZXQiOiJraWNrYXZlbnVlLWFzc2V0cyIsImtleSI6InByb2R1Y3RzLzk3MjQ3L2Y1ZDIxMjFiYzA4Zjk5Mjg2MzEzNDU0OTQ1NTZmOGVkLnBuZyIsImVkaXRzIjp7InJlc2l6ZSI6eyJ3aWR0aCI6NDAwfSwid2VicCI6eyJxdWFsaXR5Ijo1MH19fQ==,/sneakers/on-running/on-running-cloudultra-2-black-white-blue-3md30280299-ka-2/97247?from=search
Converse One Star Pro Golden Sundial,650000,https://d5ibtax54de3q.cloudfront.net/eyJidWNrZXQiOiJraWNrYXZlbnVlLWFzc2V0cyIsImtleSI6InByb2R1Y3RzLzY0MTYzLzAwOTE2MDZlZWExOTlhM2Q1NzM5ZDg5NjIwMmU5YTgwLmpwZWciLCJlZGl0cyI6eyJyZXNpemUiOnsid2lkdGgiOjQwMH0sIndlYnAiOnsicXVhbGl0eSI6NTB9fX0=,/sneakers/converse/converse-one-star-pro-golden-sundial-a02944c-ka/64163?from=search
Nike Dunk Low Industrial Blue,1690000,https://d5ibtax54de3q.cloudfront.net/eyJidWNrZXQiOiJraWNrYXZlbnVlLWFzc2V0cyIsImtleSI6InByb2R1Y3RzLzY1MTM3L2ExMWQxMDdlNDM0MTk4ODczYWI4NjM1YTY3YjM4ZTI5LmpwZWciLCJlZGl0cyI6eyJyZXNpemUiOnsid2lkdGgiOjQwMH0sIndlYnAiOnsicXVhbGl0eSI6NTB9fX0=,/sneakers/nike/nike-dunk-low-industrial-blue-fd6923-100-ka/65137?from=search
New Balance 1906D Protection Pack Black Leather,2330000,https://d5ibtax54de3q.cloudfront.net/eyJidWNrZXQiOiJraWNrYXZlbnVlLWFzc2V0cyIsImtleSI6InByb2R1Y3RzLzY0MTA5Lzc4OGM0NWZlYzhmNDM0MDc3OWZjNTY2YWM2YjQ5ZTc2LmpwZWciLCJlZGl0cyI6eyJyZXNpemUiOnsid2lkdGgiOjQwMH0sIndlYnAiOnsicXVhbGl0eSI6NTB9fX0=,/sneakers/new-balance/new-balance-1906d-protection-pack-black-leather-m1906df-ka/64109?from=search
Salomon ACS Pro Pewter Cement Eden,2430000,https://d5ibtax54de3q.cloudfront.net/eyJidWNrZXQiOiJraWNrYXZlbnVlLWFzc2V0cyIsImtleSI6InByb2R1Y3RzLzEwMjQ1NS84MzUwNjJiNzhlYjZiMjVjNGIxOTRiNmUzMmQ1YWQ3NS5wbmciLCJlZGl0cyI6eyJyZXNpemUiOnsid2lkdGgiOjQwMH0sIndlYnAiOnsicXVhbGl0eSI6NTB9fX0=,/sneakers/salomon/salomon-acs-pro-pewter-cement-eden-l47299200-ka-2/102455?from=search
Air Jordan 37 PF Year of the Rabbit,1450000,https://d5ibtax54de3q.cloudfront.net/eyJidWNrZXQiOiJraWNrYXZlbnVlLWFzc2V0cyIsImtleSI6InByb2R1Y3RzLzkzMzY2L2U1NDE3NzAxNjk3NzI0MTQ2MzBhYTc2NzdlOGVkMTllLnBuZyIsImVkaXRzIjp7InJlc2l6ZSI6eyJ3aWR0aCI6NDAwfSwid2VicCI6eyJxdWFsaXR5Ijo1MH19fQ==,/sneakers/nike/jordan-air-jordan-37-pf-year-of-the-rabbit-fd4688-100-ka/93366?from=search
Adidas Samba OG Semi Blue Burst,1530000,https://d5ibtax54de3q.cloudfront.net/eyJidWNrZXQiOiJraWNrYXZlbnVlLWFzc2V0cyIsImtleSI6InByb2R1Y3RzLzEwNzMyMi9jM2YzNWY5ZWIxZTFhZmNhMmE2MGQxN2JiZTc2ZjhiNy5wbmciLCJlZGl0cyI6eyJyZXNpemUiOnsid2lkdGgiOjQwMH0sIndlYnAiOnsicXVhbGl0eSI6NTB9fX0=,/sneakers/adidas/adidas-samba-og-semi-blue-burst-ie9170-ka/107322?from=search
Nike Dunk Low Black Toe Bicoastal,1250000,https://d5ibtax54de3q.cloudfront.net/eyJidWNrZXQiOiJraWNrYXZlbnVlLWFzc2V0cyIsImtleSI6InByb2R1Y3RzLzExNDUyMS81OWY4NzU3NjRmYTRlYzA1ODdlMWFjMjk1MTkzYjhhMy5wbmciLCJlZGl0cyI6eyJyZXNpemUiOnsid2lkdGgiOjQwMH0sIndlYnAiOnsicXVhbGl0eSI6NTB9fX0=,/sneakers/nike/nike-dunk-low-black-toe-bicoastal-hq3483-104-ka/114521?from=search
Nike Court Legacy Next Nature White Photo Blue,350000,https://d5ibtax54de3q.cloudfront.net/eyJidWNrZXQiOiJraWNrYXZlbnVlLWFzc2V0cyIsImtleSI6InByb2R1Y3RzLzEwODY3OC9kYWUzY2UxMzk4OWY0ZWI3MjAzNTIyMzM2YWUxYjYwYy5wbmciLCJlZGl0cyI6eyJyZXNpemUiOnsid2lkdGgiOjQwMH0sIndlYnAiOnsicXVhbGl0eSI6NTB9fX0=,/sneakers/nike/nike-court-legacy-next-nature-white-photo-blue-fq8226-101-ka/108678?from=search
New Balance 990v6 MiUSA Cream,2860000,https://d5ibtax54de3q.cloudfront.net/eyJidWNrZXQiOiJraWNrYXZlbnVlLWFzc2V0cyIsImtleSI6InByb2R1Y3RzLzcwNTY5L2MzNzhkNDUxNDNjMWM5NThhOTQ0MjY5ZjRjZTQ0MzM5LnBuZyIsImVkaXRzIjp7InJlc2l6ZSI6eyJ3aWR0aCI6NDAwfSwid2VicCI6eyJxdWFsaXR5Ijo1MH19fQ==,/sneakers/new-balance/new-balance-990v6-miusa-cream-m990ss6-ka/70569?from=search
Nike P-6000 Metallic Silver Aegean Storm,1220000,https://d5ibtax54de3q.cloudfront.net/eyJidWNrZXQiOiJraWNrYXZlbnVlLWFzc2V0cyIsImtleSI6InByb2R1Y3RzLzEwODY3My9lZjE1M2VlZDNmMzE3OTBjYmEyZWU4NzkzZjFlNGNmNC5wbmciLCJlZGl0cyI6eyJyZXNpemUiOnsid2lkdGgiOjQwMH0sIndlYnAiOnsicXVhbGl0eSI6NTB9fX0=,/sneakers/nike/nike-p-6000-metallic-silver-aegean-storm-hj7246-100-ka/108673?from=search
New Balance 550 Cream Black,990000,https://d5ibtax54de3q.cloudfront.net/eyJidWNrZXQiOiJraWNrYXZlbnVlLWFzc2V0cyIsImtleSI6InByb2R1Y3RzLzMxMzA4L2I3N2U5MzNlMGRiZTRkYTZiODE0N2QyYzExMDkwNzllLnBuZyIsImVkaXRzIjp7InJlc2l6ZSI6eyJ3aWR0aCI6NDAwfSwid2VicCI6eyJxdWFsaXR5Ijo1MH19fQ==,/sneakers/new-balance/new-balance-550-cream-black-bb550lwt-ka-2/31308?from=search
Adidas AE 1 Mcdonald's All American,7970000,https://d5ibtax54de3q.cloudfront.net/eyJidWNrZXQiOiJraWNrYXZlbnVlLWFzc2V0cyIsImtleSI6InByb2R1Y3RzLzEwNDk0OC8yOGIzZjY4ZDRiOGFhNTJjMTdlMzk0YmQ2NzdlMzJjNy5wbmciLCJlZGl0cyI6eyJyZXNpemUiOnsid2lkdGgiOjQwMH0sIndlYnAiOnsicXVhbGl0eSI6NTB9fX0=,/sneakers/adidas/adidas-ae-1-mcdonalds-all-american-ih9877-ka/104948?from=search
Vans Sk8 Mid 83 ABC Camo X BAPE,2330000,https://d5ibtax54de3q.cloudfront.net/eyJidWNrZXQiOiJraWNrYXZlbnVlLWFzc2V0cyIsImtleSI6InByb2R1Y3RzLzExMTUyNy9hM2FlODZlODRkNTUyM2Q4NWI3YmU3MWM2MWRlNTczNS5wbmciLCJlZGl0cyI6eyJyZXNpemUiOnsid2lkdGgiOjQwMH0sIndlYnAiOnsicXVhbGl0eSI6NTB9fX0=,/sneakers/vans/vans-sk8-mid-83-abc-camo-x-bape-vn000mzgcx3-ka/111527?from=search
Puma Suede Coca Cola White,1910000,https://d5ibtax54de3q.cloudfront.net/eyJidWNrZXQiOiJraWNrYXZlbnVlLWFzc2V0cyIsImtleSI6InByb2R1Y3RzLzc0NTcwL2E5OGFkODUzNjJmNTI5MmY4NDBkZmVkYTUzZmQ2MjM4LnBuZyIsImVkaXRzIjp7InJlc2l6ZSI6eyJ3aWR0aCI6NDAwfSwid2VicCI6eyJxdWFsaXR5Ijo1MH19fQ==,/sneakers/puma/puma-suede-coca-cola-white-387049-01-ka/74570?from=search
New Balance 991 Made in England Vulcan,2500000,https://d5ibtax54de3q.cloudfront.net/eyJidWNrZXQiOiJraWNrYXZlbnVlLWFzc2V0cyIsImtleSI6InByb2R1Y3RzLzk4NjkwL2NlMjUzOTY0MzgyNmY4YTI5YTlmMjAzZDkyZGEwNjg3LnBuZyIsImVkaXRzIjp7InJlc2l6ZSI6eyJ3aWR0aCI6NDAwfSwid2VicCI6eyJxdWFsaXR5Ijo1MH19fQ==,/sneakers/new-balance/new-balance-991-made-in-england-vulcan-m991dgg-ka/98690?from=search
New Balance 2002R Brown Grey,1900000,https://d5ibtax54de3q.cloudfront.net/eyJidWNrZXQiOiJraWNrYXZlbnVlLWFzc2V0cyIsImtleSI6InByb2R1Y3RzLzc5MDk5LzIxNGE2MDliMzk2MTE5YTJjMjFhM2I1YWZiZTY4NTE0LnBuZyIsImVkaXRzIjp7InJlc2l6ZSI6eyJ3aWR0aCI6NDAwfSwid2VicCI6eyJxdWFsaXR5Ijo1MH19fQ==,/sneakers/new-balance/new-balance-2002r-brown-grey-m2002rej-ka/79099?from=search
Adidas AE 1 Georgia Bulldogs,1600000,https://d5ibtax54de3q.cloudfront.net/eyJidWNrZXQiOiJraWNrYXZlbnVlLWFzc2V0cyIsImtleSI6InByb2R1Y3RzLzExMTYyNC83YWZiOWMzOGY3MWM0NDk5YmVmYTUwZDllMTA0ZmZkYi5wbmciLCJlZGl0cyI6eyJyZXNpemUiOnsid2lkdGgiOjQwMH0sIndlYnAiOnsicXVhbGl0eSI6NTB9fX0=,/sneakers/adidas/adidas-ae-1-georgia-bulldogs-ig6669-ka/111624?from=search
Nike V2K Run Vintage Green,1120000,https://d5ibtax54de3q.cloudfront.net/eyJidWNrZXQiOiJraWNrYXZlbnVlLWFzc2V0cyIsImtleSI6InByb2R1Y3RzLzEwOTE2My81OWRhMzUyNmZkZDE2MGNhYTk2ZTRhMmY0ZDY5NWNiYy5wbmciLCJlZGl0cyI6eyJyZXNpemUiOnsid2lkdGgiOjQwMH0sIndlYnAiOnsicXVhbGl0eSI6NTB9fX0=,/sneakers/nike/nike-v2k-run-vintage-green-hj4497-300-ka/109163?from=search
Nike Air Force 1 Low '07 Mocha,1360000,https://d5ibtax54de3q.cloudfront.net/eyJidWNrZXQiOiJraWNrYXZlbnVlLWFzc2V0cyIsImtleSI6InByb2R1Y3RzLzY1MDUyLzc5Njg1NGVkNGNmOTU3ODQ4NTJiZjA1NWQyMGYwODNlLmpwZWciLCJlZGl0cyI6eyJyZXNpemUiOnsid2lkdGgiOjQwMH0sIndlYnAiOnsicXVhbGl0eSI6NTB9fX0=,/sneakers/nike/nike-air-force-1-low-07-mocha-fb3355-200-ka/65052?from=search
Converse Chuck Taylor All-Star 70 Hi Twisted Resort,1420000,https://d5ibtax54de3q.cloudfront.net/eyJidWNrZXQiOiJraWNrYXZlbnVlLWFzc2V0cyIsImtleSI6InByb2R1Y3RzLzU2Njg2Lzc3MTBkNDViNGI3MWVjZGM2YjAxYmE1NGE2ODEwYmFlLmpwZWciLCJlZGl0cyI6eyJyZXNpemUiOnsid2lkdGgiOjQwMH0sIndlYnAiOnsicXVhbGl0eSI6NTB9fX0=,/sneakers/converse/converse-chuck-taylor-all-star-70-hi-twisted-resort-167761c-ka/56686?from=search
Converse One Star Pro Denim Navy,680000,https://d5ibtax54de3q.cloudfront.net/eyJidWNrZXQiOiJraWNrYXZlbnVlLWFzc2V0cyIsImtleSI6InByb2R1Y3RzLzcxNjQ5LzIzMWE0OGMxYTM0MDg1NzAwNzY3ZWM1Y2NhNjUxMjdhLnBuZyIsImVkaXRzIjp7InJlc2l6ZSI6eyJ3aWR0aCI6NDAwfSwid2VicCI6eyJxdWFsaXR5Ijo1MH19fQ==,/sneakers/converse/converse-one-star-pro-denim-navy-a04149c-ka/71649?from=search
Adidas Gazelle Collegiate Green Wonder Beige Gold Metallic,1000000,https://d5ibtax54de3q.cloudfront.net/eyJidWNrZXQiOiJraWNrYXZlbnVlLWFzc2V0cyIsImtleSI6InByb2R1Y3RzLzExMDY2Ni85NmVkY2MzNzhlN2UxMTIxMjk4OGVlZjgyZThhYTI5MS5wbmciLCJlZGl0cyI6eyJyZXNpemUiOnsid2lkdGgiOjQwMH0sIndlYnAiOnsicXVhbGl0eSI6NTB9fX0=,/sneakers/adidas/adidas-gazelle-collegiate-green-wonder-beige-gold-metallic-if7154-ka/110666?from=search
Nike Air Max Torch 4 White,1070000,https://d5ibtax54de3q.cloudfront.net/eyJidWNrZXQiOiJraWNrYXZlbnVlLWFzc2V0cyIsImtleSI6InByb2R1Y3RzLzgxNzAxL2M2NWZlYjg5ODNjMWIwNmIxNDRjODQwZjJhZDE4Y2JlLnBuZyIsImVkaXRzIjp7InJlc2l6ZSI6eyJ3aWR0aCI6NDAwfSwid2VicCI6eyJxdWFsaXR5Ijo1MH19fQ==,/sneakers/nike/nike-air-max-torch-4-white-343846-100-ka-2/81701?from=search
Hoka One One Clifton 9 Olive Haze,2820000,https://d5ibtax54de3q.cloudfront.net/eyJidWNrZXQiOiJraWNrYXZlbnVlLWFzc2V0cyIsImtleSI6InByb2R1Y3RzLzk3NzQ0L2NjOTE3MTlhZWE5OTdkZThjNjg0ZjBmYzI1OWZkMWRlLnBuZyIsImVkaXRzIjp7InJlc2l6ZSI6eyJ3aWR0aCI6NDAwfSwid2VicCI6eyJxdWFsaXR5Ijo1MH19fQ==,/sneakers/hoka/hoka-one-one-clifton-9-olive-haze-1127895-ohmr-ka/97744?from=search
New Balance 574 Legacy Stone Island Dark Green,2420000,https://d5ibtax54de3q.cloudfront.net/eyJidWNrZXQiOiJraWNrYXZlbnVlLWFzc2V0cyIsImtleSI6InByb2R1Y3RzLzEwNjYyMi82OTEzODc5MDIwOGFkN2I5YzM1ZTY0ZDJlMzYxYTY0NS5wbmciLCJlZGl0cyI6eyJyZXNpemUiOnsid2lkdGgiOjQwMH0sIndlYnAiOnsicXVhbGl0eSI6NTB9fX0=,/sneakers/new-balance/new-balance-574-legacy-stone-island-dark-green-u574lgil-ka/106622?from=search
Vans Authentic Grey Pink,890000,https://d5ibtax54de3q.cloudfront.net/eyJidWNrZXQiOiJraWNrYXZlbnVlLWFzc2V0cyIsImtleSI6InByb2R1Y3RzLzc1MDkxLzVkMGYxNzY3NGJkZjVjYjJiY2FjZDAyMGJiZGIyYjRlLnBuZyIsImVkaXRzIjp7InJlc2l6ZSI6eyJ3aWR0aCI6NDAwfSwid2VicCI6eyJxdWFsaXR5Ijo1MH19fQ==,/sneakers/vans/vans-authentic-grey-pink-vn0a5krdavk-ka/75091?from=search
New Balance 1906 White Navy Silver,2500000,https://d5ibtax54de3q.cloudfront.net/eyJidWNrZXQiOiJraWNrYXZlbnVlLWFzc2V0cyIsImtleSI6InByb2R1Y3RzLzk2MjAxL2I4YzY1ZWQ1NmE4M2FlMDhlNGQwMWYwZWU4ZGVjNzRjLnBuZyIsImVkaXRzIjp7InJlc2l6ZSI6eyJ3aWR0aCI6NDAwfSwid2VicCI6eyJxdWFsaXR5Ijo1MH19fQ==,/sneakers/new-balance/new-balance-1906-white-navy-silver-m1906rfa-ka/96201?from=search
Nike Air Zoom Pegasus 41 FP Blueprint Pack,1460000,https://d5ibtax54de3q.cloudfront.net/eyJidWNrZXQiOiJraWNrYXZlbnVlLWFzc2V0cyIsImtleSI6InByb2R1Y3RzLzEwNTQxOS9iMzU4NWQzNzZmZDMyN2EyNzIxM2FkYTE1YTY4ZGUzOS5wbmciLCJlZGl0cyI6eyJyZXNpemUiOnsid2lkdGgiOjQwMH0sIndlYnAiOnsicXVhbGl0eSI6NTB9fX0=,/sneakers/nike/nike-air-zoom-pegasus-41-fp-blueprint-pack-hf0013-900-ka/105419?from=search
Adidas Country OG SFTM,2830000,https://d5ibtax54de3q.cloudfront.net/eyJidWNrZXQiOiJraWNrYXZlbnVlLWFzc2V0cyIsImtleSI6InByb2R1Y3RzLzEwNDE4MC85MzA3N2QxNTY3NmQwZGFjMDFmMjA4ZjA5YTZlYTZmYS5wbmciLCJlZGl0cyI6eyJyZXNpemUiOnsid2lkdGgiOjQwMH0sIndlYnAiOnsicXVhbGl0eSI6NTB9fX0=,/sneakers/adidas/adidas-country-og-sftm-id3546-ka/104180?from=search
New Balance 550 Suede Mushroom,650000,https://d5ibtax54de3q.cloudfront.net/eyJidWNrZXQiOiJraWNrYXZlbnVlLWFzc2V0cyIsImtleSI6InByb2R1Y3RzLzcyMzM1L2EzYzgzNDgzNTA2YzkyOWZhOGY1NjQ5OTc0ZmQ0YjE3LnBuZyIsImVkaXRzIjp7InJlc2l6ZSI6eyJ3aWR0aCI6NDAwfSwid2VicCI6eyJxdWFsaXR5Ijo1MH19fQ==,/sneakers/new-balance/new-balance-550-suede-mushroom-bb550pha-ka/72335?from=search
Nike Zoom Vomero 5 Malachite Alabaster,1330000,https://d5ibtax54de3q.cloudfront.net/eyJidWNrZXQiOiJraWNrYXZlbnVlLWFzc2V0cyIsImtleSI6InByb2R1Y3RzLzEwNTAwMC85YTRiNDQxYjc4NWY0ZDE2MDc1NmQ5ZWRjZDQyZGJkYi5wbmciLCJlZGl0cyI6eyJyZXNpemUiOnsid2lkdGgiOjQwMH0sIndlYnAiOnsicXVhbGl0eSI6NTB9fX0=,/sneakers/nike/nike-zoom-vomero-5-malachite-alabaster-fn8361-100-ka/105000?from=search
Adidas Stan Smith Bape 30th Anniversary Black,1810000,https://d5ibtax54de3q.cloudfront.net/eyJidWNrZXQiOiJraWNrYXZlbnVlLWFzc2V0cyIsImtleSI6InByb2R1Y3RzLzc1OTQxLzU5ZWI4YmNkYzZlZmFiOTk2YmRkYmYwMWFjMmVjNTUzLnBuZyIsImVkaXRzIjp7InJlc2l6ZSI6eyJ3aWR0aCI6NDAwfSwid2VicCI6eyJxdWFsaXR5Ijo1MH19fQ==,/sneakers/adidas/adidas-stan-smith-bape-30th-anniversary-black-ig1116-ka/75941?from=search
Adidas Top Ten RB Black Mineral Green,700000,https://d5ibtax54de3q.cloudfront.net/eyJidWNrZXQiOiJraWNrYXZlbnVlLWFzc2V0cyIsImtleSI6InByb2R1Y3RzLzEwODk3Ny8wYzViZTlmMWNiYjA2OWVkZmQyNzRjOGEzMzJhZTMyOS5wbmciLCJlZGl0cyI6eyJyZXNpemUiOnsid2lkdGgiOjQwMH0sIndlYnAiOnsicXVhbGl0eSI6NTB9fX0=,/sneakers/adidas/adidas-top-ten-rb-black-mineral-green-fz6020-ka/108977?from=search
Nike Dunk Low Dragon Red,1100000,https://d5ibtax54de3q.cloudfront.net/eyJidWNrZXQiOiJraWNrYXZlbnVlLWFzc2V0cyIsImtleSI6InByb2R1Y3RzLzEwNTE4NS9mODQzZjIzNzZiYTU1ZWRjZDk4YTU5ZTk3ZTc4NWY4Mi5wbmciLCJlZGl0cyI6eyJyZXNpemUiOnsid2lkdGgiOjQwMH0sIndlYnAiOnsicXVhbGl0eSI6NTB9fX0=,/sneakers/nike/nike-dunk-low-dragon-red-dv0833-108-ka/105185?from=search
Adidas Ultraboost 5 DNA Core Black,2050000,https://d5ibtax54de3q.cloudfront.net/eyJidWNrZXQiOiJraWNrYXZlbnVlLWFzc2V0cyIsImtleSI6InByb2R1Y3RzLzY0MzY4L2E3ZTIxOWNhNmU5MjI0NzhkOTk4OTk5MGIyOTg0Y2NmLmpwZWciLCJlZGl0cyI6eyJyZXNpemUiOnsid2lkdGgiOjQwMH0sIndlYnAiOnsicXVhbGl0eSI6NTB9fX0=,/sneakers/adidas/adidas-ultraboost-5-dna-core-black-gv8749-ka/64368?from=search
Crocs Classic Clog Bone,770000,https://d5ibtax54de3q.cloudfront.net/eyJidWNrZXQiOiJraWNrYXZlbnVlLWFzc2V0cyIsImtleSI6InByb2R1Y3RzLzY4MzkxL2JhMTdhMGI5OGFiMWYwZTFiNTYxMzRjZDI0MjQxNWNlLnBuZyIsImVkaXRzIjp7InJlc2l6ZSI6eyJ3aWR0aCI6NDAwfSwid2VicCI6eyJxdWFsaXR5Ijo1MH19fQ==,/sneakers/crocs/crocs-classic-clog-bone-10001-2y2-ka/68391?from=search
New Balance 530 White Pink Vintage,1390000,https://d5ibtax54de3q.cloudfront.net/eyJidWNrZXQiOiJraWNrYXZlbnVlLWFzc2V0cyIsImtleSI6InByb2R1Y3RzLzEwNzY4NC9mYzdkN2RlODFhNmFmNDRjMTc0ODJkZDIwNTI4MDE2ZS5wbmciLCJlZGl0cyI6eyJyZXNpemUiOnsid2lkdGgiOjQwMH0sIndlYnAiOnsicXVhbGl0eSI6NTB9fX0=,/sneakers/new-balance/new-balance-530-white-pink-vintage-mr530ed-ka/107684?from=search
Li-Ning Wade Son Of Flash White Hot,1220000,https://d5ibtax54de3q.cloudfront.net/eyJidWNrZXQiOiJraWNrYXZlbnVlLWFzc2V0cyIsImtleSI6InByb2R1Y3RzLzEwMjUxMi9hMTc0NDA3OGY3YjJjOGE3NjdjMWFmZTNlOGU4YjdhNy5wbmciLCJlZGl0cyI6eyJyZXNpemUiOnsid2lkdGgiOjQwMH0sIndlYnAiOnsicXVhbGl0eSI6NTB9fX0=,/sneakers/li-ning/li-ning-wade-son-of-flash-white-hot-abpt019-6-ka/102512?from=search
Nike SB Dunk Low Futura Laboratories Bleached Aqua,3000000,https://d5ibtax54de3q.cloudfront.net/eyJidWNrZXQiOiJraWNrYXZlbnVlLWFzc2V0cyIsImtleSI6InByb2R1Y3RzLzEwNDc1OC80MWU5ZjZhMzNiNjEyNzczNWU0NTUzODc0NTA0MWI4ZC5wbmciLCJlZGl0cyI6eyJyZXNpemUiOnsid2lkdGgiOjQwMH0sIndlYnAiOnsicXVhbGl0eSI6NTB9fX0=,/sneakers/nike/nike-sb-dunk-low-futura-laboratories-bleached-aqua-hf6061-400-ka/104758?from=search
Adidas Adizero Adios Pro 4 White Black Red,10520000,https://d5ibtax54de3q.cloudfront.net/eyJidWNrZXQiOiJraWNrYXZlbnVlLWFzc2V0cyIsImtleSI6InByb2R1Y3RzLzExNTQ3NS81ZTNjMGU3MzAyODM0NTk0NDk3N2ZmODI5MTEzOWJiNy5wbmciLCJlZGl0cyI6eyJyZXNpemUiOnsid2lkdGgiOjQwMH0sIndlYnAiOnsicXVhbGl0eSI6NTB9fX0=,/sneakers/adidas/adidas-adizero-adios-pro-4-white-black-red-jr1094-ka/115475?from=search
Nike Air Max Pulse Pure Platinum Iron grey,1140000,https://d5ibtax54de3q.cloudfront.net/eyJidWNrZXQiOiJraWNrYXZlbnVlLWFzc2V0cyIsImtleSI6InByb2R1Y3RzLzc4MjM4L2MwNWMwZmViZWIyOWJhODU0MmJlZGQwMjhjMGNjODUwLnBuZyIsImVkaXRzIjp7InJlc2l6ZSI6eyJ3aWR0aCI6NDAwfSwid2VicCI6eyJxdWFsaXR5Ijo1MH19fQ==,/sneakers/nike/nike-air-max-pulse-pure-platinum-iron-grey-fn7459-001-ka/78238?from=search
New Balance 990v6 MiUSA Teddy Santis Grey Black,2490000,https://d5ibtax54de3q.cloudfront.net/eyJidWNrZXQiOiJraWNrYXZlbnVlLWFzc2V0cyIsImtleSI6InByb2R1Y3RzLzcyODQyL2ViYWU1OWZmNDcxODc1MTU0NTc4ZjdhYzg5NWM5NTk3LnBuZyIsImVkaXRzIjp7InJlc2l6ZSI6eyJ3aWR0aCI6NDAwfSwid2VicCI6eyJxdWFsaXR5Ijo1MH19fQ==,/sneakers/new-balance/new-balance-990v6-miusa-teddy-santis-grey-black-u990tg6-ka/72842?from=search
Nike Air Max 90 Gore-Tex Infrared,2340000,https://d5ibtax54de3q.cloudfront.net/eyJidWNrZXQiOiJraWNrYXZlbnVlLWFzc2V0cyIsImtleSI6InByb2R1Y3RzLzc4ODEyLzlkNWM2NThjYzk2YjFhMzI4NjNjZjlmMDdlY2FhMDlkLnBuZyIsImVkaXRzIjp7InJlc2l6ZSI6eyJ3aWR0aCI6NDAwfSwid2VicCI6eyJxdWFsaXR5Ijo1MH19fQ==,/sneakers/nike/nike-air-max-90-gore-tex-infrared-fd5810-101-ka/78812?from=search
Nike Air Force 1 '07 LV8 Light British Tan,1600000,https://d5ibtax54de3q.cloudfront.net/eyJidWNrZXQiOiJraWNrYXZlbnVlLWFzc2V0cyIsImtleSI6InByb2R1Y3RzLzExNDUyMi81YTI3NDQ3MWU2M2NlYzE0NzI4YjllZTQxMWZjZDJmYS5wbmciLCJlZGl0cyI6eyJyZXNpemUiOnsid2lkdGgiOjQwMH0sIndlYnAiOnsicXVhbGl0eSI6NTB9fX0=,/sneakers/nike/nike-air-force-1-07-lv8-light-british-tan-fq8713200-ka/114522?from=search
New Balance 2002R Dark Navy,2230000,https://d5ibtax54de3q.cloudfront.net/eyJidWNrZXQiOiJraWNrYXZlbnVlLWFzc2V0cyIsImtleSI6InByb2R1Y3RzLzQyMDMyL2ZhMDM0YTI4M2VkZWI3YjM5NWU4NGJlOTA3ZmQyNDE2LmpwZWciLCJlZGl0cyI6eyJyZXNpemUiOnsid2lkdGgiOjQwMH0sIndlYnAiOnsicXVhbGl0eSI6NTB9fX0=,/sneakers/new-balance/new-balance-2002r-dark-navy-m2002rnb-ka-2/42032?from=search
Nike Court Vision Low Next Nature White Phantom,400000,https://d5ibtax54de3q.cloudfront.net/eyJidWNrZXQiOiJraWNrYXZlbnVlLWFzc2V0cyIsImtleSI6InByb2R1Y3RzLzEwMzczNi9lYzA1MzYwNjJmMzc5NDkyNDM5YWUxMDM3ZGIzYzliNy5wbmciLCJlZGl0cyI6eyJyZXNpemUiOnsid2lkdGgiOjQwMH0sIndlYnAiOnsicXVhbGl0eSI6NTB9fX0=,/sneakers/nike/nike-court-vision-low-next-nature-white-phantom-hf1741-001-ka/103736?from=search
Dr. Martens 1461 Narrow Plain Welt Smooth Leather Black,3360000,https://d5ibtax54de3q.cloudfront.net/eyJidWNrZXQiOiJraWNrYXZlbnVlLWFzc2V0cyIsImtleSI6InByb2R1Y3RzLzExNTM5Ni9hZDMzYmY0YjY0MGNkOGI2NjU3N2ZkYWZmZmIxYmU3Yy5wbmciLCJlZGl0cyI6eyJyZXNpemUiOnsid2lkdGgiOjQwMH0sIndlYnAiOnsicXVhbGl0eSI6NTB9fX0=,/sneakers/dr.-martens/dr-martens-1461-narrow-plain-welt-smooth-leather-black-10078001-ka/115396?from=search
Nike SB Dunk Low City Of Love,1900000,https://d5ibtax54de3q.cloudfront.net/eyJidWNrZXQiOiJraWNrYXZlbnVlLWFzc2V0cyIsImtleSI6InByb2R1Y3RzLzc4NTEzLzg4ODkxNTJkMmY5N2RhODlmODQxYzhlNjRkYTY1NWZjLnBuZyIsImVkaXRzIjp7InJlc2l6ZSI6eyJ3aWR0aCI6NDAwfSwid2VicCI6eyJxdWFsaXR5Ijo1MH19fQ==,/sneakers/nike/nike-sb-dunk-low-city-of-love-fz5654-100-ka/78513?from=search
Nike Air Force 1 Low '07 White (Travis Scott Cactus Jack Utopia Edition),3850000,https://d5ibtax54de3q.cloudfront.net/eyJidWNrZXQiOiJraWNrYXZlbnVlLWFzc2V0cyIsImtleSI6InByb2R1Y3RzLzY5MjM3LzUyMGJhYTZkN2Q0YTI4Zjk3YjQ5NmY5NTBhM2JiOTFhLnBuZyIsImVkaXRzIjp7InJlc2l6ZSI6eyJ3aWR0aCI6NDAwfSwid2VicCI6eyJxdWFsaXR5Ijo1MH19fQ==,/sneakers/nike/nike-air-force-1-low-07-white-travis-scott-cactus-jack-utopia-edition-cw2288-111-tsut-af01-ka/69237?from=search
Adidas Gazelle Spezial Navy Night Indigo,2100000,https://d5ibtax54de3q.cloudfront.net/eyJidWNrZXQiOiJraWNrYXZlbnVlLWFzc2V0cyIsImtleSI6InByb2R1Y3RzLzk1OTcwLzI1MTdlOGY2NzU1ZjQzMTAzOTYwYTY5MTQ3YWI1NzJhLnBuZyIsImVkaXRzIjp7InJlc2l6ZSI6eyJ3aWR0aCI6NDAwfSwid2VicCI6eyJxdWFsaXR5Ijo1MH19fQ==,/sneakers/adidas/adidas-gazelle-spezial-navy-night-indigo-if8424-ka/95970?from=search
New Balance NB 996 Black Red,680000,https://d5ibtax54de3q.cloudfront.net/eyJidWNrZXQiOiJraWNrYXZlbnVlLWFzc2V0cyIsImtleSI6InByb2R1Y3RzLzk4NzE4L2E4Y2JhNmVkMDkzMDQ4Nzc1YjljOGI4YmViNjgyMTY4LnBuZyIsImVkaXRzIjp7InJlc2l6ZSI6eyJ3aWR0aCI6NDAwfSwid2VicCI6eyJxdWFsaXR5Ijo1MH19fQ==,/sneakers/new-balance/new-balance-nb-996-black-red-mrl996wk-ka/98718?from=search
Adidas Adilette Clog White Black,810000,https://d5ibtax54de3q.cloudfront.net/eyJidWNrZXQiOiJraWNrYXZlbnVlLWFzc2V0cyIsImtleSI6InByb2R1Y3RzLzEwNTMwMC9kNDk1YTM1OGI0MzFlNTNhYzc5N2UwNjkwYmRmMzUwNS5wbmciLCJlZGl0cyI6eyJyZXNpemUiOnsid2lkdGgiOjQwMH0sIndlYnAiOnsicXVhbGl0eSI6NTB9fX0=,/sneakers/adidas/adidas-adilette-clog-white-black-fy8970-ka-2/105300?from=search
New Balance 991 Kith Navy,3220000,https://d5ibtax54de3q.cloudfront.net/eyJidWNrZXQiOiJraWNrYXZlbnVlLWFzc2V0cyIsImtleSI6InByb2R1Y3RzLzE2OTA5LzJhMzVkZTBlYjcxMjYyYjIyOThiZDBjMTczMzhjMWMwLnBuZyIsImVkaXRzIjp7InJlc2l6ZSI6eyJ3aWR0aCI6NDAwfSwid2VicCI6eyJxdWFsaXR5Ijo1MH19fQ==,/sneakers/new-balance/new-balance-991-kith-navy-m991nv-ka-2/16909?from=search
ASICS GT-2160 JJJJound Black,4990000,https://d5ibtax54de3q.cloudfront.net/eyJidWNrZXQiOiJraWNrYXZlbnVlLWFzc2V0cyIsImtleSI6InByb2R1Y3RzLzExNDQxNC9hNDJhYjg5YTZhYTEwOTg4OTBiNTUzMGM5NGZiNzY0Mi5wbmciLCJlZGl0cyI6eyJyZXNpemUiOnsid2lkdGgiOjQwMH0sIndlYnAiOnsicXVhbGl0eSI6NTB9fX0=,/sneakers/asics/asics-gt-2160-jjjjound-black-1203a691-002-ka/114414?from=search
Crocs Classic Clog McDonald's Birdie,910000,https://d5ibtax54de3q.cloudfront.net/eyJidWNrZXQiOiJraWNrYXZlbnVlLWFzc2V0cyIsImtleSI6InByb2R1Y3RzLzc0OTE1LzhlNDAwY2EwOGRiNTE0NTExMGE3NGU4NTA5YTViZjgyLnBuZyIsImVkaXRzIjp7InJlc2l6ZSI6eyJ3aWR0aCI6NDAwfSwid2VicCI6eyJxdWFsaXR5Ijo1MH19fQ==,/sneakers/crocs/crocs-classic-clog-mcdonalds-birdie-208696-730-ka/74915?from=search
Nike Terminator Low PRM Black Croc,1160000,https://d5ibtax54de3q.cloudfront.net/eyJidWNrZXQiOiJraWNrYXZlbnVlLWFzc2V0cyIsImtleSI6InByb2R1Y3RzLzc1NzAwLzQxOWUyMTVkZmQ3OWQwZDc1ZmJiMTBiYTQ3Yjg3YmY5LnBuZyIsImVkaXRzIjp7InJlc2l6ZSI6eyJ3aWR0aCI6NDAwfSwid2VicCI6eyJxdWFsaXR5Ijo1MH19fQ==,/sneakers/nike/nike-terminator-low-prm-black-croc-fq8127-030-ka/75700?from=search
New Balance 990v2 MiUSA Black Grey,2100000,https://d5ibtax54de3q.cloudfront.net/eyJidWNrZXQiOiJraWNrYXZlbnVlLWFzc2V0cyIsImtleSI6InByb2R1Y3RzLzMzMDg2LzNmZjFiMGQ5MjgwMjU5ZjlmY2ViMjdiY2MwMzUyOTQxLnBuZyIsImVkaXRzIjp7InJlc2l6ZSI6eyJ3aWR0aCI6NDAwfSwid2VicCI6eyJxdWFsaXR5Ijo1MH19fQ==,/sneakers/new-balance/new-balance-990v2-miusa-black-grey-m990bl2-ka-2/33086?from=search
Onitsuka Tiger California 78 EX Cream,1100000,https://d5ibtax54de3q.cloudfront.net/eyJidWNrZXQiOiJraWNrYXZlbnVlLWFzc2V0cyIsImtleSI6InByb2R1Y3RzLzEwODI4Mi9iNDYyNWEwOWU3ZjJkYmVlNmMwNTRhODA3NTA2YTgzZi5wbmciLCJlZGl0cyI6eyJyZXNpemUiOnsid2lkdGgiOjQwMH0sIndlYnAiOnsicXVhbGl0eSI6NTB9fX0=,/sneakers/onitsuka-tiger/onitsuka-tiger-california-78-ex-cream-1183a194-100-ka/108282?from=search
New Balance 410v6 Black Red,650000,https://d5ibtax54de3q.cloudfront.net/eyJidWNrZXQiOiJraWNrYXZlbnVlLWFzc2V0cyIsImtleSI6InByb2R1Y3RzLzM0Njk3LzkzNzRlNTViZmRiZGVmYTNiNzM4ODZiYjMxNTRhOTBkLnBuZyIsImVkaXRzIjp7InJlc2l6ZSI6eyJ3aWR0aCI6NDAwfSwid2VicCI6eyJxdWFsaXR5Ijo1MH19fQ==,/sneakers/new-balance/new-balance-410v6-black-red-mt410lb6-ka/34697?from=search
Nike Dunk Low Retro PRM Year Of The Rabbit Light Crimson (2023),1220000,https://d5ibtax54de3q.cloudfront.net/eyJidWNrZXQiOiJraWNrYXZlbnVlLWFzc2V0cyIsImtleSI6InByb2R1Y3RzLzY1MTczL2JkYzRmNDA2NjkwM2U3ZDJmYjYyNjZmNzZmNmNiOWQwLmpwZWciLCJlZGl0cyI6eyJyZXNpemUiOnsid2lkdGgiOjQwMH0sIndlYnAiOnsicXVhbGl0eSI6NTB9fX0=,/sneakers/nike/nike-dunk-low-retro-prm-year-of-the-rabbit-light-crimson-2023-fd4203-661-ka/65173?from=search
ASICS Gel Jog MC Clay Grey Oyster Grey,1090000,https://d5ibtax54de3q.cloudfront.net/eyJidWNrZXQiOiJraWNrYXZlbnVlLWFzc2V0cyIsImtleSI6InByb2R1Y3RzLzEwMDI2NC83YjE3YWUyMGQ5MTI1MDgxNjRlYTJjM2FlOTU2ZWI2OS5wbmciLCJlZGl0cyI6eyJyZXNpemUiOnsid2lkdGgiOjQwMH0sIndlYnAiOnsicXVhbGl0eSI6NTB9fX0=,/sneakers/asics/asics-gel-jog-mc-clay-grey-oyster-grey-1201a632-020-ka-2/100264?from=search
Converse Chuck Taylor 70 Plus Fleece C Navy Purple,850000,https://d5ibtax54de3q.cloudfront.net/eyJidWNrZXQiOiJraWNrYXZlbnVlLWFzc2V0cyIsImtleSI6InByb2R1Y3RzLzEwNzI2Ni8zZWU0MTM0ODRjMzBkZDAwNTg3ZThhZjVjYzc5MmJiMS5wbmciLCJlZGl0cyI6eyJyZXNpemUiOnsid2lkdGgiOjQwMH0sIndlYnAiOnsicXVhbGl0eSI6NTB9fX0=,/sneakers/converse/converse-chuck-taylor-70-plus-fleece-c-navy-purple-a07980c-ka/107266?from=search
New Balance 998 Core MiUSA Grey Silver,2640000,https://d5ibtax54de3q.cloudfront.net/eyJidWNrZXQiOiJraWNrYXZlbnVlLWFzc2V0cyIsImtleSI6InByb2R1Y3RzLzYwMDM2LzkzNGIyYzMwYjQxZmE0MjJmNWJjY2JlZWRmMDEwYTRiLmpwZWciLCJlZGl0cyI6eyJyZXNpemUiOnsid2lkdGgiOjQwMH0sIndlYnAiOnsicXVhbGl0eSI6NTB9fX0=,/sneakers/new-balance/new-balance-998-core-miusa-grey-silver-u998gr-ka/60036?from=search
Hoka One One Kaha 2 High Gore-Tex Black,3520000,https://d5ibtax54de3q.cloudfront.net/eyJidWNrZXQiOiJraWNrYXZlbnVlLWFzc2V0cyIsImtleSI6InByb2R1Y3RzLzk3ODEzLzI1ZmQzYWYyYWRhMDM1YmJiYzU3Yzc3NWVkMGVlZGYxLnBuZyIsImVkaXRzIjp7InJlc2l6ZSI6eyJ3aWR0aCI6NDAwfSwid2VicCI6eyJxdWFsaXR5Ijo1MH19fQ==,/sneakers/hoka/hoka-one-one-kaha-2-high-gore-tex-black-1123155-bblc-ka/97813?from=search
Nike Air Force 1 '07 Pro Tech University Gold,1810000,https://d5ibtax54de3q.cloudfront.net/eyJidWNrZXQiOiJraWNrYXZlbnVlLWFzc2V0cyIsImtleSI6InByb2R1Y3RzLzc5Nzk4LzE2Mjk4YjlkYjVhMWQ4NjY4Y2I1MjdjMGMwZGNjZWM5LnBuZyIsImVkaXRzIjp7InJlc2l6ZSI6eyJ3aWR0aCI6NDAwfSwid2VicCI6eyJxdWFsaXR5Ijo1MH19fQ==,/sneakers/nike/nike-air-force-1-07-pro-tech-university-gold-fb8875-700-ka-2/79798?from=search
New Balance 1000 Joe Freshgoods When Things Were Pure Black Ice,2430000,https://d5ibtax54de3q.cloudfront.net/eyJidWNrZXQiOiJraWNrYXZlbnVlLWFzc2V0cyIsImtleSI6InByb2R1Y3RzLzEwMzgyNy9kYzY0NTczNmE0NWIwYTk3ODMwZjQ5ZTMxOTJhM2NkNS5wbmciLCJlZGl0cyI6eyJyZXNpemUiOnsid2lkdGgiOjQwMH0sIndlYnAiOnsicXVhbGl0eSI6NTB9fX0=,/sneakers/new-balance/new-balance-1000-joe-freshgoods-when-things-were-pure-black-ice-m1000jf1-ka/103827?from=search
Air Jordan 1 Low Green Glow,1150000,https://d5ibtax54de3q.cloudfront.net/eyJidWNrZXQiOiJraWNrYXZlbnVlLWFzc2V0cyIsImtleSI6InByb2R1Y3RzLzEwMzYyNy81NjYxOTFkZjNjYmFjNmIyMjY5ZjMyNDhiY2RjZjZjMS5wbmciLCJlZGl0cyI6eyJyZXNpemUiOnsid2lkdGgiOjQwMH0sIndlYnAiOnsicXVhbGl0eSI6NTB9fX0=,/sneakers/air-jordan/air-jordan-1-low-green-glow-553558-131-ka/103627?from=search
Salomon ACS+ FT Glacier Grey Silver,2770000,https://d5ibtax54de3q.cloudfront.net/eyJidWNrZXQiOiJraWNrYXZlbnVlLWFzc2V0cyIsImtleSI6InByb2R1Y3RzLzExMDAzMy8yMDFkOWZiOWM1NWE0NmM3MTBlMjM3YTk3M2QyMDlhYi5wbmciLCJlZGl0cyI6eyJyZXNpemUiOnsid2lkdGgiOjQwMH0sIndlYnAiOnsicXVhbGl0eSI6NTB9fX0=,/sneakers/salomon/salomon-acs-ft-glacier-grey-silver-l47435700-ka/110033?from=search
Air Jordan One Take 5 PF White Gym Red,1020000,https://d5ibtax54de3q.cloudfront.net/eyJidWNrZXQiOiJraWNrYXZlbnVlLWFzc2V0cyIsImtleSI6InByb2R1Y3RzLzEwOTQ0OS9jMjgzOTFiZDUxM2JiYjM5MTE5MmZhNGE4MDU5ZTUzMi5wbmciLCJlZGl0cyI6eyJyZXNpemUiOnsid2lkdGgiOjQwMH0sIndlYnAiOnsicXVhbGl0eSI6NTB9fX0=,/sneakers/air-jordan/air-jordan-one-take-5-pf-white-gym-red-fd2336-160-ka/109449?from=search
New Balance 530 Black Dark Grey,1350000,https://d5ibtax54de3q.cloudfront.net/eyJidWNrZXQiOiJraWNrYXZlbnVlLWFzc2V0cyIsImtleSI6InByb2R1Y3RzLzEwNTU1Mi8yNzk1M2RlNmY3OGFmOGUxNGVhZTM5MmJiNDcwMWRlYy5wbmciLCJlZGl0cyI6eyJyZXNpemUiOnsid2lkdGgiOjQwMH0sIndlYnAiOnsicXVhbGl0eSI6NTB9fX0=,/sneakers/new-balance/new-balance-530-black-dark-grey-mr530pb-ka/105552?from=search
Nike ACG Lowcate Mica Green Rosewood Light Bone,1000000,https://d5ibtax54de3q.cloudfront.net/eyJidWNrZXQiOiJraWNrYXZlbnVlLWFzc2V0cyIsImtleSI6InByb2R1Y3RzLzY3OTY1LzY3OTY5YjViYjhlYjE4NTU5NjM4YzRiYzYxOWYyMjkxLnBuZyIsImVkaXRzIjp7InJlc2l6ZSI6eyJ3aWR0aCI6NDAwfSwid2VicCI6eyJxdWFsaXR5Ijo1MH19fQ==,/sneakers/nike/nike-acg-lowcate-mica-green-rosewood-light-bone-dx2256-300-ka/67965?from=search
Nike Killshot 2 Black Medium Gum,1350000,https://d5ibtax54de3q.cloudfront.net/eyJidWNrZXQiOiJraWNrYXZlbnVlLWFzc2V0cyIsImtleSI6InByb2R1Y3RzLzExNTI5Ni9hMDk5NmNiMTY5MDU1ZTY0ZjU0MmFlYzA4ZTU4ZGYwMS5wbmciLCJlZGl0cyI6eyJyZXNpemUiOnsid2lkdGgiOjQwMH0sIndlYnAiOnsicXVhbGl0eSI6NTB9fX0=,/sneakers/nike/nike-killshot-2-black-medium-gum-fq8903-002-ka/115296?from=search
Nike Dunk Low Jumbo Reverse Panda,1220000,https://d5ibtax54de3q.cloudfront.net/eyJidWNrZXQiOiJraWNrYXZlbnVlLWFzc2V0cyIsImtleSI6InByb2R1Y3RzLzc5MDQxLzcyYzMyY2E3OTgyMWQwMWIyYzU3ZDM0ODI2MTFkZTQ2LnBuZyIsImVkaXRzIjp7InJlc2l6ZSI6eyJ3aWR0aCI6NDAwfSwid2VicCI6eyJxdWFsaXR5Ijo1MH19fQ==,/sneakers/nike/nike-dunk-low-jumbo-reverse-panda-dv0821-002-ka/79041?from=search
Salomon ACS Pro Advanced Lunar Rock Goji Berry,3550000,https://d5ibtax54de3q.cloudfront.net/eyJidWNrZXQiOiJraWNrYXZlbnVlLWFzc2V0cyIsImtleSI6InByb2R1Y3RzLzEwMjQ1Ni8yNjUwYmQxMjFjZjA3MGZjMjY4ZjFiOTY3MzcxMjIwMy5wbmciLCJlZGl0cyI6eyJyZXNpemUiOnsid2lkdGgiOjQwMH0sIndlYnAiOnsicXVhbGl0eSI6NTB9fX0=,/sneakers/salomon/salomon-acs-pro-advanced-lunar-rock-goji-berry-415537-ka-2/102456?from=search
Nike Air Max Dn SE Hyper Blue Chamois,2940000,https://d5ibtax54de3q.cloudfront.net/eyJidWNrZXQiOiJraWNrYXZlbnVlLWFzc2V0cyIsImtleSI6InByb2R1Y3RzLzEwODI1My83ODUzYjQwOWFhNzNjYjNkYTBlYTE2YzJiMzcyM2E1Yi5wbmciLCJlZGl0cyI6eyJyZXNpemUiOnsid2lkdGgiOjQwMH0sIndlYnAiOnsicXVhbGl0eSI6NTB9fX0=,/sneakers/nike/nike-air-max-dn-se-hyper-blue-chamois-hm0810-401-ka/108253?from=search
Air Jordan Max Aura 2 White Black Gold,1060000,https://d5ibtax54de3q.cloudfront.net/eyJidWNrZXQiOiJraWNrYXZlbnVlLWFzc2V0cyIsImtleSI6InByb2R1Y3RzLzkzNzUxLzgzZTk3OWIwNjc0YjIxZDMwMjQ0ZWQ2YWJlYzk2YmM3LnBuZyIsImVkaXRzIjp7InJlc2l6ZSI6eyJ3aWR0aCI6NDAwfSwid2VicCI6eyJxdWFsaXR5Ijo1MH19fQ==,/sneakers/air-jordan/air-jordan-max-aura-2-white-black-gold-ck6636-107-ka/93751?from=search
Air Jordan 5 Retro Georgetown,1900000,https://d5ibtax54de3q.cloudfront.net/eyJidWNrZXQiOiJraWNrYXZlbnVlLWFzc2V0cyIsImtleSI6InByb2R1Y3RzLzczNjAzLzZiOTY0NzI0MjllZjgxZDQ0ZTMxMTA1ODA5ZDFjMzQzLnBuZyIsImVkaXRzIjp7InJlc2l6ZSI6eyJ3aWR0aCI6NDAwfSwid2VicCI6eyJxdWFsaXR5Ijo1MH19fQ==,/sneakers/air-jordan/air-jordan-5-retro-georgetown-fd6812-400-ka/73603?from=search
Nike Initiator Metallic Silver Red,870000,https://d5ibtax54de3q.cloudfront.net/eyJidWNrZXQiOiJraWNrYXZlbnVlLWFzc2V0cyIsImtleSI6InByb2R1Y3RzLzgzNTgxL2NhMWY4Mjc2ODJmZWU0NzNkMzhlNDMyMWQ0ZjA2MTVkLnBuZyIsImVkaXRzIjp7InJlc2l6ZSI6eyJ3aWR0aCI6NDAwfSwid2VicCI6eyJxdWFsaXR5Ijo1MH19fQ==,/sneakers/nike/nike-initiator-metallic-silver-red-394055-001-ka-2/83581?from=search
PUMA Suede Icons Of Unity 2 Black White,900000,https://d5ibtax54de3q.cloudfront.net/eyJidWNrZXQiOiJraWNrYXZlbnVlLWFzc2V0cyIsImtleSI6InByb2R1Y3RzLzEwODkyOC9iMDgxMWI0NTljNzMwZThjODBjZDJiZTBkNWExOGEwZi5wbmciLCJlZGl0cyI6eyJyZXNpemUiOnsid2lkdGgiOjQwMH0sIndlYnAiOnsicXVhbGl0eSI6NTB9fX0=,/sneakers/puma/puma-suede-icons-of-unity-2-black-white-393751-01-ka/108928?from=search
ASICS Gel-NYC Black Fjord Grey,2210000,https://d5ibtax54de3q.cloudfront.net/eyJidWNrZXQiOiJraWNrYXZlbnVlLWFzc2V0cyIsImtleSI6InByb2R1Y3RzLzExNTUyNC9jYzQ1ZDRlMWNjNTNjZDQ2YjAyMTRmYzc0ZjI0MzA2NS5wbmciLCJlZGl0cyI6eyJyZXNpemUiOnsid2lkdGgiOjQwMH0sIndlYnAiOnsicXVhbGl0eSI6NTB9fX0=,/sneakers/asics/asics-gel-nyc-black-fjord-grey-1203a383-003-ka/115524?from=search
Adidas Galaxy 6 Running,530000,https://d5ibtax54de3q.cloudfront.net/eyJidWNrZXQiOiJraWNrYXZlbnVlLWFzc2V0cyIsImtleSI6InByb2R1Y3RzLzY1MjE1LzU5N2NlM2QyYWQ3ZWM3YWFkMWVhMGM2YTdiNTg0ODMyLmpwZWciLCJlZGl0cyI6eyJyZXNpemUiOnsid2lkdGgiOjQwMH0sIndlYnAiOnsicXVhbGl0eSI6NTB9fX0=,/sneakers/adidas/adidas-galaxy-6-running-gw3848-ka/65215?from=search
Li-Ning Cyril Lancelin x Way of Wade 808 3 Ultra Dreamer,2110000,https://d5ibtax54de3q.cloudfront.net/eyJidWNrZXQiOiJraWNrYXZlbnVlLWFzc2V0cyIsImtleSI6InByb2R1Y3RzLzEwMjU3MC84OGRmOWNjNmE4NjZhNzQ5ZGMwYjRkMjU3Yzg0ZTMzZC5wbmciLCJlZGl0cyI6eyJyZXNpemUiOnsid2lkdGgiOjQwMH0sIndlYnAiOnsicXVhbGl0eSI6NTB9fX0=,/sneakers/li-ning/li-ning-cyril-lancelin-x-way-of-wade-808-3-ultra-dreamer-abat051-10-ka-2/102570?from=search
New Balance 2002R Salehe Bembury Water Be The Guide,3720000,https://d5ibtax54de3q.cloudfront.net/eyJidWNrZXQiOiJraWNrYXZlbnVlLWFzc2V0cyIsImtleSI6InByb2R1Y3RzLzI0OTYzLzE2YWFlNjE0YTJlNDI2ZTg5MmUwYzBkMjRkYmIwY2EyLnBuZyIsImVkaXRzIjp7InJlc2l6ZSI6eyJ3aWR0aCI6NDAwfSwid2VicCI6eyJxdWFsaXR5Ijo1MH19fQ==,/sneakers/new-balance/new-balance-2002r-salehe-bembury-water-be-the-guide-ml2002rj-ka-2/24963?from=search
Onitsuka Tiger Mexico 66 Slip-On Cream Green,1340000,https://d5ibtax54de3q.cloudfront.net/eyJidWNrZXQiOiJraWNrYXZlbnVlLWFzc2V0cyIsImtleSI6InByb2R1Y3RzLzEwODMzOC9jMWMxYWM4NDU0N2ZiOGFiNmU2NWRiNzljZGUxYjA3Yy5wbmciLCJlZGl0cyI6eyJyZXNpemUiOnsid2lkdGgiOjQwMH0sIndlYnAiOnsicXVhbGl0eSI6NTB9fX0=,/sneakers/onitsuka-tiger/onitsuka-tiger-mexico-66-slip-on-cream-green-1183b772-104-ka/108338?from=search
Nike Dunk Low Retro PRM Sequoia,1570000,https://d5ibtax54de3q.cloudfront.net/eyJidWNrZXQiOiJraWNrYXZlbnVlLWFzc2V0cyIsImtleSI6InByb2R1Y3RzLzY3MTk1L2RlMjYxMWE4MjQzYWE4ZGY2ZDM1YWZiZTE3ODYwODI0LnBuZyIsImVkaXRzIjp7InJlc2l6ZSI6eyJ3aWR0aCI6NDAwfSwid2VicCI6eyJxdWFsaXR5Ijo1MH19fQ==,/sneakers/nike/nike-dunk-low-retro-prm-sequoia-dz2538-300-ka/67195?from=search
New Balance 1906U Linen Dark Olivine,3050000,https://d5ibtax54de3q.cloudfront.net/eyJidWNrZXQiOiJraWNrYXZlbnVlLWFzc2V0cyIsImtleSI6InByb2R1Y3RzLzExNTI4OC9kOWVmZTA4YjZlMWVjYjUxYzk1MjliZmUzYWJhYjg5ZS5wbmciLCJlZGl0cyI6eyJyZXNpemUiOnsid2lkdGgiOjQwMH0sIndlYnAiOnsicXVhbGl0eSI6NTB9fX0=,/sneakers/new-balance/new-balance-1906u-linen-dark-olivine-m1906ne-ka/115288?from=search
New Balance 990v3 Patta Keep Your Family Close,2400000,https://d5ibtax54de3q.cloudfront.net/eyJidWNrZXQiOiJraWNrYXZlbnVlLWFzc2V0cyIsImtleSI6InByb2R1Y3RzLzM5MDM2LzFkNTdlYTc0ODA0MTZjMDNmNGMzY2I1ZmQwZjVlZGMzLnBuZyIsImVkaXRzIjp7InJlc2l6ZSI6eyJ3aWR0aCI6NDAwfSwid2VicCI6eyJxdWFsaXR5Ijo1MH19fQ==,/sneakers/new-balance/new-balance-990v3-patta-keep-your-family-close-m990pp3-ka-2/39036?from=search
Onitsuka Tiger Mexico 66,2110000,https://d5ibtax54de3q.cloudfront.net/eyJidWNrZXQiOiJraWNrYXZlbnVlLWFzc2V0cyIsImtleSI6InByb2R1Y3RzLzIwODgvYjY0MjZhNWMtZWJkYS00MjE0LTg5NGQtN2Y2OTc5NDZlY2M3LmpwZWciLCJlZGl0cyI6eyJyZXNpemUiOnsid2lkdGgiOjQwMH0sIndlYnAiOnsicXVhbGl0eSI6NTB9fX0=,/sneakers/onitsuka-tiger/onitsuka-tiger-mexico-66-dl408-1785-ka/2088?from=search
New Balance XC-72 Slate Grey Red,690000,https://d5ibtax54de3q.cloudfront.net/eyJidWNrZXQiOiJraWNrYXZlbnVlLWFzc2V0cyIsImtleSI6InByb2R1Y3RzLzU4MTA0LzJjYjE3MjZiZTY4NTQwYjY2NmRhNTEwM2I3OWQ0MTU2LnBuZyIsImVkaXRzIjp7InJlc2l6ZSI6eyJ3aWR0aCI6NDAwfSwid2VicCI6eyJxdWFsaXR5Ijo1MH19fQ==,/sneakers/new-balance/new-balance-xc-72-slate-grey-red-uxc72rm-ka/58104?from=search
Converse Chuck Taylor All Star 70's Black Gradient Patch,700000,https://d5ibtax54de3q.cloudfront.net/eyJidWNrZXQiOiJraWNrYXZlbnVlLWFzc2V0cyIsImtleSI6InByb2R1Y3RzLzc1MDkyL2FmNDNlYzk1OTYzZjFiMjQzOWMxYjgyNGNiNzM1ZGZlLnBuZyIsImVkaXRzIjp7InJlc2l6ZSI6eyJ3aWR0aCI6NDAwfSwid2VicCI6eyJxdWFsaXR5Ijo1MH19fQ==,/sneakers/converse/converse-chuck-taylor-all-star-70s-black-gradient-patch-a02758c-ka/75092?from=search
Adidas SL 72 RS White Black Spark,1200000,https://d5ibtax54de3q.cloudfront.net/eyJidWNrZXQiOiJraWNrYXZlbnVlLWFzc2V0cyIsImtleSI6InByb2R1Y3RzLzEwODY2MS9iOTNlZGYwMmEzOTdmZTkwZTIxYjkxNjYyNGNlNTY4Ni5wbmciLCJlZGl0cyI6eyJyZXNpemUiOnsid2lkdGgiOjQwMH0sIndlYnAiOnsicXVhbGl0eSI6NTB9fX0=,/sneakers/adidas/adidas-sl-72-rs-white-black-spark-ih4823-ka/108661?from=search
New Balance 2002R Protection Pack Mirage Grey,1620000,https://d5ibtax54de3q.cloudfront.net/eyJidWNrZXQiOiJraWNrYXZlbnVlLWFzc2V0cyIsImtleSI6InByb2R1Y3RzLzMzMzkyLzE4MzBkMjgyNDljODdhMzg1YTZkNDc2ZDQ4MDQ2YWZlLnBuZyIsImVkaXRzIjp7InJlc2l6ZSI6eyJ3aWR0aCI6NDAwfSwid2VicCI6eyJxdWFsaXR5Ijo1MH19fQ==,/sneakers/new-balance/new-balance-2002r-protection-pack-mirage-grey-m2002rdd-ka-2/33392?from=search
Nike Ebernon Low Triple White,350000,https://d5ibtax54de3q.cloudfront.net/eyJidWNrZXQiOiJraWNrYXZlbnVlLWFzc2V0cyIsImtleSI6InByb2R1Y3RzLzQzMTY1LzJjNTFhMzJlYTZlZjMwODhlODNhMDM0NjFiYzQxODE4LmpwZWciLCJlZGl0cyI6eyJyZXNpemUiOnsid2lkdGgiOjQwMH0sIndlYnAiOnsicXVhbGl0eSI6NTB9fX0=,/sneakers/nike/nike-ebernon-low-triple-white-w-whitewhite-ka/43165?from=search
New Balance 237 Dark Grey,540000,https://d5ibtax54de3q.cloudfront.net/eyJidWNrZXQiOiJraWNrYXZlbnVlLWFzc2V0cyIsImtleSI6InByb2R1Y3RzLzEwNzM1MC9lNDVhZTg0MTQ1YzBmYjc3MDY1NmIyNTM5NzE1NjE0Ni5wbmciLCJlZGl0cyI6eyJyZXNpemUiOnsid2lkdGgiOjQwMH0sIndlYnAiOnsicXVhbGl0eSI6NTB9fX0=,/sneakers/new-balance/new-balance-237-dark-grey-ms237dg-ka/107350?from=search
ASICS Gel-Flux 4 Silver Grey,1170000,https://d5ibtax54de3q.cloudfront.net/eyJidWNrZXQiOiJraWNrYXZlbnVlLWFzc2V0cyIsImtleSI6InByb2R1Y3RzLzc1Nzc3L2YyNTEzOTNmOTQ4NTZjYjJmNmUyZTExYTdkN2M4YWRjLnBuZyIsImVkaXRzIjp7InJlc2l6ZSI6eyJ3aWR0aCI6NDAwfSwid2VicCI6eyJxdWFsaXR5Ijo1MH19fQ==,/sneakers/asics/asics-gel-flux-4-silver-grey-1011b646-020-ka/75777?from=search
Nike P-6000 Metallic Sail Vest Grey,1090000,https://d5ibtax54de3q.cloudfront.net/eyJidWNrZXQiOiJraWNrYXZlbnVlLWFzc2V0cyIsImtleSI6InByb2R1Y3RzLzEwMzk3MC9iMDU1M2NkODI4MTgzZWQ4YTNjNjM5ODAzOTU5NGQ4ZS5wbmciLCJlZGl0cyI6eyJyZXNpemUiOnsid2lkdGgiOjQwMH0sIndlYnAiOnsicXVhbGl0eSI6NTB9fX0=,/sneakers/nike/nike-p-6000-metallic-sail-vest-grey-cv2209-111-ka/103970?from=search
New Balance 2002R Mule Magnet,1300000,https://d5ibtax54de3q.cloudfront.net/eyJidWNrZXQiOiJraWNrYXZlbnVlLWFzc2V0cyIsImtleSI6InByb2R1Y3RzLzk2NzA2Lzg2N2Q4MWMxODdkMmQ4MzEwMmE1ZjFmMTAwMjUzYTEyLnBuZyIsImVkaXRzIjp7InJlc2l6ZSI6eyJ3aWR0aCI6NDAwfSwid2VicCI6eyJxdWFsaXR5Ijo1MH19fQ==,/sneakers/new-balance/new-balance-2002r-mule-magnet-m2002rmp-ka/96706?from=search
Vans Style 36 Decon SF Checkerboard True Blue,1850000,https://d5ibtax54de3q.cloudfront.net/eyJidWNrZXQiOiJraWNrYXZlbnVlLWFzc2V0cyIsImtleSI6InByb2R1Y3RzLzU2NzM2L2M5Yzg0ZjI3MTczNTljODM2NTA1ZmMxOGJiZjU4M2I3LmpwZWciLCJlZGl0cyI6eyJyZXNpemUiOnsid2lkdGgiOjQwMH0sIndlYnAiOnsicXVhbGl0eSI6NTB9fX0=,/sneakers/vans/vans-style-36-decon-sf-checkerboard-true-blue-vn0a3mvlvs9-ka/56736?from=search
Adidas Predator 24 League Low Freestyle Core Black,1250000,https://d5ibtax54de3q.cloudfront.net/eyJidWNrZXQiOiJraWNrYXZlbnVlLWFzc2V0cyIsImtleSI6InByb2R1Y3RzLzEwMzQwMy81ZTliMzg4NmRjMTM1ODVkYTA0NDFkMzVhNGQwOTc5OS5wbmciLCJlZGl0cyI6eyJyZXNpemUiOnsid2lkdGgiOjQwMH0sIndlYnAiOnsicXVhbGl0eSI6NTB9fX0=,/sneakers/adidas/adidas-predator-24-league-low-freestyle-core-black-if1025-ka/103403?from=search
ASICS Gel Nyc Utility Black Carbon,2620000,https://d5ibtax54de3q.cloudfront.net/eyJidWNrZXQiOiJraWNrYXZlbnVlLWFzc2V0cyIsImtleSI6InByb2R1Y3RzLzExMTM5OS9mYWIyY2ZmNTdmOTQ0MDJkZjFjNTZmYjI4Mjc2OWY2ZC5wbmciLCJlZGl0cyI6eyJyZXNpemUiOnsid2lkdGgiOjQwMH0sIndlYnAiOnsicXVhbGl0eSI6NTB9fX0=,/sneakers/asics/asics-gel-nyc-utility-black-carbon-1203a558-001-ka/111399?from=search
Air Jordan 1 Mid SE Panda Elephant,1720000,https://d5ibtax54de3q.cloudfront.net/eyJidWNrZXQiOiJraWNrYXZlbnVlLWFzc2V0cyIsImtleSI6InByb2R1Y3RzLzcyNTE0L2JjNjA4MTZkYmEwZmFlYzZhYTljN2YzYTRmN2YyNmUwLnBuZyIsImVkaXRzIjp7InJlc2l6ZSI6eyJ3aWR0aCI6NDAwfSwid2VicCI6eyJxdWFsaXR5Ijo1MH19fQ==,/sneakers/air-jordan/air-jordan-1-mid-se-panda-elephant-fb9911-001-ka/72514?from=search
Nike Air Max 1 Athletic Department Deep Royal Blue,1100000,https://d5ibtax54de3q.cloudfront.net/eyJidWNrZXQiOiJraWNrYXZlbnVlLWFzc2V0cyIsImtleSI6InByb2R1Y3RzLzc2NDA3L2JmYmE3MTY3MTc3NjJiZWZhZWRlMTEyMzJjOTc3MmI0LnBuZyIsImVkaXRzIjp7InJlc2l6ZSI6eyJ3aWR0aCI6NDAwfSwid2VicCI6eyJxdWFsaXR5Ijo1MH19fQ==,/sneakers/nike/nike-air-max-1-athletic-department-deep-royal-blue-fq8048-133-ka/76407?from=search
ASICS Gel Lyte 3 OG Colored Toe Pack Salmon,950000,https://d5ibtax54de3q.cloudfront.net/eyJidWNrZXQiOiJraWNrYXZlbnVlLWFzc2V0cyIsImtleSI6InByb2R1Y3RzLzEwNzk0MS9kMTEyZjBhYzE2ZjcwOTY0MzgzZDYxNjAyNmRhYjk3MC5wbmciLCJlZGl0cyI6eyJyZXNpemUiOnsid2lkdGgiOjQwMH0sIndlYnAiOnsicXVhbGl0eSI6NTB9fX0=,/sneakers/asics/asics-gel-lyte-3-og-colored-toe-pack-salmon-1201a762-701-ka/107941?from=search
SEJI Low OG Black White,200000,https://d5ibtax54de3q.cloudfront.net/eyJidWNrZXQiOiJraWNrYXZlbnVlLWFzc2V0cyIsImtleSI6InByb2R1Y3RzLzE1NzU5L2FjOTg5NmU0NTFlNGUwODM2MWM5OGY2ZDVkNDViZTM1LnBuZyIsImVkaXRzIjp7InJlc2l6ZSI6eyJ3aWR0aCI6NDAwfSwid2VicCI6eyJxdWFsaXR5Ijo1MH19fQ==,/sneakers/seji/seji-low-og-black-white-sj-lbwh00-ka/15759?from=search
Dr. Martens Adrian Arcadia Leather Tassel Loafers,2600000,https://d5ibtax54de3q.cloudfront.net/eyJidWNrZXQiOiJraWNrYXZlbnVlLWFzc2V0cyIsImtleSI6InByb2R1Y3RzLzcxNjI3L2MwYjhjODMwMjBiNGY5MjJkZjNkZDBlM2RiMmIxZmMwLnBuZyIsImVkaXRzIjp7InJlc2l6ZSI6eyJ3aWR0aCI6NDAwfSwid2VicCI6eyJxdWFsaXR5Ijo1MH19fQ==,/sneakers/dr.-martens/dr-martens-adrian-arcadia-leather-tassel-loafers-14573601-ka/71627?from=search
Nike Air Max 90 Tan Coconut Milk (Women's),990000,https://d5ibtax54de3q.cloudfront.net/eyJidWNrZXQiOiJraWNrYXZlbnVlLWFzc2V0cyIsImtleSI6InByb2R1Y3RzLzk4MTg2L2Q1MTA2MjNiMjA1ODJjOWI5MWVmZTc4ZTFmYjVmMzI3LnBuZyIsImVkaXRzIjp7InJlc2l6ZSI6eyJ3aWR0aCI6NDAwfSwid2VicCI6eyJxdWFsaXR5Ijo1MH19fQ==,/sneakers/nike/nike-air-max-90-tan-coconut-milk-w-dh8010-004-ka/98186?from=search
Nike Calm Flip Flops Khaki,350000,https://d5ibtax54de3q.cloudfront.net/eyJidWNrZXQiOiJraWNrYXZlbnVlLWFzc2V0cyIsImtleSI6InByb2R1Y3RzLzEwNzIyMC81ZGYyZjA0ZjExMmVhMDVmZjI4NzM0Y2E4MGUyZmMxZi5wbmciLCJlZGl0cyI6eyJyZXNpemUiOnsid2lkdGgiOjQwMH0sIndlYnAiOnsicXVhbGl0eSI6NTB9fX0=,/sneakers/nike/nike-calm-flip-flops-khaki-fd4119-200-ka/107220?from=search
Nike Air Force 1 ’07 LV8 Coconut Milk,990000,https://d5ibtax54de3q.cloudfront.net/eyJidWNrZXQiOiJraWNrYXZlbnVlLWFzc2V0cyIsImtleSI6InByb2R1Y3RzLzEwMzIxMi83YjczOTA1NGRlMzM5NjdiMmFkYzExN2JjMGQwYTBhYi5wbmciLCJlZGl0cyI6eyJyZXNpemUiOnsid2lkdGgiOjQwMH0sIndlYnAiOnsicXVhbGl0eSI6NTB9fX0=,/sneakers/nike/nike-air-force-1-07-lv8-coconut-milk-fn5832-101-ka/103212?from=search
Nike SB Dunk Low The Powerpuff Girls Buttercup,4040000,https://d5ibtax54de3q.cloudfront.net/eyJidWNrZXQiOiJraWNrYXZlbnVlLWFzc2V0cyIsImtleSI6InByb2R1Y3RzLzc3MjE2Lzk5NjkxMzllZWRkZGEyYTZhMTQyNjYwYTY1ODIxZWYxLnBuZyIsImVkaXRzIjp7InJlc2l6ZSI6eyJ3aWR0aCI6NDAwfSwid2VicCI6eyJxdWFsaXR5Ijo1MH19fQ==,/sneakers/nike/nike-sb-dunk-low-the-powerpuff-girls-buttercup-fz8319-300-ka/77216?from=search
Nike Kyrie Infinity EP Chinese New Year,1150000,https://d5ibtax54de3q.cloudfront.net/eyJidWNrZXQiOiJraWNrYXZlbnVlLWFzc2V0cyIsImtleSI6InByb2R1Y3RzLzgyNDU1LzIyNGExZGY4MTM1ZmFkM2FkNjJlZWI4YTU4MTc5MDVmLnBuZyIsImVkaXRzIjp7InJlc2l6ZSI6eyJ3aWR0aCI6NDAwfSwid2VicCI6eyJxdWFsaXR5Ijo1MH19fQ==,/sneakers/nike/nike-kyrie-infinity-ep-chinese-new-year-dh5384-001-ka-2/82455?from=search
Converse One Star Pro Denim Black,750000,https://d5ibtax54de3q.cloudfront.net/eyJidWNrZXQiOiJraWNrYXZlbnVlLWFzc2V0cyIsImtleSI6InByb2R1Y3RzLzc2MTUwL2E3ZDVjN2U1NGIwYTQ3ODhmYzFmMGQ1YTE4NjI3NmRkLnBuZyIsImVkaXRzIjp7InJlc2l6ZSI6eyJ3aWR0aCI6NDAwfSwid2VicCI6eyJxdWFsaXR5Ijo1MH19fQ==,/sneakers/converse/converse-one-star-pro-denim-black-a04148c-ka/76150?from=search
Nike Dunk Low Red Panda,1650000,https://d5ibtax54de3q.cloudfront.net/eyJidWNrZXQiOiJraWNrYXZlbnVlLWFzc2V0cyIsImtleSI6InByb2R1Y3RzLzczNDQ0LzIyYmY4OTE1MTZmY2ZhMzZjMGY5MTliNmQyMWEzMzgzLnBuZyIsImVkaXRzIjp7InJlc2l6ZSI6eyJ3aWR0aCI6NDAwfSwid2VicCI6eyJxdWFsaXR5Ijo1MH19fQ==,/sneakers/nike/nike-dunk-low-red-panda-fv0395-200-ka/73444?from=search
Air Jordan Nu Retro 1 Low Palomino,920000,https://d5ibtax54de3q.cloudfront.net/eyJidWNrZXQiOiJraWNrYXZlbnVlLWFzc2V0cyIsImtleSI6InByb2R1Y3RzLzk0MTAyLzQzMTI4YWQyZjYwNjA1YTViNjI4NjYzNzZjZmVjZGY4LnBuZyIsImVkaXRzIjp7InJlc2l6ZSI6eyJ3aWR0aCI6NDAwfSwid2VicCI6eyJxdWFsaXR5Ijo1MH19fQ==,/sneakers/air-jordan/air-jordan-nu-retro-1-low-palomino-dv5141-102-ka/94102?from=search
New Balance 530 White Green Metallic,800000,https://d5ibtax54de3q.cloudfront.net/eyJidWNrZXQiOiJraWNrYXZlbnVlLWFzc2V0cyIsImtleSI6InByb2R1Y3RzLzk2MjI3LzI5NTAyZWU3MWI1YWY2ZmJjOGZlYzNjOWNiODdkM2JiLnBuZyIsImVkaXRzIjp7InJlc2l6ZSI6eyJ3aWR0aCI6NDAwfSwid2VicCI6eyJxdWFsaXR5Ijo1MH19fQ==,/sneakers/new-balance/new-balance-530-white-green-metallic-mr530rb-ka/96227?from=search
Nike Invincible Run 3 White Bright Crimson,2270000,https://d5ibtax54de3q.cloudfront.net/eyJidWNrZXQiOiJraWNrYXZlbnVlLWFzc2V0cyIsImtleSI6InByb2R1Y3RzLzgzNTg5Lzg5N2VjZTEwZDQ0MTJjMTY2YTFjNDY3Yzc1YTNlYjhjLnBuZyIsImVkaXRzIjp7InJlc2l6ZSI6eyJ3aWR0aCI6NDAwfSwid2VicCI6eyJxdWFsaXR5Ijo1MH19fQ==,/sneakers/nike/nike-invincible-run-3-white-bright-crimson-dr2615-101-ka/83589?from=search
New Balance 2002R Mule SNS Desert Palm,5000000,https://d5ibtax54de3q.cloudfront.net/eyJidWNrZXQiOiJraWNrYXZlbnVlLWFzc2V0cyIsImtleSI6InByb2R1Y3RzLzc1NDIwLzFmM2YwNzJmNTgzNzAzZTZjNjUzMzdmOTk0Mzc0YzlhLnBuZyIsImVkaXRzIjp7InJlc2l6ZSI6eyJ3aWR0aCI6NDAwfSwid2VicCI6eyJxdWFsaXR5Ijo1MH19fQ==,/sneakers/new-balance/new-balance-2002r-mule-sns-desert-palm-m2002rms-ka/75420?from=search
Nike Ja 1 Black Smoke Grey,1000000,https://d5ibtax54de3q.cloudfront.net/eyJidWNrZXQiOiJraWNrYXZlbnVlLWFzc2V0cyIsImtleSI6InByb2R1Y3RzLzc4NTM1LzNjOTQ3NTFhZDZhMDE3YTZiZjc2MTYwZmY0NzljZmU1LnBuZyIsImVkaXRzIjp7InJlc2l6ZSI6eyJ3aWR0aCI6NDAwfSwid2VicCI6eyJxdWFsaXR5Ijo1MH19fQ==,/sneakers/nike/nike-ja-1-black-smoke-grey-dr8785-002-dr8786-002-ka/78535?from=search
Nike Court Borough Low Premium Coastal Blue,650000,https://d5ibtax54de3q.cloudfront.net/eyJidWNrZXQiOiJraWNrYXZlbnVlLWFzc2V0cyIsImtleSI6InByb2R1Y3RzLzEwNDkyOC83MmMwMzkxNmRlZTUwMmVjNmQxYjRkNmQwZTE1OGM3NC5wbmciLCJlZGl0cyI6eyJyZXNpemUiOnsid2lkdGgiOjQwMH0sIndlYnAiOnsicXVhbGl0eSI6NTB9fX0=,/sneakers/nike/nike-court-borough-low-premium-coastal-blue-844881-440-ka/104928?from=search
Nike Dunk Low Athletic Department University Blue,1210000,https://d5ibtax54de3q.cloudfront.net/eyJidWNrZXQiOiJraWNrYXZlbnVlLWFzc2V0cyIsImtleSI6InByb2R1Y3RzLzY3Mzg5Lzc4M2E1NWNhMWY1ZTcyMjZlODU1ZTUxZjUyY2Y5MjkxLnBuZyIsImVkaXRzIjp7InJlc2l6ZSI6eyJ3aWR0aCI6NDAwfSwid2VicCI6eyJxdWFsaXR5Ijo1MH19fQ==,/sneakers/nike/nike-dunk-low-athletic-department-university-blue-fn7488-133-ka/67389?from=search
Adidas Samba OG Off White,2700000,https://d5ibtax54de3q.cloudfront.net/eyJidWNrZXQiOiJraWNrYXZlbnVlLWFzc2V0cyIsImtleSI6InByb2R1Y3RzLzExNjExNy8zOTk3M2RiYzA1MjU5NjNiZDEzYTMzNjQyM2EyYjM0OS5wbmciLCJlZGl0cyI6eyJyZXNpemUiOnsid2lkdGgiOjQwMH0sIndlYnAiOnsicXVhbGl0eSI6NTB9fX0=,/sneakers/adidas/adidas-samba-og-off-white-jh6196-ka/116117?from=search
ASICS 8ON8 x Gel Kayano 14 Black Green,1750000,https://d5ibtax54de3q.cloudfront.net/eyJidWNrZXQiOiJraWNrYXZlbnVlLWFzc2V0cyIsImtleSI6InByb2R1Y3RzLzEwNzk5NC81ZjFkMTY1ZDhlNDFiZTkyM2IxYzkxZDQ0MmRmMGE3OC5wbmciLCJlZGl0cyI6eyJyZXNpemUiOnsid2lkdGgiOjQwMH0sIndlYnAiOnsicXVhbGl0eSI6NTB9fX0=,/sneakers/asics/asics-8on8-x-gel-kayano-14-black-green-1201b024-001-ka/107994?from=search
Nike Air Max Plus Black Silver White,1940000,https://d5ibtax54de3q.cloudfront.net/eyJidWNrZXQiOiJraWNrYXZlbnVlLWFzc2V0cyIsImtleSI6InByb2R1Y3RzLzgxNTYxLzMxYWMwYWU2OWI0OTA2MTYwYTVhZjIwZmRhM2Q0YWEwLnBuZyIsImVkaXRzIjp7InJlc2l6ZSI6eyJ3aWR0aCI6NDAwfSwid2VicCI6eyJxdWFsaXR5Ijo1MH19fQ==,/sneakers/nike/nike-air-max-plus-black-silver-white-dm0032-003-ka/81561?from=search
New Balance 331 Lifestyle,500000,https://d5ibtax54de3q.cloudfront.net/eyJidWNrZXQiOiJraWNrYXZlbnVlLWFzc2V0cyIsImtleSI6InByb2R1Y3RzLzE3MDc3LzI0NzcxZWRjYzJiZDZiY2YyODFiMTZhZDlmOTlkN2UwLnBuZyIsImVkaXRzIjp7InJlc2l6ZSI6eyJ3aWR0aCI6NDAwfSwid2VicCI6eyJxdWFsaXR5Ijo1MH19fQ==,/sneakers/new-balance/new-balance-331-lifestyle-am331nyo-ka-2/17077?from=search
New Balance 1000 Aime Leon Dore White,3170000,https://d5ibtax54de3q.cloudfront.net/eyJidWNrZXQiOiJraWNrYXZlbnVlLWFzc2V0cyIsImtleSI6InByb2R1Y3RzLzEwNjE0Ny9hMzM1Y2YyZjkzZmY4NjExYjc0NmJmMDU0YmQ2ZjEzOS5wbmciLCJlZGl0cyI6eyJyZXNpemUiOnsid2lkdGgiOjQwMH0sIndlYnAiOnsicXVhbGl0eSI6NTB9fX0=,/sneakers/new-balance/new-balance-1000-aime-leon-dore-white-m1000ac1-ka/106147?from=search
Converse Jack Purcell Low Black,990000,https://d5ibtax54de3q.cloudfront.net/eyJidWNrZXQiOiJraWNrYXZlbnVlLWFzc2V0cyIsImtleSI6InByb2R1Y3RzLzk2MzQxL2Q2Y2EzOTNiNmVmNzZlNDI3ODI2ZmYxNzdlYjI0NmFkLnBuZyIsImVkaXRzIjp7InJlc2l6ZSI6eyJ3aWR0aCI6NDAwfSwid2VicCI6eyJxdWFsaXR5Ijo1MH19fQ==,/sneakers/converse/converse-jack-purcell-low-black-164224c-ka/96341?from=search
New Balance FuelCell Rebel v4 Spice Blue Limelight,1620000,https://d5ibtax54de3q.cloudfront.net/eyJidWNrZXQiOiJraWNrYXZlbnVlLWFzc2V0cyIsImtleSI6InByb2R1Y3RzLzEwOTQ1Ni9mNzQ4ZTUyNjEzZmNmODViZTE3NWM2MTEwNzRjNTU5Ny5wbmciLCJlZGl0cyI6eyJyZXNpemUiOnsid2lkdGgiOjQwMH0sIndlYnAiOnsicXVhbGl0eSI6NTB9fX0=,/sneakers/new-balance/new-balance-fuelcell-rebel-v4-spice-blue-limelight-mfcxlq4-ka/109456?from=search
Crocs Classic Clog McDonald's Hamburglar,1120000,https://d5ibtax54de3q.cloudfront.net/eyJidWNrZXQiOiJraWNrYXZlbnVlLWFzc2V0cyIsImtleSI6InByb2R1Y3RzLzc0OTEyLzVlYjQ4ZDhiZGE5NjM2NWIxMmQ4YjUyZmVkZDRmNTAxLnBuZyIsImVkaXRzIjp7InJlc2l6ZSI6eyJ3aWR0aCI6NDAwfSwid2VicCI6eyJxdWFsaXR5Ijo1MH19fQ==,/sneakers/crocs/crocs-classic-clog-mcdonalds-hamburglar-209393-066-ka/74912?from=search
Converse Chuck 70 High Hacked Heel Tear Away Black,630000,https://d5ibtax54de3q.cloudfront.net/eyJidWNrZXQiOiJraWNrYXZlbnVlLWFzc2V0cyIsImtleSI6InByb2R1Y3RzLzcyMDI2LzgxMzFkMTYyOGI5OTRhNzAwYjNhZmMzZGUzMzE1YTkxLnBuZyIsImVkaXRzIjp7InJlc2l6ZSI6eyJ3aWR0aCI6NDAwfSwid2VicCI6eyJxdWFsaXR5Ijo1MH19fQ==,/sneakers/converse/converse-chuck-70-high-hacked-heel-tear-away-black-a02407c-ka/72026?from=search
Air Jordan 1 Retro Low 85 Metallic Blue,1680000,https://d5ibtax54de3q.cloudfront.net/eyJidWNrZXQiOiJraWNrYXZlbnVlLWFzc2V0cyIsImtleSI6InByb2R1Y3RzLzc5Mzc2L2JhZTc5ZWNiYjdjMWEzOGVhOGVlM2JhOWIwNTZiMjJiLnBuZyIsImVkaXRzIjp7InJlc2l6ZSI6eyJ3aWR0aCI6NDAwfSwid2VicCI6eyJxdWFsaXR5Ijo1MH19fQ==,/sneakers/air-jordan/air-jordan-1-retro-low-85-metallic-blue-fb9933-141-ka/79376?from=search
Crocs Echo Storm Tundra,1270000,https://d5ibtax54de3q.cloudfront.net/eyJidWNrZXQiOiJraWNrYXZlbnVlLWFzc2V0cyIsImtleSI6InByb2R1Y3RzLzcxNTgwLzcwZjYyODQ1Y2I2ZTU4MmQwZWY0ZjJhMDljYzVhMDgxLnBuZyIsImVkaXRzIjp7InJlc2l6ZSI6eyJ3aWR0aCI6NDAwfSwid2VicCI6eyJxdWFsaXR5Ijo1MH19fQ==,/sneakers/crocs/crocs-echo-storm-tundra-209414-0hr-ka/71580?from=search
ASICS Gel-NYC Ivory Mid Grey,3020000,https://d5ibtax54de3q.cloudfront.net/eyJidWNrZXQiOiJraWNrYXZlbnVlLWFzc2V0cyIsImtleSI6InByb2R1Y3RzLzEwNjA4OC9jMzk1NjgyZDNjNWZiMzQ2NzRjZDViYWNmMDM3NTIzMy5wbmciLCJlZGl0cyI6eyJyZXNpemUiOnsid2lkdGgiOjQwMH0sIndlYnAiOnsicXVhbGl0eSI6NTB9fX0=,/sneakers/asics/asics-gel-nyc-ivory-mid-grey-1203a372-600-ka/106088?from=search
Nike Benassi Slides White,250000,https://d5ibtax54de3q.cloudfront.net/eyJidWNrZXQiOiJraWNrYXZlbnVlLWFzc2V0cyIsImtleSI6InByb2R1Y3RzLzgxOTE4L2Y0ZGQ4OGJjODFiMGNjZTc4YTA3MTU3OTc2YmExMWM4LnBuZyIsImVkaXRzIjp7InJlc2l6ZSI6eyJ3aWR0aCI6NDAwfSwid2VicCI6eyJxdWFsaXR5Ijo1MH19fQ==,/sneakers/nike/nike-benassi-slides-white-343880-100-ka-2/81918?from=search
Dr. Martens 1460 Marc Jacobs,9750000,https://d5ibtax54de3q.cloudfront.net/eyJidWNrZXQiOiJraWNrYXZlbnVlLWFzc2V0cyIsImtleSI6InByb2R1Y3RzLzEyNDU4L2Q3YWJmNGRjOTlmZjQyN2FlOWJkZjNkNDMyOWFmNzMwLnBuZyIsImVkaXRzIjp7InJlc2l6ZSI6eyJ3aWR0aCI6NDAwfSwid2VicCI6eyJxdWFsaXR5Ijo1MH19fQ==,/sneakers/dr.-martens/dr-martens-1460-marc-jacobs-26496600-ka/12458?from=search
New Balance 530 White Pink,14870000,https://d5ibtax54de3q.cloudfront.net/eyJidWNrZXQiOiJraWNrYXZlbnVlLWFzc2V0cyIsImtleSI6InByb2R1Y3RzLzY5MDQ4LzYyYjhmNmMyMzU0MjI5Mjk5NjJhZWY2ZDA1ZjZiZWU0LnBuZyIsImVkaXRzIjp7InJlc2l6ZSI6eyJ3aWR0aCI6NDAwfSwid2VicCI6eyJxdWFsaXR5Ijo1MH19fQ==,/sneakers/new-balance/new-balance-530-white-pink-mr530bc-ka/69048?from=search
Nike Ja 1 EYBL,15360000,https://d5ibtax54de3q.cloudfront.net/eyJidWNrZXQiOiJraWNrYXZlbnVlLWFzc2V0cyIsImtleSI6InByb2R1Y3RzLzgyMTI3L2E1OGYyMzMyOTcyZjU3OGMwNzhjMTA5YTI3NDliNDkwLnBuZyIsImVkaXRzIjp7InJlc2l6ZSI6eyJ3aWR0aCI6NDAwfSwid2VicCI6eyJxdWFsaXR5Ijo1MH19fQ==,/sneakers/nike/nike-ja-1-eybl-fn5182-900-ka/82127?from=search
Crocs Classic Clog Pringles Red Orange,1200000,https://d5ibtax54de3q.cloudfront.net/eyJidWNrZXQiOiJraWNrYXZlbnVlLWFzc2V0cyIsImtleSI6InByb2R1Y3RzLzEwNTQxMy9mZTI3ZmQ4ZThjZDM5Y2FmYTgwNjkwYmU2MWFmOGIzNy5wbmciLCJlZGl0cyI6eyJyZXNpemUiOnsid2lkdGgiOjQwMH0sIndlYnAiOnsicXVhbGl0eSI6NTB9fX0=,/sneakers/crocs/crocs-classic-clog-pringles-red-orange-209642-6ad-ka/105413?from=search
Puma Suede Classic XXI Black White,800000,https://d5ibtax54de3q.cloudfront.net/eyJidWNrZXQiOiJraWNrYXZlbnVlLWFzc2V0cyIsImtleSI6InByb2R1Y3RzLzQyMzYwLzVkYTk4N2E2NDdmZjIzYWZjNWIyMWYyYTQ2NmJiNGMzLmpwZWciLCJlZGl0cyI6eyJyZXNpemUiOnsid2lkdGgiOjQwMH0sIndlYnAiOnsicXVhbGl0eSI6NTB9fX0=,/sneakers/puma/puma-suede-classic-xxi-black-white-374915-01-ka/42360?from=search
Nike Air Force 1 '07 White Malachite,900000,https://d5ibtax54de3q.cloudfront.net/eyJidWNrZXQiOiJraWNrYXZlbnVlLWFzc2V0cyIsImtleSI6InByb2R1Y3RzLzk1NTAwLzRmNTA4MWIwMWFiYmQ1ZDhiZWQ3NWJhYmIyOGE2OWFhLnBuZyIsImVkaXRzIjp7InJlc2l6ZSI6eyJ3aWR0aCI6NDAwfSwid2VicCI6eyJxdWFsaXR5Ijo1MH19fQ==,/sneakers/nike/nike-air-force-1-07-white-malachite-fj4146-102-ka/95500?from=search
New Balance 1906R Pink Sugar,1250000,https://d5ibtax54de3q.cloudfront.net/eyJidWNrZXQiOiJraWNrYXZlbnVlLWFzc2V0cyIsImtleSI6InByb2R1Y3RzLzEwNjgwOC83ZGEyZjUyMWMxYmJmZDM0NTc1NWVmYjkxM2M5NjgzOS5wbmciLCJlZGl0cyI6eyJyZXNpemUiOnsid2lkdGgiOjQwMH0sIndlYnAiOnsicXVhbGl0eSI6NTB9fX0=,/sneakers/new-balance/new-balance-1906r-pink-sugar-m1906rbp-ka/106808?from=search
Onitsuka Tiger DD Trainer Cream Black Gum,2580000,https://d5ibtax54de3q.cloudfront.net/eyJidWNrZXQiOiJraWNrYXZlbnVlLWFzc2V0cyIsImtleSI6InByb2R1Y3RzLzEwODQ0MS8zY2Q0Njc0MjlmMjhjNGYzNjI0NmUzOGNkOTFiZTE2ZC5wbmciLCJlZGl0cyI6eyJyZXNpemUiOnsid2lkdGgiOjQwMH0sIndlYnAiOnsicXVhbGl0eSI6NTB9fX0=,/sneakers/onitsuka-tiger/onitsuka-tiger-dd-trainer-cream-black-gum-1183b478-102-ka/108441?from=search
Nike Ja 1 Christmas,2650000,https://d5ibtax54de3q.cloudfront.net/eyJidWNrZXQiOiJraWNrYXZlbnVlLWFzc2V0cyIsImtleSI6InByb2R1Y3RzLzgyMTE1LzZlODI3ODU5ZGI4NjA0MDYyZTViZDJlOTQ5YjQ3M2JkLnBuZyIsImVkaXRzIjp7InJlc2l6ZSI6eyJ3aWR0aCI6NDAwfSwid2VicCI6eyJxdWFsaXR5Ijo1MH19fQ==,/sneakers/nike/nike-ja-1-christmas-fv5558-500-ka-2/82115?from=search
Nike Air Force 1 '07 White Obsidian Phantom,1320000,https://d5ibtax54de3q.cloudfront.net/eyJidWNrZXQiOiJraWNrYXZlbnVlLWFzc2V0cyIsImtleSI6InByb2R1Y3RzLzEwMzczNy9kNGI1MmNmMjI0YzcyYTAyNTU2NjI0M2JiYjM2NzFjOS5wbmciLCJlZGl0cyI6eyJyZXNpemUiOnsid2lkdGgiOjQwMH0sIndlYnAiOnsicXVhbGl0eSI6NTB9fX0=,/sneakers/nike/nike-air-force-1-07-white-obsidian-phantom-hf4298-100-ka/103737?from=search
Nike ZoomX Invincible Run 3 FP Blueprint Pack,1920000,https://d5ibtax54de3q.cloudfront.net/eyJidWNrZXQiOiJraWNrYXZlbnVlLWFzc2V0cyIsImtleSI6InByb2R1Y3RzLzEwODE3OS82MzY1N2ZhYTQ0OTdlNDkzOGEyOGIxMGQ1NTBlMzczOS5wbmciLCJlZGl0cyI6eyJyZXNpemUiOnsid2lkdGgiOjQwMH0sIndlYnAiOnsicXVhbGl0eSI6NTB9fX0=,/sneakers/nike/nike-zoomx-invincible-run-3-fp-blueprint-pack-hj6653-900-ka/108179?from=search
Adidas Predator 24 League Grey Cloud White,1520000,https://d5ibtax54de3q.cloudfront.net/eyJidWNrZXQiOiJraWNrYXZlbnVlLWFzc2V0cyIsImtleSI6InByb2R1Y3RzLzEwNTU4NS8wZDU1NzE4YTk4MzE4MTA0MzM5YjZlNTRkNDIwYzk1YS5wbmciLCJlZGl0cyI6eyJyZXNpemUiOnsid2lkdGgiOjQwMH0sIndlYnAiOnsicXVhbGl0eSI6NTB9fX0=,/sneakers/adidas/adidas-predator-24-league-grey-cloud-white-if8351-ka/105585?from=search
Nike Dunk Genesis Low RTFKT OG (Edition of 6841),7710000,https://d5ibtax54de3q.cloudfront.net/eyJidWNrZXQiOiJraWNrYXZlbnVlLWFzc2V0cyIsImtleSI6InByb2R1Y3RzLzEwNzkzMy9mZWYwYzQ2OTY5MWUxOTZlNzkwMjlhZjIxYTE5OGViMS5wbmciLCJlZGl0cyI6eyJyZXNpemUiOnsid2lkdGgiOjQwMH0sIndlYnAiOnsicXVhbGl0eSI6NTB9fX0=,/sneakers/nike/nike-dunk-genesis-low-rtfkt-og-edition-of-6841-hf0438-001-ka/107933?from=search
Li-Ning Way of Wade 10 Mint,3550000,https://d5ibtax54de3q.cloudfront.net/eyJidWNrZXQiOiJraWNrYXZlbnVlLWFzc2V0cyIsImtleSI6InByb2R1Y3RzLzEwMjg2My9iYjExNzNjNjhlYThlOThlOGNlMjY0NTBlZjI1YzcwOS5wbmciLCJlZGl0cyI6eyJyZXNpemUiOnsid2lkdGgiOjQwMH0sIndlYnAiOnsicXVhbGl0eSI6NTB9fX0=,/sneakers/li-ning/li-ning-way-of-wade-10-mint-abas115-4-ka/102863?from=search
Reebok BB 4000 II Chalk Hoops Blue,800000,https://d5ibtax54de3q.cloudfront.net/eyJidWNrZXQiOiJraWNrYXZlbnVlLWFzc2V0cyIsImtleSI6InByb2R1Y3RzLzc5MTEzLzU1MWYzM2UwNTRjMTU4OWQzNzE3MWRjOTJlNzcxYjhkLnBuZyIsImVkaXRzIjp7InJlc2l6ZSI6eyJ3aWR0aCI6NDAwfSwid2VicCI6eyJxdWFsaXR5Ijo1MH19fQ==,/sneakers/reebok/reebok-bb-4000-ii-chalk-hoops-blue-100033848-ka/79113?from=search
New Balance 327 Grey Navy,680000,https://d5ibtax54de3q.cloudfront.net/eyJidWNrZXQiOiJraWNrYXZlbnVlLWFzc2V0cyIsImtleSI6InByb2R1Y3RzLzk4MjU3LzZhMWYxZGQ5YzU5YjIyY2JkOWZlMmVmNzQyMGU3ZmQ5LnBuZyIsImVkaXRzIjp7InJlc2l6ZSI6eyJ3aWR0aCI6NDAwfSwid2VicCI6eyJxdWFsaXR5Ijo1MH19fQ==,/sneakers/new-balance/new-balance-327-grey-navy-u327ma-ka/98257?from=search
Li-Ning Way of Wade 808 3 Ultra Family Love,1680000,https://d5ibtax54de3q.cloudfront.net/eyJidWNrZXQiOiJraWNrYXZlbnVlLWFzc2V0cyIsImtleSI6InByb2R1Y3RzLzEwMjk2My9kM2M0MzI3ODg3YzBiMzBmODBiOTExYjlkYzI2NWZkNC5wbmciLCJlZGl0cyI6eyJyZXNpemUiOnsid2lkdGgiOjQwMH0sIndlYnAiOnsicXVhbGl0eSI6NTB9fX0=,/sneakers/li-ning/li-ning-way-of-wade-808-3-ultra-family-love-abat051-7-ka/102963?from=search
ASICS Gel-NYC Indigo,2490000,https://d5ibtax54de3q.cloudfront.net/eyJidWNrZXQiOiJraWNrYXZlbnVlLWFzc2V0cyIsImtleSI6InByb2R1Y3RzLzEwNTAxNy81OWU4NTBkNDczNTk0M2JlMjA4ODUyMDUzZjRiYzk5ZS5wbmciLCJlZGl0cyI6eyJyZXNpemUiOnsid2lkdGgiOjQwMH0sIndlYnAiOnsicXVhbGl0eSI6NTB9fX0=,/sneakers/asics/asics-gel-nyc-indigo-1203a625-100-ka/105017?from=search
Adidas AE 1 New Wave Arctic Fusion,1440000,https://d5ibtax54de3q.cloudfront.net/eyJidWNrZXQiOiJraWNrYXZlbnVlLWFzc2V0cyIsImtleSI6InByb2R1Y3RzLzk2MTUwL2FlZDBjZTgxOTEzZjgxNzFhMmU1MDNiY2NiMzNhYzdiLnBuZyIsImVkaXRzIjp7InJlc2l6ZSI6eyJ3aWR0aCI6NDAwfSwid2VicCI6eyJxdWFsaXR5Ijo1MH19fQ==,/sneakers/adidas/adidas-ae-1-new-wave-arctic-fusion-if1860-ka/96150?from=search
Adidas Samba OG Made in Italy Black Croc,6820000,https://d5ibtax54de3q.cloudfront.net/eyJidWNrZXQiOiJraWNrYXZlbnVlLWFzc2V0cyIsImtleSI6InByb2R1Y3RzLzEwODY3MS9hMmI2NDQ4YTU2Y2I5YTBhMTRiMGQ3ZjBkZjYyNzM2ZC5wbmciLCJlZGl0cyI6eyJyZXNpemUiOnsid2lkdGgiOjQwMH0sIndlYnAiOnsicXVhbGl0eSI6NTB9fX0=,/sneakers/adidas/adidas-samba-og-made-in-italy-black-croc-ie9120-ka/108671?from=search
Nike Zoom Vomero 5 Platinum Tint Metallic Gold,1680000,https://d5ibtax54de3q.cloudfront.net/eyJidWNrZXQiOiJraWNrYXZlbnVlLWFzc2V0cyIsImtleSI6InByb2R1Y3RzLzEwNzk3MS85ZmExOTczN2FkZjAxYjBlMWQzZjAzYjhmODg5YTE1NC5wbmciLCJlZGl0cyI6eyJyZXNpemUiOnsid2lkdGgiOjQwMH0sIndlYnAiOnsicXVhbGl0eSI6NTB9fX0=,/sneakers/nike/nike-zoom-vomero-5-platinum-tint-metallic-gold-hj7247-099-ka/107971?from=search
Nke Zoom Vomero 5 Jade Horizon Phantom,1570000,https://d5ibtax54de3q.cloudfront.net/eyJidWNrZXQiOiJraWNrYXZlbnVlLWFzc2V0cyIsImtleSI6InByb2R1Y3RzLzEwODAwNC9kZjlkNzJlNWYyYjA2NmVkYjI0MzkwODc2NTNkYTUxZC5wbmciLCJlZGl0cyI6eyJyZXNpemUiOnsid2lkdGgiOjQwMH0sIndlYnAiOnsicXVhbGl0eSI6NTB9fX0=,/sneakers/nike/nke-zoom-vomero-5-jade-horizon-phantom-hf1553-300-ka/108004?from=search
Nike Air Force 1 '07 LV8 Pure Platinum Light Carbon,1100000,https://d5ibtax54de3q.cloudfront.net/eyJidWNrZXQiOiJraWNrYXZlbnVlLWFzc2V0cyIsImtleSI6InByb2R1Y3RzLzc5NDc5L2U0MmQ3NzRlYThiMmQ2NTQxOTM1MjhmODM5MTdmZGFhLnBuZyIsImVkaXRzIjp7InJlc2l6ZSI6eyJ3aWR0aCI6NDAwfSwid2VicCI6eyJxdWFsaXR5Ijo1MH19fQ==,/sneakers/nike/nike-air-force-1-07-lv8-pure-platinum-light-carbon-fj4170-001-ka/79479?from=search
Nike Legend Essential 3 Next Nature Racer Blue,450000,https://d5ibtax54de3q.cloudfront.net/eyJidWNrZXQiOiJraWNrYXZlbnVlLWFzc2V0cyIsImtleSI6InByb2R1Y3RzLzczNDgxLzY1NDFmODU5ZTRlMTQ4NWEzZmQ2YzU2NDRhNDk1ODY1LnBuZyIsImVkaXRzIjp7InJlc2l6ZSI6eyJ3aWR0aCI6NDAwfSwid2VicCI6eyJxdWFsaXR5Ijo1MH19fQ==,/sneakers/nike/nike-legend-essential-3-next-nature-racer-blue-dm1120-402-ka/73481?from=search
Nike Burrow SE 'Cacao Wow Dark Cinder',570000,https://d5ibtax54de3q.cloudfront.net/eyJidWNrZXQiOiJraWNrYXZlbnVlLWFzc2V0cyIsImtleSI6InByb2R1Y3RzLzgzNDUwL2EyMjk3MzU3OGQ0NzZlMDNiYzExZTkxYmUyMmJmYjZjLnBuZyIsImVkaXRzIjp7InJlc2l6ZSI6eyJ3aWR0aCI6NDAwfSwid2VicCI6eyJxdWFsaXR5Ijo1MH19fQ==,/sneakers/nike/nike-burrow-se-cacao-wow-dark-cinder-dr8885-200-ka/83450?from=search
Adidas Rivalry Low Collegiate Green White,900000,https://d5ibtax54de3q.cloudfront.net/eyJidWNrZXQiOiJraWNrYXZlbnVlLWFzc2V0cyIsImtleSI6InByb2R1Y3RzLzEwNzIxMi80NjBiZjgwYmQzYjYxZTY4YTYwNzRiYzE5MjIyNWNlYS5wbmciLCJlZGl0cyI6eyJyZXNpemUiOnsid2lkdGgiOjQwMH0sIndlYnAiOnsicXVhbGl0eSI6NTB9fX0=,/sneakers/adidas/adidas-rivalry-low-collegiate-green-white-ie7209-ka/107212?from=search
Air Jordan Spizike 270 Boot Wheat,3380000,https://d5ibtax54de3q.cloudfront.net/eyJidWNrZXQiOiJraWNrYXZlbnVlLWFzc2V0cyIsImtleSI6InByb2R1Y3RzLzk0MTc0L2FjYWQwM2Y0MTY2ZGRjYjQ4YzQ1NTU5ZTUxNzFlNDhmLnBuZyIsImVkaXRzIjp7InJlc2l6ZSI6eyJ3aWR0aCI6NDAwfSwid2VicCI6eyJxdWFsaXR5Ijo1MH19fQ==,/sneakers/air-jordan/air-jordan-spizike-270-boot-wheat-ct1014-201-ka/94174?from=search
Nike Air Force 1 Low Jewel Black,1300000,https://d5ibtax54de3q.cloudfront.net/eyJidWNrZXQiOiJraWNrYXZlbnVlLWFzc2V0cyIsImtleSI6InByb2R1Y3RzLzExNjQwNi9mZjhmZjJhMTFiYTA2ZjAxZTQ4MTQ5YjA3MjU0MTQxNS5wbmciLCJlZGl0cyI6eyJyZXNpemUiOnsid2lkdGgiOjQwMH0sIndlYnAiOnsicXVhbGl0eSI6NTB9fX0=,/sneakers/nike/nike-air-force-1-low-jewel-black-ct3438-002-ka/116406?from=search
Air Jordan Zion 3 M.U.D PF Light Bone,1100000,https://d5ibtax54de3q.cloudfront.net/eyJidWNrZXQiOiJraWNrYXZlbnVlLWFzc2V0cyIsImtleSI6InByb2R1Y3RzLzEwMzg3Ni84MDcxOTI5OWQwZTc5YTQ5ZmY5MGJlZjY0ZmRkYjc3Mi5wbmciLCJlZGl0cyI6eyJyZXNpemUiOnsid2lkdGgiOjQwMH0sIndlYnAiOnsicXVhbGl0eSI6NTB9fX0=,/sneakers/air-jordan/air-jordan-zion-3-mud-pf-light-bone-fn1778-040-ka/103876?from=search
Nike Pegasus Trail 4 Gore-Tex Coconut Milk Safety Orange Cactus,1560000,https://d5ibtax54de3q.cloudfront.net/eyJidWNrZXQiOiJraWNrYXZlbnVlLWFzc2V0cyIsImtleSI6InByb2R1Y3RzLzg0NzYxLzMzNDQyNTcxN2E5Nzc1Y2VhNjViMjVmMzVjYzVmM2Q3LnBuZyIsImVkaXRzIjp7InJlc2l6ZSI6eyJ3aWR0aCI6NDAwfSwid2VicCI6eyJxdWFsaXR5Ijo1MH19fQ==,/sneakers/nike/nike-pegasus-trail-4-gore-tex-coconut-milk-safety-orange-cactus-fn3430-180-ka/84761?from=search
New Balance 2002R SSENSE Exclusive Corduroy,3350000,https://d5ibtax54de3q.cloudfront.net/eyJidWNrZXQiOiJraWNrYXZlbnVlLWFzc2V0cyIsImtleSI6InByb2R1Y3RzLzM3MjQ0LzEzYTBmNjkyN2YwYzAwN2Y0YTdhOTEwNjgyNjdhNDRiLnBuZyIsImVkaXRzIjp7InJlc2l6ZSI6eyJ3aWR0aCI6NDAwfSwid2VicCI6eyJxdWFsaXR5Ijo1MH19fQ==,/sneakers/new-balance/new-balance-2002r-ssense-exclusive-corduroy-m2002rss-ka-2/37244?from=search
On Running Cloudmonster CNY Dragon White Indigo,3440000,https://d5ibtax54de3q.cloudfront.net/eyJidWNrZXQiOiJraWNrYXZlbnVlLWFzc2V0cyIsImtleSI6InByb2R1Y3RzLzc4ODA1LzdlZGRhMzgxMWEyM2M5OTcxMzUwNDhmMGMzN2M1YjUxLnBuZyIsImVkaXRzIjp7InJlc2l6ZSI6eyJ3aWR0aCI6NDAwfSwid2VicCI6eyJxdWFsaXR5Ijo1MH19fQ==,/sneakers/on-running/on-running-cloudmonster-cny-dragon-white-indigo-3me10460629-ka/78805?from=search
Air Jordan 5 Retro White Black,2350000,https://d5ibtax54de3q.cloudfront.net/eyJidWNrZXQiOiJraWNrYXZlbnVlLWFzc2V0cyIsImtleSI6InByb2R1Y3RzLzEwOTkxNC8yMDc5MDI4YmYxZmJhNzY1ZjczODY1ZTA0NjI2OTY1Yi5wbmciLCJlZGl0cyI6eyJyZXNpemUiOnsid2lkdGgiOjQwMH0sIndlYnAiOnsicXVhbGl0eSI6NTB9fX0=,/sneakers/air-jordan/air-jordan-5-retro-white-black-dd0587-110-ka/109914?from=search
ON Running The Roger Pro 2 White Indigo,4010000,https://d5ibtax54de3q.cloudfront.net/eyJidWNrZXQiOiJraWNrYXZlbnVlLWFzc2V0cyIsImtleSI6InByb2R1Y3RzLzExNDQ2OC8yMTkyOTZiZWEzZWQ5N2NiNGI2YTEzOWZmMzlmYmUzZC5wbmciLCJlZGl0cyI6eyJyZXNpemUiOnsid2lkdGgiOjQwMH0sIndlYnAiOnsicXVhbGl0eSI6NTB9fX0=,/sneakers/on-running/on-running-the-roger-pro-2-white-indigo-3me10300629-ka/114468?from=search
Vans Knu Skool Sorbet Pastel Pink,1600000,https://d5ibtax54de3q.cloudfront.net/eyJidWNrZXQiOiJraWNrYXZlbnVlLWFzc2V0cyIsImtleSI6InByb2R1Y3RzLzExMTY0NC81MGRhMWYyNDg3YjYwMGViMTM3MTlkNzhkZjRhODE3ZS5wbmciLCJlZGl0cyI6eyJyZXNpemUiOnsid2lkdGgiOjQwMH0sIndlYnAiOnsicXVhbGl0eSI6NTB9fX0=,/sneakers/vans/vans-knu-skool-sorbet-pastel-pink-vn0009qcpnk-ka/111644?from=search
Air Jordan 1 Low Concord,4610000,https://d5ibtax54de3q.cloudfront.net/eyJidWNrZXQiOiJraWNrYXZlbnVlLWFzc2V0cyIsImtleSI6InByb2R1Y3RzLzkyMzA2LzU5MDcwNWQ2ODI0MTVkYjc5ZDBiODliMmEzNDJjOTUwLnBuZyIsImVkaXRzIjp7InJlc2l6ZSI6eyJ3aWR0aCI6NDAwfSwid2VicCI6eyJxdWFsaXR5Ijo1MH19fQ==,/sneakers/air-jordan/air-jordan-1-low-concord-553558-108-ka/92306?from=search
Nike Zoom Fly 6 Eliud Kipchoge It's Just The Start,1790000,https://d5ibtax54de3q.cloudfront.net/eyJidWNrZXQiOiJraWNrYXZlbnVlLWFzc2V0cyIsImtleSI6InByb2R1Y3RzLzExNDMxOC9lNmY2M2ZiOTVjMzFlMjJjZjg0NjdmYzU2YWY1NjExOS5wbmciLCJlZGl0cyI6eyJyZXNpemUiOnsid2lkdGgiOjQwMH0sIndlYnAiOnsicXVhbGl0eSI6NTB9fX0=,/sneakers/nike/nike-zoom-fly-6-eliud-kipchoge-its-just-the-start-hj7038-100-ka/114318?from=search
Converse Chuck Taylor All Star Hi Construct Vintage White,750000,https://d5ibtax54de3q.cloudfront.net/eyJidWNrZXQiOiJraWNrYXZlbnVlLWFzc2V0cyIsImtleSI6InByb2R1Y3RzLzc0MjU4L2NjMjU3NzQ5Y2E3NmRlYTU2OTE3MDZlY2FkZjNhYTZlLnBuZyIsImVkaXRzIjp7InJlc2l6ZSI6eyJ3aWR0aCI6NDAwfSwid2VicCI6eyJxdWFsaXR5Ijo1MH19fQ==,/sneakers/converse/converse-chuck-taylor-all-star-hi-construct-vintage-white-a02832c-ka/74258?from=search
Air Jordan Luka 2 PF Luk.AI Black,1330000,https://d5ibtax54de3q.cloudfront.net/eyJidWNrZXQiOiJraWNrYXZlbnVlLWFzc2V0cyIsImtleSI6InByb2R1Y3RzLzkzNzQ3L2QwOTczMzRiOTE1ODBiN2EyMmI2MmEyNTc0NGM1YWNmLnBuZyIsImVkaXRzIjp7InJlc2l6ZSI6eyJ3aWR0aCI6NDAwfSwid2VicCI6eyJxdWFsaXR5Ijo1MH19fQ==,/sneakers/air-jordan/air-jordan-luka-2-pf-lukai-black-dx9012-001-ka/93747?from=search
New Balance 550 Suede Pack Team Royal,700000,https://d5ibtax54de3q.cloudfront.net/eyJidWNrZXQiOiJraWNrYXZlbnVlLWFzc2V0cyIsImtleSI6InByb2R1Y3RzLzU4ODA3L2I1MGE0YTY1MGE2N2YyNmI3OTZjYThlYjEzMmNmNTc2LmpwZWciLCJlZGl0cyI6eyJyZXNpemUiOnsid2lkdGgiOjQwMH0sIndlYnAiOnsicXVhbGl0eSI6NTB9fX0=,/sneakers/new-balance/new-balance-550-suede-pack-team-royal-bb550vna-ka/58807?from=search
New Balance 991v2 MiUK Stone Island Black,5150000,https://d5ibtax54de3q.cloudfront.net/eyJidWNrZXQiOiJraWNrYXZlbnVlLWFzc2V0cyIsImtleSI6InByb2R1Y3RzLzcyODEyLzVkMTI4NDVjNTMwZTVhMGZkZjk5NzFkMjYyZDBiNzI3LnBuZyIsImVkaXRzIjp7InJlc2l6ZSI6eyJ3aWR0aCI6NDAwfSwid2VicCI6eyJxdWFsaXR5Ijo1MH19fQ==,/sneakers/new-balance/new-balance-991v2-miuk-stone-island-black-u991sd2-ka/72812?from=search
Nike Zoom Freak 4 EP 'Etched in Stone',3450000,https://d5ibtax54de3q.cloudfront.net/eyJidWNrZXQiOiJraWNrYXZlbnVlLWFzc2V0cyIsImtleSI6InByb2R1Y3RzLzkzMDk3L2MzYjE5ZDhlOTQ0MjFhYzYzNjU2YjA4OGNmNjIzNDk4LnBuZyIsImVkaXRzIjp7InJlc2l6ZSI6eyJ3aWR0aCI6NDAwfSwid2VicCI6eyJxdWFsaXR5Ijo1MH19fQ==,/sneakers/nike/nike-zoom-freak-4-ep-etched-in-stone-dj6148-004-ka/93097?from=search
ASICS Gel-1130 Vanilla White Sage,2050000,https://d5ibtax54de3q.cloudfront.net/eyJidWNrZXQiOiJraWNrYXZlbnVlLWFzc2V0cyIsImtleSI6InByb2R1Y3RzLzEwMTEwMy9jMTUyMTA4MzFiMjBhNDRmOWEyN2M5ODM0ODU1YTIxNi5wbmciLCJlZGl0cyI6eyJyZXNpemUiOnsid2lkdGgiOjQwMH0sIndlYnAiOnsicXVhbGl0eSI6NTB9fX0=,/sneakers/asics/asics-gel-1130-vanilla-white-sage-1201a255-252-ka/101103?from=search
Adidas Samba OG JJJJound Black,3150000,https://d5ibtax54de3q.cloudfront.net/eyJidWNrZXQiOiJraWNrYXZlbnVlLWFzc2V0cyIsImtleSI6InByb2R1Y3RzLzEwMzE5OS9hN2RjYjQ1MGIzYzI0MWUxY2I5ZmRjOTI1OTRkMDUxZS5wbmciLCJlZGl0cyI6eyJyZXNpemUiOnsid2lkdGgiOjQwMH0sIndlYnAiOnsicXVhbGl0eSI6NTB9fX0=,/sneakers/adidas/adidas-samba-og-jjjjound-black-id8707-ka/103199?from=search
Adidas Gazelle Indoor Turqoise Chalk White,1180000,https://d5ibtax54de3q.cloudfront.net/eyJidWNrZXQiOiJraWNrYXZlbnVlLWFzc2V0cyIsImtleSI6InByb2R1Y3RzLzExMDY2MC80MmNmYmVmZmE1ODEwMjQ4Njg1ZTU1Mjk4ODZjMmI2MS5wbmciLCJlZGl0cyI6eyJyZXNpemUiOnsid2lkdGgiOjQwMH0sIndlYnAiOnsicXVhbGl0eSI6NTB9fX0=,/sneakers/adidas/adidas-gazelle-indoor-turqoise-chalk-white-ji2583-ka/110660?from=search
Air Jordan 1 Low Vintage Lichen (JumpmanLA Exclusive),7840000,https://d5ibtax54de3q.cloudfront.net/eyJidWNrZXQiOiJraWNrYXZlbnVlLWFzc2V0cyIsImtleSI6InByb2R1Y3RzLzkyMzI4LzExYWJiZTg4OGZmZjk5MTIzMGI5NmI5OTcxOGQxN2ViLnBuZyIsImVkaXRzIjp7InJlc2l6ZSI6eyJ3aWR0aCI6NDAwfSwid2VicCI6eyJxdWFsaXR5Ijo1MH19fQ==,/sneakers/air-jordan/air-jordan-1-low-vintage-lichen-jumpmanla-exclusive-553558-115-ka/92328?from=search
Vans Knu Skool Black Pink X Peaches,2390000,https://d5ibtax54de3q.cloudfront.net/eyJidWNrZXQiOiJraWNrYXZlbnVlLWFzc2V0cyIsImtleSI6InByb2R1Y3RzLzExMTY0Ni9iNTE0ZGUxMTVkMDBjOTJiODEwMzUzZTExNDM0NGI2Ni5wbmciLCJlZGl0cyI6eyJyZXNpemUiOnsid2lkdGgiOjQwMH0sIndlYnAiOnsicXVhbGl0eSI6NTB9fX0=,/sneakers/vans/vans-knu-skool-black-pink-x-peaches-vn0009qcb9p-ka/111646?from=search
Puma Creeper Fatty Rihanna Fenty Warm White,1240000,https://d5ibtax54de3q.cloudfront.net/eyJidWNrZXQiOiJraWNrYXZlbnVlLWFzc2V0cyIsImtleSI6InByb2R1Y3RzLzEwMzg1OC85MWU3ZTIwODVlMWYzZmM0MGVkMzkyMDgwYjAwZmY2Ny5wbmciLCJlZGl0cyI6eyJyZXNpemUiOnsid2lkdGgiOjQwMH0sIndlYnAiOnsicXVhbGl0eSI6NTB9fX0=,/sneakers/puma/puma-creeper-fatty-rihanna-fenty-warm-white-396813-03-ka/103858?from=search
Vans Style 36 Bandana,850000,https://d5ibtax54de3q.cloudfront.net/eyJidWNrZXQiOiJraWNrYXZlbnVlLWFzc2V0cyIsImtleSI6InByb2R1Y3RzLzExMDYwOS8wNjM4OTU2MmJjZGJhYjNhZDc4YjlmMmMyMmYwZDI4ZS5wbmciLCJlZGl0cyI6eyJyZXNpemUiOnsid2lkdGgiOjQwMH0sIndlYnAiOnsicXVhbGl0eSI6NTB9fX0=,/sneakers/vans/vans-style-36-bandana-vn0a54f6d9s-ka/110609?from=search
New Balance 1906D Protection Pack Harbor Grey,1610000,https://d5ibtax54de3q.cloudfront.net/eyJidWNrZXQiOiJraWNrYXZlbnVlLWFzc2V0cyIsImtleSI6InByb2R1Y3RzLzQzMTUxL2VjYmZjMmU2YzQ2NzdkYzJhNjBkODBhZjVhZWY0NjAwLmpwZWciLCJlZGl0cyI6eyJyZXNpemUiOnsid2lkdGgiOjQwMH0sIndlYnAiOnsicXVhbGl0eSI6NTB9fX0=,/sneakers/new-balance/new-balance-1906d-protection-pack-harbor-grey-m1906da-ka-2/43151?from=search
Adidas Yeezy 350 V2 CMPCT Slate Onyx,1530000,https://d5ibtax54de3q.cloudfront.net/eyJidWNrZXQiOiJraWNrYXZlbnVlLWFzc2V0cyIsImtleSI6InByb2R1Y3RzLzY2NzUzLzI2NzVkMzA0ZmFjZGVkOWQyYzY5OTE2ZWQ5M2Y5ZWExLnBuZyIsImVkaXRzIjp7InJlc2l6ZSI6eyJ3aWR0aCI6NDAwfSwid2VicCI6eyJxdWFsaXR5Ijo1MH19fQ==,/sneakers/adidas/adidas-yeezy-350-v2-cmpct-slate-onyx-ig9606-ka/66753?from=search
New Balance 990v6 MiUSA Teddy Santis Sepia Orange,3140000,https://d5ibtax54de3q.cloudfront.net/eyJidWNrZXQiOiJraWNrYXZlbnVlLWFzc2V0cyIsImtleSI6InByb2R1Y3RzLzk4NjgzLzAwNTY1NjAxZjhjYjY4NjNjMDA1MTM1NzFlZjljODhhLnBuZyIsImVkaXRzIjp7InJlc2l6ZSI6eyJ3aWR0aCI6NDAwfSwid2VicCI6eyJxdWFsaXR5Ijo1MH19fQ==,/sneakers/new-balance/new-balance-990v6-miusa-teddy-santis-sepia-orange-u990to6-ka/98683?from=search
Nike Air Zoom Drive Drake NOCTA Black White,1290000,https://d5ibtax54de3q.cloudfront.net/eyJidWNrZXQiOiJraWNrYXZlbnVlLWFzc2V0cyIsImtleSI6InByb2R1Y3RzLzEwNzE1Ni83NjgzYjMyZDBhZDdjNGY0YzFhZDlmZGVmZDI4YjU1OS5wbmciLCJlZGl0cyI6eyJyZXNpemUiOnsid2lkdGgiOjQwMH0sIndlYnAiOnsicXVhbGl0eSI6NTB9fX0=,/sneakers/nike/nike-air-zoom-drive-drake-nocta-black-white-dx5854-001-ka/107156?from=search
Adidas NMD S1 Cloud White,980000,https://d5ibtax54de3q.cloudfront.net/eyJidWNrZXQiOiJraWNrYXZlbnVlLWFzc2V0cyIsImtleSI6InByb2R1Y3RzLzExMjAxNC84MTljNjNhYjc5ZmYyZjc1ZjFiYTVjYWFhOGViOTI1OC5wbmciLCJlZGl0cyI6eyJyZXNpemUiOnsid2lkdGgiOjQwMH0sIndlYnAiOnsicXVhbGl0eSI6NTB9fX0=,/sneakers/adidas/adidas-nmd-s1-cloud-white-gw4652-ka/112014?from=search
Nike Zoom Vomero 5 Dark Grey Black White,4170000,https://d5ibtax54de3q.cloudfront.net/eyJidWNrZXQiOiJraWNrYXZlbnVlLWFzc2V0cyIsImtleSI6InByb2R1Y3RzLzkwMDQ4LzZmNWFlYjdjMjJhZjQ0NGZmMzUyYTdmZGEzZDhkMWFjLnBuZyIsImVkaXRzIjp7InJlc2l6ZSI6eyJ3aWR0aCI6NDAwfSwid2VicCI6eyJxdWFsaXR5Ijo1MH19fQ==,/sneakers/nike/nike-zoom-vomero-5-dark-grey-black-white-ci1694-001-ka/90048?from=search
Puma Roma Classic Leather White Gum,820000,https://d5ibtax54de3q.cloudfront.net/eyJidWNrZXQiOiJraWNrYXZlbnVlLWFzc2V0cyIsImtleSI6InByb2R1Y3RzLzEwMzYyNi84OTI5ZjI1MDA1Y2ZmYTVkMjYwMDE0MzI1ODA4NGVmZi5wbmciLCJlZGl0cyI6eyJyZXNpemUiOnsid2lkdGgiOjQwMH0sIndlYnAiOnsicXVhbGl0eSI6NTB9fX0=,/sneakers/puma/puma-roma-classic-leather-white-gum-366408-01-ka/103626?from=search
New Balance RC 1300 Tokyo Design,3790000,https://d5ibtax54de3q.cloudfront.net/eyJidWNrZXQiOiJraWNrYXZlbnVlLWFzc2V0cyIsImtleSI6InByb2R1Y3RzLzgxMTYvMTQ5ZDE1ZjYtY2MxYi00YzJkLThkMzEtZDc5NTNiM2U2NWQxLnBuZyIsImVkaXRzIjp7InJlc2l6ZSI6eyJ3aWR0aCI6NDAwfSwid2VicCI6eyJxdWFsaXR5Ijo1MH19fQ==,/sneakers/new-balance/new-balance-rc-1300-tokyo-design-ms1300tf-ka-2/8116?from=search
Nike Air Max Plus OG Voltage Purple,2960000,https://d5ibtax54de3q.cloudfront.net/eyJidWNrZXQiOiJraWNrYXZlbnVlLWFzc2V0cyIsImtleSI6InByb2R1Y3RzLzc3MTg0L2JjZWJiODU0ODZkZDFiYzJhYjc0M2E1ODM5NjNmMDA0LnBuZyIsImVkaXRzIjp7InJlc2l6ZSI6eyJ3aWR0aCI6NDAwfSwid2VicCI6eyJxdWFsaXR5Ijo1MH19fQ==,/sneakers/nike/nike-air-max-plus-og-voltage-purple-bq4629-002-ka/77184?from=search
ASICS Gel-Sonoma 15-50 Black Clay Grey,1640000,https://d5ibtax54de3q.cloudfront.net/eyJidWNrZXQiOiJraWNrYXZlbnVlLWFzc2V0cyIsImtleSI6InByb2R1Y3RzLzEwNjEwMS81NWUxMThjODVkMTMyOTI4ZTNmYjllNzY1NDA4MGJkMS5wbmciLCJlZGl0cyI6eyJyZXNpemUiOnsid2lkdGgiOjQwMH0sIndlYnAiOnsicXVhbGl0eSI6NTB9fX0=,/sneakers/asics/asics-gel-sonoma-15-50-black-clay-grey-1201a438-003-ka/106101?from=search
Adidas Samba OG Off White Suede,1470000,https://d5ibtax54de3q.cloudfront.net/eyJidWNrZXQiOiJraWNrYXZlbnVlLWFzc2V0cyIsImtleSI6InByb2R1Y3RzLzk2MTc3LzE2NmM4Njc2ZTU4YjdlOTFlMTZlNzM2M2Q2YWIzYWFhLnBuZyIsImVkaXRzIjp7InJlc2l6ZSI6eyJ3aWR0aCI6NDAwfSwid2VicCI6eyJxdWFsaXR5Ijo1MH19fQ==,/sneakers/adidas/adidas-samba-og-off-white-suede-if1810-ka/96177?from=search
Nike Air Max Impact 4 White Navy Light Violet Ore,800000,https://d5ibtax54de3q.cloudfront.net/eyJidWNrZXQiOiJraWNrYXZlbnVlLWFzc2V0cyIsImtleSI6InByb2R1Y3RzLzEwOTQ3Mi9lMTEyNTI5Y2IyNDYxZDA2YzdhOGY2YzcxZDFhNTRhZC5wbmciLCJlZGl0cyI6eyJyZXNpemUiOnsid2lkdGgiOjQwMH0sIndlYnAiOnsicXVhbGl0eSI6NTB9fX0=,/sneakers/nike/nike-air-max-impact-4-white-navy-light-violet-ore-dm1124-102-ka/109472?from=search
Nike React Pegasus Trail 4 Gore-Tex Wolf Grey Volt,1410000,https://d5ibtax54de3q.cloudfront.net/eyJidWNrZXQiOiJraWNrYXZlbnVlLWFzc2V0cyIsImtleSI6InByb2R1Y3RzLzU3MjU5LzM2NmIyNDFlMzc2MDQxMTE5ODJjYWM2ODg5Y2QxZGFjLmpwZWciLCJlZGl0cyI6eyJyZXNpemUiOnsid2lkdGgiOjQwMH0sIndlYnAiOnsicXVhbGl0eSI6NTB9fX0=,/sneakers/nike/nike-react-pegasus-trail-4-gore-tex-wolf-grey-volt-dj7926-002-ka/57259?from=search
New Balance 550 White Green Cream,770000,https://d5ibtax54de3q.cloudfront.net/eyJidWNrZXQiOiJraWNrYXZlbnVlLWFzc2V0cyIsImtleSI6InByb2R1Y3RzLzYxMDM2LzE0Mjg4Zjk0ZmEyNDdiZmYyMDkwOWNlNDRiMjcyNWQwLmpwZWciLCJlZGl0cyI6eyJyZXNpemUiOnsid2lkdGgiOjQwMH0sIndlYnAiOnsicXVhbGl0eSI6NTB9fX0=,/sneakers/new-balance/new-balance-550-white-green-cream-bb550swb-ka/61036?from=search
Nike React Pegasus Trail 5 Gore Tex Black Anthracite,1800000,https://d5ibtax54de3q.cloudfront.net/eyJidWNrZXQiOiJraWNrYXZlbnVlLWFzc2V0cyIsImtleSI6InByb2R1Y3RzLzExMTY2Ni8yNTQ1N2YyNTYzMzM4MzhmYTMxZDM4NTQ1ZmM3ZDc3MS5wbmciLCJlZGl0cyI6eyJyZXNpemUiOnsid2lkdGgiOjQwMH0sIndlYnAiOnsicXVhbGl0eSI6NTB9fX0=,/sneakers/nike/nike-react-pegasus-trail-5-gore-tex-black-anthracite-fq0908-002-ka-2/111666?from=search
Converse De Luxe Heel,1260000,https://d5ibtax54de3q.cloudfront.net/eyJidWNrZXQiOiJraWNrYXZlbnVlLWFzc2V0cyIsImtleSI6InByb2R1Y3RzLzYzNjgxLzhhODVmYTM5ZTg0ODUxNWQ1ZDgyOWI1NGU2MWFlZWJiLmpwZWciLCJlZGl0cyI6eyJyZXNpemUiOnsid2lkdGgiOjQwMH0sIndlYnAiOnsicXVhbGl0eSI6NTB9fX0=,/sneakers/converse/converse-de-luxe-heel-a05347c-ka/63681?from=search
Nike Ebernon Low Triple Black,500000,https://d5ibtax54de3q.cloudfront.net/eyJidWNrZXQiOiJraWNrYXZlbnVlLWFzc2V0cyIsImtleSI6InByb2R1Y3RzLzY0MDg5LzQzZTVkMWJkYWQ4YTc3MDgxNDgyODgxZTFjZTBhNTQwLmpwZWciLCJlZGl0cyI6eyJyZXNpemUiOnsid2lkdGgiOjQwMH0sIndlYnAiOnsicXVhbGl0eSI6NTB9fX0=,/sneakers/nike/nike-ebernon-low-triple-black-aq1775-003-ka/64089?from=search
Nike Air Max System White Stadium Green,690000,https://d5ibtax54de3q.cloudfront.net/eyJidWNrZXQiOiJraWNrYXZlbnVlLWFzc2V0cyIsImtleSI6InByb2R1Y3RzLzc4MjM3LzkxY2UyYmYzYTM4OTc0ZmZiMWUxYWVjYWQzNTY5MDBlLnBuZyIsImVkaXRzIjp7InJlc2l6ZSI6eyJ3aWR0aCI6NDAwfSwid2VicCI6eyJxdWFsaXR5Ijo1MH19fQ==,/sneakers/nike/nike-air-max-system-white-stadium-green-dm9537-105-ka/78237?from=search
Vans Vault OG Authentic LX Black,1300000,https://d5ibtax54de3q.cloudfront.net/eyJidWNrZXQiOiJraWNrYXZlbnVlLWFzc2V0cyIsImtleSI6InByb2R1Y3RzLzY0MTMzLzc2NTNiZDlhYTc0M2NmYjg4Zjk4ZjAzMDM0OGFmYzBiLmpwZWciLCJlZGl0cyI6eyJyZXNpemUiOnsid2lkdGgiOjQwMH0sIndlYnAiOnsicXVhbGl0eSI6NTB9fX0=,/sneakers/vans/vans-vault-og-authentic-lx-black-vn0a4bv91wx1-ka/64133?from=search
Adidas Samba OG x Footlocker 50th Anniversary Black Gold,2200000,https://d5ibtax54de3q.cloudfront.net/eyJidWNrZXQiOiJraWNrYXZlbnVlLWFzc2V0cyIsImtleSI6InByb2R1Y3RzLzExMzU0NC9lMDZmZmNiOWM4MzE0YzI2NmZmMmE5Mzk1Y2VjYTJjNC5wbmciLCJlZGl0cyI6eyJyZXNpemUiOnsid2lkdGgiOjQwMH0sIndlYnAiOnsicXVhbGl0eSI6NTB9fX0=,/sneakers/adidas/adidas-samba-og-x-footlocker-50th-anniversary-black-gold-jh9160-ka/113544?from=search
Li-Ning Wade All City 12 Sunshine State,1410000,https://d5ibtax54de3q.cloudfront.net/eyJidWNrZXQiOiJraWNrYXZlbnVlLWFzc2V0cyIsImtleSI6InByb2R1Y3RzLzEwMjc4MC8wNTcyYWMzMDkyNWQ4NmM1MTYwOGExMDliNWVjMzY0OS5wbmciLCJlZGl0cyI6eyJyZXNpemUiOnsid2lkdGgiOjQwMH0sIndlYnAiOnsicXVhbGl0eSI6NTB9fX0=,/sneakers/li-ning/li-ning-wade-all-city-12-sunshine-state-abau015-3-ka-2/102780?from=search
New Balance 990v2 MiUSA Grey,2240000,https://d5ibtax54de3q.cloudfront.net/eyJidWNrZXQiOiJraWNrYXZlbnVlLWFzc2V0cyIsImtleSI6InByb2R1Y3RzLzMwMzAyL2Y1ODEwZjZlNzRjZGQwODQwYzY4MTRmMzEzNDI3ZTMzLnBuZyIsImVkaXRzIjp7InJlc2l6ZSI6eyJ3aWR0aCI6NDAwfSwid2VicCI6eyJxdWFsaXR5Ijo1MH19fQ==,/sneakers/new-balance/new-balance-990v2-miusa-grey-m990gy2-ka-2/30302?from=search
New Balance 993 Aime Leon Dore Brown,7020000,https://d5ibtax54de3q.cloudfront.net/eyJidWNrZXQiOiJraWNrYXZlbnVlLWFzc2V0cyIsImtleSI6InByb2R1Y3RzLzI3NzA4L2E2NjRmYzdmZTQ1OWRkMjM5NDk2YmM2M2YxYmQyMzI0LnBuZyIsImVkaXRzIjp7InJlc2l6ZSI6eyJ3aWR0aCI6NDAwfSwid2VicCI6eyJxdWFsaXR5Ijo1MH19fQ==,/sneakers/new-balance/new-balance-993-aime-leon-dore-brown-mr993ald-ka-2/27708?from=search
New Balance 327 Moonbeam Oak Leaf Green,1270000,https://d5ibtax54de3q.cloudfront.net/eyJidWNrZXQiOiJraWNrYXZlbnVlLWFzc2V0cyIsImtleSI6InByb2R1Y3RzLzk0NjkzL2Q3NjYwOGM1MTNhMzE5NTUwY2FlMjNiMmZkODM2MjNiLnBuZyIsImVkaXRzIjp7InJlc2l6ZSI6eyJ3aWR0aCI6NDAwfSwid2VicCI6eyJxdWFsaXR5Ijo1MH19fQ==,/sneakers/new-balance/jordan-jordan-jumpman-diamond-mid-pf-fiba-ms327asn-ka/94693?from=search
New Balance 998 Made In USA,1850000,https://d5ibtax54de3q.cloudfront.net/eyJidWNrZXQiOiJraWNrYXZlbnVlLWFzc2V0cyIsImtleSI6InByb2R1Y3RzLzEwOTUwOS80NDRjNjgxODVhZDJlNDU2ZjgxYmM0NjU2MTFjYzE3Yi5wbmciLCJlZGl0cyI6eyJyZXNpemUiOnsid2lkdGgiOjQwMH0sIndlYnAiOnsicXVhbGl0eSI6NTB9fX0=,/sneakers/new-balance/new-balance-998-made-in-usa-u998ta-ka/109509?from=search
Salomon XT-Rush Utility Lunar Rock Stone Blue,2860000,https://d5ibtax54de3q.cloudfront.net/eyJidWNrZXQiOiJraWNrYXZlbnVlLWFzc2V0cyIsImtleSI6InByb2R1Y3RzLzEwNjgxOC8zZTBlZTk0ZjY2M2YxZTc1YmFmN2Y5Njc5N2U2ZDQ5OS5wbmciLCJlZGl0cyI6eyJyZXNpemUiOnsid2lkdGgiOjQwMH0sIndlYnAiOnsicXVhbGl0eSI6NTB9fX0=,/sneakers/salomon/salomon-xt-rush-utility-lunar-rock-stone-blue-l47126900-ka/106818?from=search
Air Jordan 6 Retro Reverse Oreo,2180000,https://d5ibtax54de3q.cloudfront.net/eyJidWNrZXQiOiJraWNrYXZlbnVlLWFzc2V0cyIsImtleSI6InByb2R1Y3RzLzEwNjE2Mi9mZjI5YTFkZjY5MDYzZjkwMGMzN2JhNjFhYTQ5OGNmNi5wbmciLCJlZGl0cyI6eyJyZXNpemUiOnsid2lkdGgiOjQwMH0sIndlYnAiOnsicXVhbGl0eSI6NTB9fX0=,/sneakers/air-jordan/air-jordan-6-retro-reverse-oreo-ct8529-112-ka/106162?from=search
Li-Ning Wade All City 11 Team No Sleep,1120000,https://d5ibtax54de3q.cloudfront.net/eyJidWNrZXQiOiJraWNrYXZlbnVlLWFzc2V0cyIsImtleSI6InByb2R1Y3RzLzEwMjc2Ni83ZjFiOTE4ZDQwMGNlNDk1NzFhYzkwMjE5NGUxZTlmOC5wbmciLCJlZGl0cyI6eyJyZXNpemUiOnsid2lkdGgiOjQwMH0sIndlYnAiOnsicXVhbGl0eSI6NTB9fX0=,/sneakers/li-ning/li-ning-wade-all-city-11-team-no-sleep-abat005-5-ka-2/102766?from=search
Adidas Gazelle Foot Industry Cream Brown,1630000,https://d5ibtax54de3q.cloudfront.net/eyJidWNrZXQiOiJraWNrYXZlbnVlLWFzc2V0cyIsImtleSI6InByb2R1Y3RzLzc2NTkxLzU0M2UzYjYzOTk1MTMyMDQwMWY4NWM0MDYzYzRjNWFhLnBuZyIsImVkaXRzIjp7InJlc2l6ZSI6eyJ3aWR0aCI6NDAwfSwid2VicCI6eyJxdWFsaXR5Ijo1MH19fQ==,/sneakers/adidas/adidas-gazelle-foot-industry-cream-brown-ig1895-ka/76591?from=search
ASICS Gel-Nimbus 9 Cream Black,2010000,https://d5ibtax54de3q.cloudfront.net/eyJidWNrZXQiOiJraWNrYXZlbnVlLWFzc2V0cyIsImtleSI6InByb2R1Y3RzLzEwMzk4MC8wMmM4Yzc3MmI0N2Q0YzUxNWE0MDc2OTZjNmZkODAyZS5wbmciLCJlZGl0cyI6eyJyZXNpemUiOnsid2lkdGgiOjQwMH0sIndlYnAiOnsicXVhbGl0eSI6NTB9fX0=,/sneakers/asics/asics-gel-nimbus-9-cream-black-1201a424-105-ka/103980?from=search
Nike Dunk Low Next Nature Summit White Baroque Brown,1330000,https://d5ibtax54de3q.cloudfront.net/eyJidWNrZXQiOiJraWNrYXZlbnVlLWFzc2V0cyIsImtleSI6InByb2R1Y3RzLzEwNzk1MC9mZGJjODdhZTg0MjNlMzRlZTEyNjJjMTMzY2M1MTMyMC5wbmciLCJlZGl0cyI6eyJyZXNpemUiOnsid2lkdGgiOjQwMH0sIndlYnAiOnsicXVhbGl0eSI6NTB9fX0=,/sneakers/nike/nike-dunk-low-next-nature-summit-white-baroque-brown-hf4292-100-ka/107950?from=search
ASICS Gel-NYC Cloud Grey Green,1650000,https://d5ibtax54de3q.cloudfront.net/eyJidWNrZXQiOiJraWNrYXZlbnVlLWFzc2V0cyIsImtleSI6InByb2R1Y3RzLzEwNjA5NC81YWM2MjBmNWZlMTllOTliNjI0YjA4YTZjMzljMDRiNi5wbmciLCJlZGl0cyI6eyJyZXNpemUiOnsid2lkdGgiOjQwMH0sIndlYnAiOnsicXVhbGl0eSI6NTB9fX0=,/sneakers/asics/asics-gel-nyc-cloud-grey-green-1203a383-022-ka/106094?from=search
Nike Air Max Ishod Oil Green,1510000,https://d5ibtax54de3q.cloudfront.net/eyJidWNrZXQiOiJraWNrYXZlbnVlLWFzc2V0cyIsImtleSI6InByb2R1Y3RzLzExMTczNi8wMTVmODU2NWVkOGJlN2MyZDdjMzY4ZWIxNWVmMDY0ZS5wbmciLCJlZGl0cyI6eyJyZXNpemUiOnsid2lkdGgiOjQwMH0sIndlYnAiOnsicXVhbGl0eSI6NTB9fX0=,/sneakers/nike/nike-air-max-ishod-oil-green-fb2393-300-ka/111736?from=search
Nike ACG Torre Mid Waterproof 'Olive Grey',1650000,https://d5ibtax54de3q.cloudfront.net/eyJidWNrZXQiOiJraWNrYXZlbnVlLWFzc2V0cyIsImtleSI6InByb2R1Y3RzLzg0NTE5L2ZlMTY0OWQ0MmIxZDNiOWQ4ZjgyMzczZWRlMWQ4OWQ5LnBuZyIsImVkaXRzIjp7InJlc2l6ZSI6eyJ3aWR0aCI6NDAwfSwid2VicCI6eyJxdWFsaXR5Ijo1MH19fQ==,/sneakers/nike/nike-acg-torre-mid-waterproof-olive-grey-fd0212-001-ka/84519?from=search
Nike Blazer Low 77 Jumbo WNTR Sail Pro Green Gum,900000,https://d5ibtax54de3q.cloudfront.net/eyJidWNrZXQiOiJraWNrYXZlbnVlLWFzc2V0cyIsImtleSI6InByb2R1Y3RzLzYyNjUxLzEwNjYyNzBmNDI2OTZlMWNmZTQ5YTkyNWEwNWY5MmQ1LmpwZWciLCJlZGl0cyI6eyJyZXNpemUiOnsid2lkdGgiOjQwMH0sIndlYnAiOnsicXVhbGl0eSI6NTB9fX0=,/sneakers/nike/nike-blazer-low-77-jumbo-wntr-sail-pro-green-gum-dr9865-101-ka/62651?from=search
New Balance 2002R Gore-Tex Castlerock Natural Indigo,2460000,https://d5ibtax54de3q.cloudfront.net/eyJidWNrZXQiOiJraWNrYXZlbnVlLWFzc2V0cyIsImtleSI6InByb2R1Y3RzLzQyMDg5LzEyOTY5YmUzM2FmNjYxZjNhZDMwMWE5YTUzMmFmN2VmLmpwZWciLCJlZGl0cyI6eyJyZXNpemUiOnsid2lkdGgiOjQwMH0sIndlYnAiOnsicXVhbGl0eSI6NTB9fX0=,/sneakers/new-balance/new-balance-2002r-gore-tex-castlerock-natural-indigo-m2002rxc-ka-2/42089?from=search
ASICS Gel-1130 Clay Grey Pure Silver,1230000,https://d5ibtax54de3q.cloudfront.net/eyJidWNrZXQiOiJraWNrYXZlbnVlLWFzc2V0cyIsImtleSI6InByb2R1Y3RzLzExNTUwOS8wODM2ZjE2MDQ4YmZmYWNmZDBjYzZiOTQzMzAwZDE1Mi5wbmciLCJlZGl0cyI6eyJyZXNpemUiOnsid2lkdGgiOjQwMH0sIndlYnAiOnsicXVhbGl0eSI6NTB9fX0=,/sneakers/asics/asics-gel-1130-clay-grey-pure-silver-1201a256-026-ka/115509?from=search
Puma Palermo Mauve Mist Mint,1070000,https://d5ibtax54de3q.cloudfront.net/eyJidWNrZXQiOiJraWNrYXZlbnVlLWFzc2V0cyIsImtleSI6InByb2R1Y3RzLzEwNjQ3My9lZTEzNjgyOTNhYTY1Y2QwMGZmNTgzMzE1NGYxNmUyZi5wbmciLCJlZGl0cyI6eyJyZXNpemUiOnsid2lkdGgiOjQwMH0sIndlYnAiOnsicXVhbGl0eSI6NTB9fX0=,/sneakers/puma/puma-palermo-mauve-mist-mint-396463-23-ka/106473?from=search
Adidas Handball Spezial 75th Anniversary Pack Collegiate Royal,1610000,https://d5ibtax54de3q.cloudfront.net/eyJidWNrZXQiOiJraWNrYXZlbnVlLWFzc2V0cyIsImtleSI6InByb2R1Y3RzLzExMTY1NC8wMWQ4M2FhZWY3ZGVkYmRlMzZhM2U5MzUxNTI4YzIwNS5wbmciLCJlZGl0cyI6eyJyZXNpemUiOnsid2lkdGgiOjQwMH0sIndlYnAiOnsicXVhbGl0eSI6NTB9fX0=,/sneakers/adidas/adidas-handball-spezial-75th-anniversary-pack-collegiate-royal-jp5278-ka/111654?from=search
Crocs Classic Clog SZA,2090000,https://d5ibtax54de3q.cloudfront.net/eyJidWNrZXQiOiJraWNrYXZlbnVlLWFzc2V0cyIsImtleSI6InByb2R1Y3RzLzMzMzAxLzE0MjI1MmM2MWU2OTEwN2NhZDUzNDIyOTIzZTIzZTk4LnBuZyIsImVkaXRzIjp7InJlc2l6ZSI6eyJ3aWR0aCI6NDAwfSwid2VicCI6eyJxdWFsaXR5Ijo1MH19fQ==,/sneakers/crocs/crocs-classic-clog-sza-207390-90h-ka/33301?from=search
Salomon XT-4 OG Black Silver Metallic,3200000,https://d5ibtax54de3q.cloudfront.net/eyJidWNrZXQiOiJraWNrYXZlbnVlLWFzc2V0cyIsImtleSI6InByb2R1Y3RzLzU4NTE2L2JkZGYxYTgzNGU1OWIwOTZiMzg0YjQzMDY1NjA5Y2ViLmpwZWciLCJlZGl0cyI6eyJyZXNpemUiOnsid2lkdGgiOjQwMH0sIndlYnAiOnsicXVhbGl0eSI6NTB9fX0=,/sneakers/salomon/salomon-xt-4-og-black-silver-metallic-l47132900-ka/58516?from=search
Compass Velocity Black,1100000,https://d5ibtax54de3q.cloudfront.net/eyJidWNrZXQiOiJraWNrYXZlbnVlLWFzc2V0cyIsImtleSI6InByb2R1Y3RzLzQwNzU5LzNmYjk5N2Y0YTc5ZDRjNmZmNWQwMWExODgzMWYyM2Y3LmpwZWciLCJlZGl0cyI6eyJyZXNpemUiOnsid2lkdGgiOjQwMH0sIndlYnAiOnsicXVhbGl0eSI6NTB9fX0=,/sneakers/compass/compass-velocity-black-cps-vlctblk-ka/40759?from=search
New Balance 2002R Navy Silver Metallic,1660000,https://d5ibtax54de3q.cloudfront.net/eyJidWNrZXQiOiJraWNrYXZlbnVlLWFzc2V0cyIsImtleSI6InByb2R1Y3RzLzc1NTYzL2YzMjBhNTgzN2NhYTYzM2Q0Y2I0YjAyYjZiOGY3OGJmLnBuZyIsImVkaXRzIjp7InJlc2l6ZSI6eyJ3aWR0aCI6NDAwfSwid2VicCI6eyJxdWFsaXR5Ijo1MH19fQ==,/sneakers/new-balance/new-balance-2002r-navy-silver-metallic-ml2002rl-ka/75563?from=search
New Balance 990V3 Kith Grey,5540000,https://d5ibtax54de3q.cloudfront.net/eyJidWNrZXQiOiJraWNrYXZlbnVlLWFzc2V0cyIsImtleSI6InByb2R1Y3RzLzk4NjcyL2NmMDEzNjQ0OWNlYTZlMmUyYjQzMmVmOGQwODZmNjRjLnBuZyIsImVkaXRzIjp7InJlc2l6ZSI6eyJ3aWR0aCI6NDAwfSwid2VicCI6eyJxdWFsaXR5Ijo1MH19fQ==,/sneakers/new-balance/new-balance-990v3-kith-grey-m990gl3-ka/98672?from=search
Nike KD 3 All-Star (2023),1860000,https://d5ibtax54de3q.cloudfront.net/eyJidWNrZXQiOiJraWNrYXZlbnVlLWFzc2V0cyIsImtleSI6InByb2R1Y3RzLzQzNjUxLzRlZmJhNTBkMWUxYjA1NzRlNDhhN2ZiMDE3Y2U0MDE0LmpwZWciLCJlZGl0cyI6eyJyZXNpemUiOnsid2lkdGgiOjQwMH0sIndlYnAiOnsicXVhbGl0eSI6NTB9fX0=,/sneakers/nike/nike-kd-3-all-star-2023-dv0835-600-ka/43651?from=search
ASICS Gel-Kayano 14 JJJJound Silver White,7000000,https://d5ibtax54de3q.cloudfront.net/eyJidWNrZXQiOiJraWNrYXZlbnVlLWFzc2V0cyIsImtleSI6InByb2R1Y3RzLzM3Mzk3LzY3YzkzMGE0YjMxY2MzYjQ5N2FkNzcxMGQ3Yjg1NDFkLnBuZyIsImVkaXRzIjp7InJlc2l6ZSI6eyJ3aWR0aCI6NDAwfSwid2VicCI6eyJxdWFsaXR5Ijo1MH19fQ==,/sneakers/asics/asics-gel-kayano-14-jjjjound-silver-white-1201a457-100-ka/37397?from=search
New Balance 993 MiUSA Kith Spring 101,12070000,https://d5ibtax54de3q.cloudfront.net/eyJidWNrZXQiOiJraWNrYXZlbnVlLWFzc2V0cyIsImtleSI6InByb2R1Y3RzLzU3NTMyL2JlMDViODA2MjIxOWEwZmYzNTUwOWY2NTQ5NjZkYzhmLmpwZWciLCJlZGl0cyI6eyJyZXNpemUiOnsid2lkdGgiOjQwMH0sIndlYnAiOnsicXVhbGl0eSI6NTB9fX0=,/sneakers/new-balance/new-balance-993-miusa-kith-spring-101-mr993kt1-ka/57532?from=search
New Balance 550 White Perforated Leather Black,950000,https://d5ibtax54de3q.cloudfront.net/eyJidWNrZXQiOiJraWNrYXZlbnVlLWFzc2V0cyIsImtleSI6InByb2R1Y3RzLzc3MDQ4Lzg0YjM5ZTkxNzg5MmVhZDkxMmIxZjI2YmU1NTFkNDBjLnBuZyIsImVkaXRzIjp7InJlc2l6ZSI6eyJ3aWR0aCI6NDAwfSwid2VicCI6eyJxdWFsaXR5Ijo1MH19fQ==,/sneakers/new-balance/new-balance-550-white-perforated-leather-black-bb550prb-ka/77048?from=search
Nike Air Max Plus Black Grey Laser Blue,1250000,https://d5ibtax54de3q.cloudfront.net/eyJidWNrZXQiOiJraWNrYXZlbnVlLWFzc2V0cyIsImtleSI6InByb2R1Y3RzLzY4NDQ4LzlkNjE4NGZiODZmMGE3Mjk3M2NmMjE4MzUyYTAyNmRlLnBuZyIsImVkaXRzIjp7InJlc2l6ZSI6eyJ3aWR0aCI6NDAwfSwid2VicCI6eyJxdWFsaXR5Ijo1MH19fQ==,/sneakers/nike/nike-air-max-plus-black-grey-laser-blue-dr0453-002-ka/68448?from=search
Nike Kyrie Infinity EP Smoke and Mirrors,2410000,https://d5ibtax54de3q.cloudfront.net/eyJidWNrZXQiOiJraWNrYXZlbnVlLWFzc2V0cyIsImtleSI6InByb2R1Y3RzLzgyNDYzL2JhZjFjMjA4NmRiNzdmZTU2NTc3NzdjMDVlZTZmNjIwLnBuZyIsImVkaXRzIjp7InJlc2l6ZSI6eyJ3aWR0aCI6NDAwfSwid2VicCI6eyJxdWFsaXR5Ijo1MH19fQ==,/sneakers/nike/nike-kyrie-infinity-ep-smoke-and-mirrors-dc9134-102-ka-2/82463?from=search
Adidas Samba Nylon Wales Bonner Core Black,7890000,https://d5ibtax54de3q.cloudfront.net/eyJidWNrZXQiOiJraWNrYXZlbnVlLWFzc2V0cyIsImtleSI6InByb2R1Y3RzLzc0NjY3LzVjN2NhZjYzNzI2ZDg1YmFhODAxMDA0MTYxOWVmMDBjLnBuZyIsImVkaXRzIjp7InJlc2l6ZSI6eyJ3aWR0aCI6NDAwfSwid2VicCI6eyJxdWFsaXR5Ijo1MH19fQ==,/sneakers/adidas/adidas-samba-nylon-wales-bonner-core-black-ie0580-ka/74667?from=search
Nike SB Dunk Low Noise Aqua,1550000,https://d5ibtax54de3q.cloudfront.net/eyJidWNrZXQiOiJraWNrYXZlbnVlLWFzc2V0cyIsImtleSI6InByb2R1Y3RzLzY2NzIxL2NiY2Y0ZmI1ZTdmMmUzMGNiM2ZjMmMyYmZmOWJkYWQyLnBuZyIsImVkaXRzIjp7InJlc2l6ZSI6eyJ3aWR0aCI6NDAwfSwid2VicCI6eyJxdWFsaXR5Ijo1MH19fQ==,/sneakers/nike/nike-sb-dunk-low-noise-aqua-dv5429-800-ka/66721?from=search
New Balance 2002R Grey Matter,2030000,https://d5ibtax54de3q.cloudfront.net/eyJidWNrZXQiOiJraWNrYXZlbnVlLWFzc2V0cyIsImtleSI6InByb2R1Y3RzLzEwOTA2Mi84NzEwYzdhODJhNjJlZWZhYjkyNzU0ZmJlYWFkMjgxMi5wbmciLCJlZGl0cyI6eyJyZXNpemUiOnsid2lkdGgiOjQwMH0sIndlYnAiOnsicXVhbGl0eSI6NTB9fX0=,/sneakers/new-balance/new-balance-2002r-grey-matter-m2002rpp-ka/109062?from=search
Adidas Adizero Evo SL White Black,3850000,https://d5ibtax54de3q.cloudfront.net/eyJidWNrZXQiOiJraWNrYXZlbnVlLWFzc2V0cyIsImtleSI6InByb2R1Y3RzLzExNDYwMC81NTEyOGEzYWIwY2FkYjU5MjUxM2Y2ZDE0NjkwYjYyNC5wbmciLCJlZGl0cyI6eyJyZXNpemUiOnsid2lkdGgiOjQwMH0sIndlYnAiOnsicXVhbGl0eSI6NTB9fX0=,/sneakers/adidas/adidas-adizero-evo-sl-white-black-jh6206-ka/114600?from=search
New Balance 990v3 KITH Genesis,4110000,https://d5ibtax54de3q.cloudfront.net/eyJidWNrZXQiOiJraWNrYXZlbnVlLWFzc2V0cyIsImtleSI6InByb2R1Y3RzLzI0NTI1L2VjNThjYTI5MDY3NzRjMjY1ZTYxNzA0N2FjN2U4NjYyLnBuZyIsImVkaXRzIjp7InJlc2l6ZSI6eyJ3aWR0aCI6NDAwfSwid2VicCI6eyJxdWFsaXR5Ijo1MH19fQ==,/sneakers/new-balance/new-balance-990v3-kith-genesis-m990ki3-ka-2/24525?from=search
Air Jordan Nu Retro 1 Low Chicago,1070000,https://d5ibtax54de3q.cloudfront.net/eyJidWNrZXQiOiJraWNrYXZlbnVlLWFzc2V0cyIsImtleSI6InByb2R1Y3RzLzkzNzY0LzgwZmZjYmRmNTE0ZjBmNjQ2YzMyZTU0MWVkNjdkZTk0LnBuZyIsImVkaXRzIjp7InJlc2l6ZSI6eyJ3aWR0aCI6NDAwfSwid2VicCI6eyJxdWFsaXR5Ijo1MH19fQ==,/sneakers/air-jordan/air-jordan-nu-retro-1-low-chicago-dv5141-611-ka/93764?from=search
ASICS Gel NYC 2055 Cream Steel,1900000,https://d5ibtax54de3q.cloudfront.net/eyJidWNrZXQiOiJraWNrYXZlbnVlLWFzc2V0cyIsImtleSI6InByb2R1Y3RzLzEwODY2My8zMmI2M2M1Y2RhZjNiZDRiYzkyMGZlYTFlNTE3N2JlMC5wbmciLCJlZGl0cyI6eyJyZXNpemUiOnsid2lkdGgiOjQwMH0sIndlYnAiOnsicXVhbGl0eSI6NTB9fX0=,/sneakers/asics/asics-gel-nyc-2055-cream-steel-1203a542-250-ka/108663?from=search
Puma MB.03 Toxic Purple Green,2020000,https://d5ibtax54de3q.cloudfront.net/eyJidWNrZXQiOiJraWNrYXZlbnVlLWFzc2V0cyIsImtleSI6InByb2R1Y3RzLzc4MzM2LzkwYzNjYzhkMTQ2ODc5NWI3ODQ0NTU2YmM1YWY1ZDkxLnBuZyIsImVkaXRzIjp7InJlc2l6ZSI6eyJ3aWR0aCI6NDAwfSwid2VicCI6eyJxdWFsaXR5Ijo1MH19fQ==,/sneakers/puma/puma-mb03-toxic-purple-green-378916-01-ka/78336?from=search
Li-Ning Wade All City 11 V2 Family Love,1150000,https://d5ibtax54de3q.cloudfront.net/eyJidWNrZXQiOiJraWNrYXZlbnVlLWFzc2V0cyIsImtleSI6InByb2R1Y3RzLzEwMjc3Ni80ZTM5NTIzNjI5ZjNjNDU1ZDdkNjQ0ODUyYzdhYTliYy5wbmciLCJlZGl0cyI6eyJyZXNpemUiOnsid2lkdGgiOjQwMH0sIndlYnAiOnsicXVhbGl0eSI6NTB9fX0=,/sneakers/li-ning/li-ning-wade-all-city-11-v2-family-love-abat053-7-ka/102776?from=search
New Balance 1906D Protection Pack Black,1730000,https://d5ibtax54de3q.cloudfront.net/eyJidWNrZXQiOiJraWNrYXZlbnVlLWFzc2V0cyIsImtleSI6InByb2R1Y3RzLzU3MjU1LzE1YmUyZjFiYWEyNjRlNGRmZjUwYTlmOGYwNjBmNTRhLmpwZWciLCJlZGl0cyI6eyJyZXNpemUiOnsid2lkdGgiOjQwMH0sIndlYnAiOnsicXVhbGl0eSI6NTB9fX0=,/sneakers/new-balance/new-balance-1906d-protection-pack-black-m1906dd-ka/57255?from=search
ASICS Contend 7 TS 'Cotton Candy',670000,/static/media/kick_avenue_empty_image.cf172573.png,/sneakers/asics/asics-contend-7-ts-cotton-candy-1014a214-700-ka/99921?from=search
ASICS EX89 White Clay Grey,1570000,https://d5ibtax54de3q.cloudfront.net/eyJidWNrZXQiOiJraWNrYXZlbnVlLWFzc2V0cyIsImtleSI6InByb2R1Y3RzLzk5OTk4LzVkNTRkOTJmMTg0ZmY0ODc1YmUzNzVmOWIwOTE2MjM1LnBuZyIsImVkaXRzIjp7InJlc2l6ZSI6eyJ3aWR0aCI6NDAwfSwid2VicCI6eyJxdWFsaXR5Ijo1MH19fQ==,/sneakers/asics/asics-ex89-white-clay-grey-1201a476-107-ka/99998?from=search
Nike Air Humara Faded Spruce,1730000,https://d5ibtax54de3q.cloudfront.net/eyJidWNrZXQiOiJraWNrYXZlbnVlLWFzc2V0cyIsImtleSI6InByb2R1Y3RzLzU2NjQ1L2Y3OTg4YWM1M2JkYjcyMTI1YzBhMmUxNWY3NGI0NWFhLmpwZWciLCJlZGl0cyI6eyJyZXNpemUiOnsid2lkdGgiOjQwMH0sIndlYnAiOnsicXVhbGl0eSI6NTB9fX0=,/sneakers/nike/nike-air-humara-faded-spruce-fj7098-001-ka/56645?from=search
ASICS Gel-1130 Kith Cream Scarab,5040000,https://d5ibtax54de3q.cloudfront.net/eyJidWNrZXQiOiJraWNrYXZlbnVlLWFzc2V0cyIsImtleSI6InByb2R1Y3RzLzc4OTg3LzBmOGI0Y2Y1YzU2M2JhYzc1MmQ1MzhkZmQ3N2I3MjZkLnBuZyIsImVkaXRzIjp7InJlc2l6ZSI6eyJ3aWR0aCI6NDAwfSwid2VicCI6eyJxdWFsaXR5Ijo1MH19fQ==,/sneakers/asics/asics-gel-1130-kith-cream-scarab-1201a956-100-ka/78987?from=search
Adidas Handball Spezial Shadow Brown Gum,2590000,https://d5ibtax54de3q.cloudfront.net/eyJidWNrZXQiOiJraWNrYXZlbnVlLWFzc2V0cyIsImtleSI6InByb2R1Y3RzLzEwODEzMC9kNzY5MWJhMGVhNGUzMjY4MjJkYzc4YjI5NzJjZTIyYy5wbmciLCJlZGl0cyI6eyJyZXNpemUiOnsid2lkdGgiOjQwMH0sIndlYnAiOnsicXVhbGl0eSI6NTB9fX0=,/sneakers/adidas/adidas-handball-spezial-shadow-brown-gum-if8914-ka/108130?from=search
Converse Geo Forma Boot A Cold Wall Onyx,2070000,https://d5ibtax54de3q.cloudfront.net/eyJidWNrZXQiOiJraWNrYXZlbnVlLWFzc2V0cyIsImtleSI6InByb2R1Y3RzLzEwOTIwNS84NGM5Y2IzNjBmZTNiNDk1MWEyZTdlMWEzODM2ZjAzMy5wbmciLCJlZGl0cyI6eyJyZXNpemUiOnsid2lkdGgiOjQwMH0sIndlYnAiOnsicXVhbGl0eSI6NTB9fX0=,/sneakers/converse/converse-geo-forma-boot-a-cold-wall-onyx-a08008c-ka/109205?from=search
Adidas AE 1 Velocity Blue,1780000,https://d5ibtax54de3q.cloudfront.net/eyJidWNrZXQiOiJraWNrYXZlbnVlLWFzc2V0cyIsImtleSI6InByb2R1Y3RzLzk2Mzg2LzBhN2NkY2U0YWRiNzZhNGIzODUzYmYxMjA2OTA2YThiLnBuZyIsImVkaXRzIjp7InJlc2l6ZSI6eyJ3aWR0aCI6NDAwfSwid2VicCI6eyJxdWFsaXR5Ijo1MH19fQ==,/sneakers/adidas/adidas-ae-1-velocity-blue-if1864-ka/96386?from=search
Asics Gel Kayano 14 Fjord Cement Grey,2310000,https://d5ibtax54de3q.cloudfront.net/eyJidWNrZXQiOiJraWNrYXZlbnVlLWFzc2V0cyIsImtleSI6InByb2R1Y3RzLzExMDE5Ny82MjUyZDQxMzkzODUzNGNlMjE0NzhmNDljMDNjZjg0Yy5wbmciLCJlZGl0cyI6eyJyZXNpemUiOnsid2lkdGgiOjQwMH0sIndlYnAiOnsicXVhbGl0eSI6NTB9fX0=,/sneakers/asics/asics-gel-kayano-14-fjord-cement-grey-1203a412-400-ka/110197?from=search
Adidas Gazelle CLOT Linen Khaki,2090000,https://d5ibtax54de3q.cloudfront.net/eyJidWNrZXQiOiJraWNrYXZlbnVlLWFzc2V0cyIsImtleSI6InByb2R1Y3RzLzExMDk3Ny8xMjQ3OTAzMjNjZjRlNDZhZTM3NjdmYzA0MTU3MjkyNy5wbmciLCJlZGl0cyI6eyJyZXNpemUiOnsid2lkdGgiOjQwMH0sIndlYnAiOnsicXVhbGl0eSI6NTB9fX0=,/sneakers/adidas/adidas-gazelle-clot-linen-khaki-ih3641-ka/110977?from=search
Nike Zoom Mercurial Vapor 15 Academy MG 'Luminous Pack',1780000,https://d5ibtax54de3q.cloudfront.net/eyJidWNrZXQiOiJraWNrYXZlbnVlLWFzc2V0cyIsImtleSI6InByb2R1Y3RzLzg2MzQxLzVmZjlmZDkwZTJiMWI3YzVhNjAyZWExNzA5ZDE4ODhjLnBuZyIsImVkaXRzIjp7InJlc2l6ZSI6eyJ3aWR0aCI6NDAwfSwid2VicCI6eyJxdWFsaXR5Ijo1MH19fQ==,/sneakers/nike/nike-zoom-mercurial-vapor-15-academy-mg-luminous-pack-dj5631-605-ka/86341?from=search
ASICS Gel-1130 HAL Studios Smoke Grey,3560000,https://d5ibtax54de3q.cloudfront.net/eyJidWNrZXQiOiJraWNrYXZlbnVlLWFzc2V0cyIsImtleSI6InByb2R1Y3RzLzYxMDY2L2IxMWMyYmI2NDBjMzllYmVhOGQ2YjkxOTc5MzZjNDdmLmpwZWciLCJlZGl0cyI6eyJyZXNpemUiOnsid2lkdGgiOjQwMH0sIndlYnAiOnsicXVhbGl0eSI6NTB9fX0=,/sneakers/asics/asics-gel-1130-hal-studios-smoke-grey-1201a487-020-ka/61066?from=search
Nike Wear All Day Triple White,1310000,https://d5ibtax54de3q.cloudfront.net/eyJidWNrZXQiOiJraWNrYXZlbnVlLWFzc2V0cyIsImtleSI6InByb2R1Y3RzLzc5MDA5L2E0MGM3OTI2YTNhY2U3YzQzMWUxYzVkMzMwNDdiYzhhLnBuZyIsImVkaXRzIjp7InJlc2l6ZSI6eyJ3aWR0aCI6NDAwfSwid2VicCI6eyJxdWFsaXR5Ijo1MH19fQ==,/sneakers/nike/nike-wear-all-day-triple-white-cj1682-101-ka/79009?from=search
Nike Air Force 1 Low College Pack Midnight Navy,1620000,https://d5ibtax54de3q.cloudfront.net/eyJidWNrZXQiOiJraWNrYXZlbnVlLWFzc2V0cyIsImtleSI6InByb2R1Y3RzLzc0NDc1LzBiNjQzNWRmYjQwZjRjODI4NDVlYzQ4ZTFiNDhhNDI2LnBuZyIsImVkaXRzIjp7InJlc2l6ZSI6eyJ3aWR0aCI6NDAwfSwid2VicCI6eyJxdWFsaXR5Ijo1MH19fQ==,/sneakers/nike/nike-air-force-1-low-college-pack-midnight-navy-dq7659-101-ka/74475?from=search
ASICS Gel Kayano 14 White Tai Chi Yellow,1850000,https://d5ibtax54de3q.cloudfront.net/eyJidWNrZXQiOiJraWNrYXZlbnVlLWFzc2V0cyIsImtleSI6InByb2R1Y3RzLzEwOTcwNy9iNDA4NTk4ZTQ1YzdlMjUwNTE2MGY0YzNkY2NkZDQ4Yi5wbmciLCJlZGl0cyI6eyJyZXNpemUiOnsid2lkdGgiOjQwMH0sIndlYnAiOnsicXVhbGl0eSI6NTB9fX0=,/sneakers/asics/asics-gel-kayano-14-white-tai-chi-yellow-1203a537-101-ka/109707?from=search
Nike SB Dunk Low Deep Royal Blue,1260000,https://d5ibtax54de3q.cloudfront.net/eyJidWNrZXQiOiJraWNrYXZlbnVlLWFzc2V0cyIsImtleSI6InByb2R1Y3RzLzg5Nzc0LzMxZTAxMjAwNjdhM2U2MGQ4YzE3YTYzMmIxYjc4NTAxLnBuZyIsImVkaXRzIjp7InJlc2l6ZSI6eyJ3aWR0aCI6NDAwfSwid2VicCI6eyJxdWFsaXR5Ijo1MH19fQ==,/sneakers/nike/nike-sb-dunk-low-deep-royal-blue-hf3704-400-ka/89774?from=search
Adidas Trae Young 3 Wonder Beige,960000,https://d5ibtax54de3q.cloudfront.net/eyJidWNrZXQiOiJraWNrYXZlbnVlLWFzc2V0cyIsImtleSI6InByb2R1Y3RzLzk1NDM5LzcwYjBhMzQ4ZWI4MjJmZWRjNzRiNmMyN2RlNDc1OTlkLnBuZyIsImVkaXRzIjp7InJlc2l6ZSI6eyJ3aWR0aCI6NDAwfSwid2VicCI6eyJxdWFsaXR5Ijo1MH19fQ==,/sneakers/adidas/adidas-trae-young-3-wonder-beige-if5602-ka/95439?from=search
Adidas Samba OG White Collegiate Green Gum,1240000,https://d5ibtax54de3q.cloudfront.net/eyJidWNrZXQiOiJraWNrYXZlbnVlLWFzc2V0cyIsImtleSI6InByb2R1Y3RzLzk4MjQ2L2FlYmZhZjJlMjcxYjJiZTZjZWVkYTAwZDFmNjgzZjU1LnBuZyIsImVkaXRzIjp7InJlc2l6ZSI6eyJ3aWR0aCI6NDAwfSwid2VicCI6eyJxdWFsaXR5Ijo1MH19fQ==,/sneakers/adidas/adidas-samba-og-white-collegiate-green-gum-ie3437-ka/98246?from=search
New Balance 990v3 JJJJound Brown Black,6470000,https://d5ibtax54de3q.cloudfront.net/eyJidWNrZXQiOiJraWNrYXZlbnVlLWFzc2V0cyIsImtleSI6InByb2R1Y3RzLzMzMzg2LzJiMjJjODM2MjZjNWU0MDM1ZGY0YmE5NjExMjE3YmI4LnBuZyIsImVkaXRzIjp7InJlc2l6ZSI6eyJ3aWR0aCI6NDAwfSwid2VicCI6eyJxdWFsaXR5Ijo1MH19fQ==,/sneakers/new-balance/new-balance-990v3-jjjjound-brown-black-m990jj3-ka-2/33386?from=search
Salomon XT Quest Advanced Black,3140000,https://d5ibtax54de3q.cloudfront.net/eyJidWNrZXQiOiJraWNrYXZlbnVlLWFzc2V0cyIsImtleSI6InByb2R1Y3RzLzEwMjQ5Ni9mNzdlOGE0ZmE0NTk4ZjBiMGE3MmFiOTJhYjQwMmQ3NC5wbmciLCJlZGl0cyI6eyJyZXNpemUiOnsid2lkdGgiOjQwMH0sIndlYnAiOnsicXVhbGl0eSI6NTB9fX0=,/sneakers/salomon/salomon-xt-quest-advanced-black-410139-ka-2/102496?from=search
New Balance 990v3 MiUSA Teddy Santis Green Purple,3300000,https://d5ibtax54de3q.cloudfront.net/eyJidWNrZXQiOiJraWNrYXZlbnVlLWFzc2V0cyIsImtleSI6InByb2R1Y3RzLzQyNTY3LzRhNDdlNzM0NTJhNDg0YmMwNDdjZTRmZWIzMzk5M2Y1LmpwZWciLCJlZGl0cyI6eyJyZXNpemUiOnsid2lkdGgiOjQwMH0sIndlYnAiOnsicXVhbGl0eSI6NTB9fX0=,/sneakers/new-balance/new-balance-990v3-miusa-teddy-santis-green-purple-m990tc3-ka-3/42567?from=search
Nike Air Force 1 Low PRM Halloween (2023),1710000,https://d5ibtax54de3q.cloudfront.net/eyJidWNrZXQiOiJraWNrYXZlbnVlLWFzc2V0cyIsImtleSI6InByb2R1Y3RzLzcwNTA1L2NiMTQ0ZTQxMWE4MTdjMDRmOGY1NjU0MWVkNDc3NmVjLnBuZyIsImVkaXRzIjp7InJlc2l6ZSI6eyJ3aWR0aCI6NDAwfSwid2VicCI6eyJxdWFsaXR5Ijo1MH19fQ==,/sneakers/nike/nike-air-force-1-low-prm-halloween-2023-fq8822-084-ka/70505?from=search
Air Jordan Nu Retro 1 Low Cargo Khaki,1200000,https://d5ibtax54de3q.cloudfront.net/eyJidWNrZXQiOiJraWNrYXZlbnVlLWFzc2V0cyIsImtleSI6InByb2R1Y3RzLzkzNzYzLzhlZDRmNzhmYzc1ZTNmNjM0Mjg0ZDU4YWZkY2FkMmU4LnBuZyIsImVkaXRzIjp7InJlc2l6ZSI6eyJ3aWR0aCI6NDAwfSwid2VicCI6eyJxdWFsaXR5Ijo1MH19fQ==,/sneakers/air-jordan/air-jordan-nu-retro-1-low-cargo-khaki-dv5141-200-ka/93763?from=search
New Balance 990v3 Made in USA Grey,3240000,https://d5ibtax54de3q.cloudfront.net/eyJidWNrZXQiOiJraWNrYXZlbnVlLWFzc2V0cyIsImtleSI6InByb2R1Y3RzLzk4Njc0LzU5MTQwZTdmNzA2ZDZiMGUyYjJkYjYzMTEwZGVkMzBjLnBuZyIsImVkaXRzIjp7InJlc2l6ZSI6eyJ3aWR0aCI6NDAwfSwid2VicCI6eyJxdWFsaXR5Ijo1MH19fQ==,/sneakers/new-balance/new-balance-990v3-made-in-usa-grey-m990gy3-ka/98674?from=search
Adidas Predator 24 League Low Freestyle White Scarlet Royal,990000,https://d5ibtax54de3q.cloudfront.net/eyJidWNrZXQiOiJraWNrYXZlbnVlLWFzc2V0cyIsImtleSI6InByb2R1Y3RzLzEwMzcwMC8xYmRiNjU1YTAzNTQ5NDkzOGJmNDA0N2Y1NGZlNmEwOC5wbmciLCJlZGl0cyI6eyJyZXNpemUiOnsid2lkdGgiOjQwMH0sIndlYnAiOnsicXVhbGl0eSI6NTB9fX0=,/sneakers/adidas/adidas-predator-24-league-low-freestyle-white-scarlet-royal-ig8974-ka/103700?from=search
On Running Cloudwander Waterproof Black Eclipse,3270000,https://d5ibtax54de3q.cloudfront.net/eyJidWNrZXQiOiJraWNrYXZlbnVlLWFzc2V0cyIsImtleSI6InByb2R1Y3RzLzk4NDY2LzgyMTAwMjc4NWI4NWQ1ZjVmZmI4NzIwNGRmNDQzZmZhLnBuZyIsImVkaXRzIjp7InJlc2l6ZSI6eyJ3aWR0aCI6NDAwfSwid2VicCI6eyJxdWFsaXR5Ijo1MH19fQ==,/sneakers/on-running/on-running-cloudwander-waterproof-black-eclipse-7398606-ka/98466?from=search
Hoka One One Hopara 'Black Dark Shadow',2290000,https://d5ibtax54de3q.cloudfront.net/eyJidWNrZXQiOiJraWNrYXZlbnVlLWFzc2V0cyIsImtleSI6InByb2R1Y3RzLzk3NzkzL2UxOWQ5NjEwZDUwZThkNmJjYTgyYjZlZjdkMjBkZGYxLnBuZyIsImVkaXRzIjp7InJlc2l6ZSI6eyJ3aWR0aCI6NDAwfSwid2VicCI6eyJxdWFsaXR5Ijo1MH19fQ==,/sneakers/hoka/hoka-one-one-hopara-black-dark-shadow-1106534-bdsd-ka/97793?from=search
Nike Air Zoom Pegasus 37 White Multi-Color,2700000,https://d5ibtax54de3q.cloudfront.net/eyJidWNrZXQiOiJraWNrYXZlbnVlLWFzc2V0cyIsImtleSI6InByb2R1Y3RzLzEyMjI0LzgyMzIyNDkxNzg5ZGE5NjFmZDRhMDEwM2IwYWZmZjc0LnBuZyIsImVkaXRzIjp7InJlc2l6ZSI6eyJ3aWR0aCI6NDAwfSwid2VicCI6eyJxdWFsaXR5Ijo1MH19fQ==,/sneakers/nike/nike-air-zoom-pegasus-37-white-multi-color-bq9646-103-ka/12224?from=search
New Balance 550 White Canvas Gum,820000,https://d5ibtax54de3q.cloudfront.net/eyJidWNrZXQiOiJraWNrYXZlbnVlLWFzc2V0cyIsImtleSI6InByb2R1Y3RzLzY4MTQxL2EyNGUyYjEwMzcxNDJlYzIwNGRmNjI4OTQxZDFkOGY1LnBuZyIsImVkaXRzIjp7InJlc2l6ZSI6eyJ3aWR0aCI6NDAwfSwid2VicCI6eyJxdWFsaXR5Ijo1MH19fQ==,/sneakers/new-balance/new-balance-550-white-canvas-gum-bb550cva-ka/68141?from=search
Nike Benassi Slide Black,250000,https://d5ibtax54de3q.cloudfront.net/eyJidWNrZXQiOiJraWNrYXZlbnVlLWFzc2V0cyIsImtleSI6InByb2R1Y3RzLzgxOTEzL2Q5NjM2MTA1ZDViNmI5ZWZiZmI4YWMyMGY1NDM2MWYzLnBuZyIsImVkaXRzIjp7InJlc2l6ZSI6eyJ3aWR0aCI6NDAwfSwid2VicCI6eyJxdWFsaXR5Ijo1MH19fQ==,/sneakers/nike/nike-benassi-slide-black-343880-090-ka-2/81913?from=search
Nike SB Blazer Zoom Low GT Black White,3470000,https://d5ibtax54de3q.cloudfront.net/eyJidWNrZXQiOiJraWNrYXZlbnVlLWFzc2V0cyIsImtleSI6InByb2R1Y3RzLzc3NTc3LzhlZjMyMDNhNTQ4NTJjMGIxODA2ZWMxMzk1YmI3NzNlLnBuZyIsImVkaXRzIjp7InJlc2l6ZSI6eyJ3aWR0aCI6NDAwfSwid2VicCI6eyJxdWFsaXR5Ijo1MH19fQ==,/sneakers/nike/nike-sb-blazer-zoom-low-gt-black-white-943849-010-ka/77577?from=search
New Balance 574 Sport Navy Red White,500000,https://d5ibtax54de3q.cloudfront.net/eyJidWNrZXQiOiJraWNrYXZlbnVlLWFzc2V0cyIsImtleSI6InByb2R1Y3RzLzk1MTY1L2ZjMWYyYmNiZGJkNDdlMTkwNmJiYjJmZjQwM2VmMzRjLnBuZyIsImVkaXRzIjp7InJlc2l6ZSI6eyJ3aWR0aCI6NDAwfSwid2VicCI6eyJxdWFsaXR5Ijo1MH19fQ==,/sneakers/new-balance/jordan-son-of-mars-low-hornets-ms574sco-ka/95165?from=search
Nike ACG Lowcate Cargo Khaki,810000,https://d5ibtax54de3q.cloudfront.net/eyJidWNrZXQiOiJraWNrYXZlbnVlLWFzc2V0cyIsImtleSI6InByb2R1Y3RzLzc1ODA5L2RmMDFmMTUxMTliZGI0NjBlZWI4MTAzZjMxN2NjZTYyLnBuZyIsImVkaXRzIjp7InJlc2l6ZSI6eyJ3aWR0aCI6NDAwfSwid2VicCI6eyJxdWFsaXR5Ijo1MH19fQ==,/sneakers/nike/nike-acg-lowcate-cargo-khaki-dm8019-300-ka/75809?from=search
HOKA One One Mafate Speed ​​4 Lite Satisfy Coffee,4500000,https://d5ibtax54de3q.cloudfront.net/eyJidWNrZXQiOiJraWNrYXZlbnVlLWFzc2V0cyIsImtleSI6InByb2R1Y3RzLzExNjExMi9lYTk3NmU5MGQ0ZDY1N2M5NGYxNGRhOWQxYjQwNTE3Ni5wbmciLCJlZGl0cyI6eyJyZXNpemUiOnsid2lkdGgiOjQwMH0sIndlYnAiOnsicXVhbGl0eSI6NTB9fX0=,/sneakers/hoka/hoka-one-one-mafate-speed-4-lite-satisfy-coffee-1157050-coff-ka/116112?from=search
Hoka One One Hopara 'Black',2250000,https://d5ibtax54de3q.cloudfront.net/eyJidWNrZXQiOiJraWNrYXZlbnVlLWFzc2V0cyIsImtleSI6InByb2R1Y3RzLzk3NDAyLzdjMDhjNWE1NGVlNGJiMDRjYmYwNmY3MzU3NGVkYmZiLnBuZyIsImVkaXRzIjp7InJlc2l6ZSI6eyJ3aWR0aCI6NDAwfSwid2VicCI6eyJxdWFsaXR5Ijo1MH19fQ==,/sneakers/hoka/hoka-one-one-hopara-black-1106535-bblc-ka/97402?from=search
Hoka One One Clifton 9 GTX Black Black,2880000,https://d5ibtax54de3q.cloudfront.net/eyJidWNrZXQiOiJraWNrYXZlbnVlLWFzc2V0cyIsImtleSI6InByb2R1Y3RzLzk3NzQyLzUwMGU3ZGZlYjcyZTQzMTE3NDZkZTgzM2NiNmU1ZDc3LnBuZyIsImVkaXRzIjp7InJlc2l6ZSI6eyJ3aWR0aCI6NDAwfSwid2VicCI6eyJxdWFsaXR5Ijo1MH19fQ==,/sneakers/hoka/hoka-one-one-clifton-9-gtx-black-black-1141470-bblc-ka/97742?from=search
Air Jordan 4 Retro Red Cement (Toddler),700000,https://d5ibtax54de3q.cloudfront.net/eyJidWNrZXQiOiJraWNrYXZlbnVlLWFzc2V0cyIsImtleSI6InByb2R1Y3RzLzY2ODgzLzMwNjIyN2ViZGE0YzY4NDVmZWE3ZTA1MGNmN2ZkNzQ5LnBuZyIsImVkaXRzIjp7InJlc2l6ZSI6eyJ3aWR0aCI6NDAwfSwid2VicCI6eyJxdWFsaXR5Ijo1MH19fQ==,/sneakers/air-jordan/air-jordan-4-retro-red-cement-td-bq7670-161-ka/66883?from=search
Nike Kyrie Infinity EP Floral,1910000,https://d5ibtax54de3q.cloudfront.net/eyJidWNrZXQiOiJraWNrYXZlbnVlLWFzc2V0cyIsImtleSI6InByb2R1Y3RzLzgyNDU3Lzk4MmUwMjllZjJkNGM0N2E1NDlkY2Q3MjI4Mjg0NDMyLnBuZyIsImVkaXRzIjp7InJlc2l6ZSI6eyJ3aWR0aCI6NDAwfSwid2VicCI6eyJxdWFsaXR5Ijo1MH19fQ==,/sneakers/nike/nike-kyrie-infinity-ep-floral-dc9134-200-ka-2/82457?from=search
Onitsuka Tiger 66 Slip-On Birch Midnight,1790000,https://d5ibtax54de3q.cloudfront.net/eyJidWNrZXQiOiJraWNrYXZlbnVlLWFzc2V0cyIsImtleSI6InByb2R1Y3RzLzEwODQyNi9hMzQ1NjY5NzA5MjkzNDVlYjJjNjM0ODY4ODMzOWVlNi5wbmciLCJlZGl0cyI6eyJyZXNpemUiOnsid2lkdGgiOjQwMH0sIndlYnAiOnsicXVhbGl0eSI6NTB9fX0=,/sneakers/onitsuka-tiger/onitsuka-tiger-66-slip-on-birch-midnight-1183a360-109-ka/108426?from=search
Onitsuka Tiger Mexico 66 SD Birch Green,2210000,https://d5ibtax54de3q.cloudfront.net/eyJidWNrZXQiOiJraWNrYXZlbnVlLWFzc2V0cyIsImtleSI6InByb2R1Y3RzLzM5MzA5LzQ1ZDQ3ZTllZDRlMzcwZGIwNTAzOTIwN2YwMTQ4ODU2LnBuZyIsImVkaXRzIjp7InJlc2l6ZSI6eyJ3aWR0aCI6NDAwfSwid2VicCI6eyJxdWFsaXR5Ijo1MH19fQ==,/sneakers/onitsuka-tiger/onitsuka-tiger-mexico-66-sd-birch-green-1183a872-100-ka/39309?from=search
Adidas Centennial 85 High Multicolor,1260000,https://d5ibtax54de3q.cloudfront.net/eyJidWNrZXQiOiJraWNrYXZlbnVlLWFzc2V0cyIsImtleSI6InByb2R1Y3RzLzc2MDk2L2U1YTcwYThlNThjNDI2YzYyYjg1YWI3YzExOTk1OWZhLnBuZyIsImVkaXRzIjp7InJlc2l6ZSI6eyJ3aWR0aCI6NDAwfSwid2VicCI6eyJxdWFsaXR5Ijo1MH19fQ==,/sneakers/adidas/adidas-centennial-85-high-multicolor-gy2537-ka/76096?from=search
Converse Chuck Taylor All-Star 70 Hi Liverpool F.C,1360000,https://d5ibtax54de3q.cloudfront.net/eyJidWNrZXQiOiJraWNrYXZlbnVlLWFzc2V0cyIsImtleSI6InByb2R1Y3RzLzU5NDUzLzRlOGFhZjFiNWY4YjNkNzFmNGE3MDJkNjRlOWUyMTljLmpwZWciLCJlZGl0cyI6eyJyZXNpemUiOnsid2lkdGgiOjQwMH0sIndlYnAiOnsicXVhbGl0eSI6NTB9fX0=,/sneakers/converse/converse-chuck-taylor-all-star-70-hi-liverpool-fc-a05964c-ka/59453?from=search
On Running Cloud X 3 White Black (Women's),2120000,https://d5ibtax54de3q.cloudfront.net/eyJidWNrZXQiOiJraWNrYXZlbnVlLWFzc2V0cyIsImtleSI6InByb2R1Y3RzLzk2OTI3LzAzMTE0Mjc1ZjhhYTYwOGIzODY5NzQyZGVkZDE3ZTE5LnBuZyIsImVkaXRzIjp7InJlc2l6ZSI6eyJ3aWR0aCI6NDAwfSwid2VicCI6eyJxdWFsaXR5Ijo1MH19fQ==,/sneakers/on-running/on-running-cloud-x-3-white-black-w-6098697-ka/96927?from=search
ASICS GT-2160 Cecilie Bahnsen Midnight,3000000,https://d5ibtax54de3q.cloudfront.net/eyJidWNrZXQiOiJraWNrYXZlbnVlLWFzc2V0cyIsImtleSI6InByb2R1Y3RzLzc1NzA5L2RkYzM5OTE0NTRlMmViNzMzNzhhOGMxZmI4ZTg5OWIzLnBuZyIsImVkaXRzIjp7InJlc2l6ZSI6eyJ3aWR0aCI6NDAwfSwid2VicCI6eyJxdWFsaXR5Ijo1MH19fQ==,/sneakers/asics/asics-gt-2160-cecilie-bahnsen-midnight-1203a322-020-ka/75709?from=search
ASICS GT 2160 Above the Clouds Chocolate Brown,1880000,https://d5ibtax54de3q.cloudfront.net/eyJidWNrZXQiOiJraWNrYXZlbnVlLWFzc2V0cyIsImtleSI6InByb2R1Y3RzLzEwODc5OS83NjZlMzIzMDhlYTRhMGFlNWRiMTFlYmFlOGRjYjM3NC5wbmciLCJlZGl0cyI6eyJyZXNpemUiOnsid2lkdGgiOjQwMH0sIndlYnAiOnsicXVhbGl0eSI6NTB9fX0=,/sneakers/asics/asics-gt-2160-above-the-clouds-chocolate-brown-1203a654-100-ka/108799?from=search
ASICS Gel-Lyte III Triple Black,2100000,https://d5ibtax54de3q.cloudfront.net/eyJidWNrZXQiOiJraWNrYXZlbnVlLWFzc2V0cyIsImtleSI6InByb2R1Y3RzLzIzNzU0LzJhMDcwOGZjYTAyMjMzZWMyN2VhNmNmZjIyNjJkOTljLnBuZyIsImVkaXRzIjp7InJlc2l6ZSI6eyJ3aWR0aCI6NDAwfSwid2VicCI6eyJxdWFsaXR5Ijo1MH19fQ==,/sneakers/asics/asics-gel-lyte-iii-triple-black-1201a257-001-ka/23754?from=search
Nike Asuna 2 Velvet Brown,340000,https://d5ibtax54de3q.cloudfront.net/eyJidWNrZXQiOiJraWNrYXZlbnVlLWFzc2V0cyIsImtleSI6InByb2R1Y3RzLzU5MDEyLzM3N2EwNjg5NzIyNGMwZmVkYzVmNWNlMDVlMWYwYjY2LmpwZWciLCJlZGl0cyI6eyJyZXNpemUiOnsid2lkdGgiOjQwMH0sIndlYnAiOnsicXVhbGl0eSI6NTB9fX0=,/sneakers/nike/nike-asuna-2-velvet-brown-dc1457-201-ka/59012?from=search
Nike Roshe One High TDV 'Black',480000,/static/media/kick_avenue_empty_image.cf172573.png,/sneakers/nike/nike-roshe-one-high-tdv-black-807760-001-ka/85443?from=search
New Balance 993 MiUSA Grey,3490000,https://d5ibtax54de3q.cloudfront.net/eyJidWNrZXQiOiJraWNrYXZlbnVlLWFzc2V0cyIsImtleSI6InByb2R1Y3RzLzQwMjE3LzMzZjY3YWM5YWFmZDIyYjFhMTFhZTQzNjI5ZDQ4M2IzLmpwZWciLCJlZGl0cyI6eyJyZXNpemUiOnsid2lkdGgiOjQwMH0sIndlYnAiOnsicXVhbGl0eSI6NTB9fX0=,/sneakers/new-balance/new-balance-993-miusa-grey-mr993gl-miusa-ka-2/40217?from=search
Nike Blazer Mid 77 Jumbo White Black Sail (Women's),720000,https://d5ibtax54de3q.cloudfront.net/eyJidWNrZXQiOiJraWNrYXZlbnVlLWFzc2V0cyIsImtleSI6InByb2R1Y3RzLzgxOTYzLzliODQ4YzYzNmM0MTFlYjZlYTNhM2VjOTFjODY3MzJjLnBuZyIsImVkaXRzIjp7InJlc2l6ZSI6eyJ3aWR0aCI6NDAwfSwid2VicCI6eyJxdWFsaXR5Ijo1MH19fQ==,/sneakers/nike/nike-blazer-mid-77-jumbo-white-black-sail-womens-dq1471-100-ka/81963?from=search
ASICS Gel-1130 White Clay Grey,1710000,https://d5ibtax54de3q.cloudfront.net/eyJidWNrZXQiOiJraWNrYXZlbnVlLWFzc2V0cyIsImtleSI6InByb2R1Y3RzLzEwMTEwNi9lYzA3YmIxMjA5Y2M5M2Y2Mjg2ZjdiYTBiOWI0NWZjMS5wbmciLCJlZGl0cyI6eyJyZXNpemUiOnsid2lkdGgiOjQwMH0sIndlYnAiOnsicXVhbGl0eSI6NTB9fX0=,/sneakers/asics/asics-gel-1130-white-clay-grey-1201a256-112-ka/101106?from=search
Nike Calm Slide Electric Pack Black,600000,https://d5ibtax54de3q.cloudfront.net/eyJidWNrZXQiOiJraWNrYXZlbnVlLWFzc2V0cyIsImtleSI6InByb2R1Y3RzLzExMDgzMC9kYzA4ZjU3ZTQ5OWMxYTU3MzdhZjFkMWI2NjY0MDgyMy5wbmciLCJlZGl0cyI6eyJyZXNpemUiOnsid2lkdGgiOjQwMH0sIndlYnAiOnsicXVhbGl0eSI6NTB9fX0=,/sneakers/nike/nike-calm-slide-electric-pack-black-hf1067-002-ka/110830?from=search
New Balance x Stone Island FuelCell C_1 Stone Island TDS Tan,5090000,https://d5ibtax54de3q.cloudfront.net/eyJidWNrZXQiOiJraWNrYXZlbnVlLWFzc2V0cyIsImtleSI6InByb2R1Y3RzLzY3ODc4L2YwNmU3MGY4YzdkNTVjYzI5NWEzMjg5ZDE0YmVkY2E4LnBuZyIsImVkaXRzIjp7InJlc2l6ZSI6eyJ3aWR0aCI6NDAwfSwid2VicCI6eyJxdWFsaXR5Ijo1MH19fQ==,/sneakers/new-balance/new-balance-x-stone-island-fuelcell-c-1-stone-island-tds-tan-msrcxst-ka/67878?from=search
ASICS Gel-Terrain Cecilie Bahnsen Red,5980000,https://d5ibtax54de3q.cloudfront.net/eyJidWNrZXQiOiJraWNrYXZlbnVlLWFzc2V0cyIsImtleSI6InByb2R1Y3RzLzExNTM2NS9mNjAyYWE3ODhhMTRmMDVkNTU2NzA1ODQ2YTU3ZWViNC5wbmciLCJlZGl0cyI6eyJyZXNpemUiOnsid2lkdGgiOjQwMH0sIndlYnAiOnsicXVhbGl0eSI6NTB9fX0=,/sneakers/asics/asics-gel-terrain-cecilie-bahnsen-red-1203a526-600-ka/115365?from=search
Nike ACG Air Exploraid Neutral Grey Ash Green,800000,https://d5ibtax54de3q.cloudfront.net/eyJidWNrZXQiOiJraWNrYXZlbnVlLWFzc2V0cyIsImtleSI6InByb2R1Y3RzLzk1OTI2Lzc1ZDI3MjAzYThkMzA0ZWVlNTcxZTYwNTUxOGUwNmM5LnBuZyIsImVkaXRzIjp7InJlc2l6ZSI6eyJ3aWR0aCI6NDAwfSwid2VicCI6eyJxdWFsaXR5Ijo1MH19fQ==,/sneakers/nike/nike-acg-air-exploraid-neutral-grey-ash-green-fj1920-001-ka/95926?from=search
Air Jordan 1 Low Yellow Ochre,1360000,https://d5ibtax54de3q.cloudfront.net/eyJidWNrZXQiOiJraWNrYXZlbnVlLWFzc2V0cyIsImtleSI6InByb2R1Y3RzLzkzMjUzLzAxOTU2NGUwYzk0ZDc4ZGEwZTAzN2RmMzI4ZDdiZTM1LnBuZyIsImVkaXRzIjp7InJlc2l6ZSI6eyJ3aWR0aCI6NDAwfSwid2VicCI6eyJxdWFsaXR5Ijo1MH19fQ==,/sneakers/air-jordan/air-jordan-1-low-yellow-ochre-553558-072-ka/93253?from=search
New Balance 2002R Protection Pack Pink,5420000,https://d5ibtax54de3q.cloudfront.net/eyJidWNrZXQiOiJraWNrYXZlbnVlLWFzc2V0cyIsImtleSI6InByb2R1Y3RzLzMzMzk1LzAyYzZmODlmM2U1MGYwYzllNGNhMThkZGI0ZmY3NTNhLnBuZyIsImVkaXRzIjp7InJlc2l6ZSI6eyJ3aWR0aCI6NDAwfSwid2VicCI6eyJxdWFsaXR5Ijo1MH19fQ==,/sneakers/new-balance/new-balance-2002r-protection-pack-pink-m2002rdh-ka-2/33395?from=search
ASICS Novablast 3 White Deep Ocean,2230000,https://d5ibtax54de3q.cloudfront.net/eyJidWNrZXQiOiJraWNrYXZlbnVlLWFzc2V0cyIsImtleSI6InByb2R1Y3RzLzEwMjE2Ny80YzNmNWRlOTEzMWQ3ODI0NDg2NDQxN2ZjMDAyY2QxNC5wbmciLCJlZGl0cyI6eyJyZXNpemUiOnsid2lkdGgiOjQwMH0sIndlYnAiOnsicXVhbGl0eSI6NTB9fX0=,/sneakers/asics/asics-novablast-3-white-deep-ocean-1011b458-100-ka/102167?from=search
New Balance 2002R Olive Brown,1640000,https://d5ibtax54de3q.cloudfront.net/eyJidWNrZXQiOiJraWNrYXZlbnVlLWFzc2V0cyIsImtleSI6InByb2R1Y3RzLzY5MDE4LzY4ZGY5YTAyYmE2MjRhZjcxNGQ0MTAzN2EyNDA2ZDNkLnBuZyIsImVkaXRzIjp7InJlc2l6ZSI6eyJ3aWR0aCI6NDAwfSwid2VicCI6eyJxdWFsaXR5Ijo1MH19fQ==,/sneakers/new-balance/new-balance-2002r-olive-brown-m2002rhn-ka/69018?from=search
Adidas AdiFom Superstar Black Camo,1240000,https://d5ibtax54de3q.cloudfront.net/eyJidWNrZXQiOiJraWNrYXZlbnVlLWFzc2V0cyIsImtleSI6InByb2R1Y3RzLzc2NTEwL2E2NjgyMmViZWE3MmJmN2VlZGRlZGRhY2JhNWIwNjJmLnBuZyIsImVkaXRzIjp7InJlc2l6ZSI6eyJ3aWR0aCI6NDAwfSwid2VicCI6eyJxdWFsaXR5Ijo1MH19fQ==,/sneakers/adidas/adidas-adifom-superstar-black-camo-ie2298-ka/76510?from=search
New Balance 1000 Silver Metallic,1720000,https://d5ibtax54de3q.cloudfront.net/eyJidWNrZXQiOiJraWNrYXZlbnVlLWFzc2V0cyIsImtleSI6InByb2R1Y3RzLzEwMzY2Mi8xNzA2Njc2YmYwYzM3OTEzZDViMTNhMDY3YzA1NWIwYy5wbmciLCJlZGl0cyI6eyJyZXNpemUiOnsid2lkdGgiOjQwMH0sIndlYnAiOnsicXVhbGl0eSI6NTB9fX0=,/sneakers/new-balance/new-balance-1000-silver-metallic-m1000sl-ka/103662?from=search
New Balance 480 Castlerock Rain Cloud,1150000,https://d5ibtax54de3q.cloudfront.net/eyJidWNrZXQiOiJraWNrYXZlbnVlLWFzc2V0cyIsImtleSI6InByb2R1Y3RzLzEwNTY1Ny9mM2ZkYmNhMWQyZjY0YmM0MjNmM2YyMzNlMzI2MTNmNi5wbmciLCJlZGl0cyI6eyJyZXNpemUiOnsid2lkdGgiOjQwMH0sIndlYnAiOnsicXVhbGl0eSI6NTB9fX0=,/sneakers/new-balance/new-balance-480-castlerock-rain-cloud-bb480lec-ka/105657?from=search
Nike Air Force 1 To Come Ashore Sail,3590000,https://d5ibtax54de3q.cloudfront.net/eyJidWNrZXQiOiJraWNrYXZlbnVlLWFzc2V0cyIsImtleSI6InByb2R1Y3RzLzk2MzEwLzBiYTFkNTM5ZjY1ZmE2MTc3MmNhNzgxYTA2ZDRmODFiLnBuZyIsImVkaXRzIjp7InJlc2l6ZSI6eyJ3aWR0aCI6NDAwfSwid2VicCI6eyJxdWFsaXR5Ijo1MH19fQ==,/sneakers/nike/nike-air-force-1-to-come-ashore-sail-fz4625-100-ka/96310?from=search
New Balance Fuelcell Rebel V4 Bleached Lime Hot Mango,1740000,https://d5ibtax54de3q.cloudfront.net/eyJidWNrZXQiOiJraWNrYXZlbnVlLWFzc2V0cyIsImtleSI6InByb2R1Y3RzLzExMzQ1Mi9lYzAyYTUxMWNlNjMzZTlhZGE2NDgyMGQ0OGM3MjkwOS5wbmciLCJlZGl0cyI6eyJyZXNpemUiOnsid2lkdGgiOjQwMH0sIndlYnAiOnsicXVhbGl0eSI6NTB9fX0=,/sneakers/new-balance/new-balance-fuelcell-rebel-v4-bleached-lime-hot-mango-mfcxll4-ka/113452?from=search
Nike Air Zoom Pegasus 41 Eliud Kipchoge,1620000,https://d5ibtax54de3q.cloudfront.net/eyJidWNrZXQiOiJraWNrYXZlbnVlLWFzc2V0cyIsImtleSI6InByb2R1Y3RzLzExNDM5NC9mMTY3ZTVlZTMwNjc1MjlhNzljZGM1YTMzZDYyMTI2Mi5wbmciLCJlZGl0cyI6eyJyZXNpemUiOnsid2lkdGgiOjQwMH0sIndlYnAiOnsicXVhbGl0eSI6NTB9fX0=,/sneakers/nike/nike-air-zoom-pegasus-41-eliud-kipchoge-hj7037-100-ka/114394?from=search
Adidas DON Issue #6 Haribo Goldbears Lucid Red,1440000,https://d5ibtax54de3q.cloudfront.net/eyJidWNrZXQiOiJraWNrYXZlbnVlLWFzc2V0cyIsImtleSI6InByb2R1Y3RzLzExNDMxNy8yNzgwMDQ1N2FmZDYyZWM4YTQ1MDNjM2MzNzcxYWU1MS5wbmciLCJlZGl0cyI6eyJyZXNpemUiOnsid2lkdGgiOjQwMH0sIndlYnAiOnsicXVhbGl0eSI6NTB9fX0=,/sneakers/adidas/adidas-don-issue-6-haribo-goldbears-lucid-red-jh7917-ka/114317?from=search
ASICS Gel-NYC Yankees,1710000,https://d5ibtax54de3q.cloudfront.net/eyJidWNrZXQiOiJraWNrYXZlbnVlLWFzc2V0cyIsImtleSI6InByb2R1Y3RzLzU3MjY5LzYxNjYyYjM5OTFiN2U3YWU2OGI2YjkyNThiZDBiMzhkLmpwZWciLCJlZGl0cyI6eyJyZXNpemUiOnsid2lkdGgiOjQwMH0sIndlYnAiOnsicXVhbGl0eSI6NTB9fX0=,/sneakers/asics/asics-gel-nyc-yankees-1201a789-100-ka/57269?from=search
New Balance 1906A Black,2370000,https://d5ibtax54de3q.cloudfront.net/eyJidWNrZXQiOiJraWNrYXZlbnVlLWFzc2V0cyIsImtleSI6InByb2R1Y3RzLzExMjQwNS8zMDA3OWQ2OTdkMjUxOTQ5ZmE1MjA3ZjlkZmI2NzVmZi5wbmciLCJlZGl0cyI6eyJyZXNpemUiOnsid2lkdGgiOjQwMH0sIndlYnAiOnsicXVhbGl0eSI6NTB9fX0=,/sneakers/new-balance/new-balance-1906a-black-m1906af-ka/112405?from=search
Adidas Samba OG Black Preloved Brown,1520000,https://d5ibtax54de3q.cloudfront.net/eyJidWNrZXQiOiJraWNrYXZlbnVlLWFzc2V0cyIsImtleSI6InByb2R1Y3RzLzExMjMzMS82YjMzMDg2ZTg4N2M4Y2JjYTBjYmQ1YTYzYjRkODI3MC5wbmciLCJlZGl0cyI6eyJyZXNpemUiOnsid2lkdGgiOjQwMH0sIndlYnAiOnsicXVhbGl0eSI6NTB9fX0=,/sneakers/adidas/adidas-samba-og-black-preloved-brown-ie9123-ka/112331?from=search
Adidas SL 72 RS Blue Scarlet,1500000,https://d5ibtax54de3q.cloudfront.net/eyJidWNrZXQiOiJraWNrYXZlbnVlLWFzc2V0cyIsImtleSI6InByb2R1Y3RzLzEwMzIwNC85ODg5MTg1ZTI0NTkyMzBhZjdlNzUwMGQ3YmE1MGVkOS5wbmciLCJlZGl0cyI6eyJyZXNpemUiOnsid2lkdGgiOjQwMH0sIndlYnAiOnsicXVhbGl0eSI6NTB9fX0=,/sneakers/adidas/adidas-sl-72-rs-blue-scarlet-ig2132-ka/103204?from=search
Converse One Star Pro Sean Pablo Pink Freeze,2530000,https://d5ibtax54de3q.cloudfront.net/eyJidWNrZXQiOiJraWNrYXZlbnVlLWFzc2V0cyIsImtleSI6InByb2R1Y3RzLzMyNjU3LzM5Y2M5MmFiNDMxNDdmZTA4YzYxZDc2NDUzNzM1NTI3LnBuZyIsImVkaXRzIjp7InJlc2l6ZSI6eyJ3aWR0aCI6NDAwfSwid2VicCI6eyJxdWFsaXR5Ijo1MH19fQ==,/sneakers/converse/converse-one-star-pro-sean-pablo-pink-freeze-171325c-ka-2/32657?from=search
Nike Air Max 95 Photo Blue Black White,2700000,https://d5ibtax54de3q.cloudfront.net/eyJidWNrZXQiOiJraWNrYXZlbnVlLWFzc2V0cyIsImtleSI6InByb2R1Y3RzLzgwODY4L2JjYTJkYTVmMzdkMGQ1OTViOTg5ODAyNTM1NDkyOTZlLnBuZyIsImVkaXRzIjp7InJlc2l6ZSI6eyJ3aWR0aCI6NDAwfSwid2VicCI6eyJxdWFsaXR5Ijo1MH19fQ==,/sneakers/nike/nike-air-max-95-photo-blue-black-white-749766-409-ka/80868?from=search
Air Jordan Jumpman 2021 Bred,950000,https://d5ibtax54de3q.cloudfront.net/eyJidWNrZXQiOiJraWNrYXZlbnVlLWFzc2V0cyIsImtleSI6InByb2R1Y3RzLzkzNjgyL2IzYTUyOGJlNTM3ZTE5N2EwYjQxM2VjMWM3MzE5ZTIyLnBuZyIsImVkaXRzIjp7InJlc2l6ZSI6eyJ3aWR0aCI6NDAwfSwid2VicCI6eyJxdWFsaXR5Ijo1MH19fQ==,/sneakers/air-jordan/air-jordan-jumpman-2021-bred-cq4021-006-ka/93682?from=search
Nike Air Max 95 Amd Midnight Navy,890000,https://d5ibtax54de3q.cloudfront.net/eyJidWNrZXQiOiJraWNrYXZlbnVlLWFzc2V0cyIsImtleSI6InByb2R1Y3RzLzExMTg0Mi8wMmViNTY3MDhjMThmMmNmN2ExODIxNTFhOTJjNGQzZC5wbmciLCJlZGl0cyI6eyJyZXNpemUiOnsid2lkdGgiOjQwMH0sIndlYnAiOnsicXVhbGl0eSI6NTB9fX0=,/sneakers/nike/nike-air-max-95-amd-midnight-navy-aj6310-400-ka/111842?from=search
Puma Smash V2 Trainers White,870000,https://d5ibtax54de3q.cloudfront.net/eyJidWNrZXQiOiJraWNrYXZlbnVlLWFzc2V0cyIsImtleSI6InByb2R1Y3RzLzk4MzA3L2ZjZjFmZjkyZDdmN2RmNmY2M2JmNzFjNzM0YWUyMzBkLnBuZyIsImVkaXRzIjp7InJlc2l6ZSI6eyJ3aWR0aCI6NDAwfSwid2VicCI6eyJxdWFsaXR5Ijo1MH19fQ==,/sneakers/puma/puma-smash-v2-trainers-white-365215-07-ka/98307?from=search
Adidas Adizero SL2 Black,1550000,https://d5ibtax54de3q.cloudfront.net/eyJidWNrZXQiOiJraWNrYXZlbnVlLWFzc2V0cyIsImtleSI6InByb2R1Y3RzLzExMTIyNy8zMTMwYWNiZTNjNWY5MTdhMjc4ZGMxMTE1MjFiZTI0ZC5wbmciLCJlZGl0cyI6eyJyZXNpemUiOnsid2lkdGgiOjQwMH0sIndlYnAiOnsicXVhbGl0eSI6NTB9fX0=,/sneakers/adidas/adidas-adizero-sl2-black-if6747-ka/111227?from=search
Adidas Gazelle Court Green Footwear White,1470000,https://d5ibtax54de3q.cloudfront.net/eyJidWNrZXQiOiJraWNrYXZlbnVlLWFzc2V0cyIsImtleSI6InByb2R1Y3RzLzExMDY4My8xNzIwMmQyZTBhODZkOTFkMjhlZmMzYTA5MGY4ZTk5MC5wbmciLCJlZGl0cyI6eyJyZXNpemUiOnsid2lkdGgiOjQwMH0sIndlYnAiOnsicXVhbGl0eSI6NTB9fX0=,/sneakers/adidas/adidas-gazelle-court-green-footwear-white-ig0671-ka/110683?from=search
Adidas Samba Indoor Lionel Messi,1570000,https://d5ibtax54de3q.cloudfront.net/eyJidWNrZXQiOiJraWNrYXZlbnVlLWFzc2V0cyIsImtleSI6InByb2R1Y3RzLzEwMzMyNC8yYzJmODEwYzE2YmYwOGQ2NjEzZGQwMjE0ODBiMjU2Ny5wbmciLCJlZGl0cyI6eyJyZXNpemUiOnsid2lkdGgiOjQwMH0sIndlYnAiOnsicXVhbGl0eSI6NTB9fX0=,/sneakers/adidas/adidas-samba-indoor-lionel-messi-id3550-ka/103324?from=search
Nike Air Max Dn White,1660000,https://d5ibtax54de3q.cloudfront.net/eyJidWNrZXQiOiJraWNrYXZlbnVlLWFzc2V0cyIsImtleSI6InByb2R1Y3RzLzEwNDIyOS8wZWM1ODU0MDY4NjYyYjBhM2NlZGI4NDA0YWMzNTQ0NS5wbmciLCJlZGl0cyI6eyJyZXNpemUiOnsid2lkdGgiOjQwMH0sIndlYnAiOnsicXVhbGl0eSI6NTB9fX0=,/sneakers/nike/nike-air-max-dn-white-dv3337-101-ka/104229?from=search
Air Jordan 1 Low SE Sail Seafoam,1340000,https://d5ibtax54de3q.cloudfront.net/eyJidWNrZXQiOiJraWNrYXZlbnVlLWFzc2V0cyIsImtleSI6InByb2R1Y3RzLzEwMzg4MC81Nzc3YjUyZmU5NDAwMWZjYzdlYWRjNDFiYWNkZGJhOS5wbmciLCJlZGl0cyI6eyJyZXNpemUiOnsid2lkdGgiOjQwMH0sIndlYnAiOnsicXVhbGl0eSI6NTB9fX0=,/sneakers/air-jordan/air-jordan-1-low-se-sail-seafoam-fn5214-131-ka/103880?from=search
New Balance 990v2 MiUSA Grey Tan,3330000,https://d5ibtax54de3q.cloudfront.net/eyJidWNrZXQiOiJraWNrYXZlbnVlLWFzc2V0cyIsImtleSI6InByb2R1Y3RzLzQxMDc5LzZhMTc0OTdjNWUzMjYxYjBmMzM4YjFiYzQwOWNkOGIzLmpwZWciLCJlZGl0cyI6eyJyZXNpemUiOnsid2lkdGgiOjQwMH0sIndlYnAiOnsicXVhbGl0eSI6NTB9fX0=,/sneakers/new-balance/new-balance-990v2-miusa-grey-tan-m990gb2-ka/41079?from=search
New Balance 990v6 MiUSA Teddy Santis Reflection Marblehead,3080000,https://d5ibtax54de3q.cloudfront.net/eyJidWNrZXQiOiJraWNrYXZlbnVlLWFzc2V0cyIsImtleSI6InByb2R1Y3RzLzExMTAwNy8zNzcyNGFlOTg0OTlhYTdkODUwYzhjN2U0ODhhN2MzYi5wbmciLCJlZGl0cyI6eyJyZXNpemUiOnsid2lkdGgiOjQwMH0sIndlYnAiOnsicXVhbGl0eSI6NTB9fX0=,/sneakers/new-balance/new-balance-990v6-miusa-teddy-santis-reflection-marblehead-u990nc6-ka/111007?from=search
Vans Knu Skool Spring Has Prung Gray,980000,https://d5ibtax54de3q.cloudfront.net/eyJidWNrZXQiOiJraWNrYXZlbnVlLWFzc2V0cyIsImtleSI6InByb2R1Y3RzLzEwNDIwNy9iODQ3NWNhYmJlODIzYTY2NzNjNDdjMTE0YmEyNmY4NS5wbmciLCJlZGl0cyI6eyJyZXNpemUiOnsid2lkdGgiOjQwMH0sIndlYnAiOnsicXVhbGl0eSI6NTB9fX0=,/sneakers/vans/vans-knu-skool-spring-has-prung-gray-vn000cs0bxc-ka/104207?from=search
New Balance 1000 Pink Tan,2730000,https://d5ibtax54de3q.cloudfront.net/eyJidWNrZXQiOiJraWNrYXZlbnVlLWFzc2V0cyIsImtleSI6InByb2R1Y3RzLzExMzg0OS8wYmU5NzA1Zjg2NGJiMjhhMjY1MjU2ODA4NmE4MGJkZS5wbmciLCJlZGl0cyI6eyJyZXNpemUiOnsid2lkdGgiOjQwMH0sIndlYnAiOnsicXVhbGl0eSI6NTB9fX0=,/sneakers/new-balance/new-balance-1000-pink-tan-m1000mc-ka/113849?from=search
Air Jordan Nu Retro 1 Low Philippines,1150000,https://d5ibtax54de3q.cloudfront.net/eyJidWNrZXQiOiJraWNrYXZlbnVlLWFzc2V0cyIsImtleSI6InByb2R1Y3RzLzkzNzY3L2NkNWYxNTg5MGZiZDNjYzE1YTdjMTQ4YWYwYzdhZGVjLnBuZyIsImVkaXRzIjp7InJlc2l6ZSI6eyJ3aWR0aCI6NDAwfSwid2VicCI6eyJxdWFsaXR5Ijo1MH19fQ==,/sneakers/air-jordan/air-jordan-nu-retro-1-low-philippines-fn8903-111-ka/93767?from=search
Vans Vault OG Half Cab LX WTAPS Coyote Brown,2700000,https://d5ibtax54de3q.cloudfront.net/eyJidWNrZXQiOiJraWNrYXZlbnVlLWFzc2V0cyIsImtleSI6InByb2R1Y3RzLzU3NjEwL2VmYzdkNmM2OTY1MDFlNjI2OTkxNTEyMjFiMzZhMGI2LmpwZWciLCJlZGl0cyI6eyJyZXNpemUiOnsid2lkdGgiOjQwMH0sIndlYnAiOnsicXVhbGl0eSI6NTB9fX0=,/sneakers/vans/vans-vault-og-half-cab-lx-wtaps-coyote-brown-vn0a3dp6bmd1-ka/57610?from=search
Nike SB Dunk Low Circuit Orange,16020000,https://d5ibtax54de3q.cloudfront.net/eyJidWNrZXQiOiJraWNrYXZlbnVlLWFzc2V0cyIsImtleSI6InByb2R1Y3RzLzg5NzY2L2NmNDNmYzM5Zjc4MzA5NmExYmM1NmNjZGJjMWUyMTdjLnBuZyIsImVkaXRzIjp7InJlc2l6ZSI6eyJ3aWR0aCI6NDAwfSwid2VicCI6eyJxdWFsaXR5Ijo1MH19fQ==,/sneakers/nike/nike-sb-dunk-low-circuit-orange-854866-881-ka/89766?from=search
Hoka One One Speedgoat Mid Gore-Tex 2 Black Grey Red,2590000,https://d5ibtax54de3q.cloudfront.net/eyJidWNrZXQiOiJraWNrYXZlbnVlLWFzc2V0cyIsImtleSI6InByb2R1Y3RzLzk3OTc2LzI1YzgxZmQ5OTJmOWExZTZmNzIxYjg2YmJmODhmNDczLnBuZyIsImVkaXRzIjp7InJlc2l6ZSI6eyJ3aWR0aCI6NDAwfSwid2VicCI6eyJxdWFsaXR5Ijo1MH19fQ==,/sneakers/hoka/hoka-one-one-speedgoat-mid-gore-tex-2-black-grey-red-1106532-adgg-ka/97976?from=search
Nike Air Max 90 Cool Grey,2900000,https://d5ibtax54de3q.cloudfront.net/eyJidWNrZXQiOiJraWNrYXZlbnVlLWFzc2V0cyIsImtleSI6InByb2R1Y3RzLzExMzQ0Mi8wOTM2NzViY2E3OGM1ZTY2OWFmZmExZWY1NzlkZWNhNS5wbmciLCJlZGl0cyI6eyJyZXNpemUiOnsid2lkdGgiOjQwMH0sIndlYnAiOnsicXVhbGl0eSI6NTB9fX0=,/sneakers/nike/nike-air-max-90-cool-grey-hm0625-002-ka/113442?from=search
ASICS Novablast 4 Paris Cool Matcha Safety Yellow,2180000,/static/media/kick_avenue_empty_image.cf172573.png,/sneakers/asics/asics-novablast-4-paris-cool-matcha-safety-yellow-1011b955-750-ka/115672?from=search
Adidas Samba Golf Kith White,4370000,https://d5ibtax54de3q.cloudfront.net/eyJidWNrZXQiOiJraWNrYXZlbnVlLWFzc2V0cyIsImtleSI6InByb2R1Y3RzLzY3MTA1LzcwMTU0Yjc5NGNlMDAxY2RkZTUxOTNlODIxMjhjMTIzLnBuZyIsImVkaXRzIjp7InJlc2l6ZSI6eyJ3aWR0aCI6NDAwfSwid2VicCI6eyJxdWFsaXR5Ijo1MH19fQ==,/sneakers/adidas/adidas-samba-golf-kith-white-ig5711-ka/67105?from=search
Nike V2K Run Wolf Grey Navy,1250000,https://d5ibtax54de3q.cloudfront.net/eyJidWNrZXQiOiJraWNrYXZlbnVlLWFzc2V0cyIsImtleSI6InByb2R1Y3RzLzExNDYyMC9iMGZiNWIwYTgyM2U2OTE3NzZlYTYyZDA0YTQ0MWMyYy5wbmciLCJlZGl0cyI6eyJyZXNpemUiOnsid2lkdGgiOjQwMH0sIndlYnAiOnsicXVhbGl0eSI6NTB9fX0=,/sneakers/nike/nike-v2k-run-wolf-grey-navy-hj4497-002-ka/114620?from=search
New Balance 57/40 Grey White Black,1000000,https://d5ibtax54de3q.cloudfront.net/eyJidWNrZXQiOiJraWNrYXZlbnVlLWFzc2V0cyIsImtleSI6InByb2R1Y3RzLzk0ODk1L2RhZjA2YTYzY2NkYjBjMjU3YTc1OWE3Njg3YmM0ZDVlLnBuZyIsImVkaXRzIjp7InJlc2l6ZSI6eyJ3aWR0aCI6NDAwfSwid2VicCI6eyJxdWFsaXR5Ijo1MH19fQ==,/sneakers/new-balance/new-balance-5740-grey-white-black-m5740rg-ka/94895?from=search
ASICS Gel Contend 4 Grey Black,1040000,https://d5ibtax54de3q.cloudfront.net/eyJidWNrZXQiOiJraWNrYXZlbnVlLWFzc2V0cyIsImtleSI6InByb2R1Y3RzLzEwMDA5MS9hNzVhYTFjODNmMGEwN2UwYTUxMzVmM2VjMWYwZTM2OS5wbmciLCJlZGl0cyI6eyJyZXNpemUiOnsid2lkdGgiOjQwMH0sIndlYnAiOnsicXVhbGl0eSI6NTB9fX0=,/sneakers/asics/asics-gel-contend-4-grey-black-t8d4q-030-ka-2/100091?from=search
New Balance 2002R Castlerock Black,2010000,https://d5ibtax54de3q.cloudfront.net/eyJidWNrZXQiOiJraWNrYXZlbnVlLWFzc2V0cyIsImtleSI6InByb2R1Y3RzLzk0NTI2Lzc5NDY4YTI0ZjA5Y2NkZGVlYzhiYmRmMmUxOTQzMThmLnBuZyIsImVkaXRzIjp7InJlc2l6ZSI6eyJ3aWR0aCI6NDAwfSwid2VicCI6eyJxdWFsaXR5Ijo1MH19fQ==,/sneakers/new-balance/jordan-granville-pro-sp-dark-chocolate-m2002reh-ka/94526?from=search
ASICS Gel Sonoma 15-50 Black Orange,1480000,https://d5ibtax54de3q.cloudfront.net/eyJidWNrZXQiOiJraWNrYXZlbnVlLWFzc2V0cyIsImtleSI6InByb2R1Y3RzLzEwMDk4My9mMmE2MzlhN2U0NzA4Mzc1YWFkN2M3ZTczYzRiNzJiNy5wbmciLCJlZGl0cyI6eyJyZXNpemUiOnsid2lkdGgiOjQwMH0sIndlYnAiOnsicXVhbGl0eSI6NTB9fX0=,/sneakers/asics/asics-gel-sonoma-15-50-black-orange-1201a438-005-ka-2/100983?from=search
New Balance 991v1 MiUK Urban Winter,2540000,https://d5ibtax54de3q.cloudfront.net/eyJidWNrZXQiOiJraWNrYXZlbnVlLWFzc2V0cyIsImtleSI6InByb2R1Y3RzLzc3MjA0L2RjNmU2Zjc1MGJhMDI0ODRlNmE4YWQ1MTZmMjUwNzFmLnBuZyIsImVkaXRzIjp7InJlc2l6ZSI6eyJ3aWR0aCI6NDAwfSwid2VicCI6eyJxdWFsaXR5Ijo1MH19fQ==,/sneakers/new-balance/new-balance-991v1-miuk-urban-winter-m991win-ka/77204?from=search
Adidas Samba Leather Black White,1650000,https://d5ibtax54de3q.cloudfront.net/eyJidWNrZXQiOiJraWNrYXZlbnVlLWFzc2V0cyIsImtleSI6InByb2R1Y3RzLzQyNTk1LzcwYWVkOGMxZTVmNjZhYzFhM2IxMDQ3YzFlYzhhMjY0LmpwZWciLCJlZGl0cyI6eyJyZXNpemUiOnsid2lkdGgiOjQwMH0sIndlYnAiOnsicXVhbGl0eSI6NTB9fX0=,/sneakers/adidas/adidas-samba-leather-black-white-0190000-ka/42595?from=search
Vans Old Skool Patchwork Camo,620000,https://d5ibtax54de3q.cloudfront.net/eyJidWNrZXQiOiJraWNrYXZlbnVlLWFzc2V0cyIsImtleSI6InByb2R1Y3RzLzYzMjAwLzI0NmQ2YzdmOTYxMWNkOWMyNGFiNjg4NWViNzc3MWJmLmpwZWciLCJlZGl0cyI6eyJyZXNpemUiOnsid2lkdGgiOjQwMH0sIndlYnAiOnsicXVhbGl0eSI6NTB9fX0=,/sneakers/vans/vans-old-skool-patchwork-camo-vn0000skcma-ka/63200?from=search
Adidas Campus 00's Brown Black,2000000,https://d5ibtax54de3q.cloudfront.net/eyJidWNrZXQiOiJraWNrYXZlbnVlLWFzc2V0cyIsImtleSI6InByb2R1Y3RzLzc0MjQ4L2VlNGRmMmIwZThiYTk1NDM5ZjVjNWVjMjU2NmJiNTk3LnBuZyIsImVkaXRzIjp7InJlc2l6ZSI6eyJ3aWR0aCI6NDAwfSwid2VicCI6eyJxdWFsaXR5Ijo1MH19fQ==,/sneakers/adidas/adidas-campus-00s-brown-black-ig1722-ka/74248?from=search
Air Jordan CP3.XII PF Unfinished Business,4380000,https://d5ibtax54de3q.cloudfront.net/eyJidWNrZXQiOiJraWNrYXZlbnVlLWFzc2V0cyIsImtleSI6InByb2R1Y3RzLzkzNjIwL2Y3YWE5NDRlMjQ2YjY1Zjk2Y2ZlMWNkYmFlZjA4NGQ0LnBuZyIsImVkaXRzIjp7InJlc2l6ZSI6eyJ3aWR0aCI6NDAwfSwid2VicCI6eyJxdWFsaXR5Ijo1MH19fQ==,/sneakers/air-jordan/air-jordan-cp3xii-pf-unfinished-business-cj4275-006-ka/93620?from=search
Nike Air Max Tailwind 4 Geyser Grey,1460000,https://d5ibtax54de3q.cloudfront.net/eyJidWNrZXQiOiJraWNrYXZlbnVlLWFzc2V0cyIsImtleSI6InByb2R1Y3RzLzgxNjY5L2ZjOWIyN2NlYTMyNzc2ZGE3OTI4MWRiNjVlYjg4NzFmLnBuZyIsImVkaXRzIjp7InJlc2l6ZSI6eyJ3aWR0aCI6NDAwfSwid2VicCI6eyJxdWFsaXR5Ijo1MH19fQ==,/sneakers/nike/nike-air-max-tailwind-4-geyser-grey-bv1357-003-ka/81669?from=search
Hoka One One Anacapa 2 Mid GORE-TEX Triple Black,2720000,https://d5ibtax54de3q.cloudfront.net/eyJidWNrZXQiOiJraWNrYXZlbnVlLWFzc2V0cyIsImtleSI6InByb2R1Y3RzLzk3NjE4L2JjNmM2Yzg4MzgyYTJjMmQzNGZmNWNlNzljN2FiZmQzLnBuZyIsImVkaXRzIjp7InJlc2l6ZSI6eyJ3aWR0aCI6NDAwfSwid2VicCI6eyJxdWFsaXR5Ijo1MH19fQ==,/sneakers/hoka/hoka-one-one-anacapa-2-mid-gore-tex-triple-black-1141633-bblc-ka-2/97618?from=search
Vans Old Skool Overt ComfyCush Black White,980000,https://d5ibtax54de3q.cloudfront.net/eyJidWNrZXQiOiJraWNrYXZlbnVlLWFzc2V0cyIsImtleSI6InByb2R1Y3RzLzk1MzIzLzA0OWE2ZWY1ZmViMzhiNWE0ZThmYWI2NGNjMjFjZWM3LnBuZyIsImVkaXRzIjp7InJlc2l6ZSI6eyJ3aWR0aCI6NDAwfSwid2VicCI6eyJxdWFsaXR5Ijo1MH19fQ==,/sneakers/vans/vans-old-skool-overt-comfycush-black-white-vn0a7q5eba2-ka/95323?from=search
Puma Speedcat Shield SD Ultra Blue Black,3860000,https://d5ibtax54de3q.cloudfront.net/eyJidWNrZXQiOiJraWNrYXZlbnVlLWFzc2V0cyIsImtleSI6InByb2R1Y3RzLzExMDI1My82NjgwNjUwZWViYTkzNzI2ZGZmNTc5MGI2ZjdlNTQxYy5wbmciLCJlZGl0cyI6eyJyZXNpemUiOnsid2lkdGgiOjQwMH0sIndlYnAiOnsicXVhbGl0eSI6NTB9fX0=,/sneakers/puma/puma-speedcat-shield-sd-ultra-blue-black-387272-06-ka/110253?from=search
Adidas Samba OG Core Black Reflective,2650000,https://d5ibtax54de3q.cloudfront.net/eyJidWNrZXQiOiJraWNrYXZlbnVlLWFzc2V0cyIsImtleSI6InByb2R1Y3RzLzExNTAzNy9kYjBhNDRjZWQwMmZkOWZlYWU4YTYwOGYxNDI1Y2MwZS5wbmciLCJlZGl0cyI6eyJyZXNpemUiOnsid2lkdGgiOjQwMH0sIndlYnAiOnsicXVhbGl0eSI6NTB9fX0=,/sneakers/adidas/adidas-samba-og-core-black-reflective-ie9133-ka/115037?from=search
Nike Air Max 97 Cow Print (Women's),1170000,https://d5ibtax54de3q.cloudfront.net/eyJidWNrZXQiOiJraWNrYXZlbnVlLWFzc2V0cyIsImtleSI6InByb2R1Y3RzLzgwOTM2L2MwZmYwMjQxOTUyOTM5YWM3ZmU5YWE2ODMxZTI3ZmVlLnBuZyIsImVkaXRzIjp7InJlc2l6ZSI6eyJ3aWR0aCI6NDAwfSwid2VicCI6eyJxdWFsaXR5Ijo1MH19fQ==,/sneakers/nike/nike-air-max-97-cow-print-womens-fn7173-133-ka/80936?from=search
Nike Dunk Low Summit White Photo Blue,1100000,https://d5ibtax54de3q.cloudfront.net/eyJidWNrZXQiOiJraWNrYXZlbnVlLWFzc2V0cyIsImtleSI6InByb2R1Y3RzLzk2Mjc2LzE1MjBjYzA3ZmE1YzQyYTM1N2U0ZTVlYTlmNjQ2OTQ1LnBuZyIsImVkaXRzIjp7InJlc2l6ZSI6eyJ3aWR0aCI6NDAwfSwid2VicCI6eyJxdWFsaXR5Ijo1MH19fQ==,/sneakers/nike/nike-dunk-low-summit-white-photo-blue-dv0831-108-ka/96276?from=search
Nike Air Max SYSTM Wolf Grey Aqua Blue,890000,https://d5ibtax54de3q.cloudfront.net/eyJidWNrZXQiOiJraWNrYXZlbnVlLWFzc2V0cyIsImtleSI6InByb2R1Y3RzLzgxNjU2LzAxMThhZDBkOWJlZDBjYTlhOGQ4MGFmZTgxNDFjZWVlLnBuZyIsImVkaXRzIjp7InJlc2l6ZSI6eyJ3aWR0aCI6NDAwfSwid2VicCI6eyJxdWFsaXR5Ijo1MH19fQ==,/sneakers/nike/nike-air-max-systm-wolf-grey-aqua-blue-dm9537-006-ka-2/81656?from=search
Hoka One One Clifton 9 White,2190000,https://d5ibtax54de3q.cloudfront.net/eyJidWNrZXQiOiJraWNrYXZlbnVlLWFzc2V0cyIsImtleSI6InByb2R1Y3RzLzk3NzQ4LzIwYmQ0ZTA5MDZhYjViYjZkYmE4YzYxNjY3NWIwNjAyLnBuZyIsImVkaXRzIjp7InJlc2l6ZSI6eyJ3aWR0aCI6NDAwfSwid2VicCI6eyJxdWFsaXR5Ijo1MH19fQ==,/sneakers/hoka/hoka-one-one-clifton-9-white-1127895-wwh-ka/97748?from=search
Nike Air Max TW 1 Black White,1060000,https://d5ibtax54de3q.cloudfront.net/eyJidWNrZXQiOiJraWNrYXZlbnVlLWFzc2V0cyIsImtleSI6InByb2R1Y3RzLzgxNzIxLzk0YWEyMDcyYTRjY2M3MThkZTczMmNmZWY4MTYwNjlmLnBuZyIsImVkaXRzIjp7InJlc2l6ZSI6eyJ3aWR0aCI6NDAwfSwid2VicCI6eyJxdWFsaXR5Ijo1MH19fQ==,/sneakers/nike/nike-air-max-tw-1-black-white-dq3984-001-ka/81721?from=search
Nike Air Zoom Pegasus 39 Black Green Safety Orange,1330000,https://d5ibtax54de3q.cloudfront.net/eyJidWNrZXQiOiJraWNrYXZlbnVlLWFzc2V0cyIsImtleSI6InByb2R1Y3RzLzkwNjE4LzE5MzFjNTA2Y2U4NDQ1NDUzYTMxMTdkYWIzZmJhMzc3LnBuZyIsImVkaXRzIjp7InJlc2l6ZSI6eyJ3aWR0aCI6NDAwfSwid2VicCI6eyJxdWFsaXR5Ijo1MH19fQ==,/sneakers/nike/nike-air-zoom-pegasus-39-black-green-safety-orange-dx6039-071-ka/90618?from=search
Nike Air Max Dawn Orange Wolf Grey,1130000,https://d5ibtax54de3q.cloudfront.net/eyJidWNrZXQiOiJraWNrYXZlbnVlLWFzc2V0cyIsImtleSI6InByb2R1Y3RzLzgxMzk0LzcyYmQ5NTBkMTc5ZmFjN2EzZjY3YjRlMmI1NzI1ZTE4LnBuZyIsImVkaXRzIjp7InJlc2l6ZSI6eyJ3aWR0aCI6NDAwfSwid2VicCI6eyJxdWFsaXR5Ijo1MH19fQ==,/sneakers/nike/nike-air-max-dawn-orange-wolf-grey-dq3991-002-ka-2/81394?from=search
Vans Sk8-Hi Shroom Doom Black Multicolor,850000,https://d5ibtax54de3q.cloudfront.net/eyJidWNrZXQiOiJraWNrYXZlbnVlLWFzc2V0cyIsImtleSI6InByb2R1Y3RzLzc1NTcyLzg5Mzg5YTA3NzhjNDdkNzE2YzE0ZDg4Nzk4ZTY3N2Q2LnBuZyIsImVkaXRzIjp7InJlc2l6ZSI6eyJ3aWR0aCI6NDAwfSwid2VicCI6eyJxdWFsaXR5Ijo1MH19fQ==,/sneakers/vans/vans-sk8-hi-shroom-doom-black-multicolor-vn0a5fccapi-ka/75572?from=search
Hoka One One Kaha 2 GORE-TEX 'Triple Black',3880000,https://d5ibtax54de3q.cloudfront.net/eyJidWNrZXQiOiJraWNrYXZlbnVlLWFzc2V0cyIsImtleSI6InByb2R1Y3RzLzk3NDA1L2YxOWY1OWQ1YzBjZWVlZTExZDk4Y2VlY2RlNTQyOWI1LnBuZyIsImVkaXRzIjp7InJlc2l6ZSI6eyJ3aWR0aCI6NDAwfSwid2VicCI6eyJxdWFsaXR5Ijo1MH19fQ==,/sneakers/hoka/hoka-one-one-kaha-2-gore-tex-triple-black-1123156-bblc-ka/97405?from=search
Air Jordan Low SE Black Elephant,2330000,https://d5ibtax54de3q.cloudfront.net/eyJidWNrZXQiOiJraWNrYXZlbnVlLWFzc2V0cyIsImtleSI6InByb2R1Y3RzLzc0OTA3L2ZjN2EzNDA4NjIyZjc3ODIzZWFkNzQ3MTY4N2EzOGM5LnBuZyIsImVkaXRzIjp7InJlc2l6ZSI6eyJ3aWR0aCI6NDAwfSwid2VicCI6eyJxdWFsaXR5Ijo1MH19fQ==,/sneakers/air-jordan/air-jordan-low-se-black-elephant-fb9907-001-ka/74907?from=search
Converse Chuck Taylor 70s Letter C Hi Moonlight Grey,960000,https://d5ibtax54de3q.cloudfront.net/eyJidWNrZXQiOiJraWNrYXZlbnVlLWFzc2V0cyIsImtleSI6InByb2R1Y3RzLzEwNzI4NC9jNjEwNzFmMzAyNjI0ZTRlYTlkZGI2YWJjN2EwZWY5Yi5wbmciLCJlZGl0cyI6eyJyZXNpemUiOnsid2lkdGgiOjQwMH0sIndlYnAiOnsicXVhbGl0eSI6NTB9fX0=,/sneakers/converse/converse-chuck-taylor-70s-letter-c-hi-moonlight-grey-a07981c-ka/107284?from=search
Hoka One One Tor Ultra Hi Gore Tex Black Castlerock,5300000,https://d5ibtax54de3q.cloudfront.net/eyJidWNrZXQiOiJraWNrYXZlbnVlLWFzc2V0cyIsImtleSI6InByb2R1Y3RzLzk3OTk4LzgwNmRjN2M2OGQ2NmU2OTdmOThmNzk0NTZiNDA2OGIwLnBuZyIsImVkaXRzIjp7InJlc2l6ZSI6eyJ3aWR0aCI6NDAwfSwid2VicCI6eyJxdWFsaXR5Ijo1MH19fQ==,/sneakers/hoka/hoka-one-one-tor-ultra-hi-gore-tex-black-castlerock-1129958-bcstl-ka-2/97998?from=search
Nike Ja 1 Midnight Navy,1420000,https://d5ibtax54de3q.cloudfront.net/eyJidWNrZXQiOiJraWNrYXZlbnVlLWFzc2V0cyIsImtleSI6InByb2R1Y3RzLzEwMzcxNi80YmM5M2E1Y2EwYWRmOTE5MzkzMWFmYjQ3NGQyZWYxMC5wbmciLCJlZGl0cyI6eyJyZXNpemUiOnsid2lkdGgiOjQwMH0sIndlYnAiOnsicXVhbGl0eSI6NTB9fX0=,/sneakers/nike/nike-ja-1-midnight-navy-dr8786-402-ka/103716?from=search
Nike Air Max Dn Black Hyper Cobalt,2100000,https://d5ibtax54de3q.cloudfront.net/eyJidWNrZXQiOiJraWNrYXZlbnVlLWFzc2V0cyIsImtleSI6InByb2R1Y3RzLzExMzYxMC83NjcxMWE2YTA3NjVlNGY1ZDBmMGNkNDg2ZWMxMmE1MS5wbmciLCJlZGl0cyI6eyJyZXNpemUiOnsid2lkdGgiOjQwMH0sIndlYnAiOnsicXVhbGl0eSI6NTB9fX0=,/sneakers/nike/nike-air-max-dn-black-hyper-cobalt-dv3337-010-ka/113610?from=search
Adidas Samba OG Cloud White Gum,1260000,https://d5ibtax54de3q.cloudfront.net/eyJidWNrZXQiOiJraWNrYXZlbnVlLWFzc2V0cyIsImtleSI6InByb2R1Y3RzLzk2MjExLzAzNTMyODI0YjFkNmJlMzUwNWRhMjAzNDY1YzdlNjMwLnBuZyIsImVkaXRzIjp7InJlc2l6ZSI6eyJ3aWR0aCI6NDAwfSwid2VicCI6eyJxdWFsaXR5Ijo1MH19fQ==,/sneakers/adidas/adidas-samba-og-cloud-white-gum-ie3439-ka/96211?from=search
adidas Gazelle Indoor Beam Orange,1220000,https://d5ibtax54de3q.cloudfront.net/eyJidWNrZXQiOiJraWNrYXZlbnVlLWFzc2V0cyIsImtleSI6InByb2R1Y3RzLzExMDU2MC84ZTljZGIzNDE0MTY0MGQ5ZTRhYzlhYjE4MjRlMjRiNC5wbmciLCJlZGl0cyI6eyJyZXNpemUiOnsid2lkdGgiOjQwMH0sIndlYnAiOnsicXVhbGl0eSI6NTB9fX0=,/sneakers/adidas/adidas-gazelle-indoor-beam-orange-hq9016-ka/110560?from=search
Puma Diamond Supply Co. x Suede Black Diamon Blue,2790000,https://d5ibtax54de3q.cloudfront.net/eyJidWNrZXQiOiJraWNrYXZlbnVlLWFzc2V0cyIsImtleSI6InByb2R1Y3RzLzgyMDkvMzAxNDIxODYtYWQ0ZC00OTZiLWJmMjItZTRiZDdiYWFjOThhLnBuZyIsImVkaXRzIjp7InJlc2l6ZSI6eyJ3aWR0aCI6NDAwfSwid2VicCI6eyJxdWFsaXR5Ijo1MH19fQ==,/sneakers/puma/puma-diamond-supply-co-x-suede-black-diamon-blue-365650-01-ka/8209?from=search
Nike Flight Legacy White Game Royal,800000,https://d5ibtax54de3q.cloudfront.net/eyJidWNrZXQiOiJraWNrYXZlbnVlLWFzc2V0cyIsImtleSI6InByb2R1Y3RzLzYzNjg2L2M1MTkzZTBjYjczZDQyNjRiNTNiYzliMmI2NzAwYWFlLmpwZWciLCJlZGl0cyI6eyJyZXNpemUiOnsid2lkdGgiOjQwMH0sIndlYnAiOnsicXVhbGl0eSI6NTB9fX0=,/sneakers/nike/nike-flight-legacy-white-game-royal-bq4212-103-ka/63686?from=search
Vans Slip-On 138 Sidestripe Red Checkerboard,760000,https://d5ibtax54de3q.cloudfront.net/eyJidWNrZXQiOiJraWNrYXZlbnVlLWFzc2V0cyIsImtleSI6InByb2R1Y3RzLzY0MDQ3LzUzMTM3M2JmZTZkNjcyY2UxOWM4OTcxMTRmYzcyNzhhLmpwZWciLCJlZGl0cyI6eyJyZXNpemUiOnsid2lkdGgiOjQwMH0sIndlYnAiOnsicXVhbGl0eSI6NTB9fX0=,/sneakers/vans/vans-slip-on-138-sidestripe-red-checkerboard-vn000bw39y1-ka/64047?from=search
Nike Rhyodomo Gore-Tex 'Black Anthracite',2050000,https://d5ibtax54de3q.cloudfront.net/eyJidWNrZXQiOiJraWNrYXZlbnVlLWFzc2V0cyIsImtleSI6InByb2R1Y3RzLzg1NDI0LzVhOTgzZTYwYzM2YzNkODY1MDU2NzdhNWUzZDEzYjA0LnBuZyIsImVkaXRzIjp7InJlc2l6ZSI6eyJ3aWR0aCI6NDAwfSwid2VicCI6eyJxdWFsaXR5Ijo1MH19fQ==,/sneakers/nike/nike-rhyodomo-gore-tex-black-anthracite-cq0186-001-ka/85424?from=search
Nike Air Max TL 2.5 Phantom Total Orange,4500000,https://d5ibtax54de3q.cloudfront.net/eyJidWNrZXQiOiJraWNrYXZlbnVlLWFzc2V0cyIsImtleSI6InByb2R1Y3RzLzExNTc0MS9mNWYyODQ0OGFiMjc2MzAyYmJhNTMxZDE4NGJhMWNjZC5wbmciLCJlZGl0cyI6eyJyZXNpemUiOnsid2lkdGgiOjQwMH0sIndlYnAiOnsicXVhbGl0eSI6NTB9fX0=,/sneakers/nike/nike-air-max-tl-25-phantom-total-orange-fz4110-001-ka/115741?from=search
Adidas Gazelle Violet Tone (Women's),1240000,https://d5ibtax54de3q.cloudfront.net/eyJidWNrZXQiOiJraWNrYXZlbnVlLWFzc2V0cyIsImtleSI6InByb2R1Y3RzLzExMDY2OC9mOGQyMjI5YWM2MTY5Njg5YTU3ODQzMWJhZTU1OGQ1My5wbmciLCJlZGl0cyI6eyJyZXNpemUiOnsid2lkdGgiOjQwMH0sIndlYnAiOnsicXVhbGl0eSI6NTB9fX0=,/sneakers/adidas/adidas-gazelle-violet-tone-w-ie0444-ka/110668?from=search
Air Jordan 1 Mid White Dune Red,1450000,https://d5ibtax54de3q.cloudfront.net/eyJidWNrZXQiOiJraWNrYXZlbnVlLWFzc2V0cyIsImtleSI6InByb2R1Y3RzLzk1MjU4L2ZhMDg1MTA5NjUyNDY3NGIwODhlYzQyNDgzNmI2ZTUyLnBuZyIsImVkaXRzIjp7InJlc2l6ZSI6eyJ3aWR0aCI6NDAwfSwid2VicCI6eyJxdWFsaXR5Ijo1MH19fQ==,/sneakers/air-jordan/air-jordan-1-mid-white-dune-red-fj3458-160-ka/95258?from=search
Nike Blazer Mid 77 Jumbo Black Bright Crimson,1160000,https://d5ibtax54de3q.cloudfront.net/eyJidWNrZXQiOiJraWNrYXZlbnVlLWFzc2V0cyIsImtleSI6InByb2R1Y3RzLzc2MTg3LzBjYWEyMjQ3MjM0ZmE0ZjY5OTQxNmRhNjM4MjA2MTFiLnBuZyIsImVkaXRzIjp7InJlc2l6ZSI6eyJ3aWR0aCI6NDAwfSwid2VicCI6eyJxdWFsaXR5Ijo1MH19fQ==,/sneakers/nike/nike-blazer-mid-77-jumbo-black-bright-crimson-dd3111-001-ka/76187?from=search
Nike Quest 5 Black University Red,960000,https://d5ibtax54de3q.cloudfront.net/eyJidWNrZXQiOiJraWNrYXZlbnVlLWFzc2V0cyIsImtleSI6InByb2R1Y3RzLzg1MTM4LzJiZDZhMTI5YmM0ODkxM2RiNWEwYmJlNjg4YmU0MTNlLnBuZyIsImVkaXRzIjp7InJlc2l6ZSI6eyJ3aWR0aCI6NDAwfSwid2VicCI6eyJxdWFsaXR5Ijo1MH19fQ==,/sneakers/nike/nike-quest-5-black-university-red-dd0204-004-ka/85138?from=search
Nike Air Winflo 10 Sea Glass University Red,1120000,https://d5ibtax54de3q.cloudfront.net/eyJidWNrZXQiOiJraWNrYXZlbnVlLWFzc2V0cyIsImtleSI6InByb2R1Y3RzLzg4NTYyLzExNzk0YTY0MjE3NGVjMDk0YzlmNjE4ZTllNjBjYTI4LnBuZyIsImVkaXRzIjp7InJlc2l6ZSI6eyJ3aWR0aCI6NDAwfSwid2VicCI6eyJxdWFsaXR5Ijo1MH19fQ==,/sneakers/nike/nike-air-winflo-10-sea-glass-university-red-dv4022-006-ka-2/88562?from=search
Adidas Samba OG Silver Dawn,2060000,https://d5ibtax54de3q.cloudfront.net/eyJidWNrZXQiOiJraWNrYXZlbnVlLWFzc2V0cyIsImtleSI6InByb2R1Y3RzLzEwMzkxMC8xNWUxOWI3Yjg5ZGJhY2VlZjhkM2EzMjZjZTAxN2Y5Mi5wbmciLCJlZGl0cyI6eyJyZXNpemUiOnsid2lkdGgiOjQwMH0sIndlYnAiOnsicXVhbGl0eSI6NTB9fX0=,/sneakers/adidas/adidas-samba-og-silver-dawn-ig6176-ka/103910?from=search
Adidas Gazelle Preloved Green,1540000,https://d5ibtax54de3q.cloudfront.net/eyJidWNrZXQiOiJraWNrYXZlbnVlLWFzc2V0cyIsImtleSI6InByb2R1Y3RzLzExMDkzMy9kY2ExNjhjZTU2YTU5ZWE3ZDE5NTJjNWRiMDQ4NDM4Ni5wbmciLCJlZGl0cyI6eyJyZXNpemUiOnsid2lkdGgiOjQwMH0sIndlYnAiOnsicXVhbGl0eSI6NTB9fX0=,/sneakers/adidas/adidas-gazelle-preloved-green-ie3692-ka/110933?from=search
Adidas Adizero Adios 8 White Multicolor,1550000,https://d5ibtax54de3q.cloudfront.net/eyJidWNrZXQiOiJraWNrYXZlbnVlLWFzc2V0cyIsImtleSI6InByb2R1Y3RzLzExMzQ0MS85ODEyYTg2OTNmZmE3OGMxMDMzN2MxMTY4ZmFjZDYxOC5wbmciLCJlZGl0cyI6eyJyZXNpemUiOnsid2lkdGgiOjQwMH0sIndlYnAiOnsicXVhbGl0eSI6NTB9fX0=,/sneakers/adidas/adidas-adizero-adios-8-white-multicolor-id3630-ka/113441?from=search
ASICS EX89 Asphalt Gold Impromptu,1520000,https://d5ibtax54de3q.cloudfront.net/eyJidWNrZXQiOiJraWNrYXZlbnVlLWFzc2V0cyIsImtleSI6InByb2R1Y3RzLzY3OTQyLzIxN2JhMTZkYTliOTkwZTVkMDllMTAxMDJiZWFhMzdmLnBuZyIsImVkaXRzIjp7InJlc2l6ZSI6eyJ3aWR0aCI6NDAwfSwid2VicCI6eyJxdWFsaXR5Ijo1MH19fQ==,/sneakers/asics/asics-ex89-asphalt-gold-impromptu-1203a326-100-ka/67942?from=search
Nike SB Force 58 Vintage Green,1210000,https://d5ibtax54de3q.cloudfront.net/eyJidWNrZXQiOiJraWNrYXZlbnVlLWFzc2V0cyIsImtleSI6InByb2R1Y3RzLzEwNTgxOC82NDQ5OTM4NzlkYjNmNjBiNzMwMjFkYWNjYmNhNzJiOS5wbmciLCJlZGl0cyI6eyJyZXNpemUiOnsid2lkdGgiOjQwMH0sIndlYnAiOnsicXVhbGl0eSI6NTB9fX0=,/sneakers/nike/nike-sb-force-58-vintage-green-dv5477-301-ka/105818?from=search
Nike Air Max Waffle Racer SP Action Green Altitude Green,3010000,https://d5ibtax54de3q.cloudfront.net/eyJidWNrZXQiOiJraWNrYXZlbnVlLWFzc2V0cyIsImtleSI6InByb2R1Y3RzLzExNTczMC83NjVkNjdiNGU1M2FiZmNjNGQxZjRjMjQxMDBmNTI0ZC5wbmciLCJlZGl0cyI6eyJyZXNpemUiOnsid2lkdGgiOjQwMH0sIndlYnAiOnsicXVhbGl0eSI6NTB9fX0=,/sneakers/nike/nike-air-max-waffle-racer-sp-action-green-altitude-green-fv6946-301-ka/115730?from=search
Air Jordan 37 Premium PF Rattan,1600000,https://d5ibtax54de3q.cloudfront.net/eyJidWNrZXQiOiJraWNrYXZlbnVlLWFzc2V0cyIsImtleSI6InByb2R1Y3RzLzkzMzY4LzQzNDhiNGU0YjE4NzAxOTkzYjY1ODdmMjBjNWNiNjdmLnBuZyIsImVkaXRzIjp7InJlc2l6ZSI6eyJ3aWR0aCI6NDAwfSwid2VicCI6eyJxdWFsaXR5Ijo1MH19fQ==,/sneakers/nike/jordan-air-jordan-37-premium-pf-rattan-fd6720-200-ka/93368?from=search
Nike Air Max Ishod Wair SB White Orange,1320000,https://d5ibtax54de3q.cloudfront.net/eyJidWNrZXQiOiJraWNrYXZlbnVlLWFzc2V0cyIsImtleSI6InByb2R1Y3RzLzgxNTE4LzU4MzhkYWEyNzlkNjZlNGRmOTU3NmUyN2E2ODY1NjdiLnBuZyIsImVkaXRzIjp7InJlc2l6ZSI6eyJ3aWR0aCI6NDAwfSwid2VicCI6eyJxdWFsaXR5Ijo1MH19fQ==,/sneakers/nike/nike-air-max-ishod-wair-sb-white-orange-fb2393-103-ka-2/81518?from=search
Air Jordan 7 Retro Cardinal (2022),2270000,https://d5ibtax54de3q.cloudfront.net/eyJidWNrZXQiOiJraWNrYXZlbnVlLWFzc2V0cyIsImtleSI6InByb2R1Y3RzLzkyNzEzL2FlODFlODg0MjMzMzNkNDIxM2MxMDkxOWJhYjk1MmMwLnBuZyIsImVkaXRzIjp7InJlc2l6ZSI6eyJ3aWR0aCI6NDAwfSwid2VicCI6eyJxdWFsaXR5Ijo1MH19fQ==,/sneakers/air-jordan/air-jordan-7-retro-cardinal-2022-cu9307-106-ka/92713?from=search
Crep Protect Pills,100000,https://d5ibtax54de3q.cloudfront.net/eyJidWNrZXQiOiJraWNrYXZlbnVlLWFzc2V0cyIsImtleSI6InByb2R1Y3RzLzcyMDAvNmJjZWJkMzMtYjM0ZC00OTA0LWIyNWEtNjAxNzUwMTllYjJjLnBuZyIsImVkaXRzIjp7InJlc2l6ZSI6eyJ3aWR0aCI6NDAwfSwid2VicCI6eyJxdWFsaXR5Ijo1MH19fQ==,/sneakers/crep-protect/crep-protect-pills-crepprotect04-ka/7200?from=search
Nike Air Max Dawn,1070000,https://d5ibtax54de3q.cloudfront.net/eyJidWNrZXQiOiJraWNrYXZlbnVlLWFzc2V0cyIsImtleSI6InByb2R1Y3RzLzY5OTYwLzkyMzM4YWJhOWI1MWJjM2UzNzAzNjU0M2UwZDhiNzI2LnBuZyIsImVkaXRzIjp7InJlc2l6ZSI6eyJ3aWR0aCI6NDAwfSwid2VicCI6eyJxdWFsaXR5Ijo1MH19fQ==,/sneakers/nike/nike-air-max-dawn-dq3991-004-ka/69960?from=search
Nike Air Max 95 Black Elemental Gold,2450000,https://d5ibtax54de3q.cloudfront.net/eyJidWNrZXQiOiJraWNrYXZlbnVlLWFzc2V0cyIsImtleSI6InByb2R1Y3RzLzgwODIxLzMwMTcyN2YyN2M3NjQ0YjUzZGMwY2M3MzZkYzFmZmRhLnBuZyIsImVkaXRzIjp7InJlc2l6ZSI6eyJ3aWR0aCI6NDAwfSwid2VicCI6eyJxdWFsaXR5Ijo1MH19fQ==,/sneakers/nike/nike-air-max-95-black-elemental-gold-dm0011-004-ka/80821?from=search
Air Jordan CP3.XII PF Dr.Jekyll and Mr.Hyde,3460000,https://d5ibtax54de3q.cloudfront.net/eyJidWNrZXQiOiJraWNrYXZlbnVlLWFzc2V0cyIsImtleSI6InByb2R1Y3RzLzkzNjE5L2MyNGU4NjM2ZDFkMTBiYzUyYzM1Y2RkYzQ5YjZmZjk2LnBuZyIsImVkaXRzIjp7InJlc2l6ZSI6eyJ3aWR0aCI6NDAwfSwid2VicCI6eyJxdWFsaXR5Ijo1MH19fQ==,/sneakers/air-jordan/air-jordan-cp3xii-pf-drjekyll-and-mrhyde-cj4275-007-ka/93619?from=search
Nike React Type N.354 Gore Tex Cream,4830000,https://d5ibtax54de3q.cloudfront.net/eyJidWNrZXQiOiJraWNrYXZlbnVlLWFzc2V0cyIsImtleSI6InByb2R1Y3RzLzg1MzA1LzViODJjY2ZjODUyMTNiZDU3Yjk4ZDM5MzNkYzNiYmRhLnBuZyIsImVkaXRzIjp7InJlc2l6ZSI6eyJ3aWR0aCI6NDAwfSwid2VicCI6eyJxdWFsaXR5Ijo1MH19fQ==,/sneakers/nike/nike-react-type-n354-gore-tex-cream-bq4737-002-ka/85305?from=search
Puma Suede Haribo Poppy Red,2530000,https://d5ibtax54de3q.cloudfront.net/eyJidWNrZXQiOiJraWNrYXZlbnVlLWFzc2V0cyIsImtleSI6InByb2R1Y3RzLzk1MjY5LzkwOTE1NWI4MmNkMGU0ZGMyNjdkMDI5YjZiMWRmOGQyLnBuZyIsImVkaXRzIjp7InJlc2l6ZSI6eyJ3aWR0aCI6NDAwfSwid2VicCI6eyJxdWFsaXR5Ijo1MH19fQ==,/sneakers/puma/puma-suede-haribo-poppy-red-382563-01-ka/95269?from=search
Nike Giannis Immortality 3EP Photo Blue,450000,https://d5ibtax54de3q.cloudfront.net/eyJidWNrZXQiOiJraWNrYXZlbnVlLWFzc2V0cyIsImtleSI6InByb2R1Y3RzLzExMTIxMi8yYmM3YmM4NGNmZDQ2ZDNhZDhmMDdmZTU5Y2FjZmRhNC5wbmciLCJlZGl0cyI6eyJyZXNpemUiOnsid2lkdGgiOjQwMH0sIndlYnAiOnsicXVhbGl0eSI6NTB9fX0=,/sneakers/nike/nike-giannis-immortality-3ep-photo-blue-dz7534-400-ka/111212?from=search
Nike Air Max 90 Black Grey Fire Red,2050000,https://d5ibtax54de3q.cloudfront.net/eyJidWNrZXQiOiJraWNrYXZlbnVlLWFzc2V0cyIsImtleSI6InByb2R1Y3RzLzExNDk2MC8xZjNhMWUyODM5NTU4ZDRkMmEwNDIwZWU2N2VhMDkxOS5wbmciLCJlZGl0cyI6eyJyZXNpemUiOnsid2lkdGgiOjQwMH0sIndlYnAiOnsicXVhbGl0eSI6NTB9fX0=,/sneakers/nike/nike-air-max-90-black-grey-fire-red-dm0029-007-ka/114960?from=search
ASICS Gel-NYC Brown Storm Tan Presidio,2760000,https://d5ibtax54de3q.cloudfront.net/eyJidWNrZXQiOiJraWNrYXZlbnVlLWFzc2V0cyIsImtleSI6InByb2R1Y3RzLzExNTUyNS8wMWQ0ZTcyYzZkMjRkYzBkNGM2NzA4ZTkyZTgxY2I5OS5wbmciLCJlZGl0cyI6eyJyZXNpemUiOnsid2lkdGgiOjQwMH0sIndlYnAiOnsicXVhbGl0eSI6NTB9fX0=,/sneakers/asics/asics-gel-nyc-brown-storm-tan-presidio-1203a477-200-ka/115525?from=search
Nike Air Max Tailwind 4 Black Ripstop,1050000,https://d5ibtax54de3q.cloudfront.net/eyJidWNrZXQiOiJraWNrYXZlbnVlLWFzc2V0cyIsImtleSI6InByb2R1Y3RzLzgxNjYzL2RhOTBlZDc4YmE5OTAwMDI1ZGRiZTc5ZTE0ZjIxMWRlLnBuZyIsImVkaXRzIjp7InJlc2l6ZSI6eyJ3aWR0aCI6NDAwfSwid2VicCI6eyJxdWFsaXR5Ijo1MH19fQ==,/sneakers/nike/nike-air-max-tailwind-4-black-ripstop-bv1357-002-ka/81663?from=search
Nike Mercurial Superfly 5 SE CR7 Cristiano Ronaldo Melhor,12070000,https://d5ibtax54de3q.cloudfront.net/eyJidWNrZXQiOiJraWNrYXZlbnVlLWFzc2V0cyIsImtleSI6InByb2R1Y3RzLzg5NDI3L2Y2MjYwNWNkZGExOGJjMmE5MzQ5YzlkOGU3ZWU0ZjM2LnBuZyIsImVkaXRzIjp7InJlc2l6ZSI6eyJ3aWR0aCI6NDAwfSwid2VicCI6eyJxdWFsaXR5Ijo1MH19fQ==,/sneakers/nike/nike-mercurial-superfly-5-se-cr7-cristiano-ronaldo-melhor-903248-400-ka/89427?from=search
On Running Cloud X 3 Ivory Flame,2650000,https://d5ibtax54de3q.cloudfront.net/eyJidWNrZXQiOiJraWNrYXZlbnVlLWFzc2V0cyIsImtleSI6InByb2R1Y3RzLzk2OTE4LzMxNWMxYWFmMzUxZDVjNTQ5YWYxYjc0MDJmMmY4MTZmLnBuZyIsImVkaXRzIjp7InJlc2l6ZSI6eyJ3aWR0aCI6NDAwfSwid2VicCI6eyJxdWFsaXR5Ijo1MH19fQ==,/sneakers/on-running/on-running-cloud-x-3-ivory-flame-6098699-ka/96918?from=search
Air Jordan Luka 2 PF Lake Bled,1220000,https://d5ibtax54de3q.cloudfront.net/eyJidWNrZXQiOiJraWNrYXZlbnVlLWFzc2V0cyIsImtleSI6InByb2R1Y3RzLzkzNzQ2L2M0NWM2Yzk2MzI1YjNjMTdkMTVjYTdhNmJjMWM4YWMzLnBuZyIsImVkaXRzIjp7InJlc2l6ZSI6eyJ3aWR0aCI6NDAwfSwid2VicCI6eyJxdWFsaXR5Ijo1MH19fQ==,/sneakers/air-jordan/air-jordan-luka-2-pf-lake-bled-dx9034-400-ka/93746?from=search
Adidas Campus 00s Wonder White,1730000,https://d5ibtax54de3q.cloudfront.net/eyJidWNrZXQiOiJraWNrYXZlbnVlLWFzc2V0cyIsImtleSI6InByb2R1Y3RzLzEwOTczNy9lOGQ1ZjFjZWQxYzNjZThhY2U2ZWE5NWM1OGY4MGU2ZC5wbmciLCJlZGl0cyI6eyJyZXNpemUiOnsid2lkdGgiOjQwMH0sIndlYnAiOnsicXVhbGl0eSI6NTB9fX0=,/sneakers/adidas/adidas-campus-00s-wonder-white-ih9863-ka/109737?from=search
Nike Air Max TW Pure Platinum,1100000,https://d5ibtax54de3q.cloudfront.net/eyJidWNrZXQiOiJraWNrYXZlbnVlLWFzc2V0cyIsImtleSI6InByb2R1Y3RzLzgxNzE2LzJkNGE0N2VlMGMxNGQ3YWNlMTM0OTI3MDYwMWJmOGQxLnBuZyIsImVkaXRzIjp7InJlc2l6ZSI6eyJ3aWR0aCI6NDAwfSwid2VicCI6eyJxdWFsaXR5Ijo1MH19fQ==,/sneakers/nike/nike-air-max-tw-pure-platinum-dv7721-002-ka-2/81716?from=search
New Balance 327 Nimbus Cloud,1270000,https://d5ibtax54de3q.cloudfront.net/eyJidWNrZXQiOiJraWNrYXZlbnVlLWFzc2V0cyIsImtleSI6InByb2R1Y3RzLzk0NzE2LzljNGIwOGMwMTMwNDY4MzFmZTQyMDc2YmE4NjVkM2ZiLnBuZyIsImVkaXRzIjp7InJlc2l6ZSI6eyJ3aWR0aCI6NDAwfSwid2VicCI6eyJxdWFsaXR5Ijo1MH19fQ==,/sneakers/new-balance/jordan-jordan-lift-off-gym-red-ms327we-ka/94716?from=search
Vans Palm Angels PAXVAULT High Chili Pepper,1770000,https://d5ibtax54de3q.cloudfront.net/eyJidWNrZXQiOiJraWNrYXZlbnVlLWFzc2V0cyIsImtleSI6InByb2R1Y3RzLzU3NTYwLzA4OWEzMWNlMmNkZmQ0ZDcwOWVhOWQ5ODM0ZTkzOGU3LmpwZWciLCJlZGl0cyI6eyJyZXNpemUiOnsid2lkdGgiOjQwMH0sIndlYnAiOnsicXVhbGl0eSI6NTB9fX0=,/sneakers/vans/vans-palm-angels-paxvault-high-chili-pepper-vn0a3mv777w-ka/57560?from=search
ASICS Gel Kahana 8 Glacier Grey Grand Shark,1340000,https://d5ibtax54de3q.cloudfront.net/eyJidWNrZXQiOiJraWNrYXZlbnVlLWFzc2V0cyIsImtleSI6InByb2R1Y3RzLzEwMDI2Ni82ZjVkNzliYTZmYjVkY2MzZjJkOTk1NzAxMTRhN2UwNy5wbmciLCJlZGl0cyI6eyJyZXNpemUiOnsid2lkdGgiOjQwMH0sIndlYnAiOnsicXVhbGl0eSI6NTB9fX0=,/sneakers/asics/asics-gel-kahana-8-glacier-grey-grand-shark-1011b109-023-ka-2/100266?from=search
Vans Authentic Hockey Snake Skin,2460000,https://d5ibtax54de3q.cloudfront.net/eyJidWNrZXQiOiJraWNrYXZlbnVlLWFzc2V0cyIsImtleSI6InByb2R1Y3RzLzc1MjUxLzBiN2UxOWFlM2FlNDE4YjI2MzdhZTVlZWM5MzFmYWVkLnBuZyIsImVkaXRzIjp7InJlc2l6ZSI6eyJ3aWR0aCI6NDAwfSwid2VicCI6eyJxdWFsaXR5Ijo1MH19fQ==,/sneakers/vans/vans-authentic-hockey-snake-skin-vn000cbq7w1-ka/75251?from=search
New Balance 998 MiUSA Teddy Santis Orange Royal,2580000,https://d5ibtax54de3q.cloudfront.net/eyJidWNrZXQiOiJraWNrYXZlbnVlLWFzc2V0cyIsImtleSI6InByb2R1Y3RzLzc4NzQ0L2E0MmYwNWNkNDMxYTkwODY4YTU0MzNlNDg1YWNhNDM3LnBuZyIsImVkaXRzIjp7InJlc2l6ZSI6eyJ3aWR0aCI6NDAwfSwid2VicCI6eyJxdWFsaXR5Ijo1MH19fQ==,/sneakers/new-balance/new-balance-998-miusa-teddy-santis-orange-royal-u998ob-ka/78744?from=search
ASICS Solution Swift FF Black Misty Pine,1240000,https://d5ibtax54de3q.cloudfront.net/eyJidWNrZXQiOiJraWNrYXZlbnVlLWFzc2V0cyIsImtleSI6InByb2R1Y3RzLzEwMjI4MC8wMjM0NDViOTkwM2JhY2JjNjgxYWUyYzAzYzA1MzczOC5wbmciLCJlZGl0cyI6eyJyZXNpemUiOnsid2lkdGgiOjQwMH0sIndlYnAiOnsicXVhbGl0eSI6NTB9fX0=,/sneakers/asics/asics-solution-swift-ff-black-misty-pine-1041a298-001-ka-2/102280?from=search
Vans Skate Loafer Black,1860000,https://d5ibtax54de3q.cloudfront.net/eyJidWNrZXQiOiJraWNrYXZlbnVlLWFzc2V0cyIsImtleSI6InByb2R1Y3RzLzExNDYwOC8yMzI3YjBiODJhYWZlMjdkYjEwNzdmZDNlYzgwMTY4Mi5wbmciLCJlZGl0cyI6eyJyZXNpemUiOnsid2lkdGgiOjQwMH0sIndlYnAiOnsicXVhbGl0eSI6NTB9fX0=,/sneakers/vans/vans-skate-loafer-black-vn0a5dxubka-ka/114608?from=search
Adidas Munchen 24 White Clay Blue Burst,1290000,https://d5ibtax54de3q.cloudfront.net/eyJidWNrZXQiOiJraWNrYXZlbnVlLWFzc2V0cyIsImtleSI6InByb2R1Y3RzLzEwNzM1MS9iYjhjYjMyYzQxMTE2YmU2ZjZkMjZiNTZjYzNiZmI0Zi5wbmciLCJlZGl0cyI6eyJyZXNpemUiOnsid2lkdGgiOjQwMH0sIndlYnAiOnsicXVhbGl0eSI6NTB9fX0=,/sneakers/adidas/adidas-munchen-24-white-clay-blue-burst-ig6282-ka/107351?from=search
New Balance 2002R Warm Alpaca,1540000,https://d5ibtax54de3q.cloudfront.net/eyJidWNrZXQiOiJraWNrYXZlbnVlLWFzc2V0cyIsImtleSI6InByb2R1Y3RzLzM2NDAxL2ExOTgyN2ZhYzY3ZDRiMjA5OTgxYjkwZTEwYWNmZjUxLnBuZyIsImVkaXRzIjp7InJlc2l6ZSI6eyJ3aWR0aCI6NDAwfSwid2VicCI6eyJxdWFsaXR5Ijo1MH19fQ==,/sneakers/new-balance/new-balance-2002r-warm-alpaca-m2002raw-ka-2/36401?from=search
Puma LaMelo Ball MB.02 Puma Black Sunset Glow,1100000,https://d5ibtax54de3q.cloudfront.net/eyJidWNrZXQiOiJraWNrYXZlbnVlLWFzc2V0cyIsImtleSI6InByb2R1Y3RzLzcyMTc4LzhhY2Y2MDM2NDE5NTEzNTlhYWE3NDI2MGU4YTczY2NhLnBuZyIsImVkaXRzIjp7InJlc2l6ZSI6eyJ3aWR0aCI6NDAwfSwid2VicCI6eyJxdWFsaXR5Ijo1MH19fQ==,/sneakers/puma/puma-lamelo-ball-mb02-puma-black-sunset-glow-378287-01-ka/72178?from=search
Onitsuka Tiger Mexico 66 White Silver (Women's),1880000,https://d5ibtax54de3q.cloudfront.net/eyJidWNrZXQiOiJraWNrYXZlbnVlLWFzc2V0cyIsImtleSI6InByb2R1Y3RzLzEwODI5Ny9jMmQyZDNiMjRjMTEyNDZmNzBjNDI0YjhkMzBiOWE4Ni5wbmciLCJlZGl0cyI6eyJyZXNpemUiOnsid2lkdGgiOjQwMH0sIndlYnAiOnsicXVhbGl0eSI6NTB9fX0=,/sneakers/onitsuka-tiger/onitsuka-tiger-mexico-66-white-silver-w-1182a129-100-ka/108297?from=search
New Balance 992 Kith Spring 2,12510000,https://d5ibtax54de3q.cloudfront.net/eyJidWNrZXQiOiJraWNrYXZlbnVlLWFzc2V0cyIsImtleSI6InByb2R1Y3RzLzIzMDI4LzE3NDA3YjNiMGIzOTlhZjYxNzE4ODEzYjg0NWU2YzY0LnBuZyIsImVkaXRzIjp7InJlc2l6ZSI6eyJ3aWR0aCI6NDAwfSwid2VicCI6eyJxdWFsaXR5Ijo1MH19fQ==,/sneakers/new-balance/new-balance-992-kith-spring-2-m992kt-ka-2/23028?from=search
New Balance 413 V2 Grey,440000,https://d5ibtax54de3q.cloudfront.net/eyJidWNrZXQiOiJraWNrYXZlbnVlLWFzc2V0cyIsImtleSI6InByb2R1Y3RzLzc0NDg0LzRjY2UwZjQxYzI1YzE1MTI4MDI1Y2FhNmQ4YTZiOGNlLnBuZyIsImVkaXRzIjp7InJlc2l6ZSI6eyJ3aWR0aCI6NDAwfSwid2VicCI6eyJxdWFsaXR5Ijo1MH19fQ==,/sneakers/new-balance/new-balance-413-v2-grey-m413gy2-ka/74484?from=search
Timberland World Hiker Boot Stussy Black,14190000,https://d5ibtax54de3q.cloudfront.net/eyJidWNrZXQiOiJraWNrYXZlbnVlLWFzc2V0cyIsImtleSI6InByb2R1Y3RzLzQyNDg2LzNmZWU4OWU4YjkxODg2ZTMxYjYxZGQ5MTUyMzJhY2U1LmpwZWciLCJlZGl0cyI6eyJyZXNpemUiOnsid2lkdGgiOjQwMH0sIndlYnAiOnsicXVhbGl0eSI6NTB9fX0=,/sneakers/timberland/timberland-world-hiker-boot-stussy-black-a5z33001-ka/42486?from=search
Nike ACG Lowcate Black White,1150000,https://d5ibtax54de3q.cloudfront.net/eyJidWNrZXQiOiJraWNrYXZlbnVlLWFzc2V0cyIsImtleSI6InByb2R1Y3RzLzcyMjc0LzhhZDgwYWI1YTEyOTAwNzY4N2Y5ZTJmY2M4Nzg1MTQxLnBuZyIsImVkaXRzIjp7InJlc2l6ZSI6eyJ3aWR0aCI6NDAwfSwid2VicCI6eyJxdWFsaXR5Ijo1MH19fQ==,/sneakers/nike/nike-acg-lowcate-black-white-dx2256-001-ka/72274?from=search
New Balance 574 White Red,500000,https://d5ibtax54de3q.cloudfront.net/eyJidWNrZXQiOiJraWNrYXZlbnVlLWFzc2V0cyIsImtleSI6InByb2R1Y3RzLzc2MDk4L2FjMTJlN2E3NWVkNTA4MTE3MTYwOTNkNjA2NDUwMjI3LnBuZyIsImVkaXRzIjp7InJlc2l6ZSI6eyJ3aWR0aCI6NDAwfSwid2VicCI6eyJxdWFsaXR5Ijo1MH19fQ==,/sneakers/new-balance/new-balance-574-white-red-u574sor-ka/76098?from=search
New Balance 860V2 White Team Royal,1520000,https://d5ibtax54de3q.cloudfront.net/eyJidWNrZXQiOiJraWNrYXZlbnVlLWFzc2V0cyIsImtleSI6InByb2R1Y3RzLzcyMDk1LzU3M2M2ZWYwODdjNDczYzk3NjI4MDAxMzc0YmZjZjY5LnBuZyIsImVkaXRzIjp7InJlc2l6ZSI6eyJ3aWR0aCI6NDAwfSwid2VicCI6eyJxdWFsaXR5Ijo1MH19fQ==,/sneakers/new-balance/new-balance-860v2-white-team-royal-ml860xb-ka/72095?from=search
New Balance 2002R Black,3460000,https://d5ibtax54de3q.cloudfront.net/eyJidWNrZXQiOiJraWNrYXZlbnVlLWFzc2V0cyIsImtleSI6InByb2R1Y3RzLzc1NDI2L2NiODIyMTk2MDI1ZjI4MWJiZGM4OGY5NDI0MmQzMWQ0LnBuZyIsImVkaXRzIjp7InJlc2l6ZSI6eyJ3aWR0aCI6NDAwfSwid2VicCI6eyJxdWFsaXR5Ijo1MH19fQ==,/sneakers/new-balance/new-balance-2002r-black-ml2002rk-ka/75426?from=search
Adidas Dame Extply 2.0 Turquoise Signal Cyan,800000,https://d5ibtax54de3q.cloudfront.net/eyJidWNrZXQiOiJraWNrYXZlbnVlLWFzc2V0cyIsImtleSI6InByb2R1Y3RzLzc2MzI5LzliZjM0NDA5NjlkODlhYjA4YTVmZGQyNjUyYzFhMzE5LnBuZyIsImVkaXRzIjp7InJlc2l6ZSI6eyJ3aWR0aCI6NDAwfSwid2VicCI6eyJxdWFsaXR5Ijo1MH19fQ==,/sneakers/adidas/adidas-dame-extply-20-turquoise-signal-cyan-gv9587-ka/76329?from=search
Nike Kobe 5 Protro EYBL Tie Dye (2020),46570000,https://d5ibtax54de3q.cloudfront.net/eyJidWNrZXQiOiJraWNrYXZlbnVlLWFzc2V0cyIsImtleSI6InByb2R1Y3RzLzgzMzAyLzZkMTk4MGY3ZTNiZjhjNTMyMzAxYTI2ZDg4MjVjNjkwLnBuZyIsImVkaXRzIjp7InJlc2l6ZSI6eyJ3aWR0aCI6NDAwfSwid2VicCI6eyJxdWFsaXR5Ijo1MH19fQ==,/sneakers/nike/nike-kobe-5-protro-eybl-tie-dye-2020-cz6190-900-ka/83302?from=search
Adidas Top Ten RB J Cream Royal Blue,500000,https://d5ibtax54de3q.cloudfront.net/eyJidWNrZXQiOiJraWNrYXZlbnVlLWFzc2V0cyIsImtleSI6InByb2R1Y3RzLzEwODk1Ni9lZTEyYWM1MjFlZmFjOWY1ZjVjMzQ1YTVjNDYwNDE1Yy5wbmciLCJlZGl0cyI6eyJyZXNpemUiOnsid2lkdGgiOjQwMH0sIndlYnAiOnsicXVhbGl0eSI6NTB9fX0=,/sneakers/adidas/adidas-top-ten-rb-j-cream-royal-blue-id6730-ka/108956?from=search
ASICS Gel-NYC Ivy Smoke Grey (Kick Point Only),719000,https://d5ibtax54de3q.cloudfront.net/eyJidWNrZXQiOiJraWNrYXZlbnVlLWFzc2V0cyIsImtleSI6InByb2R1Y3RzLzExMjQ4Ny80OGQ1Zjg3ZjU0YmZmMDhkMzUxN2I3OGZkY2Q5ZGMzOC5wbmciLCJlZGl0cyI6eyJyZXNpemUiOnsid2lkdGgiOjQwMH0sIndlYnAiOnsicXVhbGl0eSI6NTB9fX0=,/sneakers/asics/asics-gel-nyc-ivy-smoke-grey-kick-point-only-kp-1203a383-302-ka/112487?from=search
New Balance 1906L Junya Watanabe MAN White,9890000,https://d5ibtax54de3q.cloudfront.net/eyJidWNrZXQiOiJraWNrYXZlbnVlLWFzc2V0cyIsImtleSI6InByb2R1Y3RzLzExNjEwOS9lNzkwOTQzNzc1YjcyMTQyOTUyZjQzNDMyMTRiOGI2NS5wbmciLCJlZGl0cyI6eyJyZXNpemUiOnsid2lkdGgiOjQwMH0sIndlYnAiOnsicXVhbGl0eSI6NTB9fX0=,/sneakers/new-balance/new-balance-1906l-junya-watanabe-man-white-u1906lco-ka/116109?from=search
New Balance 2002R Navy Grey,2040000,https://d5ibtax54de3q.cloudfront.net/eyJidWNrZXQiOiJraWNrYXZlbnVlLWFzc2V0cyIsImtleSI6InByb2R1Y3RzLzc1NDE1LzkxNmEzYTNjYzY3MjNiYjdhMDIyMDAwN2NiZWU5NDZkLnBuZyIsImVkaXRzIjp7InJlc2l6ZSI6eyJ3aWR0aCI6NDAwfSwid2VicCI6eyJxdWFsaXR5Ijo1MH19fQ==,/sneakers/new-balance/new-balance-2002r-navy-grey-m2002rhl-ka/75415?from=search
Crocs Dylan Clog Espresso,1120000,https://d5ibtax54de3q.cloudfront.net/eyJidWNrZXQiOiJraWNrYXZlbnVlLWFzc2V0cyIsImtleSI6InByb2R1Y3RzLzYyMzkzL2JhMTQ0NGI4YjEzZWQ4NWY4YjU4NzRlY2RjNmQ2NjBmLmpwZWciLCJlZGl0cyI6eyJyZXNpemUiOnsid2lkdGgiOjQwMH0sIndlYnAiOnsicXVhbGl0eSI6NTB9fX0=,/sneakers/crocs/crocs-dylan-clog-espresso-209366-206-ka/62393?from=search
Nike Asuna 2 Slide Black Sail,670000,https://d5ibtax54de3q.cloudfront.net/eyJidWNrZXQiOiJraWNrYXZlbnVlLWFzc2V0cyIsImtleSI6InByb2R1Y3RzLzczNTU4L2FmNmNiODQ3ZWNjZGM1NmJlYTI5NDA5YmQyZTRmNmJhLnBuZyIsImVkaXRzIjp7InJlc2l6ZSI6eyJ3aWR0aCI6NDAwfSwid2VicCI6eyJxdWFsaXR5Ijo1MH19fQ==,/sneakers/nike/nike-asuna-2-slide-black-sail-dx6865-002-ka/73558?from=search
Li-Ning Way of Wade 10 Low Avocado,2440000,https://d5ibtax54de3q.cloudfront.net/eyJidWNrZXQiOiJraWNrYXZlbnVlLWFzc2V0cyIsImtleSI6InByb2R1Y3RzLzEwMjg1OS9hY2QxOThjOTNhNTY2YjNhODBiYzFjOGFjYmVkZjUxNy5wbmciLCJlZGl0cyI6eyJyZXNpemUiOnsid2lkdGgiOjQwMH0sIndlYnAiOnsicXVhbGl0eSI6NTB9fX0=,/sneakers/li-ning/li-ning-way-of-wade-10-low-avocado-abas083-5-ka/102859?from=search
Air Jordan 1 Low Black Cement Grey,1320000,https://d5ibtax54de3q.cloudfront.net/eyJidWNrZXQiOiJraWNrYXZlbnVlLWFzc2V0cyIsImtleSI6InByb2R1Y3RzLzEwMzY5OS81ZWYyMjI4ZDY2MmEzMGVmNWMxYTc5OTExMjgwYmNiYS5wbmciLCJlZGl0cyI6eyJyZXNpemUiOnsid2lkdGgiOjQwMH0sIndlYnAiOnsicXVhbGl0eSI6NTB9fX0=,/sneakers/air-jordan/air-jordan-1-low-black-cement-grey-553558-060-ka/103699?from=search
Nike SB Dunk Low Light Carbon Monarch,1920000,https://d5ibtax54de3q.cloudfront.net/eyJidWNrZXQiOiJraWNrYXZlbnVlLWFzc2V0cyIsImtleSI6InByb2R1Y3RzLzExMzI4My8yZWVjMDhiMWVjODY5M2Y3NTI1YjA3Y2Y2ZGRmOGQ5Ny5wbmciLCJlZGl0cyI6eyJyZXNpemUiOnsid2lkdGgiOjQwMH0sIndlYnAiOnsicXVhbGl0eSI6NTB9fX0=,/sneakers/nike/nike-sb-dunk-low-light-carbon-monarch-hf3063-002-ka/113283?from=search
Nike Kyrie Infinity EP Pyramid,1590000,https://d5ibtax54de3q.cloudfront.net/eyJidWNrZXQiOiJraWNrYXZlbnVlLWFzc2V0cyIsImtleSI6InByb2R1Y3RzLzgyNDYxLzNmNTM4NTY1MGIxOThhZmVmOTJkYjVlYzUyN2I2ODcwLnBuZyIsImVkaXRzIjp7InJlc2l6ZSI6eyJ3aWR0aCI6NDAwfSwid2VicCI6eyJxdWFsaXR5Ijo1MH19fQ==,/sneakers/nike/nike-kyrie-infinity-ep-pyramid-dm0855-500-ka-2/82461?from=search
New Balance 1906R Nightwatch Green,1570000,https://d5ibtax54de3q.cloudfront.net/eyJidWNrZXQiOiJraWNrYXZlbnVlLWFzc2V0cyIsImtleSI6InByb2R1Y3RzLzc1MTA1Lzg1NDg4MDgwMjRlN2M2NjhlNWI1YmRiNGEwY2JlNWZjLnBuZyIsImVkaXRzIjp7InJlc2l6ZSI6eyJ3aWR0aCI6NDAwfSwid2VicCI6eyJxdWFsaXR5Ijo1MH19fQ==,/sneakers/new-balance/new-balance-1906r-nightwatch-green-m1906rx-ka/75105?from=search
Air Jordan 11 CMFT Low Wheaties,950000,https://d5ibtax54de3q.cloudfront.net/eyJidWNrZXQiOiJraWNrYXZlbnVlLWFzc2V0cyIsImtleSI6InByb2R1Y3RzLzkzMjkyL2VhN2I3ZmQ3NGJjYTQyMTcxNzA5OGI4ZDJhOGQzOTk4LnBuZyIsImVkaXRzIjp7InJlc2l6ZSI6eyJ3aWR0aCI6NDAwfSwid2VicCI6eyJxdWFsaXR5Ijo1MH19fQ==,/sneakers/air-jordan/air-jordan-11-cmft-low-wheaties-cw0784-108-ka/93292?from=search
New Balance Rainier Gore Tex Eclipse,2290000,https://d5ibtax54de3q.cloudfront.net/eyJidWNrZXQiOiJraWNrYXZlbnVlLWFzc2V0cyIsImtleSI6InByb2R1Y3RzLzk5MTcwLzIxM2FlOTQ4OWFhODIxYWUwZjIyNDIxNjA1YTRhYTk5LnBuZyIsImVkaXRzIjp7InJlc2l6ZSI6eyJ3aWR0aCI6NDAwfSwid2VicCI6eyJxdWFsaXR5Ijo1MH19fQ==,/sneakers/new-balance/new-balance-rainier-gore-tex-eclipse-urainxac-ka-2/99170?from=search
Nike Air Presto Mid Utility Triple Black,1120000,https://d5ibtax54de3q.cloudfront.net/eyJidWNrZXQiOiJraWNrYXZlbnVlLWFzc2V0cyIsImtleSI6InByb2R1Y3RzLzY3MDUyLzc0NWFhNGY3NDJiYzYyMzMyYzAwMjZlMDEzNDEyNWE5LnBuZyIsImVkaXRzIjp7InJlc2l6ZSI6eyJ3aWR0aCI6NDAwfSwid2VicCI6eyJxdWFsaXR5Ijo1MH19fQ==,/sneakers/nike/nike-air-presto-mid-utility-triple-black-dc8751-003-ka/67052?from=search
New Balance 1906R Aime Leon Dore Jade,6730000,https://d5ibtax54de3q.cloudfront.net/eyJidWNrZXQiOiJraWNrYXZlbnVlLWFzc2V0cyIsImtleSI6InByb2R1Y3RzLzU5OTEyLzY2NmU5NmFjNzEwYWFkYjM3NjQ3MDYzYzg4ODI0YWVmLmpwZWciLCJlZGl0cyI6eyJyZXNpemUiOnsid2lkdGgiOjQwMH0sIndlYnAiOnsicXVhbGl0eSI6NTB9fX0=,/sneakers/new-balance/new-balance-1906r-aime-leon-dore-jade-m1906rl1-ka/59912?from=search
ASICS Gel Contend 4 Black,1010000,https://d5ibtax54de3q.cloudfront.net/eyJidWNrZXQiOiJraWNrYXZlbnVlLWFzc2V0cyIsImtleSI6InByb2R1Y3RzLzEwMDA4OS80YmVkZDk2M2JmYzc5YzZiN2ZkOTM2NzdjNWFhYTBiMi5wbmciLCJlZGl0cyI6eyJyZXNpemUiOnsid2lkdGgiOjQwMH0sIndlYnAiOnsicXVhbGl0eSI6NTB9fX0=,/sneakers/asics/asics-gel-contend-4-black-t8d4q-020-ka-2/100089?from=search
Nike Zoom Vomero 5 Platinum Tint,1420000,https://d5ibtax54de3q.cloudfront.net/eyJidWNrZXQiOiJraWNrYXZlbnVlLWFzc2V0cyIsImtleSI6InByb2R1Y3RzLzc5MjE0LzQ2MTY4YTUxNzBhMmM2MjdiMzIxMjJkY2Q4YThmNTY5LnBuZyIsImVkaXRzIjp7InJlc2l6ZSI6eyJ3aWR0aCI6NDAwfSwid2VicCI6eyJxdWFsaXR5Ijo1MH19fQ==,/sneakers/nike/nike-zoom-vomero-5-platinum-tint-hf0731-007-ka/79214?from=search
Adidas AE 1 All-Star,1480000,https://d5ibtax54de3q.cloudfront.net/eyJidWNrZXQiOiJraWNrYXZlbnVlLWFzc2V0cyIsImtleSI6InByb2R1Y3RzLzk2MDUzLzkwYmVkZDY3OGU5ODcwNzAwMmJkNzAxZTI3NzQwZWE1LnBuZyIsImVkaXRzIjp7InJlc2l6ZSI6eyJ3aWR0aCI6NDAwfSwid2VicCI6eyJxdWFsaXR5Ijo1MH19fQ==,/sneakers/adidas/adidas-ae-1-all-star-if1858-ka/96053?from=search
Onitsuka Tiger Mexico 66 Light Beige Olive,2050000,https://d5ibtax54de3q.cloudfront.net/eyJidWNrZXQiOiJraWNrYXZlbnVlLWFzc2V0cyIsImtleSI6InByb2R1Y3RzLzEwODMwMy8wYzA0NzU4OTgyYWIxMTVjZmVmMTljNDFiNWNhOWU2Yi5wbmciLCJlZGl0cyI6eyJyZXNpemUiOnsid2lkdGgiOjQwMH0sIndlYnAiOnsicXVhbGl0eSI6NTB9fX0=,/sneakers/onitsuka-tiger/onitsuka-tiger-mexico-66-light-beige-olive-1183c076-201-ka/108303?from=search
ASICS Gel-NYC Harbor Blue Wood Crepe,2390000,https://d5ibtax54de3q.cloudfront.net/eyJidWNrZXQiOiJraWNrYXZlbnVlLWFzc2V0cyIsImtleSI6InByb2R1Y3RzLzEwNjA5Mi8xOWQxYjE5NmQ2MjlkMGM1MmI5MzgzZDVkZDI1Y2ZiYi5wbmciLCJlZGl0cyI6eyJyZXNpemUiOnsid2lkdGgiOjQwMH0sIndlYnAiOnsicXVhbGl0eSI6NTB9fX0=,/sneakers/asics/asics-gel-nyc-harbor-blue-wood-crepe-1203a372-401-ka/106092?from=search
Adidas Gazelle Clot Halo Ivory,2510000,https://d5ibtax54de3q.cloudfront.net/eyJidWNrZXQiOiJraWNrYXZlbnVlLWFzc2V0cyIsImtleSI6InByb2R1Y3RzLzEwNjgyNC8yZTQ4ODhhNjBmYzNmYWI2ZjRlYTk4NTUwN2RmNmU3NC5wbmciLCJlZGl0cyI6eyJyZXNpemUiOnsid2lkdGgiOjQwMH0sIndlYnAiOnsicXVhbGl0eSI6NTB9fX0=,/sneakers/adidas/adidas-gazelle-clot-halo-ivory-ih3144-ka/106824?from=search
Nike Air Force 1 Low Supreme Shanghai,4120000,https://d5ibtax54de3q.cloudfront.net/eyJidWNrZXQiOiJraWNrYXZlbnVlLWFzc2V0cyIsImtleSI6InByb2R1Y3RzLzEwNTQzNC8wZjMzMzE0YjE2M2MyMTkwNDZhMjI0YTgxNGQzYzE5My5wbmciLCJlZGl0cyI6eyJyZXNpemUiOnsid2lkdGgiOjQwMH0sIndlYnAiOnsicXVhbGl0eSI6NTB9fX0=,/sneakers/nike/nike-air-force-1-low-supreme-shanghai-cu9225-101-ka/105434?from=search
Nike Metcon 9 AMP Phantom Black,1760000,https://d5ibtax54de3q.cloudfront.net/eyJidWNrZXQiOiJraWNrYXZlbnVlLWFzc2V0cyIsImtleSI6InByb2R1Y3RzLzg0NDYwL2E5YTNkNDYyYzA3ZWZjODUwM2E1M2EzZGEyMzkzMWUxLnBuZyIsImVkaXRzIjp7InJlc2l6ZSI6eyJ3aWR0aCI6NDAwfSwid2VicCI6eyJxdWFsaXR5Ijo1MH19fQ==,/sneakers/nike/nike-metcon-9-amp-phantom-black-dz2616-001-ka/84460?from=search
New Balance 574 Grey White (2022),1100000,https://d5ibtax54de3q.cloudfront.net/eyJidWNrZXQiOiJraWNrYXZlbnVlLWFzc2V0cyIsImtleSI6InByb2R1Y3RzLzM3NTk0L2I5ZDQ4MWY3Y2U5NDRmZWNjNDk1N2I1NzA3OTY4NTE0LnBuZyIsImVkaXRzIjp7InJlc2l6ZSI6eyJ3aWR0aCI6NDAwfSwid2VicCI6eyJxdWFsaXR5Ijo1MH19fQ==,/sneakers/new-balance/new-balance-574-grey-white-2022-ml574evg-ka-2/37594?from=search
Converse Patchwork Jack Purcell Rally Low Top,650000,https://d5ibtax54de3q.cloudfront.net/eyJidWNrZXQiOiJraWNrYXZlbnVlLWFzc2V0cyIsImtleSI6InByb2R1Y3RzLzMxNDQzLzZlZWFjYjA0NWQ4ZTZkOWRlMjFlNDIwMWQzMzFmNjhkLnBuZyIsImVkaXRzIjp7InJlc2l6ZSI6eyJ3aWR0aCI6NDAwfSwid2VicCI6eyJxdWFsaXR5Ijo1MH19fQ==,/sneakers/converse/converse-patchwork-jack-purcell-rally-low-top-170474c-ka/31443?from=search
Under Armour Curry 6 Roaracle,3640000,https://d5ibtax54de3q.cloudfront.net/eyJidWNrZXQiOiJraWNrYXZlbnVlLWFzc2V0cyIsImtleSI6InByb2R1Y3RzLzI0OTk2LzE3OGI2ZmI0MmU1YWU2M2UyMTIzODhjNTY3MDIxNDI0LnBuZyIsImVkaXRzIjp7InJlc2l6ZSI6eyJ3aWR0aCI6NDAwfSwid2VicCI6eyJxdWFsaXR5Ijo1MH19fQ==,/sneakers/under-armour/under-armour-curry-6-roaracle-3020612-607-ka/24996?from=search
Vans Slip-On 138 Sidestripe Black Checkerboard,790000,https://d5ibtax54de3q.cloudfront.net/eyJidWNrZXQiOiJraWNrYXZlbnVlLWFzc2V0cyIsImtleSI6InByb2R1Y3RzLzYzOTcwL2JlNTNhMWY0ZDc3YjllZGVhNTBiOWM3OTEwYmJjODNiLmpwZWciLCJlZGl0cyI6eyJyZXNpemUiOnsid2lkdGgiOjQwMH0sIndlYnAiOnsicXVhbGl0eSI6NTB9fX0=,/sneakers/vans/vans-slip-on-138-sidestripe-black-checkerboard-vn000bw3bkc-ka/63970?from=search
Nike Terminator High SE Velvet Brown,1300000,https://d5ibtax54de3q.cloudfront.net/eyJidWNrZXQiOiJraWNrYXZlbnVlLWFzc2V0cyIsImtleSI6InByb2R1Y3RzLzczMDEyL2JiYzQ5NmI1OGIwYWMzYjEyNDViMmM2Mzk5YzU3ZWFjLnBuZyIsImVkaXRzIjp7InJlc2l6ZSI6eyJ3aWR0aCI6NDAwfSwid2VicCI6eyJxdWFsaXR5Ijo1MH19fQ==,/sneakers/nike/nike-terminator-high-se-velvet-brown-fd0651-001-ka/73012?from=search
Vans Authentic OG  LX Stressed Classic White,1670000,https://d5ibtax54de3q.cloudfront.net/eyJidWNrZXQiOiJraWNrYXZlbnVlLWFzc2V0cyIsImtleSI6InByb2R1Y3RzLzcyMjQ4LzNmMDE0NmY1OTYzZDNmNzY1ZThkYWI3ZTU3N2I4NmJmLnBuZyIsImVkaXRzIjp7InJlc2l6ZSI6eyJ3aWR0aCI6NDAwfSwid2VicCI6eyJxdWFsaXR5Ijo1MH19fQ==,/sneakers/vans/vans-authentic-og-lx-stressed-classic-white-vn0a5fbd2vz-ka/72248?from=search
Adidas Warszawa SPZL Noble Maroon Bright Yellow,3840000,https://d5ibtax54de3q.cloudfront.net/eyJidWNrZXQiOiJraWNrYXZlbnVlLWFzc2V0cyIsImtleSI6InByb2R1Y3RzLzY4ODYxLzdiYmViZDNiNzY0MzJmZTNkOGNmMzE1OTg2ZjA3NmViLnBuZyIsImVkaXRzIjp7InJlc2l6ZSI6eyJ3aWR0aCI6NDAwfSwid2VicCI6eyJxdWFsaXR5Ijo1MH19fQ==,/sneakers/adidas/adidas-warszawa-spzl-noble-maroon-bright-yellow-gx3819-ka/68861?from=search
ASICS Gel-NYC Cream Oatmeal,2340000,https://d5ibtax54de3q.cloudfront.net/eyJidWNrZXQiOiJraWNrYXZlbnVlLWFzc2V0cyIsImtleSI6InByb2R1Y3RzLzY3OTYyLzQ5ZmViMzk3NDdkZDA3MTczYzdiMjdiZWQzYTI0OGQxLnBuZyIsImVkaXRzIjp7InJlc2l6ZSI6eyJ3aWR0aCI6NDAwfSwid2VicCI6eyJxdWFsaXR5Ijo1MH19fQ==,/sneakers/asics/asics-gel-nyc-cream-oatmeal-1201a789-106-ka/67962?from=search
Nike Air Force 1 Low Gold Nubuck,850000,https://d5ibtax54de3q.cloudfront.net/eyJidWNrZXQiOiJraWNrYXZlbnVlLWFzc2V0cyIsImtleSI6InByb2R1Y3RzLzcwNzc1LzQ2NGY5ZDE3ZmJlYzRiNmJhNGMzZjg5ZThkODI0YTMwLnBuZyIsImVkaXRzIjp7InJlc2l6ZSI6eyJ3aWR0aCI6NDAwfSwid2VicCI6eyJxdWFsaXR5Ijo1MH19fQ==,/sneakers/nike/nike-air-force-1-low-gold-nubuck-dr9503-700-ka/70775?from=search
Puma LaMelo Ball MB.02 Queen City Fade,1340000,https://d5ibtax54de3q.cloudfront.net/eyJidWNrZXQiOiJraWNrYXZlbnVlLWFzc2V0cyIsImtleSI6InByb2R1Y3RzLzY0MTAxLzlmOWI0MjUyYmY3NjBjMDc2MjM1NTAzMzNiM2ZlNjY5LmpwZWciLCJlZGl0cyI6eyJyZXNpemUiOnsid2lkdGgiOjQwMH0sIndlYnAiOnsicXVhbGl0eSI6NTB9fX0=,/sneakers/puma/puma-lamelo-ball-mb02-queen-city-fade-379779-01-ka/64101?from=search
Nike Shox TL Black Metallic Hematite,8040000,https://d5ibtax54de3q.cloudfront.net/eyJidWNrZXQiOiJraWNrYXZlbnVlLWFzc2V0cyIsImtleSI6InByb2R1Y3RzLzY2MTcyL2Q1MDE3NTVmMmZmM2JjMGM2YWU5ZDVmMDU5OTQ5NmYwLnBuZyIsImVkaXRzIjp7InJlc2l6ZSI6eyJ3aWR0aCI6NDAwfSwid2VicCI6eyJxdWFsaXR5Ijo1MH19fQ==,/sneakers/nike/nike-shox-tl-black-metallic-hematite-av3595-002-ka/66172?from=search
UGG Tasman Slipper Chestnut,1880000,https://d5ibtax54de3q.cloudfront.net/eyJidWNrZXQiOiJraWNrYXZlbnVlLWFzc2V0cyIsImtleSI6InByb2R1Y3RzLzczMTEzLzI2NTQyNDE3NmNmMjM2ZmRiOWE2OTdjOGJlNGZhODU0LnBuZyIsImVkaXRzIjp7InJlc2l6ZSI6eyJ3aWR0aCI6NDAwfSwid2VicCI6eyJxdWFsaXR5Ijo1MH19fQ==,/sneakers/ugg/ugg-tasman-slipper-chestnut-5950-che-ka/73113?from=search
Adidas Predator 20.4 Indoor Sala Boots Black Red,400000,https://d5ibtax54de3q.cloudfront.net/eyJidWNrZXQiOiJraWNrYXZlbnVlLWFzc2V0cyIsImtleSI6InByb2R1Y3RzLzk2Mjk0LzQwMjQ3ZGM5NmM4MTMyY2RmZTQxYTdjNTQ0ZjlkYzcyLnBuZyIsImVkaXRzIjp7InJlc2l6ZSI6eyJ3aWR0aCI6NDAwfSwid2VicCI6eyJxdWFsaXR5Ijo1MH19fQ==,/sneakers/adidas/adidas-predator-204-indoor-sala-boots-black-red-ef1979-ka/96294?from=search
Nike Air Max Plus Sesame,1240000,https://d5ibtax54de3q.cloudfront.net/eyJidWNrZXQiOiJraWNrYXZlbnVlLWFzc2V0cyIsImtleSI6InByb2R1Y3RzLzk4NDY5L2VlMmIwNjgyYzg1MDUxNzhlYmM5YTJhMDA5NTBlZDMxLnBuZyIsImVkaXRzIjp7InJlc2l6ZSI6eyJ3aWR0aCI6NDAwfSwid2VicCI6eyJxdWFsaXR5Ijo1MH19fQ==,/sneakers/nike/nike-air-max-plus-sesame-fz5049-222-ka/98469?from=search
ON Running Cloudhorizon Waterproof Lead Mineral,3000000,https://d5ibtax54de3q.cloudfront.net/eyJidWNrZXQiOiJraWNrYXZlbnVlLWFzc2V0cyIsImtleSI6InByb2R1Y3RzLzExMzU0Ny9hNmQzZjQ3YWExOGY3ODQ4YTE3ZjQzMjhmNTk2Y2IyZC5wbmciLCJlZGl0cyI6eyJyZXNpemUiOnsid2lkdGgiOjQwMH0sIndlYnAiOnsicXVhbGl0eSI6NTB9fX0=,/sneakers/on-running/on-running-cloudhorizon-waterproof-lead-mineral-3me10052309-ka/113547?from=search
Adidas Response Runner Lucid Blue,600000,https://d5ibtax54de3q.cloudfront.net/eyJidWNrZXQiOiJraWNrYXZlbnVlLWFzc2V0cyIsImtleSI6InByb2R1Y3RzLzk2NDUzL2YyNmUxOTg2M2U0ZmFmMjVhNzAzZDFhOTU4OTk4YTdlLnBuZyIsImVkaXRzIjp7InJlc2l6ZSI6eyJ3aWR0aCI6NDAwfSwid2VicCI6eyJxdWFsaXR5Ijo1MH19fQ==,/sneakers/adidas/adidas-response-runner-lucid-blue-ig1395-ka/96453?from=search
ASICS Gel-NYC Glacier Grey Blue,4500000,https://d5ibtax54de3q.cloudfront.net/eyJidWNrZXQiOiJraWNrYXZlbnVlLWFzc2V0cyIsImtleSI6InByb2R1Y3RzLzEwNjA5Ny8zZTIxMDY4YTg2ZTBlMTM3MDVmMjFiODQ1ZmIyMGQxNy5wbmciLCJlZGl0cyI6eyJyZXNpemUiOnsid2lkdGgiOjQwMH0sIndlYnAiOnsicXVhbGl0eSI6NTB9fX0=,/sneakers/asics/asics-gel-nyc-glacier-grey-blue-1203a424-020-ka/106097?from=search
New Balance 2002R Harbor Grey,2400000,https://d5ibtax54de3q.cloudfront.net/eyJidWNrZXQiOiJraWNrYXZlbnVlLWFzc2V0cyIsImtleSI6InByb2R1Y3RzLzEwOTk2NS84Mjc4OWU0ZjlkZjgzMDE0Y2UxMTBiNDRlMzYyYTA3ZS5wbmciLCJlZGl0cyI6eyJyZXNpemUiOnsid2lkdGgiOjQwMH0sIndlYnAiOnsicXVhbGl0eSI6NTB9fX0=,/sneakers/new-balance/new-balance-2002r-harbor-grey-m2002rrd-ka/109965?from=search
Li-Ning Wade Fission 8 Miami,1170000,https://d5ibtax54de3q.cloudfront.net/eyJidWNrZXQiOiJraWNrYXZlbnVlLWFzc2V0cyIsImtleSI6InByb2R1Y3RzLzEwMjgxMi85YThmZjI0NDZhOWMyZjcxNmI3ODIxMzI5ODRhMDlhMy5wbmciLCJlZGl0cyI6eyJyZXNpemUiOnsid2lkdGgiOjQwMH0sIndlYnAiOnsicXVhbGl0eSI6NTB9fX0=,/sneakers/li-ning/li-ning-wade-fission-8-miami-abpt029-9-ka-2/102812?from=search
Adidas Centennial RM Putty Grey White,1000000,https://d5ibtax54de3q.cloudfront.net/eyJidWNrZXQiOiJraWNrYXZlbnVlLWFzc2V0cyIsImtleSI6InByb2R1Y3RzLzEwODA4Ny9iNTZiNTBjMTY3MWY3Y2ZiYjRhN2FjMmRlZDE3MmE5ZS5wbmciLCJlZGl0cyI6eyJyZXNpemUiOnsid2lkdGgiOjQwMH0sIndlYnAiOnsicXVhbGl0eSI6NTB9fX0=,/sneakers/adidas/adidas-centennial-rm-putty-grey-white-id6212-ka/108087?from=search
Nike SB BLZR Court Mid Premium Black White,730000,https://d5ibtax54de3q.cloudfront.net/eyJidWNrZXQiOiJraWNrYXZlbnVlLWFzc2V0cyIsImtleSI6InByb2R1Y3RzLzg5NjI3LzY5YzI5ODlhNjQ3ZTJhNTYzNDM1Y2Q3NzU1OTQyMmNhLnBuZyIsImVkaXRzIjp7InJlc2l6ZSI6eyJ3aWR0aCI6NDAwfSwid2VicCI6eyJxdWFsaXR5Ijo1MH19fQ==,/sneakers/nike/nike-sb-blzr-court-mid-premium-black-white-dh7479-001-ka/89627?from=search
New Balance 2002R Brown Beige,2060000,https://d5ibtax54de3q.cloudfront.net/eyJidWNrZXQiOiJraWNrYXZlbnVlLWFzc2V0cyIsImtleSI6InByb2R1Y3RzLzU2NTkzL2Y1YjA2ZGExMDQ0NjI4YzVkZTQwOTBhM2M3YzIzY2FhLmpwZWciLCJlZGl0cyI6eyJyZXNpemUiOnsid2lkdGgiOjQwMH0sIndlYnAiOnsicXVhbGl0eSI6NTB9fX0=,/sneakers/new-balance/new-balance-2002r-brown-beige-m2002rhs-ka/56593?from=search
Nike Air Max 97 Light Bone Khaki Black,2350000,https://d5ibtax54de3q.cloudfront.net/eyJidWNrZXQiOiJraWNrYXZlbnVlLWFzc2V0cyIsImtleSI6InByb2R1Y3RzLzgwOTU3L2JhODc2ZmIwZTU3NGE5OWQ4NDc2ODY2ZTI2YjU0MTk3LnBuZyIsImVkaXRzIjp7InJlc2l6ZSI6eyJ3aWR0aCI6NDAwfSwid2VicCI6eyJxdWFsaXR5Ijo1MH19fQ==,/sneakers/nike/nike-air-max-97-light-bone-khaki-black-dv7421-002-ka/80957?from=search
Air Jordan Tatum 1 PF Archer Ave St. Louis (White Sole),1460000,https://d5ibtax54de3q.cloudfront.net/eyJidWNrZXQiOiJraWNrYXZlbnVlLWFzc2V0cyIsImtleSI6InByb2R1Y3RzLzk0MjA4LzljYjExOGM0Mjg0YjViMTU4OTA2NzRmZjllMjY1Y2FjLnBuZyIsImVkaXRzIjp7InJlc2l6ZSI6eyJ3aWR0aCI6NDAwfSwid2VicCI6eyJxdWFsaXR5Ijo1MH19fQ==,/sneakers/air-jordan/air-jordan-tatum-1-pf-archer-ave-st-louis-white-sole-dx6732-100-ka/94208?from=search
Nike Pegasus 41 Electric Multi Colour,1810000,https://d5ibtax54de3q.cloudfront.net/eyJidWNrZXQiOiJraWNrYXZlbnVlLWFzc2V0cyIsImtleSI6InByb2R1Y3RzLzExMDA2Mi9mYWIxNTFhYzUxMDRlYTkzY2ZmODlhNzI4YjdmMjc3Mi5wbmciLCJlZGl0cyI6eyJyZXNpemUiOnsid2lkdGgiOjQwMH0sIndlYnAiOnsicXVhbGl0eSI6NTB9fX0=,/sneakers/nike/nike-pegasus-41-electric-multi-colour-fv2229-900-ka/110062?from=search
New Balance 480 Moonbeam Sea Salt,1170000,https://d5ibtax54de3q.cloudfront.net/eyJidWNrZXQiOiJraWNrYXZlbnVlLWFzc2V0cyIsImtleSI6InByb2R1Y3RzLzEwNTY1OS8xYzY1N2Q0NDczMzBjYjU1NTYxNjMxNTg4MDY1NjY1OS5wbmciLCJlZGl0cyI6eyJyZXNpemUiOnsid2lkdGgiOjQwMH0sIndlYnAiOnsicXVhbGl0eSI6NTB9fX0=,/sneakers/new-balance/new-balance-480-moonbeam-sea-salt-bb480lea-ka/105659?from=search
New Balance Stone Island x Tokyo Design Studio x FuelCell RC Elite V2 Lime,3050000,https://d5ibtax54de3q.cloudfront.net/eyJidWNrZXQiOiJraWNrYXZlbnVlLWFzc2V0cyIsImtleSI6InByb2R1Y3RzLzk4OTk4L2RmMDQ4ZGRlZjgxNDgxMzFhOTY2MWI1NTAwNDEwNDZhLnBuZyIsImVkaXRzIjp7InJlc2l6ZSI6eyJ3aWR0aCI6NDAwfSwid2VicCI6eyJxdWFsaXR5Ijo1MH19fQ==,/sneakers/new-balance/new-balance-stone-island-x-tokyo-design-studio-x-fuelcell-rc-elite-v2-lime-msrcelso-ka/98998?from=search
New Balance 550 White Nightwatch Green,1030000,https://d5ibtax54de3q.cloudfront.net/eyJidWNrZXQiOiJraWNrYXZlbnVlLWFzc2V0cyIsImtleSI6InByb2R1Y3RzLzM2OTI1L2UxMTc0ZTlkM2M4ODFkNTg3Njg2MWEwMGIwZDM0NzU5LnBuZyIsImVkaXRzIjp7InJlc2l6ZSI6eyJ3aWR0aCI6NDAwfSwid2VicCI6eyJxdWFsaXR5Ijo1MH19fQ==,/sneakers/new-balance/new-balance-550-white-nightwatch-green-bb550pwc-ka-2/36925?from=search
ASICS Gel Lyte III OG Python Black,1860000,https://d5ibtax54de3q.cloudfront.net/eyJidWNrZXQiOiJraWNrYXZlbnVlLWFzc2V0cyIsImtleSI6InByb2R1Y3RzLzEwMTMwMi80NDg3OGIyN2RiMjk0ODc4YzMxNGRjMzQ2NDViNmYxYi5wbmciLCJlZGl0cyI6eyJyZXNpemUiOnsid2lkdGgiOjQwMH0sIndlYnAiOnsicXVhbGl0eSI6NTB9fX0=,/sneakers/asics/asics-gel-lyte-iii-og-python-black-1201a807-001-ka-2/101302?from=search
New Balance 2002R White Pack,1760000,https://d5ibtax54de3q.cloudfront.net/eyJidWNrZXQiOiJraWNrYXZlbnVlLWFzc2V0cyIsImtleSI6InByb2R1Y3RzLzc1NTE1LzFhNWViNTFmMGMzOTIyZGY4MjEyNGZhMGZiM2IxMDQyLnBuZyIsImVkaXRzIjp7InJlc2l6ZSI6eyJ3aWR0aCI6NDAwfSwid2VicCI6eyJxdWFsaXR5Ijo1MH19fQ==,/sneakers/new-balance/new-balance-2002r-white-pack-m2002rsw-ka/75515?from=search
Nike ZoomX Vaporfly 3 Hyper Pink Laser Orange,3290000,https://d5ibtax54de3q.cloudfront.net/eyJidWNrZXQiOiJraWNrYXZlbnVlLWFzc2V0cyIsImtleSI6InByb2R1Y3RzLzkzMjAxL2RlOTU4OWFhNTU0ZjdiZTgxNTYzZDI4MDlmYWEyZjk0LnBuZyIsImVkaXRzIjp7InJlc2l6ZSI6eyJ3aWR0aCI6NDAwfSwid2VicCI6eyJxdWFsaXR5Ijo1MH19fQ==,/sneakers/nike/nike-zoomx-vaporfly-3-hyper-pink-laser-orange-dv4129-600-ka/93201?from=search
Vans Sk8-Hi GORE-TEX VR3 RAEBURN Camo,1270000,https://d5ibtax54de3q.cloudfront.net/eyJidWNrZXQiOiJraWNrYXZlbnVlLWFzc2V0cyIsImtleSI6InByb2R1Y3RzLzU3ODMyL2VmZjhlZmIzYTg3YjkwOGYzZTkzMmZkMWY1ZTJkMzhlLmpwZWciLCJlZGl0cyI6eyJyZXNpemUiOnsid2lkdGgiOjQwMH0sIndlYnAiOnsicXVhbGl0eSI6NTB9fX0=,/sneakers/vans/vans-sk8-hi-gore-tex-vr3-raeburn-camo-vn0a4bvkcma-ka/57832?from=search
New Balance 991v1 MiUK Sequoia Falcon,2600000,https://d5ibtax54de3q.cloudfront.net/eyJidWNrZXQiOiJraWNrYXZlbnVlLWFzc2V0cyIsImtleSI6InByb2R1Y3RzLzY3MzUzLzYyZWU0YWIwYjBlNDU4NTA2ZWQxYzNmYjhmZmIxNzIyLnBuZyIsImVkaXRzIjp7InJlc2l6ZSI6eyJ3aWR0aCI6NDAwfSwid2VicCI6eyJxdWFsaXR5Ijo1MH19fQ==,/sneakers/new-balance/new-balance-991v1-miuk-sequoia-falcon-m991pty-ka/67353?from=search
New Balance 1906R AURALEE Flint Stone,3320000,https://d5ibtax54de3q.cloudfront.net/eyJidWNrZXQiOiJraWNrYXZlbnVlLWFzc2V0cyIsImtleSI6InByb2R1Y3RzLzczMjY3LzU0MzUwMjliYjg2NDQzMmQxMjczZTRhZjI5ZWFmNDNiLnBuZyIsImVkaXRzIjp7InJlc2l6ZSI6eyJ3aWR0aCI6NDAwfSwid2VicCI6eyJxdWFsaXR5Ijo1MH19fQ==,/sneakers/new-balance/new-balance-1906r-auralee-flint-stone-m1906ral-ka/73267?from=search
ASICS Gel-1130 Mid Grey Steel Grey,1390000,https://d5ibtax54de3q.cloudfront.net/eyJidWNrZXQiOiJraWNrYXZlbnVlLWFzc2V0cyIsImtleSI6InByb2R1Y3RzLzk2ODc1L2RmNDEyZjY0OWJmYjkxZjhjYmM1OGNiMjAxZGI2OGUwLnBuZyIsImVkaXRzIjp7InJlc2l6ZSI6eyJ3aWR0aCI6NDAwfSwid2VicCI6eyJxdWFsaXR5Ijo1MH19fQ==,/sneakers/asics/asics-gel-1130-mid-grey-steel-grey-1203a327-021-ka/96875?from=search
Nike Air Max 1 86 OG Golf White Black Gum,1690000,https://d5ibtax54de3q.cloudfront.net/eyJidWNrZXQiOiJraWNrYXZlbnVlLWFzc2V0cyIsImtleSI6InByb2R1Y3RzLzgwNDgwL2FjYmM4ZTU4MDBlMDBmZTc2OTRhNThlY2M4MmI2MTExLnBuZyIsImVkaXRzIjp7InJlc2l6ZSI6eyJ3aWR0aCI6NDAwfSwid2VicCI6eyJxdWFsaXR5Ijo1MH19fQ==,/sneakers/nike/nike-air-max-1-86-og-golf-white-black-gum-fn0697-100-ka/80480?from=search
Li-Ning Way of Wade 10 Gentlemen,3560000,https://d5ibtax54de3q.cloudfront.net/eyJidWNrZXQiOiJraWNrYXZlbnVlLWFzc2V0cyIsImtleSI6InByb2R1Y3RzLzEwMjg0OC8yZmNkNzFjNTE4YWJlMDIzYzFjZWRhODEzNDcxY2FkYy5wbmciLCJlZGl0cyI6eyJyZXNpemUiOnsid2lkdGgiOjQwMH0sIndlYnAiOnsicXVhbGl0eSI6NTB9fX0=,/sneakers/li-ning/li-ning-way-of-wade-10-gentlemen-abas075-6-ka-2/102848?from=search
ASICS Gel-NYC Cream Aquamarine,1710000,https://d5ibtax54de3q.cloudfront.net/eyJidWNrZXQiOiJraWNrYXZlbnVlLWFzc2V0cyIsImtleSI6InByb2R1Y3RzLzEwNjA5NS9hYjkyMDQyYTFjMjM5Nzg2YzQ4NzFlYjU2NmY1OTE1NS5wbmciLCJlZGl0cyI6eyJyZXNpemUiOnsid2lkdGgiOjQwMH0sIndlYnAiOnsicXVhbGl0eSI6NTB9fX0=,/sneakers/asics/asics-gel-nyc-cream-aquamarine-1203a383-101-ka/106095?from=search
New Balance 1000 Reflective Pack Raincloud,1800000,https://d5ibtax54de3q.cloudfront.net/eyJidWNrZXQiOiJraWNrYXZlbnVlLWFzc2V0cyIsImtleSI6InByb2R1Y3RzLzEwOTcwNi85YTA2NzA5NGZjZDY5MTllODM5N2I1YjVjYzRhZjYwMC5wbmciLCJlZGl0cyI6eyJyZXNpemUiOnsid2lkdGgiOjQwMH0sIndlYnAiOnsicXVhbGl0eSI6NTB9fX0=,/sneakers/new-balance/new-balance-1000-reflective-pack-raincloud-m1000te-ka/109706?from=search
New Balance 2002R Calm Taupe,1580000,https://d5ibtax54de3q.cloudfront.net/eyJidWNrZXQiOiJraWNrYXZlbnVlLWFzc2V0cyIsImtleSI6InByb2R1Y3RzLzYyODM1L2NhZjdjZDg1YjgxYzllNWIyYjU5YjRlYzljNTdlMDJmLmpwZWciLCJlZGl0cyI6eyJyZXNpemUiOnsid2lkdGgiOjQwMH0sIndlYnAiOnsicXVhbGl0eSI6NTB9fX0=,/sneakers/new-balance/new-balance-2002r-calm-taupe-m2002rcc-ka/62835?from=search
Puma Suede XL Dark Myrtle,1470000,https://d5ibtax54de3q.cloudfront.net/eyJidWNrZXQiOiJraWNrYXZlbnVlLWFzc2V0cyIsImtleSI6InByb2R1Y3RzLzEwODYzMC9kNzU1NTAwNzJmYTJmZTdkMmI0MTY3ZDU0NmEzMGYwNS5wbmciLCJlZGl0cyI6eyJyZXNpemUiOnsid2lkdGgiOjQwMH0sIndlYnAiOnsicXVhbGl0eSI6NTB9fX0=,/sneakers/puma/puma-suede-xl-dark-myrtle-395205-21-ka/108630?from=search
Nike Pegasus Trail 5 Black Anthracite,2040000,https://d5ibtax54de3q.cloudfront.net/eyJidWNrZXQiOiJraWNrYXZlbnVlLWFzc2V0cyIsImtleSI6InByb2R1Y3RzLzEwNTY0Ny80MzY0ZTc5NGM3ODM5ZGI1ZWNlNWJjMWZlY2I4ZGMzMS5wbmciLCJlZGl0cyI6eyJyZXNpemUiOnsid2lkdGgiOjQwMH0sIndlYnAiOnsicXVhbGl0eSI6NTB9fX0=,/sneakers/nike/nike-pegasus-trail-5-black-anthracite-dv3864-002-ka/105647?from=search
New Balance 1000 Aime Leon Dore Grey,3730000,https://d5ibtax54de3q.cloudfront.net/eyJidWNrZXQiOiJraWNrYXZlbnVlLWFzc2V0cyIsImtleSI6InByb2R1Y3RzLzEwNjE0OC82MjE4NWYwMTU1Y2JhYjIzZDU5MmE1MzFhOTc3YzRiNS5wbmciLCJlZGl0cyI6eyJyZXNpemUiOnsid2lkdGgiOjQwMH0sIndlYnAiOnsicXVhbGl0eSI6NTB9fX0=,/sneakers/new-balance/new-balance-1000-aime-leon-dore-grey-m1000al1-ka/106148?from=search
Nike Dunk Low Black White Midnight Navy (GS),950000,https://d5ibtax54de3q.cloudfront.net/eyJidWNrZXQiOiJraWNrYXZlbnVlLWFzc2V0cyIsImtleSI6InByb2R1Y3RzLzExNjQwNS8wMjU5Y2Q1N2JkZWNhZTVjYjk3NDIwMzgyM2JkYzU5Ni5wbmciLCJlZGl0cyI6eyJyZXNpemUiOnsid2lkdGgiOjQwMH0sIndlYnAiOnsicXVhbGl0eSI6NTB9fX0=,/sneakers/nike/nike-dunk-low-black-white-midnight-navy-gs-hj9202-001-ka/116405?from=search
Adidas Campus 80s Song for the Mute Black,2110000,https://d5ibtax54de3q.cloudfront.net/eyJidWNrZXQiOiJraWNrYXZlbnVlLWFzc2V0cyIsImtleSI6InByb2R1Y3RzLzc0MDMyLzRmZDc4OWZlMzlhOTQ4OWMwY2JhNzA3NjlkNjQzMzUxLnBuZyIsImVkaXRzIjp7InJlc2l6ZSI6eyJ3aWR0aCI6NDAwfSwid2VicCI6eyJxdWFsaXR5Ijo1MH19fQ==,/sneakers/adidas/adidas-campus-80s-song-for-the-mute-black-id4791-ka/74032?from=search
Air Jordan Why Not Zer0.4 PF Upbringing,1240000,https://d5ibtax54de3q.cloudfront.net/eyJidWNrZXQiOiJraWNrYXZlbnVlLWFzc2V0cyIsImtleSI6InByb2R1Y3RzLzkzOTEzL2I3YTMxMmY3MGNhOGI0MmJiNzI3NDRkY2Y2ZTI0ZjNmLnBuZyIsImVkaXRzIjp7InJlc2l6ZSI6eyJ3aWR0aCI6NDAwfSwid2VicCI6eyJxdWFsaXR5Ijo1MH19fQ==,/sneakers/nike/jordan-jordan-why-not-zer04-pf-upbringing-dd1134-103-ka/93913?from=search
Onitsuka Tiger Mexico 66 SD Kill Bill - Yellow Midsole 2024,2710000,https://d5ibtax54de3q.cloudfront.net/eyJidWNrZXQiOiJraWNrYXZlbnVlLWFzc2V0cyIsImtleSI6InByb2R1Y3RzLzEwODI4My9lNzViOGJmOTQ3MzRiMDNhNTZkNTU2YTNkY2UyMGMxNi5wbmciLCJlZGl0cyI6eyJyZXNpemUiOnsid2lkdGgiOjQwMH0sIndlYnAiOnsicXVhbGl0eSI6NTB9fX0=,/sneakers/onitsuka-tiger/onitsuka-tiger-mexico-66-sd-kill-bill-yellow-midsole-2024-1183a872-752-ka/108283?from=search
New Balance 990v5 Aime Leon Dore,8750000,https://d5ibtax54de3q.cloudfront.net/eyJidWNrZXQiOiJraWNrYXZlbnVlLWFzc2V0cyIsImtleSI6InByb2R1Y3RzLzU5NzUvZGNlZThhYWItMDJjNS00NDc3LTk0ZTMtNDQ3NjE4YTlkZDIzLmpwZWciLCJlZGl0cyI6eyJyZXNpemUiOnsid2lkdGgiOjQwMH0sIndlYnAiOnsicXVhbGl0eSI6NTB9fX0=,/sneakers/new-balance/new-balance-990v5-aime-leon-dore-m990al5-ka/5975?from=search
ASICS Gel-Lyte III Naruto Shippuden Kakashi,2760000,https://d5ibtax54de3q.cloudfront.net/eyJidWNrZXQiOiJraWNrYXZlbnVlLWFzc2V0cyIsImtleSI6InByb2R1Y3RzLzU4ODU3L2EyNmJiNWRlOTQ5YmI2Njg1NGQ2NjA2MWIwZTdiOTgzLmpwZWciLCJlZGl0cyI6eyJyZXNpemUiOnsid2lkdGgiOjQwMH0sIndlYnAiOnsicXVhbGl0eSI6NTB9fX0=,/sneakers/asics/asics-gel-lyte-iii-naruto-shippuden-kakashi-1201a661-020-ka/58857?from=search
Nike Dunk Low Midnight Navy University Blue,2000000,https://d5ibtax54de3q.cloudfront.net/eyJidWNrZXQiOiJraWNrYXZlbnVlLWFzc2V0cyIsImtleSI6InByb2R1Y3RzLzY1MTQ5L2MzNTFiNmUxNjQwYjJmY2VmZmZhYzk3ZmYyNzJhMjIwLmpwZWciLCJlZGl0cyI6eyJyZXNpemUiOnsid2lkdGgiOjQwMH0sIndlYnAiOnsicXVhbGl0eSI6NTB9fX0=,/sneakers/nike/nike-dunk-low-midnight-navy-university-blue-fn7800-400-ka/65149?from=search
Adidas Samba OG Core Black Gum (Pre-School),1150000,https://d5ibtax54de3q.cloudfront.net/eyJidWNrZXQiOiJraWNrYXZlbnVlLWFzc2V0cyIsImtleSI6InByb2R1Y3RzLzcyMjU2LzI2NDEwYjY4MTBiYTViMTA5OTRlZmZmZGEzMGZhYjBkLnBuZyIsImVkaXRzIjp7InJlc2l6ZSI6eyJ3aWR0aCI6NDAwfSwid2VicCI6eyJxdWFsaXR5Ijo1MH19fQ==,/sneakers/adidas/adidas-samba-og-core-black-gum-ps-ie3678-ka/72256?from=search
New Balance XC-72 Washed Henna Horizon,1440000,https://d5ibtax54de3q.cloudfront.net/eyJidWNrZXQiOiJraWNrYXZlbnVlLWFzc2V0cyIsImtleSI6InByb2R1Y3RzLzI3MjkyL2Q1Y2Y4MjEwZGY3M2E1YmZkZDYwZjYzZGU4YzkzOWY2LnBuZyIsImVkaXRzIjp7InJlc2l6ZSI6eyJ3aWR0aCI6NDAwfSwid2VicCI6eyJxdWFsaXR5Ijo1MH19fQ==,/sneakers/new-balance/new-balance-xc-72-washed-henna-horizon-uxc72op1-ka-2/27292?from=search
Salomon XT-6 RECUT Wren Kangaroo,6000000,https://d5ibtax54de3q.cloudfront.net/eyJidWNrZXQiOiJraWNrYXZlbnVlLWFzc2V0cyIsImtleSI6InByb2R1Y3RzLzQxODc2L2Q0YTMwZjA1NzYwYjc0MzRiMjBiNWY4ZGFjYzc2MmVmLnBuZyIsImVkaXRzIjp7InJlc2l6ZSI6eyJ3aWR0aCI6NDAwfSwid2VicCI6eyJxdWFsaXR5Ijo1MH19fQ==,/sneakers/salomon/salomon-xt-6-recut-wren-kangaroo-l47305800-ka/41876?from=search
Vans Old Skool VR3 Black Marshmallow,1150000,https://d5ibtax54de3q.cloudfront.net/eyJidWNrZXQiOiJraWNrYXZlbnVlLWFzc2V0cyIsImtleSI6InByb2R1Y3RzLzU4NTIwL2M2YTNlZjYzNWQ4YmE5NjUwOWE3MjgxNTg4MjY5NzY5LmpwZWciLCJlZGl0cyI6eyJyZXNpemUiOnsid2lkdGgiOjQwMH0sIndlYnAiOnsicXVhbGl0eSI6NTB9fX0=,/sneakers/vans/vans-old-skool-vr3-black-marshmallow-vn0005ub1kp-ka/58520?from=search
Onitsuka Tiger Mexico 66 Birch,2180000,https://d5ibtax54de3q.cloudfront.net/eyJidWNrZXQiOiJraWNrYXZlbnVlLWFzc2V0cyIsImtleSI6InByb2R1Y3RzLzczMjQ0L2Q2OTNjZGVlOTU2YjAzOWVlOWY0MWFjYmM2Y2Y0MjcwLnBuZyIsImVkaXRzIjp7InJlc2l6ZSI6eyJ3aWR0aCI6NDAwfSwid2VicCI6eyJxdWFsaXR5Ijo1MH19fQ==,/sneakers/onitsuka-tiger/onitsuka-tiger-mexico-66-birch-d7l0l-0202-ka/73244?from=search
Nike ACG Mountain Fly 2 Low Gore-Tex Dark Smoke Grey,1670000,https://d5ibtax54de3q.cloudfront.net/eyJidWNrZXQiOiJraWNrYXZlbnVlLWFzc2V0cyIsImtleSI6InByb2R1Y3RzLzc0NjY0LzU1YWVlNzRjNWY1MGE2Y2E2Y2RiNzdjMzhjMGQyY2QzLnBuZyIsImVkaXRzIjp7InJlc2l6ZSI6eyJ3aWR0aCI6NDAwfSwid2VicCI6eyJxdWFsaXR5Ijo1MH19fQ==,/sneakers/nike/nike-acg-mountain-fly-2-low-gore-tex-dark-smoke-grey-hf6245-002-ka/74664?from=search
adidas Grand Court 2.0 Cloudfoam White,1060000,https://d5ibtax54de3q.cloudfront.net/eyJidWNrZXQiOiJraWNrYXZlbnVlLWFzc2V0cyIsImtleSI6InByb2R1Y3RzLzcwODc3L2ZiY2Y4N2U2MjMyODMzODYzZDY1M2YwYjBlOGY4NGMyLmpwZWciLCJlZGl0cyI6eyJyZXNpemUiOnsid2lkdGgiOjQwMH0sIndlYnAiOnsicXVhbGl0eSI6NTB9fX0=,/sneakers/adidas/adidas-grand-court-cloudfoam-white-gw9197-ka/70877?from=search
UGG Classic Ultra Mini Boot Antilope (Women's),2390000,https://d5ibtax54de3q.cloudfront.net/eyJidWNrZXQiOiJraWNrYXZlbnVlLWFzc2V0cyIsImtleSI6InByb2R1Y3RzLzczMTI0LzE0YmMzOTJjMDM5YjcyMGZmZWE1ZTgxMWFmMTZmMTFhLnBuZyIsImVkaXRzIjp7InJlc2l6ZSI6eyJ3aWR0aCI6NDAwfSwid2VicCI6eyJxdWFsaXR5Ijo1MH19fQ==,/sneakers/ugg/ugg-classic-ultra-mini-boot-antilope-w-1116109-alp-ka/73124?from=search
Nike Kyrie 2 Kyrache,4360000,https://d5ibtax54de3q.cloudfront.net/eyJidWNrZXQiOiJraWNrYXZlbnVlLWFzc2V0cyIsImtleSI6InByb2R1Y3RzLzgyMTczLzhmM2VlMzUwN2RlZDJmZjJhNjI1Yzg0MGI3NWI5OGFiLnBuZyIsImVkaXRzIjp7InJlc2l6ZSI6eyJ3aWR0aCI6NDAwfSwid2VicCI6eyJxdWFsaXR5Ijo1MH19fQ==,/sneakers/nike/nike-kyrie-2-kyrache-819583-104-ka/82173?from=search
Nike P-6000 Cool Grey,1590000,https://d5ibtax54de3q.cloudfront.net/eyJidWNrZXQiOiJraWNrYXZlbnVlLWFzc2V0cyIsImtleSI6InByb2R1Y3RzLzg0NzM1LzBjODEwYzNmZmIzOTNmNGQ2MDRhYzc0MDQwNThlMzUwLnBuZyIsImVkaXRzIjp7InJlc2l6ZSI6eyJ3aWR0aCI6NDAwfSwid2VicCI6eyJxdWFsaXR5Ijo1MH19fQ==,/sneakers/nike/nike-p-6000-cool-grey-cd6404-003-ka-2/84735?from=search
Nike Mercurial Superfly 6 Elite CR7 FG Cristiano Ronaldo Black Gold,21490000,https://d5ibtax54de3q.cloudfront.net/eyJidWNrZXQiOiJraWNrYXZlbnVlLWFzc2V0cyIsImtleSI6InByb2R1Y3RzLzg5NDMzLzk2ODQzMmQyM2Y2YjUyYjRjMTVmOWRmODZmOGM5ZjdjLnBuZyIsImVkaXRzIjp7InJlc2l6ZSI6eyJ3aWR0aCI6NDAwfSwid2VicCI6eyJxdWFsaXR5Ijo1MH19fQ==,/sneakers/nike/nike-mercurial-superfly-6-elite-cr7-fg-cristiano-ronaldo-black-gold-cj7902-007-ka/89433?from=search
Adidas Galaxy 6 Core Black,600000,https://d5ibtax54de3q.cloudfront.net/eyJidWNrZXQiOiJraWNrYXZlbnVlLWFzc2V0cyIsImtleSI6InByb2R1Y3RzLzk2NTEwLzA5ZjgyYjIxOWM3ZWExNzBiYTRhNzhjNDM3NWJjZDVmLnBuZyIsImVkaXRzIjp7InJlc2l6ZSI6eyJ3aWR0aCI6NDAwfSwid2VicCI6eyJxdWFsaXR5Ijo1MH19fQ==,/sneakers/adidas/adidas-galaxy-6-core-black-gw4138-ka/96510?from=search
Salomon ACS Pro Advanced Lapis Blue,1900000,https://d5ibtax54de3q.cloudfront.net/eyJidWNrZXQiOiJraWNrYXZlbnVlLWFzc2V0cyIsImtleSI6InByb2R1Y3RzLzExMDAyOC9jOWJiYzhiMWY5NDVmNjg2ZTkxYTA1NWEwZjcyZTQ3NC5wbmciLCJlZGl0cyI6eyJyZXNpemUiOnsid2lkdGgiOjQwMH0sIndlYnAiOnsicXVhbGl0eSI6NTB9fX0=,/sneakers/salomon/salomon-acs-pro-advanced-lapis-blue-l47218800-ka/110028?from=search
On Running Cloudspark Black Blueberry (Women's),3220000,https://d5ibtax54de3q.cloudfront.net/eyJidWNrZXQiOiJraWNrYXZlbnVlLWFzc2V0cyIsImtleSI6InByb2R1Y3RzLzEwOTMzNS85MjgxMzBiOTJlMjY5NjFjM2RmZTkzM2UxMmY3OGEyZi5wbmciLCJlZGl0cyI6eyJyZXNpemUiOnsid2lkdGgiOjQwMH0sIndlYnAiOnsicXVhbGl0eSI6NTB9fX0=,/sneakers/on-running/on-running-cloudspark-black-blueberry-w-3we10401947-ka/109335?from=search
Adidas Ultra 4D X A Ma Maniére Black,4450000,https://d5ibtax54de3q.cloudfront.net/eyJidWNrZXQiOiJraWNrYXZlbnVlLWFzc2V0cyIsImtleSI6InByb2R1Y3RzLzExMjg2OS8yYmRiMDJjYzZjNDBiNTQ0MmRlY2YzNDE2ZWMyOTQ1OC5wbmciLCJlZGl0cyI6eyJyZXNpemUiOnsid2lkdGgiOjQwMH0sIndlYnAiOnsicXVhbGl0eSI6NTB9fX0=,/sneakers/adidas/adidas-ultra-4d-x-a-ma-manire-black-g55274-ka/112869?from=search
New Balance 993 MiUSA Teddy Santis Chive,4060000,https://d5ibtax54de3q.cloudfront.net/eyJidWNrZXQiOiJraWNrYXZlbnVlLWFzc2V0cyIsImtleSI6InByb2R1Y3RzLzEwNDgxNC85ZDAyOTE2Y2ZmMmQyNmE5ZDcyZjA4NGI0ODZhODVkMy5wbmciLCJlZGl0cyI6eyJyZXNpemUiOnsid2lkdGgiOjQwMH0sIndlYnAiOnsicXVhbGl0eSI6NTB9fX0=,/sneakers/new-balance/new-balance-993-miusa-teddy-santis-chive-u993gw-ka/104814?from=search
Adidas Duramo RC Cloud White,790000,https://d5ibtax54de3q.cloudfront.net/eyJidWNrZXQiOiJraWNrYXZlbnVlLWFzc2V0cyIsImtleSI6InByb2R1Y3RzLzcwNzMyLzgyZDEwYmZjODA4NjBkMjBlNzNiNDkxMjdmMWFkMDVkLnBuZyIsImVkaXRzIjp7InJlc2l6ZSI6eyJ3aWR0aCI6NDAwfSwid2VicCI6eyJxdWFsaXR5Ijo1MH19fQ==,/sneakers/adidas/adidas-duramo-rc-cloud-white-id2702-ka/70732?from=search
UGG Classic Ultra Mini Boot Chestnut (Women's),1710000,https://d5ibtax54de3q.cloudfront.net/eyJidWNrZXQiOiJraWNrYXZlbnVlLWFzc2V0cyIsImtleSI6InByb2R1Y3RzLzczMTExLzEzMWRkYTQzYzMwZDcyYTBjNTc3ZTdjOTU1YWM3MTBjLnBuZyIsImVkaXRzIjp7InJlc2l6ZSI6eyJ3aWR0aCI6NDAwfSwid2VicCI6eyJxdWFsaXR5Ijo1MH19fQ==,/sneakers/ugg/ugg-classic-ultra-mini-boot-chestnut-w-1116109-che-ka/73111?from=search
Nike Renew Elevate 3 Black Wolf Grey,1230000,https://d5ibtax54de3q.cloudfront.net/eyJidWNrZXQiOiJraWNrYXZlbnVlLWFzc2V0cyIsImtleSI6InByb2R1Y3RzLzg1MzQzL2FjNDA3YWIxMGIzYjgwMTk0ZWE0MTQxN2JiOWJhMGJkLnBuZyIsImVkaXRzIjp7InJlc2l6ZSI6eyJ3aWR0aCI6NDAwfSwid2VicCI6eyJxdWFsaXR5Ijo1MH19fQ==,/sneakers/nike/nike-renew-elevate-3-black-wolf-grey-dd9304-002-ka/85343?from=search
Adidas Ultra Boost Light Core Black Volt,1480000,https://d5ibtax54de3q.cloudfront.net/eyJidWNrZXQiOiJraWNrYXZlbnVlLWFzc2V0cyIsImtleSI6InByb2R1Y3RzLzYzMDM4LzdlNDJmZjY4YTUzMjViNTAxOGVmODI5NmY4ZmZkZjI4LmpwZWciLCJlZGl0cyI6eyJyZXNpemUiOnsid2lkdGgiOjQwMH0sIndlYnAiOnsicXVhbGl0eSI6NTB9fX0=,/sneakers/adidas/adidas-ultra-boost-light-core-black-volt-hq6339-ka/63038?from=search
Vans Authentic VR3 SF Classic Comfort Black,1000000,https://d5ibtax54de3q.cloudfront.net/eyJidWNrZXQiOiJraWNrYXZlbnVlLWFzc2V0cyIsImtleSI6InByb2R1Y3RzLzk4MjI0LzY0YjBhOWFjOTA0NTU5MjJhMDRkZjVmYmFmYWY1OGMzLnBuZyIsImVkaXRzIjp7InJlc2l6ZSI6eyJ3aWR0aCI6NDAwfSwid2VicCI6eyJxdWFsaXR5Ijo1MH19fQ==,/sneakers/vans/vans-authentic-vr3-sf-classic-comfort-black-vn0005ud1kp-ka/98224?from=search
Adidas Bogey Boys Modern Classic 80 Golf,1300000,https://d5ibtax54de3q.cloudfront.net/eyJidWNrZXQiOiJraWNrYXZlbnVlLWFzc2V0cyIsImtleSI6InByb2R1Y3RzLzYyNzM4LzBmMmZjMzQ1NDdkMmE2MjgwYmJkZWZmMmQ3M2M0MjBiLmpwZWciLCJlZGl0cyI6eyJyZXNpemUiOnsid2lkdGgiOjQwMH0sIndlYnAiOnsicXVhbGl0eSI6NTB9fX0=,/sneakers/adidas/adidas-bogey-boys-modern-classic-80-golf-gw2113-ka/62738?from=search
Nike Air Alpha Force 88 SP Billie Eilish White Black,1330000,https://d5ibtax54de3q.cloudfront.net/eyJidWNrZXQiOiJraWNrYXZlbnVlLWFzc2V0cyIsImtleSI6InByb2R1Y3RzLzY3MTAzL2RkODgyYTZkM2VlMjc2Y2Y3MmEyMGY5OTUwOWM4N2MzLnBuZyIsImVkaXRzIjp7InJlc2l6ZSI6eyJ3aWR0aCI6NDAwfSwid2VicCI6eyJxdWFsaXR5Ijo1MH19fQ==,/sneakers/nike/nike-air-alpha-force-88-sp-billie-eilish-white-black-dz6763-102-ka/67103?from=search
Li-Ning Salventius x Wade Fission 8 SE Moment,1180000,https://d5ibtax54de3q.cloudfront.net/eyJidWNrZXQiOiJraWNrYXZlbnVlLWFzc2V0cyIsImtleSI6InByb2R1Y3RzLzEwMjY2MS8xOTg5M2QwYmEzMTI4MmVlY2M4N2U3YzNlNDEzZjMyZi5wbmciLCJlZGl0cyI6eyJyZXNpemUiOnsid2lkdGgiOjQwMH0sIndlYnAiOnsicXVhbGl0eSI6NTB9fX0=,/sneakers/li-ning/li-ning-salventius-x-wade-fission-8-se-moment-abpt029-5-ka-2/102661?from=search
Nike Air Max 1 87 Denim Aura (Women's),990000,https://d5ibtax54de3q.cloudfront.net/eyJidWNrZXQiOiJraWNrYXZlbnVlLWFzc2V0cyIsImtleSI6InByb2R1Y3RzLzgwNDgxLzdiMjAzZDQ4Y2Y5ZGQ4MzQzYmM1NDU5ZDllYjk5OTE4LnBuZyIsImVkaXRzIjp7InJlc2l6ZSI6eyJ3aWR0aCI6NDAwfSwid2VicCI6eyJxdWFsaXR5Ijo1MH19fQ==,/sneakers/nike/nike-air-max-1-87-denim-aura-womens-fq8900-440-ka/80481?from=search
New Balance 2002R Gore-Tex Concrete,2350000,https://d5ibtax54de3q.cloudfront.net/eyJidWNrZXQiOiJraWNrYXZlbnVlLWFzc2V0cyIsImtleSI6InByb2R1Y3RzLzc1MzEyLzhiMWFmMDM2NDBmNzQyYWY2NmMyMmVlYWZiOWRmNTUyLnBuZyIsImVkaXRzIjp7InJlc2l6ZSI6eyJ3aWR0aCI6NDAwfSwid2VicCI6eyJxdWFsaXR5Ijo1MH19fQ==,/sneakers/new-balance/new-balance-2002r-gore-tex-concrete-m2002rxj-ka/75312?from=search
Nike KD 4 Year of the Dragon 2.0,2320000,https://d5ibtax54de3q.cloudfront.net/eyJidWNrZXQiOiJraWNrYXZlbnVlLWFzc2V0cyIsImtleSI6InByb2R1Y3RzLzk1NzQ0LzEwZDQ1Yzc5ZTcxNGVkMWFmNTM5ODNmOGM1YTIxNTg1LnBuZyIsImVkaXRzIjp7InJlc2l6ZSI6eyJ3aWR0aCI6NDAwfSwid2VicCI6eyJxdWFsaXR5Ijo1MH19fQ==,/sneakers/nike/nike-kd-4-year-of-the-dragon-20-fj4189-200-ka/95744?from=search
ASICS Atmos x Undermycar x Gel-Kayano 14 Black Pure Silver,3360000,https://d5ibtax54de3q.cloudfront.net/eyJidWNrZXQiOiJraWNrYXZlbnVlLWFzc2V0cyIsImtleSI6InByb2R1Y3RzLzc2MzE2L2NlYmNhN2Q0Mjc2Zjg0ZmZjZTQ5MmY0NmFhMjBmNmFiLnBuZyIsImVkaXRzIjp7InJlc2l6ZSI6eyJ3aWR0aCI6NDAwfSwid2VicCI6eyJxdWFsaXR5Ijo1MH19fQ==,/sneakers/asics/asics-atmos-x-undermycar-x-gel-kayano-14-black-pure-silver-1203a430-001-ka/76316?from=search
ASICS Gel-NYC White Oyster Grey,1680000,https://d5ibtax54de3q.cloudfront.net/eyJidWNrZXQiOiJraWNrYXZlbnVlLWFzc2V0cyIsImtleSI6InByb2R1Y3RzLzExNTUyOS8xNzU3NGMxMzU3YTFjMmM5NzQ1ZTBjODgwZjkxZDc5Ny5wbmciLCJlZGl0cyI6eyJyZXNpemUiOnsid2lkdGgiOjQwMH0sIndlYnAiOnsicXVhbGl0eSI6NTB9fX0=,/sneakers/asics/asics-gel-nyc-white-oyster-grey-1203a280-100-ka/115529?from=search
Asics Gel Kayano 14 Cream Denim Blue,1910000,https://d5ibtax54de3q.cloudfront.net/eyJidWNrZXQiOiJraWNrYXZlbnVlLWFzc2V0cyIsImtleSI6InByb2R1Y3RzLzExMDE5My9iODg5YmE0OTBhMTg3Nzg1ZTJhMzQyOWZhMmIxODdmNC5wbmciLCJlZGl0cyI6eyJyZXNpemUiOnsid2lkdGgiOjQwMH0sIndlYnAiOnsicXVhbGl0eSI6NTB9fX0=,/sneakers/asics/asics-gel-kayano-14-cream-denim-blue-1203a537-102-ka/110193?from=search
Adidas Adizero Adios Pro 3 Black Spark,2950000,https://d5ibtax54de3q.cloudfront.net/eyJidWNrZXQiOiJraWNrYXZlbnVlLWFzc2V0cyIsImtleSI6InByb2R1Y3RzLzEwMzc4Ny9kODE5NDlmYzk3NTdlYmI2MjgxODljMTY1YWRkZjE4YS5wbmciLCJlZGl0cyI6eyJyZXNpemUiOnsid2lkdGgiOjQwMH0sIndlYnAiOnsicXVhbGl0eSI6NTB9fX0=,/sneakers/adidas/adidas-adizero-adios-pro-3-black-spark-ig6439-ka/103787?from=search
UGG Tasman Slipper Chestnut (Women's),1710000,https://d5ibtax54de3q.cloudfront.net/eyJidWNrZXQiOiJraWNrYXZlbnVlLWFzc2V0cyIsImtleSI6InByb2R1Y3RzLzczMTEyLzJlMjJjYjU4YmU4YWVkN2NmODY5ZTA3MDM5YTc5ZTE5LnBuZyIsImVkaXRzIjp7InJlc2l6ZSI6eyJ3aWR0aCI6NDAwfSwid2VicCI6eyJxdWFsaXR5Ijo1MH19fQ==,/sneakers/ugg/ugg-tasman-slipper-chestnut-w-5955-che-ka/73112?from=search
Adidas Gazelle Indoor CLOT By Edison Chen Collegiate Navy,3330000,https://d5ibtax54de3q.cloudfront.net/eyJidWNrZXQiOiJraWNrYXZlbnVlLWFzc2V0cyIsImtleSI6InByb2R1Y3RzLzExNTQ5Ny83OGYzZGRjOGRkZjk3ODA0YTcxNWVkNDBkMmZlMjdjZS5wbmciLCJlZGl0cyI6eyJyZXNpemUiOnsid2lkdGgiOjQwMH0sIndlYnAiOnsicXVhbGl0eSI6NTB9fX0=,/sneakers/adidas/adidas-gazelle-indoor-clot-by-edison-chen-collegiate-navy-ih3725-ka/115497?from=search
New Balance 1000 Grey Cream,2240000,/static/media/kick_avenue_empty_image.cf172573.png,/sneakers/new-balance/new-balance-1000-grey-cream-m1000mb-ka/116387?from=search
Li-Ning Way Of Wade 11 Team No Sleep,3970000,https://d5ibtax54de3q.cloudfront.net/eyJidWNrZXQiOiJraWNrYXZlbnVlLWFzc2V0cyIsImtleSI6InByb2R1Y3RzLzExMTM4MS82ZWU4MDYzNjY0ODcyYjczNzQ2NGYyNWYzMGY3MTA2Mi5wbmciLCJlZGl0cyI6eyJyZXNpemUiOnsid2lkdGgiOjQwMH0sIndlYnAiOnsicXVhbGl0eSI6NTB9fX0=,/sneakers/li-ning/li-ning-way-of-wade-11-team-no-sleep-abau049-3-ka/111381?from=search
Adidas Gazelle Indoor Dorophy Tang,2350000,https://d5ibtax54de3q.cloudfront.net/eyJidWNrZXQiOiJraWNrYXZlbnVlLWFzc2V0cyIsImtleSI6InByb2R1Y3RzLzEwODAzMi9hNDY3YzI1ODNlZGY2ZjRiMGMzNDY1MGU3ZTExODIzMC5wbmciLCJlZGl0cyI6eyJyZXNpemUiOnsid2lkdGgiOjQwMH0sIndlYnAiOnsicXVhbGl0eSI6NTB9fX0=,/sneakers/adidas/adidas-gazelle-indoor-dorophy-tang-ig3677-ka/108032?from=search
Nike Mercurial Superfly 9 FG Kylian Mbappe Air Max Plus Voltage Purple,4380000,https://d5ibtax54de3q.cloudfront.net/eyJidWNrZXQiOiJraWNrYXZlbnVlLWFzc2V0cyIsImtleSI6InByb2R1Y3RzLzk1MjkxLzExMTc5YzAwZDExZDVkOTBjYTdiYjhjNjE5NzQzMzYyLnBuZyIsImVkaXRzIjp7InJlc2l6ZSI6eyJ3aWR0aCI6NDAwfSwid2VicCI6eyJxdWFsaXR5Ijo1MH19fQ==,/sneakers/nike/nike-mercurial-superfly-9-fg-kylian-mbappe-air-max-plus-voltage-purple-fv4553-500-ka/95291?from=search
Nike Kyrie S2 Hybrid Chinese New Year,2290000,https://d5ibtax54de3q.cloudfront.net/eyJidWNrZXQiOiJraWNrYXZlbnVlLWFzc2V0cyIsImtleSI6InByb2R1Y3RzLzgyNTYwL2RiZmQ4MDgyMmRmODgxYWY4YWNkMDUzZGIyYjdjYjlhLnBuZyIsImVkaXRzIjp7InJlc2l6ZSI6eyJ3aWR0aCI6NDAwfSwid2VicCI6eyJxdWFsaXR5Ijo1MH19fQ==,/sneakers/nike/nike-kyrie-s2-hybrid-chinese-new-year-dd1469-600-ka/82560?from=search
New Balance 550 White Timberwolf,800000,https://d5ibtax54de3q.cloudfront.net/eyJidWNrZXQiOiJraWNrYXZlbnVlLWFzc2V0cyIsImtleSI6InByb2R1Y3RzLzcwNDMzL2YzODQ0MjJkOWE5MDViMzE3NGU1NDZiZGRhOTdjMzVjLnBuZyIsImVkaXRzIjp7InJlc2l6ZSI6eyJ3aWR0aCI6NDAwfSwid2VicCI6eyJxdWFsaXR5Ijo1MH19fQ==,/sneakers/new-balance/new-balance-550-white-timberwolf-bb550pwg-ka/70433?from=search
Nike Air Zoom Pegasus 36 Trail Gyakusou Yellow,1860000,https://d5ibtax54de3q.cloudfront.net/eyJidWNrZXQiOiJraWNrYXZlbnVlLWFzc2V0cyIsImtleSI6InByb2R1Y3RzLzUxODkvNjIxZTFhYTQtMjRiNC00YmU1LWJiMDgtNTFkNjAyY2RlYzA1LmpwZWciLCJlZGl0cyI6eyJyZXNpemUiOnsid2lkdGgiOjQwMH0sIndlYnAiOnsicXVhbGl0eSI6NTB9fX0=,/sneakers/nike/nike-air-zoom-pegasus-36-trail-gyakusou-yellow-cd0383-700-ka/5189?from=search
New Balance 993 Kith Grey (Standard Width),3630000,https://d5ibtax54de3q.cloudfront.net/eyJidWNrZXQiOiJraWNrYXZlbnVlLWFzc2V0cyIsImtleSI6InByb2R1Y3RzLzY4ODEvNGE3NzMyYjItNDA5MC00MDI4LWFhYzctOGE3YWIyMzMwMzE3LnBuZyIsImVkaXRzIjp7InJlc2l6ZSI6eyJ3aWR0aCI6NDAwfSwid2VicCI6eyJxdWFsaXR5Ijo1MH19fQ==,/sneakers/new-balance/new-balance-993-kith-grey-standard-width-mr993gl-ka/6881?from=search
Nike GT Jump 2 Modern 365,2830000,https://d5ibtax54de3q.cloudfront.net/eyJidWNrZXQiOiJraWNrYXZlbnVlLWFzc2V0cyIsImtleSI6InByb2R1Y3RzLzY2MDc5LzNlMWNmYTZiZjhiZTA4NTFkMDM1NGI0ZWEwZjJjZjE2LnBuZyIsImVkaXRzIjp7InJlc2l6ZSI6eyJ3aWR0aCI6NDAwfSwid2VicCI6eyJxdWFsaXR5Ijo1MH19fQ==,/sneakers/nike/nike-gt-jump-2-modern-365-dj9431-001-ka/66079?from=search
Crocs Pollex Clog Salehe Bembury Menemsha,5330000,https://d5ibtax54de3q.cloudfront.net/eyJidWNrZXQiOiJraWNrYXZlbnVlLWFzc2V0cyIsImtleSI6InByb2R1Y3RzLzMyMzkzLzY4MWNiYmVjZGNjODdkZTk3YmQ2MDJjOWRjZDdhNWNiLnBuZyIsImVkaXRzIjp7InJlc2l6ZSI6eyJ3aWR0aCI6NDAwfSwid2VicCI6eyJxdWFsaXR5Ijo1MH19fQ==,/sneakers/crocs/crocs-pollex-clog-salehe-bembury-menemsha-207393-195-ka/32393?from=search
Asics Gel-Sonoma 15-50 Lake Drive Blue Beige,1700000,https://d5ibtax54de3q.cloudfront.net/eyJidWNrZXQiOiJraWNrYXZlbnVlLWFzc2V0cyIsImtleSI6InByb2R1Y3RzLzMzMTgwL2E5ZGJiMzU0YjExMGJiOGNmYjYxYjVlNzUxNmVmY2E0LnBuZyIsImVkaXRzIjp7InJlc2l6ZSI6eyJ3aWR0aCI6NDAwfSwid2VicCI6eyJxdWFsaXR5Ijo1MH19fQ==,/sneakers/asics/asics-gel-sonoma-15-50-lake-drive-blue-beige-1201a438-400-ka/33180?from=search
Crocs Classic Mega Crush Clog MCM Belt Bag Black,20100000,https://d5ibtax54de3q.cloudfront.net/eyJidWNrZXQiOiJraWNrYXZlbnVlLWFzc2V0cyIsImtleSI6InByb2R1Y3RzLzY4MzczL2JhYmRiMGVkNmYxYjIwZjIxOGVjMzY5NmI1OGE2MWJjLnBuZyIsImVkaXRzIjp7InJlc2l6ZSI6eyJ3aWR0aCI6NDAwfSwid2VicCI6eyJxdWFsaXR5Ijo1MH19fQ==,/sneakers/crocs/crocs-classic-mega-crush-clog-mcm-belt-bag-black-209357-001-ka/68373?from=search
Adidas X Gucci Gazelle Black GG Monogram,16400000,https://d5ibtax54de3q.cloudfront.net/eyJidWNrZXQiOiJraWNrYXZlbnVlLWFzc2V0cyIsImtleSI6InByb2R1Y3RzLzcyNDUxLzY2MmM5M2RkMmVmNGZkMGFmNmNlYjdiM2JjNDBiODMyLnBuZyIsImVkaXRzIjp7InJlc2l6ZSI6eyJ3aWR0aCI6NDAwfSwid2VicCI6eyJxdWFsaXR5Ijo1MH19fQ==,/sneakers/adidas/adidas-x-gucci-gazelle-black-gg-monogram-ie2264-ka/72451?from=search
MLB Chunky Classic Heel Dia Monogram,2200000,https://d5ibtax54de3q.cloudfront.net/eyJidWNrZXQiOiJraWNrYXZlbnVlLWFzc2V0cyIsImtleSI6InByb2R1Y3RzLzc3NDQxLzI3ZTFkNmVjOTgyM2VjMDMwMTE5ZjM2MGQ3MWNkZjg4LnBuZyIsImVkaXRzIjp7InJlc2l6ZSI6eyJ3aWR0aCI6NDAwfSwid2VicCI6eyJxdWFsaXR5Ijo1MH19fQ==,/sneakers/mlb/mlb-chunky-classic-heel-dia-monogram-3asxam82n-50bks-ka/77441?from=search
Nike SB Zoom Blazer Mid PRM Plus Plum Eclipse Gum,1060000,https://d5ibtax54de3q.cloudfront.net/eyJidWNrZXQiOiJraWNrYXZlbnVlLWFzc2V0cyIsImtleSI6InByb2R1Y3RzLzY2NTMzLzFhMGRiOTVlODA0MWNjYmViNmU4ODgyMDY1ZDFlNGIyLnBuZyIsImVkaXRzIjp7InJlc2l6ZSI6eyJ3aWR0aCI6NDAwfSwid2VicCI6eyJxdWFsaXR5Ijo1MH19fQ==,/sneakers/nike/nike-sb-zoom-blazer-mid-prm-plus-plum-eclipse-gum-dv5468-200-ka/66533?from=search
New Balance 2002R Mule Phantom,1940000,https://d5ibtax54de3q.cloudfront.net/eyJidWNrZXQiOiJraWNrYXZlbnVlLWFzc2V0cyIsImtleSI6InByb2R1Y3RzLzc1MzA5L2Q1N2E3MzAyYzMwNTU5YTNhNzAzNjllNzY2MDU3ZDdjLnBuZyIsImVkaXRzIjp7InJlc2l6ZSI6eyJ3aWR0aCI6NDAwfSwid2VicCI6eyJxdWFsaXR5Ijo1MH19fQ==,/sneakers/new-balance/new-balance-2002r-mule-phantom-m2002rmc-ka/75309?from=search
Nike Zoom Vomero 5 Black Picante Red,1600000,https://d5ibtax54de3q.cloudfront.net/eyJidWNrZXQiOiJraWNrYXZlbnVlLWFzc2V0cyIsImtleSI6InByb2R1Y3RzLzc3Mzg3L2ZiZWZmYmYyOGEyNjQwMjhhNDBkMTM2MTJhMjIzYzQ5LnBuZyIsImVkaXRzIjp7InJlc2l6ZSI6eyJ3aWR0aCI6NDAwfSwid2VicCI6eyJxdWFsaXR5Ijo1MH19fQ==,/sneakers/nike/nike-zoom-vomero-5-black-picante-red-fb9149-001-ka/77387?from=search
Nike Juniper Trail 2 Black Ironstone,1030000,https://d5ibtax54de3q.cloudfront.net/eyJidWNrZXQiOiJraWNrYXZlbnVlLWFzc2V0cyIsImtleSI6InByb2R1Y3RzLzg0MDkxLzc3NDIyMGU0OTc4NTRiMzczMWVhZjU0MGZiNDc2Yzg5LnBuZyIsImVkaXRzIjp7InJlc2l6ZSI6eyJ3aWR0aCI6NDAwfSwid2VicCI6eyJxdWFsaXR5Ijo1MH19fQ==,/sneakers/nike/nike-juniper-trail-2-black-ironstone-dm0822-005-ka/84091?from=search
Crocs Classic Clog McDonald's,1330000,https://d5ibtax54de3q.cloudfront.net/eyJidWNrZXQiOiJraWNrYXZlbnVlLWFzc2V0cyIsImtleSI6InByb2R1Y3RzLzc0OTEzL2NlMGQ0N2E5ZmEzY2FlNTE1MmFlYWFkYzZlZDZhMjdhLnBuZyIsImVkaXRzIjp7InJlc2l6ZSI6eyJ3aWR0aCI6NDAwfSwid2VicCI6eyJxdWFsaXR5Ijo1MH19fQ==,/sneakers/crocs/crocs-classic-clog-mcdonalds-209858-90h-ka/74913?from=search
Adidas Handball Spezial Sporty & Rich Green (Kick Point Only),719000,https://d5ibtax54de3q.cloudfront.net/eyJidWNrZXQiOiJraWNrYXZlbnVlLWFzc2V0cyIsImtleSI6InByb2R1Y3RzLzExMjQ3Ny8yNjBiZGE3ZGZkZjM1MGQwODk1NjgxMDY4Njc4MTY4My5wbmciLCJlZGl0cyI6eyJyZXNpemUiOnsid2lkdGgiOjQwMH0sIndlYnAiOnsicXVhbGl0eSI6NTB9fX0=,/sneakers/adidas/adidas-handball-spezial-sporty-rich-green-kick-point-only-kp-ih2148-ka/112477?from=search
Saucony Cohesion 2K Grey Silver,990000,https://d5ibtax54de3q.cloudfront.net/eyJidWNrZXQiOiJraWNrYXZlbnVlLWFzc2V0cyIsImtleSI6InByb2R1Y3RzLzEwNDc5Ni82NTI4MjczZDI5MTUwNGM4OWY0MjlhOGI2YzljZGRhMS5wbmciLCJlZGl0cyI6eyJyZXNpemUiOnsid2lkdGgiOjQwMH0sIndlYnAiOnsicXVhbGl0eSI6NTB9fX0=,/sneakers/saucony/saucony-cohesion-2k-grey-silver-s79019-1-ka/104796?from=search
Puma Palermo OG Light Mint Orchid,1550000,https://d5ibtax54de3q.cloudfront.net/eyJidWNrZXQiOiJraWNrYXZlbnVlLWFzc2V0cyIsImtleSI6InByb2R1Y3RzLzExMjI2NC9jMDI3YjA3MTc0ZGMwODJhZWMwNzg4Njg5ODAyZTdjMi5wbmciLCJlZGl0cyI6eyJyZXNpemUiOnsid2lkdGgiOjQwMH0sIndlYnAiOnsicXVhbGl0eSI6NTB9fX0=,/sneakers/puma/puma-palermo-og-light-mint-orchid-383011-07-ka/112264?from=search
Nike Air Max 1 OG Vintage,1400000,https://d5ibtax54de3q.cloudfront.net/eyJidWNrZXQiOiJraWNrYXZlbnVlLWFzc2V0cyIsImtleSI6InByb2R1Y3RzLzExMjI5NS9iY2VmZTJkMDEyNjE0YjViY2M4ZjNlZTMxYjcyYzU3NC5wbmciLCJlZGl0cyI6eyJyZXNpemUiOnsid2lkdGgiOjQwMH0sIndlYnAiOnsicXVhbGl0eSI6NTB9fX0=,/sneakers/nike/nike-air-max-1-og-vintage-554717-160-ka/112295?from=search
Adidas SL 72 RS Core Black,2500000,https://d5ibtax54de3q.cloudfront.net/eyJidWNrZXQiOiJraWNrYXZlbnVlLWFzc2V0cyIsImtleSI6InByb2R1Y3RzLzExMTU0My9jNzM3YTEwM2VjY2RjZjMzYTNkOTdlODk0M2E3YzU5Yi5wbmciLCJlZGl0cyI6eyJyZXNpemUiOnsid2lkdGgiOjQwMH0sIndlYnAiOnsicXVhbGl0eSI6NTB9fX0=,/sneakers/adidas/adidas-sl-72-rs-core-black-ih8019-ka/111543?from=search
Puma Suede XL Putty Warm White,1230000,https://d5ibtax54de3q.cloudfront.net/eyJidWNrZXQiOiJraWNrYXZlbnVlLWFzc2V0cyIsImtleSI6InByb2R1Y3RzLzExMzQ2My8zZmQzZjkyMjExYWMwZjE4MTIzMWY0NWE3NzJmZjc4YS5wbmciLCJlZGl0cyI6eyJyZXNpemUiOnsid2lkdGgiOjQwMH0sIndlYnAiOnsicXVhbGl0eSI6NTB9fX0=,/sneakers/puma/puma-suede-xl-putty-warm-white-395205-05-ka/113463?from=search
On Running Cloudtilt Sand Cream,3390000,https://d5ibtax54de3q.cloudfront.net/eyJidWNrZXQiOiJraWNrYXZlbnVlLWFzc2V0cyIsImtleSI6InByb2R1Y3RzLzEwODgwNy9kYTY1YmQxZDg0MDFiMjhiMWE1NTE2ZmJkZjIzYTg0OC5wbmciLCJlZGl0cyI6eyJyZXNpemUiOnsid2lkdGgiOjQwMH0sIndlYnAiOnsicXVhbGl0eSI6NTB9fX0=,/sneakers/on-running/on-running-cloudtilt-sand-cream-3me10102858-ka/108807?from=search
Nike KD 3 Retro Christmas (2023),2200000,https://d5ibtax54de3q.cloudfront.net/eyJidWNrZXQiOiJraWNrYXZlbnVlLWFzc2V0cyIsImtleSI6InByb2R1Y3RzLzc3MzkzL2U5YjAzZGRkMzUyYjg5MWFkMTZlMjIxNTA5OTVlZGJhLnBuZyIsImVkaXRzIjp7InJlc2l6ZSI6eyJ3aWR0aCI6NDAwfSwid2VicCI6eyJxdWFsaXR5Ijo1MH19fQ==,/sneakers/nike/nike-kd-3-retro-christmas-2023-fd5606-700-ka/77393?from=search
ASICS Novablast 3 Platinum 'White Pure Silver',2220000,https://d5ibtax54de3q.cloudfront.net/eyJidWNrZXQiOiJraWNrYXZlbnVlLWFzc2V0cyIsImtleSI6InByb2R1Y3RzLzEwMjE2My9lYmI3MGU2MDU4NjkzM2I5YjMyYmYxNmViZDg4NmE3ZC5wbmciLCJlZGl0cyI6eyJyZXNpemUiOnsid2lkdGgiOjQwMH0sIndlYnAiOnsicXVhbGl0eSI6NTB9fX0=,/sneakers/asics/asics-novablast-3-platinum-white-pure-silver-1011b461-100-ka-2/102163?from=search
Nike Air Max 97 USA Obsidian,1540000,https://d5ibtax54de3q.cloudfront.net/eyJidWNrZXQiOiJraWNrYXZlbnVlLWFzc2V0cyIsImtleSI6InByb2R1Y3RzLzgxMDE3LzFmNTY5NmJkOGU3Y2EyYTBlMTMwMWNmZjA2YTU2ZGFhLnBuZyIsImVkaXRzIjp7InJlc2l6ZSI6eyJ3aWR0aCI6NDAwfSwid2VicCI6eyJxdWFsaXR5Ijo1MH19fQ==,/sneakers/nike/nike-air-max-97-usa-obsidian-921826-405-ka/81017?from=search
Li- Ning Wade Son of Flash Grey Boy,1230000,https://d5ibtax54de3q.cloudfront.net/eyJidWNrZXQiOiJraWNrYXZlbnVlLWFzc2V0cyIsImtleSI6InByb2R1Y3RzLzEwMjUxMS9hNDY3YTBlYzI2MmMxYWRmMmE0NTg1YjBhMTljOWM2NS5wbmciLCJlZGl0cyI6eyJyZXNpemUiOnsid2lkdGgiOjQwMH0sIndlYnAiOnsicXVhbGl0eSI6NTB9fX0=,/sneakers/li-ning/li-ning-wade-son-of-flash-grey-boy-abpt019-8-ka/102511?from=search
Adidas Samba OG Base Green,1690000,https://d5ibtax54de3q.cloudfront.net/eyJidWNrZXQiOiJraWNrYXZlbnVlLWFzc2V0cyIsImtleSI6InByb2R1Y3RzLzExMjMzMi9iNzYzMTgzMjIzY2UzZTZlOThlZTQwM2VkY2VhMDc3MS5wbmciLCJlZGl0cyI6eyJyZXNpemUiOnsid2lkdGgiOjQwMH0sIndlYnAiOnsicXVhbGl0eSI6NTB9fX0=,/sneakers/adidas/adidas-samba-og-base-green-ie9163-ka/112332?from=search
New Balance 990v2 Kith Steel Blue,6280000,https://d5ibtax54de3q.cloudfront.net/eyJidWNrZXQiOiJraWNrYXZlbnVlLWFzc2V0cyIsImtleSI6InByb2R1Y3RzLzM5NDA2LzRkNGM5Mjc0ZmNhN2I4M2M1M2RjZGYxNTdiNzZiZjg1LnBuZyIsImVkaXRzIjp7InJlc2l6ZSI6eyJ3aWR0aCI6NDAwfSwid2VicCI6eyJxdWFsaXR5Ijo1MH19fQ==,/sneakers/new-balance/new-balance-990v2-kith-steel-blue-m990kt2-ka-2/39406?from=search
New Balance 574 Apollo Grey,1240000,https://d5ibtax54de3q.cloudfront.net/eyJidWNrZXQiOiJraWNrYXZlbnVlLWFzc2V0cyIsImtleSI6InByb2R1Y3RzLzM3NTkyLzI1MjdkYmI2NjBiMTBhMWUxYjU4ZWY1ZDEyMWNkMzIwLnBuZyIsImVkaXRzIjp7InJlc2l6ZSI6eyJ3aWR0aCI6NDAwfSwid2VicCI6eyJxdWFsaXR5Ijo1MH19fQ==,/sneakers/new-balance/new-balance-574-apollo-grey-u574wr2-ka-2/37592?from=search
Puma LaMelo Ball MB.02 Supernova,1390000,https://d5ibtax54de3q.cloudfront.net/eyJidWNrZXQiOiJraWNrYXZlbnVlLWFzc2V0cyIsImtleSI6InByb2R1Y3RzLzc5Mjk0LzkyNWVmNmFmNjEyMmM5YWYxZTc5MzZiM2U0NjRjYTE5LnBuZyIsImVkaXRzIjp7InJlc2l6ZSI6eyJ3aWR0aCI6NDAwfSwid2VicCI6eyJxdWFsaXR5Ijo1MH19fQ==,/sneakers/puma/puma-lamelo-ball-mb02-supernova-376442-01-ka/79294?from=search
New Balance 550 Light Milk Tea,800000,https://d5ibtax54de3q.cloudfront.net/eyJidWNrZXQiOiJraWNrYXZlbnVlLWFzc2V0cyIsImtleSI6InByb2R1Y3RzLzU3NDA2LzhjOTI0YTU2Yzk1ZDRiYzZlYzgwNGY3MjQ0ZmM5YWRhLmpwZWciLCJlZGl0cyI6eyJyZXNpemUiOnsid2lkdGgiOjQwMH0sIndlYnAiOnsicXVhbGl0eSI6NTB9fX0=,/sneakers/new-balance/new-balance-550-light-milk-tea-bb550iba-ka/57406?from=search
Converse Chuck Taylor All Star 70's OX Light Brown,860000,https://d5ibtax54de3q.cloudfront.net/eyJidWNrZXQiOiJraWNrYXZlbnVlLWFzc2V0cyIsImtleSI6InByb2R1Y3RzLzc1MDkzLzNjMTQwNGE0ZGQ4ZmY0YmEzM2RmNGJhMmVlMWI5MWNkLnBuZyIsImVkaXRzIjp7InJlc2l6ZSI6eyJ3aWR0aCI6NDAwfSwid2VicCI6eyJxdWFsaXR5Ijo1MH19fQ==,/sneakers/converse/converse-chuck-taylor-all-star-70s-ox-light-brown-a02768c-ka/75093?from=search
On Running Cloud X 3 Ivory Black,2310000,https://d5ibtax54de3q.cloudfront.net/eyJidWNrZXQiOiJraWNrYXZlbnVlLWFzc2V0cyIsImtleSI6InByb2R1Y3RzLzc4OTIxLzlhY2FmNDI0MjNkYTMxZGZmMjRhNWQyZDQwMjI0NmNmLnBuZyIsImVkaXRzIjp7InJlc2l6ZSI6eyJ3aWR0aCI6NDAwfSwid2VicCI6eyJxdWFsaXR5Ijo1MH19fQ==,/sneakers/on-running/on-running-cloud-x-3-ivory-black-6098706-ka/78921?from=search
Nike Dunk Low Scrap Mighty Swooshers,1850000,https://d5ibtax54de3q.cloudfront.net/eyJidWNrZXQiOiJraWNrYXZlbnVlLWFzc2V0cyIsImtleSI6InByb2R1Y3RzLzgyNzc1Lzk4MmI1NmY0MzMwZjAyMmIxNWQ1ZWZmNTgxMDUzMjE2LnBuZyIsImVkaXRzIjp7InJlc2l6ZSI6eyJ3aWR0aCI6NDAwfSwid2VicCI6eyJxdWFsaXR5Ijo1MH19fQ==,/sneakers/nike/nike-dunk-low-scrap-mighty-swooshers-dx6058-101-ka/82775?from=search
ASICS Gel-Nunobiki Cream Dark Olive,1550000,https://d5ibtax54de3q.cloudfront.net/eyJidWNrZXQiOiJraWNrYXZlbnVlLWFzc2V0cyIsImtleSI6InByb2R1Y3RzLzExNTUyMS84NTJmMGU4NDI0ODM2MzU2M2Y5MmVlZmIwMGI1MjU0Yy5wbmciLCJlZGl0cyI6eyJyZXNpemUiOnsid2lkdGgiOjQwMH0sIndlYnAiOnsicXVhbGl0eSI6NTB9fX0=,/sneakers/asics/asics-gel-nunobiki-cream-dark-olive-1203a536-102-ka/115521?from=search
ASICS Gel-Kayano 14 8ON8 Indigo Blue,1480000,https://d5ibtax54de3q.cloudfront.net/eyJidWNrZXQiOiJraWNrYXZlbnVlLWFzc2V0cyIsImtleSI6InByb2R1Y3RzLzEwNjk3Mi85MTQwNmI1NTZhYTM2MjYyN2Q5OWViNTJmNmIyNGFlNi5wbmciLCJlZGl0cyI6eyJyZXNpemUiOnsid2lkdGgiOjQwMH0sIndlYnAiOnsicXVhbGl0eSI6NTB9fX0=,/sneakers/asics/asics-gel-kayano-14-8on8-indigo-blue-1201b024-400-ka/106972?from=search
Air Jordan 1 Mid SE Neutral Grey,1620000,https://d5ibtax54de3q.cloudfront.net/eyJidWNrZXQiOiJraWNrYXZlbnVlLWFzc2V0cyIsImtleSI6InByb2R1Y3RzLzEwOTE2Ni81ZWU0NjFkYTMyODI3ZjBlYmY4OTE3ZGVkNTI4M2JkOS5wbmciLCJlZGl0cyI6eyJyZXNpemUiOnsid2lkdGgiOjQwMH0sIndlYnAiOnsicXVhbGl0eSI6NTB9fX0=,/sneakers/air-jordan/air-jordan-1-mid-se-neutral-grey-fq7720-002-ka/109166?from=search
New Balance 1906A Sea Salt Astro Dust,2850000,https://d5ibtax54de3q.cloudfront.net/eyJidWNrZXQiOiJraWNrYXZlbnVlLWFzc2V0cyIsImtleSI6InByb2R1Y3RzLzEwOTk2My8wNjc0NTlhOTk3Mjc2Mjg0NjcwOWQxNTYwMDFjZDVmYS5wbmciLCJlZGl0cyI6eyJyZXNpemUiOnsid2lkdGgiOjQwMH0sIndlYnAiOnsicXVhbGl0eSI6NTB9fX0=,/sneakers/new-balance/new-balance-1906a-sea-salt-astro-dust-m1906ab-ka/109963?from=search
Nike SB Chron 2 Black Gum,680000,https://d5ibtax54de3q.cloudfront.net/eyJidWNrZXQiOiJraWNrYXZlbnVlLWFzc2V0cyIsImtleSI6InByb2R1Y3RzLzg5NjQ1LzBmOTEzM2Q3ZWFhNDQyMjc5NWIzNTM3MjVlYWQ3YzY3LnBuZyIsImVkaXRzIjp7InJlc2l6ZSI6eyJ3aWR0aCI6NDAwfSwid2VicCI6eyJxdWFsaXR5Ijo1MH19fQ==,/sneakers/nike/nike-sb-chron-2-black-gum-dm3493-002-ka/89645?from=search
Converse One Star Ox Golf Le Fleur Burlap,1800000,https://d5ibtax54de3q.cloudfront.net/eyJidWNrZXQiOiJraWNrYXZlbnVlLWFzc2V0cyIsImtleSI6InByb2R1Y3RzLzc1NzEvZjY2YjhlMDQzZTVmNTNhN2EzYWViOWQyYWE0MWYwY2YucG5nIiwiZWRpdHMiOnsicmVzaXplIjp7IndpZHRoIjo0MDB9LCJ3ZWJwIjp7InF1YWxpdHkiOjUwfX19,/sneakers/converse/converse-one-star-ox-golf-le-fleur-burlap-163169c-ka-2/7571?from=search
ASICS Gel-Kayano 14 Monozukuri,1770000,https://d5ibtax54de3q.cloudfront.net/eyJidWNrZXQiOiJraWNrYXZlbnVlLWFzc2V0cyIsImtleSI6InByb2R1Y3RzLzU3OTIwLzkzYmNiNmE1MmExNjhiODI0MTRmNDBjMWY3YjRmNTFjLmpwZWciLCJlZGl0cyI6eyJyZXNpemUiOnsid2lkdGgiOjQwMH0sIndlYnAiOnsicXVhbGl0eSI6NTB9fX0=,/sneakers/asics/asics-gel-kayano-14-monozukuri-1201a179-001-ka/57920?from=search
New Balance 1906R Silver Metallic Team Royal,2070000,https://d5ibtax54de3q.cloudfront.net/eyJidWNrZXQiOiJraWNrYXZlbnVlLWFzc2V0cyIsImtleSI6InByb2R1Y3RzLzc0MDY0Lzg5ZWEwNTY5ZGU4ZmVmYWEyYmJlZmM1NWFhMDk2YzVmLnBuZyIsImVkaXRzIjp7InJlc2l6ZSI6eyJ3aWR0aCI6NDAwfSwid2VicCI6eyJxdWFsaXR5Ijo1MH19fQ==,/sneakers/new-balance/new-balance-1906r-silver-metallic-team-royal-m1906rcd-ka/74064?from=search
Nike P-6000 Pure Platinum,2120000,https://d5ibtax54de3q.cloudfront.net/eyJidWNrZXQiOiJraWNrYXZlbnVlLWFzc2V0cyIsImtleSI6InByb2R1Y3RzLzc0ODU1L2FiYzgxNGE1NDdhYjY5Y2VjNjg5ZjkxZDU3NTI1YzA4LnBuZyIsImVkaXRzIjp7InJlc2l6ZSI6eyJ3aWR0aCI6NDAwfSwid2VicCI6eyJxdWFsaXR5Ijo1MH19fQ==,/sneakers/nike/nike-p-6000-pure-platinum-cd6404-006-ka/74855?from=search
Vans Style 36 Year Of The Rabbit Black,640000,https://d5ibtax54de3q.cloudfront.net/eyJidWNrZXQiOiJraWNrYXZlbnVlLWFzc2V0cyIsImtleSI6InByb2R1Y3RzLzc4MTcyLzhjZjE1YzU0YmM0NDA4YmQ2NTU4YzNjYjg2ZDY5NDMwLnBuZyIsImVkaXRzIjp7InJlc2l6ZSI6eyJ3aWR0aCI6NDAwfSwid2VicCI6eyJxdWFsaXR5Ijo1MH19fQ==,/sneakers/vans/vans-style-36-year-of-the-rabbit-black-vn0a54f6bm8-ka/78172?from=search
New Balance 993 MiUSA Kith Pistachio,10070000,https://d5ibtax54de3q.cloudfront.net/eyJidWNrZXQiOiJraWNrYXZlbnVlLWFzc2V0cyIsImtleSI6InByb2R1Y3RzLzU3NTU1LzNhMGM1Y2ZlYTZmMmJmY2E4YWNlYzYwNDhkNjA4OTI0LmpwZWciLCJlZGl0cyI6eyJyZXNpemUiOnsid2lkdGgiOjQwMH0sIndlYnAiOnsicXVhbGl0eSI6NTB9fX0=,/sneakers/new-balance/new-balance-993-miusa-kith-pistachio-mr993kh1-ka/57555?from=search
Nike ACG Watercat+ Bright Mandarin Gridiron,740000,https://d5ibtax54de3q.cloudfront.net/eyJidWNrZXQiOiJraWNrYXZlbnVlLWFzc2V0cyIsImtleSI6InByb2R1Y3RzLzczMDExLzgwZGQwYjliYTNmMDM0OTc1NjNiZTBlMThiNGU1MDkyLnBuZyIsImVkaXRzIjp7InJlc2l6ZSI6eyJ3aWR0aCI6NDAwfSwid2VicCI6eyJxdWFsaXR5Ijo1MH19fQ==,/sneakers/nike/nike-acg-watercat-bright-mandarin-gridiron-cz0931-001-ka/73011?from=search
Nike Terminator Low Croc Velvet Brown,1100000,https://d5ibtax54de3q.cloudfront.net/eyJidWNrZXQiOiJraWNrYXZlbnVlLWFzc2V0cyIsImtleSI6InByb2R1Y3RzLzY0NjQ5LzVkMzVlYzRmMGM5ZDMzZTBjMWMyZjM3MDZkNjllYzA3LmpwZWciLCJlZGl0cyI6eyJyZXNpemUiOnsid2lkdGgiOjQwMH0sIndlYnAiOnsicXVhbGl0eSI6NTB9fX0=,/sneakers/nike/nike-terminator-low-croc-velvet-brown-fn7815-200-ka/64649?from=search
Nike Air Max 95 LV8 Black,2100000,https://d5ibtax54de3q.cloudfront.net/eyJidWNrZXQiOiJraWNrYXZlbnVlLWFzc2V0cyIsImtleSI6InByb2R1Y3RzLzgwODU0LzU2YzY4MWJkN2FlMDEzOGNhNzI2MDdiNmExN2Q0YjU1LnBuZyIsImVkaXRzIjp7InJlc2l6ZSI6eyJ3aWR0aCI6NDAwfSwid2VicCI6eyJxdWFsaXR5Ijo1MH19fQ==,/sneakers/nike/nike-air-max-95-lv8-black-ao2450-001-ka/80854?from=search
Compass x FR2 Retrograde Slip-On Smoking Kills,1950000,https://d5ibtax54de3q.cloudfront.net/eyJidWNrZXQiOiJraWNrYXZlbnVlLWFzc2V0cyIsImtleSI6InByb2R1Y3RzLzMwNzQ3LzNlNTg0MjYxZmE3MjE4MjNmNmJiZTVlMDU3NDYxMjFiLnBuZyIsImVkaXRzIjp7InJlc2l6ZSI6eyJ3aWR0aCI6NDAwfSwid2VicCI6eyJxdWFsaXR5Ijo1MH19fQ==,/sneakers/compass/compass-x-fr2-retrograde-slip-on-smoking-kills-cps-xfr2rsoskw-ka/30747?from=search
Nike Metcon 9 Black Anthracite,1260000,https://d5ibtax54de3q.cloudfront.net/eyJidWNrZXQiOiJraWNrYXZlbnVlLWFzc2V0cyIsImtleSI6InByb2R1Y3RzLzg0NDYyL2ZjZTIyOGIyMDMzN2QyNTZhZDdiOTNlODAxY2M3MDhlLnBuZyIsImVkaXRzIjp7InJlc2l6ZSI6eyJ3aWR0aCI6NDAwfSwid2VicCI6eyJxdWFsaXR5Ijo1MH19fQ==,/sneakers/nike/nike-metcon-9-black-anthracite-dz2617-001-ka/84462?from=search
Vans Authentic SF Ripstop Mesh,800000,https://d5ibtax54de3q.cloudfront.net/eyJidWNrZXQiOiJraWNrYXZlbnVlLWFzc2V0cyIsImtleSI6InByb2R1Y3RzLzk2NTYzL2NmY2YyYTliMTkzODkzYWNiYWIxYzRmYzZiYTIxMmVkLnBuZyIsImVkaXRzIjp7InJlc2l6ZSI6eyJ3aWR0aCI6NDAwfSwid2VicCI6eyJxdWFsaXR5Ijo1MH19fQ==,/sneakers/vans/vans-authentic-sf-ripstop-mesh-vn0a3mu642i-ka/96563?from=search
Nike Dunk High CMFT Snakeskin,5330000,https://d5ibtax54de3q.cloudfront.net/eyJidWNrZXQiOiJraWNrYXZlbnVlLWFzc2V0cyIsImtleSI6InByb2R1Y3RzLzgyNjU4L2ZjOWE5ZGVmNWJiZjA5YzdhOGNjZGMzZWMyZTdmZTc0LnBuZyIsImVkaXRzIjp7InJlc2l6ZSI6eyJ3aWR0aCI6NDAwfSwid2VicCI6eyJxdWFsaXR5Ijo1MH19fQ==,/sneakers/nike/nike-dunk-high-cmft-snakeskin-716714-001-ka/82658?from=search
Adidas Handball Spezial Maroon Black Gum,1950000,https://d5ibtax54de3q.cloudfront.net/eyJidWNrZXQiOiJraWNrYXZlbnVlLWFzc2V0cyIsImtleSI6InByb2R1Y3RzLzk1NzE4L2UzY2M0NmMxZmEzNmM5OWU1ZTAzYTdlZGZiM2MyM2RhLnBuZyIsImVkaXRzIjp7InJlc2l6ZSI6eyJ3aWR0aCI6NDAwfSwid2VicCI6eyJxdWFsaXR5Ijo1MH19fQ==,/sneakers/adidas/adidas-handball-spezial-maroon-black-gum-ig6184-ka/95718?from=search
Air Jordan Hydro 13 Slide Black Cat,2760000,https://d5ibtax54de3q.cloudfront.net/eyJidWNrZXQiOiJraWNrYXZlbnVlLWFzc2V0cyIsImtleSI6InByb2R1Y3RzLzkzMzg3LzFmNjIxNTI4NzExMDg2ZTUzNjUyZTliNjE2ZTdhZmJhLnBuZyIsImVkaXRzIjp7InJlc2l6ZSI6eyJ3aWR0aCI6NDAwfSwid2VicCI6eyJxdWFsaXR5Ijo1MH19fQ==,/sneakers/air-jordan/air-jordan-hydro-13-slide-black-cat-684915-011-ka/93387?from=search
Air Jordan Future Triple Black,5320000,https://d5ibtax54de3q.cloudfront.net/eyJidWNrZXQiOiJraWNrYXZlbnVlLWFzc2V0cyIsImtleSI6InByb2R1Y3RzLzkzNTE1L2Q5ODhiMGQ4YTA3NmQzOTIwMjk0ZmVjMDg5OTViMmRjLnBuZyIsImVkaXRzIjp7InJlc2l6ZSI6eyJ3aWR0aCI6NDAwfSwid2VicCI6eyJxdWFsaXR5Ijo1MH19fQ==,/sneakers/air-jordan/jordan-future-triple-black-656503-001-ka/93515?from=search
ASICS Gel-NYC White Feather Grey,1350000,https://d5ibtax54de3q.cloudfront.net/eyJidWNrZXQiOiJraWNrYXZlbnVlLWFzc2V0cyIsImtleSI6InByb2R1Y3RzLzExMTMwOS8wMzRkZmRhMTRhNDVmZjM0MTkzMTRhMzYzM2EwYmM2OC5wbmciLCJlZGl0cyI6eyJyZXNpemUiOnsid2lkdGgiOjQwMH0sIndlYnAiOnsicXVhbGl0eSI6NTB9fX0=,/sneakers/asics/asics-gel-nyc-white-feather-grey-1203a663-102-ka/111309?from=search
Air Jordan Hydro 3 Retro White Cement,760000,https://d5ibtax54de3q.cloudfront.net/eyJidWNrZXQiOiJraWNrYXZlbnVlLWFzc2V0cyIsImtleSI6InByb2R1Y3RzLzkzNTQ1L2JlYTJlNGU3ZjFiMzI3MDRiNDZiODE2MTdhNjIxMjdkLnBuZyIsImVkaXRzIjp7InJlc2l6ZSI6eyJ3aWR0aCI6NDAwfSwid2VicCI6eyJxdWFsaXR5Ijo1MH19fQ==,/sneakers/air-jordan/air-jordan-hydro-3-retro-white-cement-854556-116-ka/93545?from=search
On Running Cloud X White Black,2760000,https://d5ibtax54de3q.cloudfront.net/eyJidWNrZXQiOiJraWNrYXZlbnVlLWFzc2V0cyIsImtleSI6InByb2R1Y3RzLzk3MDMwL2Y3ZDQ0NjEyZWE3YzM5N2YzMDgxNDAzNTRmZWEwMmNhLnBuZyIsImVkaXRzIjp7InJlc2l6ZSI6eyJ3aWR0aCI6NDAwfSwid2VicCI6eyJxdWFsaXR5Ijo1MH19fQ==,/sneakers/on-running/on-running-cloud-x-white-black-4099707-ka/97030?from=search
New Balance 411 V3 Black Red,420000,https://d5ibtax54de3q.cloudfront.net/eyJidWNrZXQiOiJraWNrYXZlbnVlLWFzc2V0cyIsImtleSI6InByb2R1Y3RzLzExMjc3Ni9jNTI0YzU2ZDAwNGZiYTczYzVjNTRjZTU3ZWI4ZDg5OS5wbmciLCJlZGl0cyI6eyJyZXNpemUiOnsid2lkdGgiOjQwMH0sIndlYnAiOnsicXVhbGl0eSI6NTB9fX0=,/sneakers/new-balance/new-balance-411-v3-black-red-m411rk3-ka/112776?from=search
On Running the Roger Pro Undyed White Aloe,4630000,https://d5ibtax54de3q.cloudfront.net/eyJidWNrZXQiOiJraWNrYXZlbnVlLWFzc2V0cyIsImtleSI6InByb2R1Y3RzLzExMTc0Ni80NGJlNDY2MzZhM2IyNWFkZDAzOGQzMGIyZDYyZjZlNy5wbmciLCJlZGl0cyI6eyJyZXNpemUiOnsid2lkdGgiOjQwMH0sIndlYnAiOnsicXVhbGl0eSI6NTB9fX0=,/sneakers/on-running/on-running-the-roger-pro-undyed-white-aloe-4897776-ka/111746?from=search
Puma LaMelo Ball MB.02 Be You,2020000,https://d5ibtax54de3q.cloudfront.net/eyJidWNrZXQiOiJraWNrYXZlbnVlLWFzc2V0cyIsImtleSI6InByb2R1Y3RzLzYyNjgxLzhjZGM5NDRhMGU1OTkxZWRhNjdkN2ZhZWJhMDA5YTMzLmpwZWciLCJlZGl0cyI6eyJyZXNpemUiOnsid2lkdGgiOjQwMH0sIndlYnAiOnsicXVhbGl0eSI6NTB9fX0=,/sneakers/puma/puma-lamelo-ball-mb02-be-you-378283-01-ka/62681?from=search
Adidas Ultra Boost 1.0 DNA Cloud White Green,2500000,https://d5ibtax54de3q.cloudfront.net/eyJidWNrZXQiOiJraWNrYXZlbnVlLWFzc2V0cyIsImtleSI6InByb2R1Y3RzLzYzMDE5L2Q0MWI4YmJkZWYyZWE1NTk0MmU0NmM3ZDFhMWNkYjEyLmpwZWciLCJlZGl0cyI6eyJyZXNpemUiOnsid2lkdGgiOjQwMH0sIndlYnAiOnsicXVhbGl0eSI6NTB9fX0=,/sneakers/adidas/adidas-ultra-boost-10-dna-cloud-white-green-gy9134-ka/63019?from=search
Nike ZoomX Invincible Run 3 Black White,1650000,https://d5ibtax54de3q.cloudfront.net/eyJidWNrZXQiOiJraWNrYXZlbnVlLWFzc2V0cyIsImtleSI6InByb2R1Y3RzLzc3NTIyLzAxYWUxYTMwYjdlOGI1ZTEyYzUzZmVkNGRkZDE2MmJiLnBuZyIsImVkaXRzIjp7InJlc2l6ZSI6eyJ3aWR0aCI6NDAwfSwid2VicCI6eyJxdWFsaXR5Ijo1MH19fQ==,/sneakers/nike/nike-zoomx-invincible-run-3-black-white-dr2615-001-ka/77522?from=search
Adidas Velosamba END. Social Cycling Team Coffee,6470000,https://d5ibtax54de3q.cloudfront.net/eyJidWNrZXQiOiJraWNrYXZlbnVlLWFzc2V0cyIsImtleSI6InByb2R1Y3RzLzYzMTcwL2E3ZTQzYjJkYTUxODlmOGFiYTI5YzhmM2VhM2RkNTEyLmpwZWciLCJlZGl0cyI6eyJyZXNpemUiOnsid2lkdGgiOjQwMH0sIndlYnAiOnsicXVhbGl0eSI6NTB9fX0=,/sneakers/adidas/adidas-velosamba-end-social-cycling-team-coffee-if2864-ka/63170?from=search
Vans Wayvee Neon Blue Pink,1240000,https://d5ibtax54de3q.cloudfront.net/eyJidWNrZXQiOiJraWNrYXZlbnVlLWFzc2V0cyIsImtleSI6InByb2R1Y3RzLzcyOTU0L2I4MzljNDNlMzAyYjhjMmNjYzc1NmQ0MmQ4Y2U3YzM5LnBuZyIsImVkaXRzIjp7InJlc2l6ZSI6eyJ3aWR0aCI6NDAwfSwid2VicCI6eyJxdWFsaXR5Ijo1MH19fQ==,/sneakers/vans/vans-wayvee-neon-blue-pink-vn0a5jiawtm-ka/72954?from=search
Nike Dunk Low Summit White Smoke Grey,1665000,https://d5ibtax54de3q.cloudfront.net/eyJidWNrZXQiOiJraWNrYXZlbnVlLWFzc2V0cyIsImtleSI6InByb2R1Y3RzLzc0NjczL2RhZDk2OTNhNGYzYjhiN2NmOWQ0NWUyOTlmNzZlZGY1LnBuZyIsImVkaXRzIjp7InJlc2l6ZSI6eyJ3aWR0aCI6NDAwfSwid2VicCI6eyJxdWFsaXR5Ijo1MH19fQ==,/sneakers/nike/nike-dunk-low-summit-white-smoke-grey-dv0831-106-ka/74673?from=search
New Balance 610T Lunar New Year Navy,1220000,https://d5ibtax54de3q.cloudfront.net/eyJidWNrZXQiOiJraWNrYXZlbnVlLWFzc2V0cyIsImtleSI6InByb2R1Y3RzLzk2Mjc3L2YxY2ZmN2I4MGU4NDhhMzg2MTlkODI3M2MwZGRkMTE2LnBuZyIsImVkaXRzIjp7InJlc2l6ZSI6eyJ3aWR0aCI6NDAwfSwid2VicCI6eyJxdWFsaXR5Ijo1MH19fQ==,/sneakers/new-balance/new-balance-610t-lunar-new-year-navy-ml610tly-ka/96277?from=search
Adidas Handball Spezial Scarlet Collegiate Green,1870000,https://d5ibtax54de3q.cloudfront.net/eyJidWNrZXQiOiJraWNrYXZlbnVlLWFzc2V0cyIsImtleSI6InByb2R1Y3RzLzEwODEyOC8wMmY2YmJkMWE5MzViZjZmMGNlNDFkYjQ1OGNhZDYzNC5wbmciLCJlZGl0cyI6eyJyZXNpemUiOnsid2lkdGgiOjQwMH0sIndlYnAiOnsicXVhbGl0eSI6NTB9fX0=,/sneakers/adidas/adidas-handball-spezial-scarlet-collegiate-green-if9531-ka/108128?from=search
Air Jordan Tatum 2 PF Wave Hyper Jade,1260000,https://d5ibtax54de3q.cloudfront.net/eyJidWNrZXQiOiJraWNrYXZlbnVlLWFzc2V0cyIsImtleSI6InByb2R1Y3RzLzExMTk4NC82NDE0ZDU1MGY0YzQ3NzhhOTk0N2UxNTFlNzA0ZmJjYi5wbmciLCJlZGl0cyI6eyJyZXNpemUiOnsid2lkdGgiOjQwMH0sIndlYnAiOnsicXVhbGl0eSI6NTB9fX0=,/sneakers/air-jordan/air-jordan-tatum-2-pf-wave-hyper-jade-hj4421-303-ka/111984?from=search
New Balance 1906R Silver White,1920000,https://d5ibtax54de3q.cloudfront.net/eyJidWNrZXQiOiJraWNrYXZlbnVlLWFzc2V0cyIsImtleSI6InByb2R1Y3RzLzU4MzIyLzU5YTc3YzRkNWZhNDIxN2MzYWFkZDk0YjQ4YTJkNGMwLmpwZWciLCJlZGl0cyI6eyJyZXNpemUiOnsid2lkdGgiOjQwMH0sIndlYnAiOnsicXVhbGl0eSI6NTB9fX0=,/sneakers/new-balance/new-balance-1906r-silver-white-m1906rjm-ka/58322?from=search
Skechers Mid Top Versatile Comfort Slip Resistant White,540000,https://d5ibtax54de3q.cloudfront.net/eyJidWNrZXQiOiJraWNrYXZlbnVlLWFzc2V0cyIsImtleSI6InByb2R1Y3RzLzExMDgwNy85NGUwNzk1ZTJmNWRlYmZhZGZhYzFiNjkxMTYzY2UzMi5wbmciLCJlZGl0cyI6eyJyZXNpemUiOnsid2lkdGgiOjQwMH0sIndlYnAiOnsicXVhbGl0eSI6NTB9fX0=,/sneakers/skechers/skechers-mid-top-versatile-comfort-slip-resistant-white-183243-wht-ka/110807?from=search
Air Jordan 3 Retro SP J Balvin Medellín Sunset,7290000,https://d5ibtax54de3q.cloudfront.net/eyJidWNrZXQiOiJraWNrYXZlbnVlLWFzc2V0cyIsImtleSI6InByb2R1Y3RzLzcxNTk2L2NlMjI4M2U1ZmJiNjJlMTAzN2Y2MjFjNzM3YTIwNTgxLnBuZyIsImVkaXRzIjp7InJlc2l6ZSI6eyJ3aWR0aCI6NDAwfSwid2VicCI6eyJxdWFsaXR5Ijo1MH19fQ==,/sneakers/air-jordan/air-jordan-3-retro-sp-j-balvin-medelln-sunset-fn0344-901-ka/71596?from=search
Air Jordan Legacy 312 CNY Year of the Rabbit,2010000,https://d5ibtax54de3q.cloudfront.net/eyJidWNrZXQiOiJraWNrYXZlbnVlLWFzc2V0cyIsImtleSI6InByb2R1Y3RzLzkzOTk2L2VmOGJkOGE0Mjg0MTkyMGVhZTdhNmFlNGEyNTUxM2Y3LnBuZyIsImVkaXRzIjp7InJlc2l6ZSI6eyJ3aWR0aCI6NDAwfSwid2VicCI6eyJxdWFsaXR5Ijo1MH19fQ==,/sneakers/air-jordan/air-jordan-legacy-312-cny-year-of-the-rabbit-fd9907-111-ka/93996?from=search
Nike Air Max 90 PRM Pro Green Pale Ivory,2640000,https://d5ibtax54de3q.cloudfront.net/eyJidWNrZXQiOiJraWNrYXZlbnVlLWFzc2V0cyIsImtleSI6InByb2R1Y3RzLzgwNzU2LzJlMjYxNGEwNWRjNzA5MTBiMWI0N2E5OWRlMWZlNzk5LnBuZyIsImVkaXRzIjp7InJlc2l6ZSI6eyJ3aWR0aCI6NDAwfSwid2VicCI6eyJxdWFsaXR5Ijo1MH19fQ==,/sneakers/nike/nike-air-max-90-prm-pro-green-pale-ivory-dh4621-300-ka/80756?from=search
ASICS Gel-1130 NS Wood Crepe,1110000,https://d5ibtax54de3q.cloudfront.net/eyJidWNrZXQiOiJraWNrYXZlbnVlLWFzc2V0cyIsImtleSI6InByb2R1Y3RzLzExMTI4Ny8yMjg5YWRlZjI5N2FkNmJjMDRjMWQ1NmY2ODU4NWM0YS5wbmciLCJlZGl0cyI6eyJyZXNpemUiOnsid2lkdGgiOjQwMH0sIndlYnAiOnsicXVhbGl0eSI6NTB9fX0=,/sneakers/asics/asics-gel-1130-ns-wood-crepe-1203a413-201-ka/111287?from=search
Puma Suede Classic XXI Cabernet White,2060000,https://d5ibtax54de3q.cloudfront.net/eyJidWNrZXQiOiJraWNrYXZlbnVlLWFzc2V0cyIsImtleSI6InByb2R1Y3RzLzM0NzM3L2Y4YzYyY2QzNzliMjYwZDY0ODUwOTU3Y2ZkMzRiYjJlLnBuZyIsImVkaXRzIjp7InJlc2l6ZSI6eyJ3aWR0aCI6NDAwfSwid2VicCI6eyJxdWFsaXR5Ijo1MH19fQ==,/sneakers/puma/puma-suede-classic-xxi-cabernet-white-374915-06-ka/34737?from=search
Nike Dunk Low SB Chameleon X Alexis Sablone,1920000,https://d5ibtax54de3q.cloudfront.net/eyJidWNrZXQiOiJraWNrYXZlbnVlLWFzc2V0cyIsImtleSI6InByb2R1Y3RzLzEwOTkwMC85OWI5MWU1NTY1MjcyYjcwNDAwNDA5OTk1ZjI3ODkzNC5wbmciLCJlZGl0cyI6eyJyZXNpemUiOnsid2lkdGgiOjQwMH0sIndlYnAiOnsicXVhbGl0eSI6NTB9fX0=,/sneakers/nike/nike-dunk-low-sb-chameleon-x-alexis-sablone-hj3386-300-ka/109900?from=search
Vans Knu Skool Triple Black,1170000,https://d5ibtax54de3q.cloudfront.net/eyJidWNrZXQiOiJraWNrYXZlbnVlLWFzc2V0cyIsImtleSI6InByb2R1Y3RzLzEwNTAzNy9hYjJkOTcwMTVlN2YwZDc4YTk5Y2Y1MTdhZTdiMGE3YS5wbmciLCJlZGl0cyI6eyJyZXNpemUiOnsid2lkdGgiOjQwMH0sIndlYnAiOnsicXVhbGl0eSI6NTB9fX0=,/sneakers/vans/vans-knu-skool-triple-black-vn0009qcbka-ka/105037?from=search
Adidas Handball Spezial Semi Pink Spark Blue (Women's),2050000,https://d5ibtax54de3q.cloudfront.net/eyJidWNrZXQiOiJraWNrYXZlbnVlLWFzc2V0cyIsImtleSI6InByb2R1Y3RzLzEwODA0OC8xYTBlNTU5MGY5MGRlOTM1NDUwNDVlODdjOWU1NTgyZS5wbmciLCJlZGl0cyI6eyJyZXNpemUiOnsid2lkdGgiOjQwMH0sIndlYnAiOnsicXVhbGl0eSI6NTB9fX0=,/sneakers/adidas/adidas-handball-spezial-semi-pink-spark-blue-w-ig1974-ka/108048?from=search
Hoka One One Anacapa Mid Gore-Tex Black,2930000,https://d5ibtax54de3q.cloudfront.net/eyJidWNrZXQiOiJraWNrYXZlbnVlLWFzc2V0cyIsImtleSI6InByb2R1Y3RzLzk3NjMzL2NhZGM2YTU1NzQ4NzZiNjRlMDA1YmM4ZDlmODBhNjFkLnBuZyIsImVkaXRzIjp7InJlc2l6ZSI6eyJ3aWR0aCI6NDAwfSwid2VicCI6eyJxdWFsaXR5Ijo1MH19fQ==,/sneakers/hoka/hoka-one-one-anacapa-mid-gore-tex-black-1122018-bblc-ka/97633?from=search
Vans Sk8-Hi Reconstruct Black White,850000,https://d5ibtax54de3q.cloudfront.net/eyJidWNrZXQiOiJraWNrYXZlbnVlLWFzc2V0cyIsImtleSI6InByb2R1Y3RzLzExMDkxNi9hMzJlMzk2NzQyMWRkMTRiZWRkZGQ5MTM1OTRhNzFlYy5wbmciLCJlZGl0cyI6eyJyZXNpemUiOnsid2lkdGgiOjQwMH0sIndlYnAiOnsicXVhbGl0eSI6NTB9fX0=,/sneakers/vans/vans-sk8-hi-reconstruct-black-white-vn0005uk6bt-ka/110916?from=search
Air Jordan 1 Mid SE Brown Blue Grey,1710000,https://d5ibtax54de3q.cloudfront.net/eyJidWNrZXQiOiJraWNrYXZlbnVlLWFzc2V0cyIsImtleSI6InByb2R1Y3RzLzk4Mjc0Lzc0ZDM3ZDE3ZGY4ZmEyMTg5YWY2MzIyNzdiY2MzNmVlLnBuZyIsImVkaXRzIjp7InJlc2l6ZSI6eyJ3aWR0aCI6NDAwfSwid2VicCI6eyJxdWFsaXR5Ijo1MH19fQ==,/sneakers/air-jordan/air-jordan-1-mid-se-brown-blue-grey-fq7831-142-ka/98274?from=search
ASICS Gel Kahana 8 White Blue,1440000,https://d5ibtax54de3q.cloudfront.net/eyJidWNrZXQiOiJraWNrYXZlbnVlLWFzc2V0cyIsImtleSI6InByb2R1Y3RzLzExMjg2NS9hOTk0NGZlZTdmZmEzZTg0NTU2OGZmZGZkYzQ0MjViNS5wbmciLCJlZGl0cyI6eyJyZXNpemUiOnsid2lkdGgiOjQwMH0sIndlYnAiOnsicXVhbGl0eSI6NTB9fX0=,/sneakers/asics/asics-gel-kahana-8-white-blue-1013a137-400-ka/112865?from=search
Adidas Dame 9 Bape Black Green,2130000,https://d5ibtax54de3q.cloudfront.net/eyJidWNrZXQiOiJraWNrYXZlbnVlLWFzc2V0cyIsImtleSI6InByb2R1Y3RzLzExMjEyMS81NDAzYjMzZWM1ZDUzZGY2MmUzNjdjODc2OWYzYTcwZC5wbmciLCJlZGl0cyI6eyJyZXNpemUiOnsid2lkdGgiOjQwMH0sIndlYnAiOnsicXVhbGl0eSI6NTB9fX0=,/sneakers/adidas/adidas-dame-9-bape-black-green-jh6358-ka-2/112121?from=search
Salomon ACS Pro Advanced Quiet Shade Antique Moss,4000000,https://d5ibtax54de3q.cloudfront.net/eyJidWNrZXQiOiJraWNrYXZlbnVlLWFzc2V0cyIsImtleSI6InByb2R1Y3RzLzMzMDYxLzdmZDJjMzUyNjBmNTM4OTNlZDkyMTRjZjRmNDEzMjY5LnBuZyIsImVkaXRzIjp7InJlc2l6ZSI6eyJ3aWR0aCI6NDAwfSwid2VicCI6eyJxdWFsaXR5Ijo1MH19fQ==,/sneakers/salomon/salomon-acs-pro-advanced-quiet-shade-antique-moss-l41639200-ka/33061?from=search
Nike Air Max 97 Alter & Reveal,3040000,https://d5ibtax54de3q.cloudfront.net/eyJidWNrZXQiOiJraWNrYXZlbnVlLWFzc2V0cyIsImtleSI6InByb2R1Y3RzLzgwOTE4LzFkMDIzODEwNjIyODUyMmMyZGMyNDgzYWUxODNkOWE0LnBuZyIsImVkaXRzIjp7InJlc2l6ZSI6eyJ3aWR0aCI6NDAwfSwid2VicCI6eyJxdWFsaXR5Ijo1MH19fQ==,/sneakers/nike/nike-air-max-97-alter-reveal-do6109-001-ka/80918?from=search
Puma Scuderia Ferrari Neo Cat Motorsport,720000,https://d5ibtax54de3q.cloudfront.net/eyJidWNrZXQiOiJraWNrYXZlbnVlLWFzc2V0cyIsImtleSI6InByb2R1Y3RzLzMzOTUxL2MxOWFjNWQ2ZDFkNTFhYWQ0OThmOTZjMmQ1Mzk4ZWY0LnBuZyIsImVkaXRzIjp7InJlc2l6ZSI6eyJ3aWR0aCI6NDAwfSwid2VicCI6eyJxdWFsaXR5Ijo1MH19fQ==,/sneakers/puma/puma-scuderia-ferrari-neo-cat-motorsport-307019-01-ka/33951?from=search
Puma FTR Connect FS Training Black Red,500000,https://d5ibtax54de3q.cloudfront.net/eyJidWNrZXQiOiJraWNrYXZlbnVlLWFzc2V0cyIsImtleSI6InByb2R1Y3RzLzk4MzE2LzVlYTlmMmE0YTc0MDUwMWI3NWQ5NjBlYTcxNzdhM2ZlLnBuZyIsImVkaXRzIjp7InJlc2l6ZSI6eyJ3aWR0aCI6NDAwfSwid2VicCI6eyJxdWFsaXR5Ijo1MH19fQ==,/sneakers/puma/puma-ftr-connect-fs-training-black-red-378185-06-ka/98316?from=search
Adidas A.B. Gazelle Indoor Blondey McCoy Mineral Blue,3490000,https://d5ibtax54de3q.cloudfront.net/eyJidWNrZXQiOiJraWNrYXZlbnVlLWFzc2V0cyIsImtleSI6InByb2R1Y3RzLzExMDY4OS8xYTRlOThkZWFiZTBhZjlkMGFjZDYyNTcxN2E5OGJjZi5wbmciLCJlZGl0cyI6eyJyZXNpemUiOnsid2lkdGgiOjQwMH0sIndlYnAiOnsicXVhbGl0eSI6NTB9fX0=,/sneakers/adidas/adidas-ab-gazelle-indoor-blondey-mccoy-mineral-blue-gy4425-ka/110689?from=search
New Balance 530 Beige Angora,1350000,https://d5ibtax54de3q.cloudfront.net/eyJidWNrZXQiOiJraWNrYXZlbnVlLWFzc2V0cyIsImtleSI6InByb2R1Y3RzLzM1NTc4L2FmMzRmYzhjNWIzYzk0NzQxMjRmNWMyZjdmZjc0MGQ5LmpwZWciLCJlZGl0cyI6eyJyZXNpemUiOnsid2lkdGgiOjQwMH0sIndlYnAiOnsicXVhbGl0eSI6NTB9fX0=,/sneakers/new-balance/new-balance-530-white-beige-mr530aa1-ka-2/35578?from=search
Vans Zahba Mid x Beatrice Domond Green,1380000,https://d5ibtax54de3q.cloudfront.net/eyJidWNrZXQiOiJraWNrYXZlbnVlLWFzc2V0cyIsImtleSI6InByb2R1Y3RzLzc1NTc0L2FmNTkzZGM5OGFhMWM2YmQxYmUxNGE0ZjU5MzA3OGMxLnBuZyIsImVkaXRzIjp7InJlc2l6ZSI6eyJ3aWR0aCI6NDAwfSwid2VicCI6eyJxdWFsaXR5Ijo1MH19fQ==,/sneakers/vans/vans-zahba-mid-x-beatrice-domond-green-vn000cbsdol-ka/75574?from=search
Adidas VL Court 2.0 Core Black,970000,https://d5ibtax54de3q.cloudfront.net/eyJidWNrZXQiOiJraWNrYXZlbnVlLWFzc2V0cyIsImtleSI6InByb2R1Y3RzLzEwNTEwOC8xZmJmOTljNDBlNGY3ZjEzMjJhNmJiYTJlNTE1Mjc3Yi5wbmciLCJlZGl0cyI6eyJyZXNpemUiOnsid2lkdGgiOjQwMH0sIndlYnAiOnsicXVhbGl0eSI6NTB9fX0=,/sneakers/adidas/adidas-vl-court-20-core-black-hq1801-ka/105108?from=search
New Balance 1906D Protection Pack Turtledove,2950000,https://d5ibtax54de3q.cloudfront.net/eyJidWNrZXQiOiJraWNrYXZlbnVlLWFzc2V0cyIsImtleSI6InByb2R1Y3RzLzU3MjU3LzBkNmU2ZjRlNTQyMjFjMjE2ZGI4YzRiYmVmYjMwOThmLmpwZWciLCJlZGl0cyI6eyJyZXNpemUiOnsid2lkdGgiOjQwMH0sIndlYnAiOnsicXVhbGl0eSI6NTB9fX0=,/sneakers/new-balance/new-balance-1906d-protection-pack-turtledove-m1906db-ka/57257?from=search
Onitsuka Tiger Mexico 66 White,1880000,https://d5ibtax54de3q.cloudfront.net/eyJidWNrZXQiOiJraWNrYXZlbnVlLWFzc2V0cyIsImtleSI6InByb2R1Y3RzLzI1MDI3LzNiZjFiMDI2NjRlZTYzMmFlODUyNGU1MDc4NWUyNzhkLnBuZyIsImVkaXRzIjp7InJlc2l6ZSI6eyJ3aWR0aCI6NDAwfSwid2VicCI6eyJxdWFsaXR5Ijo1MH19fQ==,/sneakers/onitsuka-tiger/onitsuka-tiger-mexico-66-white-dl4080-101-ka/25027?from=search
Nike Kobe Zoom 6 Italian Camo,21250000,https://d5ibtax54de3q.cloudfront.net/eyJidWNrZXQiOiJraWNrYXZlbnVlLWFzc2V0cyIsImtleSI6InByb2R1Y3RzLzgzMzE2L2Q0NWRkZjY3NTkwOGEyZTg4ZmFiNTU5NTg1M2YyZGUyLnBuZyIsImVkaXRzIjp7InJlc2l6ZSI6eyJ3aWR0aCI6NDAwfSwid2VicCI6eyJxdWFsaXR5Ijo1MH19fQ==,/sneakers/nike/nike-kobe-zoom-6-italian-camo-429659-900-ka/83316?from=search
Adidas Handball Spezial Scarlet Gum,1690000,https://d5ibtax54de3q.cloudfront.net/eyJidWNrZXQiOiJraWNrYXZlbnVlLWFzc2V0cyIsImtleSI6InByb2R1Y3RzLzEwODA0NS9hNmVkZmRhMGZhZDZlNWVkNTQzOGM3YzUzYmJhMDUxYS5wbmciLCJlZGl0cyI6eyJyZXNpemUiOnsid2lkdGgiOjQwMH0sIndlYnAiOnsicXVhbGl0eSI6NTB9fX0=,/sneakers/adidas/adidas-handball-spezial-scarlet-gum-fv1227-ka/108045?from=search
Nike Dunk Low White Olive,1100000,https://d5ibtax54de3q.cloudfront.net/eyJidWNrZXQiOiJraWNrYXZlbnVlLWFzc2V0cyIsImtleSI6InByb2R1Y3RzLzExNTE1Mi8xZjdhMTZmYWRhY2RlNWU4NTIwYzIyNWMwM2I4YTU0My5wbmciLCJlZGl0cyI6eyJyZXNpemUiOnsid2lkdGgiOjQwMH0sIndlYnAiOnsicXVhbGl0eSI6NTB9fX0=,/sneakers/nike/nike-dunk-low-white-olive-hf5441-102-ka/115152?from=search
Adidas Gazelle Indoor Focus Olive (Women's),3500000,https://d5ibtax54de3q.cloudfront.net/eyJidWNrZXQiOiJraWNrYXZlbnVlLWFzc2V0cyIsImtleSI6InByb2R1Y3RzLzExMDU1Ni84YmI4YTRjMGViMDgzN2RjYjBkZTA0OWMzMzIwM2FiYy5wbmciLCJlZGl0cyI6eyJyZXNpemUiOnsid2lkdGgiOjQwMH0sIndlYnAiOnsicXVhbGl0eSI6NTB9fX0=,/sneakers/adidas/adidas-gazelle-indoor-focus-olive-w-jh6475-ka/110556?from=search
Vans Sk8-Hi x Disney Black Multicolor,950000,https://d5ibtax54de3q.cloudfront.net/eyJidWNrZXQiOiJraWNrYXZlbnVlLWFzc2V0cyIsImtleSI6InByb2R1Y3RzLzc0MDc1Lzk3NzQ0NjBkZmUzNmI5ZjVkZWEyYzcyMmM0NmU5MzMwLnBuZyIsImVkaXRzIjp7InJlc2l6ZSI6eyJ3aWR0aCI6NDAwfSwid2VicCI6eyJxdWFsaXR5Ijo1MH19fQ==,/sneakers/vans/vans-sk8-hi-x-disney-black-multicolor-vn000bw7bmb-ka/74075?from=search
Adidas Forum Low Triple Black,1290000,https://d5ibtax54de3q.cloudfront.net/eyJidWNrZXQiOiJraWNrYXZlbnVlLWFzc2V0cyIsImtleSI6InByb2R1Y3RzLzY5NjI5LzQ1MmVjM2IxOWE1NjQ5OTJmZmEwZTQ0YWQ0YmFmYWE3LnBuZyIsImVkaXRzIjp7InJlc2l6ZSI6eyJ3aWR0aCI6NDAwfSwid2VicCI6eyJxdWFsaXR5Ijo1MH19fQ==,/sneakers/adidas/adidas-forum-low-triple-black-gv9766-ka/69629?from=search
Nike Court Royale 2 Next Nature White,600000,https://d5ibtax54de3q.cloudfront.net/eyJidWNrZXQiOiJraWNrYXZlbnVlLWFzc2V0cyIsImtleSI6InByb2R1Y3RzLzU4MjA4LzBjZmIzMzk4ZTFhMWIzMzcwNzg1MjBmOTBlOWEwMjBiLmpwZWciLCJlZGl0cyI6eyJyZXNpemUiOnsid2lkdGgiOjQwMH0sIndlYnAiOnsicXVhbGl0eSI6NTB9fX0=,/sneakers/nike/nike-court-royale-2-next-nature-white-dx5939-102-ka/58208?from=search
Nike Zoom Vomero 5 520 Pack Ocean Bliss,1430000,https://d5ibtax54de3q.cloudfront.net/eyJidWNrZXQiOiJraWNrYXZlbnVlLWFzc2V0cyIsImtleSI6InByb2R1Y3RzLzkwMDQ1L2M0OTIwMjcxOThlMmQ5NjA3Yzk3ZTY0YzYzZWJiN2RjLnBuZyIsImVkaXRzIjp7InJlc2l6ZSI6eyJ3aWR0aCI6NDAwfSwid2VicCI6eyJxdWFsaXR5Ijo1MH19fQ==,/sneakers/nike/nike-zoom-vomero-5-520-pack-ocean-bliss-fn3432-001-ka/90045?from=search
New Balance 2002R Protection Pack Dark Moss,1710000,https://d5ibtax54de3q.cloudfront.net/eyJidWNrZXQiOiJraWNrYXZlbnVlLWFzc2V0cyIsImtleSI6InByb2R1Y3RzLzc1MzA3Lzk0YzgwNmNlYTEwYzU1ZGYzYTRjYTIxNDZiZDI0NTRkLnBuZyIsImVkaXRzIjp7InJlc2l6ZSI6eyJ3aWR0aCI6NDAwfSwid2VicCI6eyJxdWFsaXR5Ijo1MH19fQ==,/sneakers/new-balance/new-balance-2002r-protection-pack-dark-moss-m2002rdn-ka/75307?from=search
Air Jordan 1 Retro Low Golf Midnight Navy,1660000,https://d5ibtax54de3q.cloudfront.net/eyJidWNrZXQiOiJraWNrYXZlbnVlLWFzc2V0cyIsImtleSI6InByb2R1Y3RzLzY0MzA4LzUxNDYzMzk0ZjkyMjY5YWYyZjJhN2I4MGJhNWY2YTAwLmpwZWciLCJlZGl0cyI6eyJyZXNpemUiOnsid2lkdGgiOjQwMH0sIndlYnAiOnsicXVhbGl0eSI6NTB9fX0=,/sneakers/air-jordan/jordan-1-retro-low-golf-midnight-navy-dd9315-104-ka/64308?from=search
Nike Kyrie 4 EP Mamba Mentality,4770000,https://d5ibtax54de3q.cloudfront.net/eyJidWNrZXQiOiJraWNrYXZlbnVlLWFzc2V0cyIsImtleSI6InByb2R1Y3RzLzgyMjIyLzQ2NzA3NmEzNGNiYzRlNDkzZjM1MmMzYTE2ZjhlOTU0LnBuZyIsImVkaXRzIjp7InJlc2l6ZSI6eyJ3aWR0aCI6NDAwfSwid2VicCI6eyJxdWFsaXR5Ijo1MH19fQ==,/sneakers/nike/nike-kyrie-4-ep-mamba-mentality-av2594-001-ka-2/82222?from=search
Nike KD 7 What The KD,4290000,https://d5ibtax54de3q.cloudfront.net/eyJidWNrZXQiOiJraWNrYXZlbnVlLWFzc2V0cyIsImtleSI6InByb2R1Y3RzLzgzMTY0L2ZmMTA3YTExYjQwMjljYWUzNDYxMmRjODEwY2QxZmE3LnBuZyIsImVkaXRzIjp7InJlc2l6ZSI6eyJ3aWR0aCI6NDAwfSwid2VicCI6eyJxdWFsaXR5Ijo1MH19fQ==,/sneakers/nike/nike-kd-7-what-the-kd-801778-944-ka/83164?from=search
PUMA Anzarun Lite Black,660000,https://d5ibtax54de3q.cloudfront.net/eyJidWNrZXQiOiJraWNrYXZlbnVlLWFzc2V0cyIsImtleSI6InByb2R1Y3RzLzEwODgyOC8zNGIyYjZkMTdiZDc5MzRmMGE0YzIwZGI1Y2E2ZDNiZi5wbmciLCJlZGl0cyI6eyJyZXNpemUiOnsid2lkdGgiOjQwMH0sIndlYnAiOnsicXVhbGl0eSI6NTB9fX0=,/sneakers/puma/puma-anzarun-lite-black-371128-01-ka/108828?from=search
Air Jordan Tatum 1 PF Denim,1230000,https://d5ibtax54de3q.cloudfront.net/eyJidWNrZXQiOiJraWNrYXZlbnVlLWFzc2V0cyIsImtleSI6InByb2R1Y3RzLzkzODQwL2I4MzZjZjY4NzgwYzkzMTVjOTE0MGNkZTdkMmY4MDA3LnBuZyIsImVkaXRzIjp7InJlc2l6ZSI6eyJ3aWR0aCI6NDAwfSwid2VicCI6eyJxdWFsaXR5Ijo1MH19fQ==,/sneakers/nike/jordan-jordan-tatum-1-pf-denim-dz3321-400-ka/93840?from=search
Adidas Handball Spezial Aluminium Bright Blue,1890000,https://d5ibtax54de3q.cloudfront.net/eyJidWNrZXQiOiJraWNrYXZlbnVlLWFzc2V0cyIsImtleSI6InByb2R1Y3RzLzEwODA1MC9jZDQ5ZjNjYWMwZThhNzcyZmJhNDljNWJiOGI4OWVhMS5wbmciLCJlZGl0cyI6eyJyZXNpemUiOnsid2lkdGgiOjQwMH0sIndlYnAiOnsicXVhbGl0eSI6NTB9fX0=,/sneakers/adidas/adidas-handball-spezial-aluminium-bright-blue-ih9962-ka/108050?from=search
Vans Old Skool Stitch Checkerboard Black,900000,https://d5ibtax54de3q.cloudfront.net/eyJidWNrZXQiOiJraWNrYXZlbnVlLWFzc2V0cyIsImtleSI6InByb2R1Y3RzLzk2MjU5LzM1MDkxMzVhNmNjMjZkNGYzZWQ0NWY1M2UzOGYzZTkzLnBuZyIsImVkaXRzIjp7InJlc2l6ZSI6eyJ3aWR0aCI6NDAwfSwid2VicCI6eyJxdWFsaXR5Ijo1MH19fQ==,/sneakers/vans/vans-old-skool-stitch-checkerboard-black-vn000cp5bm8-ka/96259?from=search
Adidas Gazelle 85 Multicolor,1860000,https://d5ibtax54de3q.cloudfront.net/eyJidWNrZXQiOiJraWNrYXZlbnVlLWFzc2V0cyIsImtleSI6InByb2R1Y3RzLzEwNDg3MC9hYWY4MTczNGZlMjU3MzJmNzdjYzBhMDQxYmUwMjA4OS5wbmciLCJlZGl0cyI6eyJyZXNpemUiOnsid2lkdGgiOjQwMH0sIndlYnAiOnsicXVhbGl0eSI6NTB9fX0=,/sneakers/adidas/adidas-gazelle-85-multicolor-ie3435-ka/104870?from=search
Li-Ning Wade All City 11 Ice Blood,1130000,https://d5ibtax54de3q.cloudfront.net/eyJidWNrZXQiOiJraWNrYXZlbnVlLWFzc2V0cyIsImtleSI6InByb2R1Y3RzLzEwMjc2NC84YTJlOTNlN2RkNmEyN2E2NTdkODA3YmE5YzNmMTE4Yy5wbmciLCJlZGl0cyI6eyJyZXNpemUiOnsid2lkdGgiOjQwMH0sIndlYnAiOnsicXVhbGl0eSI6NTB9fX0=,/sneakers/li-ning/li-ning-wade-all-city-11-ice-blood-abat005-3-ka-2/102764?from=search
Salomon XT-6 Ghost Gray,2800000,https://d5ibtax54de3q.cloudfront.net/eyJidWNrZXQiOiJraWNrYXZlbnVlLWFzc2V0cyIsImtleSI6InByb2R1Y3RzLzEwNjYwOC83MmM1YTgyOTM2MWJmY2M3NzZlMjA0OTA3MWE1ZDIzMS5wbmciLCJlZGl0cyI6eyJyZXNpemUiOnsid2lkdGgiOjQwMH0sIndlYnAiOnsicXVhbGl0eSI6NTB9fX0=,/sneakers/salomon/salomon-xt-6-ghost-gray-l47444800-ka/106608?from=search
Adidas Campus 2 KoRn Follow The Leader,1750000,https://d5ibtax54de3q.cloudfront.net/eyJidWNrZXQiOiJraWNrYXZlbnVlLWFzc2V0cyIsImtleSI6InByb2R1Y3RzLzEwNTAwMi83Y2Q3NmY4ODFiZmNmOTFlY2E3ODQ3ZjNiOGQxMTZjZC5wbmciLCJlZGl0cyI6eyJyZXNpemUiOnsid2lkdGgiOjQwMH0sIndlYnAiOnsicXVhbGl0eSI6NTB9fX0=,/sneakers/adidas/adidas-campus-2-korn-follow-the-leader-if4282-ka/105002?from=search
Adidas Samba Golf Crystal White Gum,2340000,https://d5ibtax54de3q.cloudfront.net/eyJidWNrZXQiOiJraWNrYXZlbnVlLWFzc2V0cyIsImtleSI6InByb2R1Y3RzLzEwNjM0OS8zYjI5MDdjMTE1MjAxMmE0MzIwY2M2ZjNlMzc0YTYwYy5wbmciLCJlZGl0cyI6eyJyZXNpemUiOnsid2lkdGgiOjQwMH0sIndlYnAiOnsicXVhbGl0eSI6NTB9fX0=,/sneakers/adidas/adidas-samba-golf-crystal-white-gum-ih5169-ka/106349?from=search
Nike Zoom Vomero 5 PRM Velvet Brown Medium Ash,1600000,https://d5ibtax54de3q.cloudfront.net/eyJidWNrZXQiOiJraWNrYXZlbnVlLWFzc2V0cyIsImtleSI6InByb2R1Y3RzLzkwMDUzL2E2ZTBmNjUzY2ZmZDBkNDBkMGJjYzJlNzM2YTE3MzlmLnBuZyIsImVkaXRzIjp7InJlc2l6ZSI6eyJ3aWR0aCI6NDAwfSwid2VicCI6eyJxdWFsaXR5Ijo1MH19fQ==,/sneakers/nike/nike-zoom-vomero-5-prm-velvet-brown-medium-ash-fq8174-237-ka/90053?from=search
New Balance 327 Marine Blue,900000,https://d5ibtax54de3q.cloudfront.net/eyJidWNrZXQiOiJraWNrYXZlbnVlLWFzc2V0cyIsImtleSI6InByb2R1Y3RzLzU4MjYyLzRlN2M5NGZmOWY4MTdkMDY0MDdkNzc0YTZmZThjMzQ3LmpwZWciLCJlZGl0cyI6eyJyZXNpemUiOnsid2lkdGgiOjQwMH0sIndlYnAiOnsicXVhbGl0eSI6NTB9fX0=,/sneakers/new-balance/new-balance-327-marine-blue-u327weh-ka/58262?from=search
New Balance 1906R Sea Salt Marblehead,1460000,https://d5ibtax54de3q.cloudfront.net/eyJidWNrZXQiOiJraWNrYXZlbnVlLWFzc2V0cyIsImtleSI6InByb2R1Y3RzLzc1MTExL2Y1MzNlYTgzNmFjYjVhMWI3MzljYzM0ZTJjYjkyMjYzLnBuZyIsImVkaXRzIjp7InJlc2l6ZSI6eyJ3aWR0aCI6NDAwfSwid2VicCI6eyJxdWFsaXR5Ijo1MH19fQ==,/sneakers/new-balance/new-balance-1906r-sea-salt-marblehead-m1906rp-ka/75111?from=search
On Running CloudBoom Echo 3 Undyed White Mint,4110000,https://d5ibtax54de3q.cloudfront.net/eyJidWNrZXQiOiJraWNrYXZlbnVlLWFzc2V0cyIsImtleSI6InByb2R1Y3RzLzk3MTU4LzRlZTk5YzI0ZGZjOTgyMGFjMWZkMjU0OGI2Y2MyM2FkLnBuZyIsImVkaXRzIjp7InJlc2l6ZSI6eyJ3aWR0aCI6NDAwfSwid2VicCI6eyJxdWFsaXR5Ijo1MH19fQ==,/sneakers/on-running/on-running-cloudboom-echo-3-undyed-white-mint-3md10591105-ka/97158?from=search
Adidas Gazelle Indoor Preloved Yellow,1190000,https://d5ibtax54de3q.cloudfront.net/eyJidWNrZXQiOiJraWNrYXZlbnVlLWFzc2V0cyIsImtleSI6InByb2R1Y3RzLzEwNDg4Mi85OWI0YWMwMzYwZGFlMzM4ODc0YTU2ZGMyODEwY2JmZi5wbmciLCJlZGl0cyI6eyJyZXNpemUiOnsid2lkdGgiOjQwMH0sIndlYnAiOnsicXVhbGl0eSI6NTB9fX0=,/sneakers/adidas/adidas-gazelle-indoor-preloved-yellow-id1007-ka/104882?from=search
Puma Palermo Basketball Nostalgia,1430000,https://d5ibtax54de3q.cloudfront.net/eyJidWNrZXQiOiJraWNrYXZlbnVlLWFzc2V0cyIsImtleSI6InByb2R1Y3RzLzEwNDEwOS9mYWJlOTY1NTAyY2JjZjMzYjBlNWU4OTkwNzk0MTkxZS5wbmciLCJlZGl0cyI6eyJyZXNpemUiOnsid2lkdGgiOjQwMH0sIndlYnAiOnsicXVhbGl0eSI6NTB9fX0=,/sneakers/puma/puma-palermo-basketball-nostalgia-397252-01-ka/104109?from=search
Nike Kobe 9 Elite Low Protro Halo,2440000,https://d5ibtax54de3q.cloudfront.net/eyJidWNrZXQiOiJraWNrYXZlbnVlLWFzc2V0cyIsImtleSI6InByb2R1Y3RzLzExMzE3Ni8zYzdhMTBjZTY4NjFkNTdiNjc3NjUyMThkZWU3MGNkNC5wbmciLCJlZGl0cyI6eyJyZXNpemUiOnsid2lkdGgiOjQwMH0sIndlYnAiOnsicXVhbGl0eSI6NTB9fX0=,/sneakers/nike/nike-kobe-9-elite-low-protro-halo-fz7334-100-ka/113176?from=search
Nike Air Zoom Pegasus 39 Shield 'Black Vivid Sulfur',1080000,https://d5ibtax54de3q.cloudfront.net/eyJidWNrZXQiOiJraWNrYXZlbnVlLWFzc2V0cyIsImtleSI6InByb2R1Y3RzLzkwNjM1LzQ1YjlkMWI3ZmNkMmNiMTllZDQ5MWVjMDA3Y2EyY2Q3LnBuZyIsImVkaXRzIjp7InJlc2l6ZSI6eyJ3aWR0aCI6NDAwfSwid2VicCI6eyJxdWFsaXR5Ijo1MH19fQ==,/sneakers/nike/nike-air-zoom-pegasus-39-shield-black-vivid-sulfur-fv8107-070-ka/90635?from=search
Adidas Handball Spezial Core Black Leather,1440000,https://d5ibtax54de3q.cloudfront.net/eyJidWNrZXQiOiJraWNrYXZlbnVlLWFzc2V0cyIsImtleSI6InByb2R1Y3RzLzc0MjA3L2JmZDUzZTI4NDFmMDM5MTFlZTc2NTUxZTE3MDY0MTdlLnBuZyIsImVkaXRzIjp7InJlc2l6ZSI6eyJ3aWR0aCI6NDAwfSwid2VicCI6eyJxdWFsaXR5Ijo1MH19fQ==,/sneakers/adidas/adidas-handball-spezial-core-black-leather-ie3402-ka/74207?from=search
Adidas Yeezy 450 Stone Marine,1550000,https://d5ibtax54de3q.cloudfront.net/eyJidWNrZXQiOiJraWNrYXZlbnVlLWFzc2V0cyIsImtleSI6InByb2R1Y3RzLzExMTIxNC9kOWVkMjBkMjU5Y2M4NTI1OWM3Y2NkZWQwOWEzYWIxMS5wbmciLCJlZGl0cyI6eyJyZXNpemUiOnsid2lkdGgiOjQwMH0sIndlYnAiOnsicXVhbGl0eSI6NTB9fX0=,/sneakers/yeezy/adidas-yeezy-450-stone-marine-ig5530-ka/111214?from=search
Puma Speedcat LS Black White,2400000,/static/media/kick_avenue_empty_image.cf172573.png,/sneakers/puma/puma-speedcat-ls-black-white-380173-01-ka/110201?from=search
Adidas Handball Spezial Cloud White,800000,https://d5ibtax54de3q.cloudfront.net/eyJidWNrZXQiOiJraWNrYXZlbnVlLWFzc2V0cyIsImtleSI6InByb2R1Y3RzLzczNDg2LzhlNzVlYjU5YmU4NThmYWIyZTkzNzhjOTVlODVhNDYxLnBuZyIsImVkaXRzIjp7InJlc2l6ZSI6eyJ3aWR0aCI6NDAwfSwid2VicCI6eyJxdWFsaXR5Ijo1MH19fQ==,/sneakers/adidas/adidas-handball-spezial-cloud-white-ie9837-ka/73486?from=search
New Balance 2002R Gore-Tex Eclipse,2270000,https://d5ibtax54de3q.cloudfront.net/eyJidWNrZXQiOiJraWNrYXZlbnVlLWFzc2V0cyIsImtleSI6InByb2R1Y3RzLzc1NTEwL2ZlY2EzZWI2OWQyZDA3MGFlYWY3MzM5ZDMzN2FhOTJjLnBuZyIsImVkaXRzIjp7InJlc2l6ZSI6eyJ3aWR0aCI6NDAwfSwid2VicCI6eyJxdWFsaXR5Ijo1MH19fQ==,/sneakers/new-balance/new-balance-2002r-gore-tex-eclipse-m2002rxk-ka/75510?from=search
Nike Air Force 1 '07 LV8 LT Pumice Ivory,1440000,https://d5ibtax54de3q.cloudfront.net/eyJidWNrZXQiOiJraWNrYXZlbnVlLWFzc2V0cyIsImtleSI6InByb2R1Y3RzLzk2NTE0LzU3ZjI2YmFkYzY0MmRkZjE4MzhlZmI0NWI4ZmQzMjBhLnBuZyIsImVkaXRzIjp7InJlc2l6ZSI6eyJ3aWR0aCI6NDAwfSwid2VicCI6eyJxdWFsaXR5Ijo1MH19fQ==,/sneakers/nike/nike-air-force-1-07-lv8-lt-pumice-ivory-fz6684-001-ka/96514?from=search
Nike Invincible 3 Sanddrift Concord,2180000,https://d5ibtax54de3q.cloudfront.net/eyJidWNrZXQiOiJraWNrYXZlbnVlLWFzc2V0cyIsImtleSI6InByb2R1Y3RzLzEwNzkyNC9hZmJhZWRhZTdhYTI1MzRiZTlkNmYzM2ZlMDNhYzllNy5wbmciLCJlZGl0cyI6eyJyZXNpemUiOnsid2lkdGgiOjQwMH0sIndlYnAiOnsicXVhbGl0eSI6NTB9fX0=,/sneakers/nike/nike-invincible-3-sanddrift-concord-hf4309-126-ka/107924?from=search
Onitsuka Tiger Mexico 66 Pink Sky (Women's),2260000,https://d5ibtax54de3q.cloudfront.net/eyJidWNrZXQiOiJraWNrYXZlbnVlLWFzc2V0cyIsImtleSI6InByb2R1Y3RzLzEwODI5Ni82ZWQ4Yjg0MzE3MzQ4MTMxMjRhYWNlYzRjYjJjOTAzNS5wbmciLCJlZGl0cyI6eyJyZXNpemUiOnsid2lkdGgiOjQwMH0sIndlYnAiOnsicXVhbGl0eSI6NTB9fX0=,/sneakers/onitsuka-tiger/onitsuka-tiger-mexico-66-pink-sky-w-1182a075-400-ka/108296?from=search
ASICS Gel-Kayano 14 RE Habanero,1850000,https://d5ibtax54de3q.cloudfront.net/eyJidWNrZXQiOiJraWNrYXZlbnVlLWFzc2V0cyIsImtleSI6InByb2R1Y3RzLzcwNjYyL2EwZDA0ZGU4NzE0MTI1ZjE3M2M0M2ZlMTIxMzNmZDdmLnBuZyIsImVkaXRzIjp7InJlc2l6ZSI6eyJ3aWR0aCI6NDAwfSwid2VicCI6eyJxdWFsaXR5Ijo1MH19fQ==,/sneakers/asics/asics-gel-kayano-14-re-habanero-1201a445-200-ka/70662?from=search
Puma Club Retro Prep Adriatic Desert Clay,810000,https://d5ibtax54de3q.cloudfront.net/eyJidWNrZXQiOiJraWNrYXZlbnVlLWFzc2V0cyIsImtleSI6InByb2R1Y3RzLzYwODc0LzJjYTJjY2VhYzU4NDlkMDdlYTljZTRjZDFhMDViNTBlLmpwZWciLCJlZGl0cyI6eyJyZXNpemUiOnsid2lkdGgiOjQwMH0sIndlYnAiOnsicXVhbGl0eSI6NTB9fX0=,/sneakers/puma/puma-club-retro-prep-adriatic-desert-clay-389404-02-ka/60874?from=search
New Balance 550 Suede Slate Grey,750000,https://d5ibtax54de3q.cloudfront.net/eyJidWNrZXQiOiJraWNrYXZlbnVlLWFzc2V0cyIsImtleSI6InByb2R1Y3RzLzcyMzM3LzI3NWEyNzA3ODlkY2MwNzgxZWVlZmJmMTdmMTVlNmQ4LnBuZyIsImVkaXRzIjp7InJlc2l6ZSI6eyJ3aWR0aCI6NDAwfSwid2VicCI6eyJxdWFsaXR5Ijo1MH19fQ==,/sneakers/new-balance/new-balance-550-suede-slate-grey-bb550phd-ka/72337?from=search
Nike Court Vision Low Next Nature,550000,https://d5ibtax54de3q.cloudfront.net/eyJidWNrZXQiOiJraWNrYXZlbnVlLWFzc2V0cyIsImtleSI6InByb2R1Y3RzLzc1NDg3LzMzY2JhMWMxNjBiYTcwNjkzMzk5YzBjMzdjYzFkMmFkLnBuZyIsImVkaXRzIjp7InJlc2l6ZSI6eyJ3aWR0aCI6NDAwfSwid2VicCI6eyJxdWFsaXR5Ijo1MH19fQ==,/sneakers/nike/nike-court-vision-low-next-nature-dh2987-110-ka/75487?from=search
New Balance 550 Interstellar Deep Ocean,1450000,https://d5ibtax54de3q.cloudfront.net/eyJidWNrZXQiOiJraWNrYXZlbnVlLWFzc2V0cyIsImtleSI6InByb2R1Y3RzLzc3MDQ1LzQxMjhlZmQxY2U5MjFiNzUyODBhNzExMTAxMDk5OGIxLnBuZyIsImVkaXRzIjp7InJlc2l6ZSI6eyJ3aWR0aCI6NDAwfSwid2VicCI6eyJxdWFsaXR5Ijo1MH19fQ==,/sneakers/new-balance/new-balance-550-interstellar-deep-ocean-bb550wcb-ka/77045?from=search
Adidas Harden Vol. 8 Flamingo Pink,2200000,https://d5ibtax54de3q.cloudfront.net/eyJidWNrZXQiOiJraWNrYXZlbnVlLWFzc2V0cyIsImtleSI6InByb2R1Y3RzLzEwMzc5Mi9iYzc3N2U4ZmIyNDUzNjVhYTRhMGIwNDM4MGZkNmVmNC5wbmciLCJlZGl0cyI6eyJyZXNpemUiOnsid2lkdGgiOjQwMH0sIndlYnAiOnsicXVhbGl0eSI6NTB9fX0=,/sneakers/adidas/adidas-harden-vol-8-flamingo-pink-ie2698-ka/103792?from=search
Converse One Star Pro OX x Awake Black Egret,1180000,https://d5ibtax54de3q.cloudfront.net/eyJidWNrZXQiOiJraWNrYXZlbnVlLWFzc2V0cyIsImtleSI6InByb2R1Y3RzLzc2NzE0LzUwZTkzMzBkMDlkYzEwMGVhN2QyM2FhYzM5YmUwNmZiLnBuZyIsImVkaXRzIjp7InJlc2l6ZSI6eyJ3aWR0aCI6NDAwfSwid2VicCI6eyJxdWFsaXR5Ijo1MH19fQ==,/sneakers/converse/converse-one-star-pro-ox-x-awake-black-egret-a07143c-ka/76714?from=search
Nike Air Force 1 Low '07 Year of the Dragon (2024),2200000,https://d5ibtax54de3q.cloudfront.net/eyJidWNrZXQiOiJraWNrYXZlbnVlLWFzc2V0cyIsImtleSI6InByb2R1Y3RzLzc4NzE0LzNlNTJiOTlmOTVhZTYzNTdhMGM0NjY4YWIxYThmODIzLnBuZyIsImVkaXRzIjp7InJlc2l6ZSI6eyJ3aWR0aCI6NDAwfSwid2VicCI6eyJxdWFsaXR5Ijo1MH19fQ==,/sneakers/nike/nike-air-force-1-low-07-year-of-the-dragon-2024-fz5052-131-ka/78714?from=search
New Balance 1906R Silver Metallic Blue,2000000,https://d5ibtax54de3q.cloudfront.net/eyJidWNrZXQiOiJraWNrYXZlbnVlLWFzc2V0cyIsImtleSI6InByb2R1Y3RzLzU4NDYxLzQzNTcwZDNiNWU1MGY2MTQ5YTkwYzUwMWRmNzE5MGM0LmpwZWciLCJlZGl0cyI6eyJyZXNpemUiOnsid2lkdGgiOjQwMH0sIndlYnAiOnsicXVhbGl0eSI6NTB9fX0=,/sneakers/new-balance/new-balance-1906r-silver-metallic-blue-1906rcd-ka/58461?from=search
New Balance 990v4 Pink Ribbon (Faded Rose),5790000,https://d5ibtax54de3q.cloudfront.net/eyJidWNrZXQiOiJraWNrYXZlbnVlLWFzc2V0cyIsImtleSI6InByb2R1Y3RzLzE0NDA4LzU5NWU3ZjY5MDMyNzJhYjMwNjQ2MWRjMjY3OWUzNmJkLnBuZyIsImVkaXRzIjp7InJlc2l6ZSI6eyJ3aWR0aCI6NDAwfSwid2VicCI6eyJxdWFsaXR5Ijo1MH19fQ==,/sneakers/new-balance/new-balance-990v4-pink-ribbon-faded-rose-m990kmn4-ka-2/14408?from=search
Reebok New Vetements Demna Gvasalia Gray,15000000,https://d5ibtax54de3q.cloudfront.net/eyJidWNrZXQiOiJraWNrYXZlbnVlLWFzc2V0cyIsImtleSI6InByb2R1Y3RzLzE0MzgwL2IzN2MyODUxNjdlYjZmOTU2MjM3ODRmZGNkODEyMTQwLnBuZyIsImVkaXRzIjp7InJlc2l6ZSI6eyJ3aWR0aCI6NDAwfSwid2VicCI6eyJxdWFsaXR5Ijo1MH19fQ==,/sneakers/reebok/reebok-new-vetements-demna-gvasalia-gray-cn3309-ka/14380?from=search
New Balance 2002R Mule Bryant Giles What Now?,2890000,https://d5ibtax54de3q.cloudfront.net/eyJidWNrZXQiOiJraWNrYXZlbnVlLWFzc2V0cyIsImtleSI6InByb2R1Y3RzLzM0OTcxL2Q0NmVkOTFiODk1OGI0MTA5ZDczMTkxMTc4ZjA3NjI3LnBuZyIsImVkaXRzIjp7InJlc2l6ZSI6eyJ3aWR0aCI6NDAwfSwid2VicCI6eyJxdWFsaXR5Ijo1MH19fQ==,/sneakers/new-balance/new-balance-2002r-mule-bryant-giles-what-now-m2002rm1-ka-2/34971?from=search
Adidas Berlin Dark Marine (2022),2490000,https://d5ibtax54de3q.cloudfront.net/eyJidWNrZXQiOiJraWNrYXZlbnVlLWFzc2V0cyIsImtleSI6InByb2R1Y3RzLzYwNjkxLzIyNDViOWQ4MGQ3YjcwMzliMTI4YjcyMTVmNGYwNWEwLmpwZWciLCJlZGl0cyI6eyJyZXNpemUiOnsid2lkdGgiOjQwMH0sIndlYnAiOnsicXVhbGl0eSI6NTB9fX0=,/sneakers/adidas/adidas-berlin-dark-marine-2022-gy7446-ka/60691?from=search
Vans OG Old Skool LX Stressed Black White,1350000,https://d5ibtax54de3q.cloudfront.net/eyJidWNrZXQiOiJraWNrYXZlbnVlLWFzc2V0cyIsImtleSI6InByb2R1Y3RzLzU4MTk1LzIzMmRlODg1NDM0N2ZkNDAxYWIzOWIzZmUwM2Q4OTY4LmpwZWciLCJlZGl0cyI6eyJyZXNpemUiOnsid2lkdGgiOjQwMH0sIndlYnAiOnsicXVhbGl0eSI6NTB9fX0=,/sneakers/vans/vans-og-old-skool-lx-stressed-black-white-vn0a5fbeba21-ka/58195?from=search
Vans Slip-On Off White,990000,https://d5ibtax54de3q.cloudfront.net/eyJidWNrZXQiOiJraWNrYXZlbnVlLWFzc2V0cyIsImtleSI6InByb2R1Y3RzLzcyMzAxL2EzNzFlMzExMzYwNWJhZTUzMGU5YWRlMjlmY2VjMzViLnBuZyIsImVkaXRzIjp7InJlc2l6ZSI6eyJ3aWR0aCI6NDAwfSwid2VicCI6eyJxdWFsaXR5Ijo1MH19fQ==,/sneakers/vans/vans-slip-on-off-white-vn0a5fcaofw-ka/72301?from=search
Air Jordan Luka 2 PF Nebula,1020000,https://d5ibtax54de3q.cloudfront.net/eyJidWNrZXQiOiJraWNrYXZlbnVlLWFzc2V0cyIsImtleSI6InByb2R1Y3RzLzY2ODc2LzdkNjYyYTkxMTE0MWU4OTNhYWFmMzhkYzJhYjA1MjQzLnBuZyIsImVkaXRzIjp7InJlc2l6ZSI6eyJ3aWR0aCI6NDAwfSwid2VicCI6eyJxdWFsaXR5Ijo1MH19fQ==,/sneakers/air-jordan/air-jordan-luka-2-pf-nebula-dx9012-005-ka/66876?from=search
Nike Terminator High Hiking Boot Triple Black,1360000,https://d5ibtax54de3q.cloudfront.net/eyJidWNrZXQiOiJraWNrYXZlbnVlLWFzc2V0cyIsImtleSI6InByb2R1Y3RzLzYyMTY1LzI0YjBmZTNhZTZhNjk4MzlmOGVjNzQ0ZGE4ZmJmNWFiLmpwZWciLCJlZGl0cyI6eyJyZXNpemUiOnsid2lkdGgiOjQwMH0sIndlYnAiOnsicXVhbGl0eSI6NTB9fX0=,/sneakers/nike/nike-terminator-high-hiking-boot-triple-black-fj5464-010-ka/62165?from=search
On Running Cloudmonster Frost Cobalt,2690000,https://d5ibtax54de3q.cloudfront.net/eyJidWNrZXQiOiJraWNrYXZlbnVlLWFzc2V0cyIsImtleSI6InByb2R1Y3RzLzc4NzkxL2MzNjRhZjA1Y2MzYjJlOGUwZDFmMWNhNTM5MGYzOTJmLnBuZyIsImVkaXRzIjp7InJlc2l6ZSI6eyJ3aWR0aCI6NDAwfSwid2VicCI6eyJxdWFsaXR5Ijo1MH19fQ==,/sneakers/on-running/on-running-cloudmonster-frost-cobalt-6198653-ka/78791?from=search
New Balance 2002R Nightwatch Green,2360000,https://d5ibtax54de3q.cloudfront.net/eyJidWNrZXQiOiJraWNrYXZlbnVlLWFzc2V0cyIsImtleSI6InByb2R1Y3RzLzM3MjQ5LzRkMWU2ZWExZDkyODU0N2YyMjIzNWY1NmY3ZDFiMDE4LnBuZyIsImVkaXRzIjp7InJlc2l6ZSI6eyJ3aWR0aCI6NDAwfSwid2VicCI6eyJxdWFsaXR5Ijo1MH19fQ==,/sneakers/new-balance/new-balance-2002r-nightwatch-green-m2002rhb-ka-2/37249?from=search
Adidas Centennial 85 Hi,1260000,https://d5ibtax54de3q.cloudfront.net/eyJidWNrZXQiOiJraWNrYXZlbnVlLWFzc2V0cyIsImtleSI6InByb2R1Y3RzLzY0MjY2LzFjZTlhYmMyZWZmNGFiYjkzZDI5ZTZiZTNjM2RlMWM5LmpwZWciLCJlZGl0cyI6eyJyZXNpemUiOnsid2lkdGgiOjQwMH0sIndlYnAiOnsicXVhbGl0eSI6NTB9fX0=,/sneakers/adidas/adidas-centennial-85-hi-fz5992-ka/64266?from=search
Nike Calm Clog Mule Oil Green,1220000,https://d5ibtax54de3q.cloudfront.net/eyJidWNrZXQiOiJraWNrYXZlbnVlLWFzc2V0cyIsImtleSI6InByb2R1Y3RzLzY5MDk4L2I3OTFhZDU5NWZjZDBmMjNjYmY3MGUwODc0ZTVlMTMyLnBuZyIsImVkaXRzIjp7InJlc2l6ZSI6eyJ3aWR0aCI6NDAwfSwid2VicCI6eyJxdWFsaXR5Ijo1MH19fQ==,/sneakers/nike/nike-calm-clog-mule-oil-green-fd5130-300-ka/69098?from=search
ASICS Gel-Kayano Legacy Standard White Black,1680000,https://d5ibtax54de3q.cloudfront.net/eyJidWNrZXQiOiJraWNrYXZlbnVlLWFzc2V0cyIsImtleSI6InByb2R1Y3RzLzcwNjI4L2MwNWQyMDFjNTAzYjJhYTVhMDE3NGYwYWY3Nzk0NjdjLnBuZyIsImVkaXRzIjp7InJlc2l6ZSI6eyJ3aWR0aCI6NDAwfSwid2VicCI6eyJxdWFsaXR5Ijo1MH19fQ==,/sneakers/asics/asics-gel-kayano-legacy-standard-white-black-1203a325-100-ka/70628?from=search
Nike SB Blazer Low GT Black Sail,1170000,https://d5ibtax54de3q.cloudfront.net/eyJidWNrZXQiOiJraWNrYXZlbnVlLWFzc2V0cyIsImtleSI6InByb2R1Y3RzLzc2NzI2Lzc1MzJiNGNkNjkxN2QyNmYzZTZhY2U1N2YyYTkyY2Y2LnBuZyIsImVkaXRzIjp7InJlc2l6ZSI6eyJ3aWR0aCI6NDAwfSwid2VicCI6eyJxdWFsaXR5Ijo1MH19fQ==,/sneakers/nike/nike-sb-blazer-low-gt-black-sail-704939-001-ka/76726?from=search
New Balance 610T x CAYL Olive Green,3140000,https://d5ibtax54de3q.cloudfront.net/eyJidWNrZXQiOiJraWNrYXZlbnVlLWFzc2V0cyIsImtleSI6InByb2R1Y3RzLzk2NTU4L2Y4NGVhNjY0MTY1YzFmZTMzOGM2ZmY1MDAzMDcwMGU2LnBuZyIsImVkaXRzIjp7InJlc2l6ZSI6eyJ3aWR0aCI6NDAwfSwid2VicCI6eyJxdWFsaXR5Ijo1MH19fQ==,/sneakers/new-balance/new-balance-610t-x-cayl-olive-green-ml610tcl-ka/96558?from=search
Nike KD 4 Copper (Christmas),5020000,https://d5ibtax54de3q.cloudfront.net/eyJidWNrZXQiOiJraWNrYXZlbnVlLWFzc2V0cyIsImtleSI6InByb2R1Y3RzLzgzMTM0LzZlZGQwYWViZTJjNmJiZWI4ODIwNTAyMzcwYzE3OGJlLnBuZyIsImVkaXRzIjp7InJlc2l6ZSI6eyJ3aWR0aCI6NDAwfSwid2VicCI6eyJxdWFsaXR5Ijo1MH19fQ==,/sneakers/nike/nike-kd-4-copper-christmas-473679-700-ka/83134?from=search
Nike Air Monarch IV Martine Rose White,5180000,https://d5ibtax54de3q.cloudfront.net/eyJidWNrZXQiOiJraWNrYXZlbnVlLWFzc2V0cyIsImtleSI6InByb2R1Y3RzLzgxNzg1L2I4NzkwM2ZhOTdlMTZmN2QyYjU2NmNiYzY3Y2UyNTc2LnBuZyIsImVkaXRzIjp7InJlc2l6ZSI6eyJ3aWR0aCI6NDAwfSwid2VicCI6eyJxdWFsaXR5Ijo1MH19fQ==,/sneakers/nike/nike-air-monarch-iv-martine-rose-white-at3147-100-ka/81785?from=search
Nike KD Trey 5 X Clear Jade Sulphur,2350000,https://d5ibtax54de3q.cloudfront.net/eyJidWNrZXQiOiJraWNrYXZlbnVlLWFzc2V0cyIsImtleSI6InByb2R1Y3RzLzg0MTU4LzhmNTI5OGE0YWMxOGQyOTA4M2YyZjM2NWMxZjQyNTE4LnBuZyIsImVkaXRzIjp7InJlc2l6ZSI6eyJ3aWR0aCI6NDAwfSwid2VicCI6eyJxdWFsaXR5Ijo1MH19fQ==,/sneakers/nike/nike-kd-trey-5-x-clear-jade-sulphur-dd9538-300-ka-2/84158?from=search
Nike SB Heritage Vulc Lucky Green Gum,570000,https://d5ibtax54de3q.cloudfront.net/eyJidWNrZXQiOiJraWNrYXZlbnVlLWFzc2V0cyIsImtleSI6InByb2R1Y3RzLzk2MjkxL2E5ZTYyN2UxMDUwZDczY2I5ZjM0OWYzMDEyMjhhM2Y1LnBuZyIsImVkaXRzIjp7InJlc2l6ZSI6eyJ3aWR0aCI6NDAwfSwid2VicCI6eyJxdWFsaXR5Ijo1MH19fQ==,/sneakers/nike/nike-sb-heritage-vulc-lucky-green-gum-cd5010-101-ka/96291?from=search
ASICS Gel-Kayano 14 Glacier Grey Thunder Blue,2620000,https://d5ibtax54de3q.cloudfront.net/eyJidWNrZXQiOiJraWNrYXZlbnVlLWFzc2V0cyIsImtleSI6InByb2R1Y3RzLzEwMTE1OC8xODFiM2U1MTIxZTNlODVhMmVhYWJjNzJlNWI1YmNiYy5wbmciLCJlZGl0cyI6eyJyZXNpemUiOnsid2lkdGgiOjQwMH0sIndlYnAiOnsicXVhbGl0eSI6NTB9fX0=,/sneakers/asics/asics-gel-kayano-14-glacier-grey-thunder-blue-1201a395-960-ka/101158?from=search
ASICS Gel-Kayano 14 White Piquant Orange,2940000,https://d5ibtax54de3q.cloudfront.net/eyJidWNrZXQiOiJraWNrYXZlbnVlLWFzc2V0cyIsImtleSI6InByb2R1Y3RzLzEwMTE2OC81YTI4YWZiMjVmNGZjMTI0ZDM3MTNjYTExNjA3YzdiOC5wbmciLCJlZGl0cyI6eyJyZXNpemUiOnsid2lkdGgiOjQwMH0sIndlYnAiOnsicXVhbGl0eSI6NTB9fX0=,/sneakers/asics/asics-gel-kayano-14-white-piquant-orange-1201a019-109-ka/101168?from=search
Air Jordan Max Aura 2 Triple Black,2890000,https://d5ibtax54de3q.cloudfront.net/eyJidWNrZXQiOiJraWNrYXZlbnVlLWFzc2V0cyIsImtleSI6InByb2R1Y3RzLzk0MDYxL2U3MGVjYTI1ZGFjZWYzNmMyOTU5NGQxYmRiN2RkMDAwLnBuZyIsImVkaXRzIjp7InJlc2l6ZSI6eyJ3aWR0aCI6NDAwfSwid2VicCI6eyJxdWFsaXR5Ijo1MH19fQ==,/sneakers/air-jordan/air-jordan-max-aura-2-triple-black-ck6636-005-ka/94061?from=search
Air Jordan Super.Fly 2017 BG Space Jam,720000,https://d5ibtax54de3q.cloudfront.net/eyJidWNrZXQiOiJraWNrYXZlbnVlLWFzc2V0cyIsImtleSI6InByb2R1Y3RzLzkzODIyLzFkOTQyZGRkODRjMjg2OWE4N2NmNGFjNTY3MTg0NDY2LnBuZyIsImVkaXRzIjp7InJlc2l6ZSI6eyJ3aWR0aCI6NDAwfSwid2VicCI6eyJxdWFsaXR5Ijo1MH19fQ==,/sneakers/nike/jordan-jordan-superfly-2017-bg-space-jam-921208-002-ka/93822?from=search
Salomon Speedcross Offroad Black,2900000,https://d5ibtax54de3q.cloudfront.net/eyJidWNrZXQiOiJraWNrYXZlbnVlLWFzc2V0cyIsImtleSI6InByb2R1Y3RzLzEwMzU1Ny83YjI5NzRiZjI5NDlkZjA5MzM2OGE1MDY4N2I2ZDIxMC5wbmciLCJlZGl0cyI6eyJyZXNpemUiOnsid2lkdGgiOjQwMH0sIndlYnAiOnsicXVhbGl0eSI6NTB9fX0=,/sneakers/salomon/salomon-speedcross-offroad-black-l47384100-ka/103557?from=search
Air Jordan 31 BG Royal,2690000,https://d5ibtax54de3q.cloudfront.net/eyJidWNrZXQiOiJraWNrYXZlbnVlLWFzc2V0cyIsImtleSI6InByb2R1Y3RzLzkzMzA1LzhhYWFkMDQ4NzJmMDY2ZWIxZjhhNmU1ODkxYWM1MTY2LnBuZyIsImVkaXRzIjp7InJlc2l6ZSI6eyJ3aWR0aCI6NDAwfSwid2VicCI6eyJxdWFsaXR5Ijo1MH19fQ==,/sneakers/air-jordan/air-jordan-31-bg-royal-848629-007-ka/93305?from=search
New Balance 840 Series Black,680000,https://d5ibtax54de3q.cloudfront.net/eyJidWNrZXQiOiJraWNrYXZlbnVlLWFzc2V0cyIsImtleSI6InByb2R1Y3RzLzk4NjEzLzNhNzk2Nzg5MTg0MGIzMDQ1MjU3MWQxMzE0N2E2ODYyLnBuZyIsImVkaXRzIjp7InJlc2l6ZSI6eyJ3aWR0aCI6NDAwfSwid2VicCI6eyJxdWFsaXR5Ijo1MH19fQ==,/sneakers/new-balance/new-balance-840-series-black-ml840ae-ka/98613?from=search
Nike Air Max 90 Premium Notebook Doodle Pack,1250000,https://d5ibtax54de3q.cloudfront.net/eyJidWNrZXQiOiJraWNrYXZlbnVlLWFzc2V0cyIsImtleSI6InByb2R1Y3RzLzEwOTQ0OC9lOTM2MzcyZWFiYzNiYjExY2RkMWJlNzZiMjQxZWUxYS5wbmciLCJlZGl0cyI6eyJyZXNpemUiOnsid2lkdGgiOjQwMH0sIndlYnAiOnsicXVhbGl0eSI6NTB9fX0=,/sneakers/nike/nike-air-max-90-premium-notebook-doodle-pack-fv6059-001-ka/109448?from=search
ASICS Gel-Kayano 14 Aritzia White Black,4190000,https://d5ibtax54de3q.cloudfront.net/eyJidWNrZXQiOiJraWNrYXZlbnVlLWFzc2V0cyIsImtleSI6InByb2R1Y3RzLzEwMTE0Ny9lMjdlYTlhYzM3MWU1N2U3OGQyNmVlOTg0M2NkMjZjMC5wbmciLCJlZGl0cyI6eyJyZXNpemUiOnsid2lkdGgiOjQwMH0sIndlYnAiOnsicXVhbGl0eSI6NTB9fX0=,/sneakers/asics/asics-gel-kayano-14-aritzia-white-black-1203a328-101-ka/101147?from=search
Nike Sabrina 2 Mirrored Black Smoke Grey,3510000,https://d5ibtax54de3q.cloudfront.net/eyJidWNrZXQiOiJraWNrYXZlbnVlLWFzc2V0cyIsImtleSI6InByb2R1Y3RzLzExMTA0NS82ODk3YmZkZGJmNTZjYzY2NDc4NjJjNTkyNGY3MDkwMC5wbmciLCJlZGl0cyI6eyJyZXNpemUiOnsid2lkdGgiOjQwMH0sIndlYnAiOnsicXVhbGl0eSI6NTB9fX0=,/sneakers/nike/nike-sabrina-2-mirrored-black-smoke-grey-fq2174-001-ka/111045?from=search
New Balance 990v2 Heritage Made in USA Pewter,4020000,https://d5ibtax54de3q.cloudfront.net/eyJidWNrZXQiOiJraWNrYXZlbnVlLWFzc2V0cyIsImtleSI6InByb2R1Y3RzLzk4NjY3L2NmOGJkNTA1YjcxMmRmNmVhOTY0OGE3YzhmMTFlZjEzLnBuZyIsImVkaXRzIjp7InJlc2l6ZSI6eyJ3aWR0aCI6NDAwfSwid2VicCI6eyJxdWFsaXR5Ijo1MH19fQ==,/sneakers/new-balance/new-balance-990v2-heritage-made-in-usa-pewter-m990bk2-ka/98667?from=search
Adidas Handball Spezial Blue White Scarlet,1650000,https://d5ibtax54de3q.cloudfront.net/eyJidWNrZXQiOiJraWNrYXZlbnVlLWFzc2V0cyIsImtleSI6InByb2R1Y3RzLzEwODEzMy81YzQyMGZiYzZhOWE3YWQ5NzNkMTU0MDRiZGE3NDc2Ny5wbmciLCJlZGl0cyI6eyJyZXNpemUiOnsid2lkdGgiOjQwMH0sIndlYnAiOnsicXVhbGl0eSI6NTB9fX0=,/sneakers/adidas/adidas-handball-spezial-blue-white-scarlet-if9532-ka/108133?from=search
ASICS Gel-NYC White Ivy,2250000,https://d5ibtax54de3q.cloudfront.net/eyJidWNrZXQiOiJraWNrYXZlbnVlLWFzc2V0cyIsImtleSI6InByb2R1Y3RzLzEwMTQwNi8yNzg0MWM5NjMwMjgzN2I0NmMxMmM4YWNiYTZmMWM0Zi5wbmciLCJlZGl0cyI6eyJyZXNpemUiOnsid2lkdGgiOjQwMH0sIndlYnAiOnsicXVhbGl0eSI6NTB9fX0=,/sneakers/asics/asics-gel-nyc-white-ivy-1201a789-101-ka/101406?from=search
Salomon XT 6 Adv Quarry Evening Primrose,3800000,https://d5ibtax54de3q.cloudfront.net/eyJidWNrZXQiOiJraWNrYXZlbnVlLWFzc2V0cyIsImtleSI6InByb2R1Y3RzLzEwMjQ4OC9lMDRmOThiMDgxY2M5YTAwMWZlODYzNGRiOGY2NzM5YS5wbmciLCJlZGl0cyI6eyJyZXNpemUiOnsid2lkdGgiOjQwMH0sIndlYnAiOnsicXVhbGl0eSI6NTB9fX0=,/sneakers/salomon/salomon-xt-6-adv-quarry-evening-primrose-413901-ka-2/102488?from=search
Muleboy Piazza X Slide Dark Green,780000,https://d5ibtax54de3q.cloudfront.net/eyJidWNrZXQiOiJraWNrYXZlbnVlLWFzc2V0cyIsImtleSI6InByb2R1Y3RzLzEwNjAwMC9hNTgxNmE4Yjc1YWE2NWI1MGE3YTFkMjZhNGRiNmI2ZC5wbmciLCJlZGl0cyI6eyJyZXNpemUiOnsid2lkdGgiOjQwMH0sIndlYnAiOnsicXVhbGl0eSI6NTB9fX0=,/sneakers/muleboy/muleboy-piazza-x-slide-dark-green-mbx210301dg-ka/106000?from=search
Puma LaMelo Ball MB.03 Lo Black Strong Grey,2730000,https://d5ibtax54de3q.cloudfront.net/eyJidWNrZXQiOiJraWNrYXZlbnVlLWFzc2V0cyIsImtleSI6InByb2R1Y3RzLzEwODE3NC84ZjdjMDNlYTFiYjg4M2Y5MWJkOTc2MDUyMzQ2MGRjNS5wbmciLCJlZGl0cyI6eyJyZXNpemUiOnsid2lkdGgiOjQwMH0sIndlYnAiOnsicXVhbGl0eSI6NTB9fX0=,/sneakers/puma/puma-lamelo-ball-mb03-lo-black-strong-grey-310519-03-ka/108174?from=search
On Running Cloudmonster 2 Mineral Aloe,3360000,https://d5ibtax54de3q.cloudfront.net/eyJidWNrZXQiOiJraWNrYXZlbnVlLWFzc2V0cyIsImtleSI6InByb2R1Y3RzLzExMTQ5OC81ODM1MDIzYTViYzU1MGFmNjQ1OGQ1ZTJjZjA3OTBlZS5wbmciLCJlZGl0cyI6eyJyZXNpemUiOnsid2lkdGgiOjQwMH0sIndlYnAiOnsicXVhbGl0eSI6NTB9fX0=,/sneakers/on-running/on-running-cloudmonster-2-mineral-aloe-3me10122078-ka/111498?from=search
Adidas Samba OG White Crew Yellow,1690000,https://d5ibtax54de3q.cloudfront.net/eyJidWNrZXQiOiJraWNrYXZlbnVlLWFzc2V0cyIsImtleSI6InByb2R1Y3RzLzEwOTk0NC80YzMwNDJjNmFlZTE0MTNlM2YwY2MwZTU4N2JmNmM4MC5wbmciLCJlZGl0cyI6eyJyZXNpemUiOnsid2lkdGgiOjQwMH0sIndlYnAiOnsicXVhbGl0eSI6NTB9fX0=,/sneakers/adidas/adidas-samba-og-white-crew-yellow-id1479-ka/109944?from=search
Puma Teveris Nitro Vortex Alpine Snow,810000,https://d5ibtax54de3q.cloudfront.net/eyJidWNrZXQiOiJraWNrYXZlbnVlLWFzc2V0cyIsImtleSI6InByb2R1Y3RzLzExMDczMi8wNzdjZTdiYzcxODg2MzIxMzU5N2MyZWM2OWQ1OTJjNC5wbmciLCJlZGl0cyI6eyJyZXNpemUiOnsid2lkdGgiOjQwMH0sIndlYnAiOnsicXVhbGl0eSI6NTB9fX0=,/sneakers/puma/puma-teveris-nitro-vortex-alpine-snow-392593-01-ka/110732?from=search
New Balance 990v2 MiUSA Teddy Santis Black True Camo,3000000,https://d5ibtax54de3q.cloudfront.net/eyJidWNrZXQiOiJraWNrYXZlbnVlLWFzc2V0cyIsImtleSI6InByb2R1Y3RzLzM0NTYzLzZjYTg2ZGQ5MTc1ODk1ODJlMGQxNzUyNjg1YzhjYjVkLnBuZyIsImVkaXRzIjp7InJlc2l6ZSI6eyJ3aWR0aCI6NDAwfSwid2VicCI6eyJxdWFsaXR5Ijo1MH19fQ==,/sneakers/new-balance/new-balance-990v2-miusa-teddy-santis-black-true-camo-m990te2-ka-2/34563?from=search
Adidas SL 72 Cloud White Maroon,2100000,https://d5ibtax54de3q.cloudfront.net/eyJidWNrZXQiOiJraWNrYXZlbnVlLWFzc2V0cyIsImtleSI6InByb2R1Y3RzLzExMTk5OC9kNTBkNzRmN2JhMGJkMmY3NjBhZGQxNGQxMTJhOGVkMi5wbmciLCJlZGl0cyI6eyJyZXNpemUiOnsid2lkdGgiOjQwMH0sIndlYnAiOnsicXVhbGl0eSI6NTB9fX0=,/sneakers/adidas/adidas-sl-72-cloud-white-maroon-jh5645-ka/111998?from=search
Adidas Ultra Boost 22 Black Solar Yellow,1190000,https://d5ibtax54de3q.cloudfront.net/eyJidWNrZXQiOiJraWNrYXZlbnVlLWFzc2V0cyIsImtleSI6InByb2R1Y3RzLzY0MDU1LzI3N2EyZmU3ZDY5OTAzYmNkOWFjZjc1MTY1MTg3ZTk5LmpwZWciLCJlZGl0cyI6eyJyZXNpemUiOnsid2lkdGgiOjQwMH0sIndlYnAiOnsicXVhbGl0eSI6NTB9fX0=,/sneakers/adidas/adidas-ultra-boost-22-black-solar-yellow-gx5915-ka/64055?from=search
Converse Chuck Taylor All Star 70's High Festival Flower,730000,https://d5ibtax54de3q.cloudfront.net/eyJidWNrZXQiOiJraWNrYXZlbnVlLWFzc2V0cyIsImtleSI6InByb2R1Y3RzLzc1MjU1L2VjMDAxNjYwMThhN2ZjNzllYmE3NzkyMTE2ZWVmMGEzLnBuZyIsImVkaXRzIjp7InJlc2l6ZSI6eyJ3aWR0aCI6NDAwfSwid2VicCI6eyJxdWFsaXR5Ijo1MH19fQ==,/sneakers/converse/converse-chuck-taylor-all-star-70s-high-festival-flower-a03519c-ka/75255?from=search
Puma Palermo Vintage Jade Frost,1260000,https://d5ibtax54de3q.cloudfront.net/eyJidWNrZXQiOiJraWNrYXZlbnVlLWFzc2V0cyIsImtleSI6InByb2R1Y3RzLzEwOTkyMC8yYjIwZjhmNDE1OTQ2Yzg1MWMyZGUwZTg0OGI1ZWM3Ny5wbmciLCJlZGl0cyI6eyJyZXNpemUiOnsid2lkdGgiOjQwMH0sIndlYnAiOnsicXVhbGl0eSI6NTB9fX0=,/sneakers/puma/puma-palermo-vintage-jade-frost-396841-05-ka/109920?from=search
Converse Chuck Taylor All Star High 70 Vintage Canvas Tiger Moss,400000,https://d5ibtax54de3q.cloudfront.net/eyJidWNrZXQiOiJraWNrYXZlbnVlLWFzc2V0cyIsImtleSI6InByb2R1Y3RzLzEwMzkyNy9hYmE3ZjBlOTU0ZjI4ZjhlMGNlYzcxZGMyNjYwN2IyNS5wbmciLCJlZGl0cyI6eyJyZXNpemUiOnsid2lkdGgiOjQwMH0sIndlYnAiOnsicXVhbGl0eSI6NTB9fX0=,/sneakers/converse/converse-chuck-taylor-all-star-high-70-vintage-canvas-tiger-moss-a05583c-ka/103927?from=search
Puma Deviate Nitro Elite 2 Fizzy Lime,2200000,https://d5ibtax54de3q.cloudfront.net/eyJidWNrZXQiOiJraWNrYXZlbnVlLWFzc2V0cyIsImtleSI6InByb2R1Y3RzLzEwMzc0Ni81YmQwM2I4ZGQyMDk4ZTgyYjgwZWUyYmNkNWNhZjQ4Ny5wbmciLCJlZGl0cyI6eyJyZXNpemUiOnsid2lkdGgiOjQwMH0sIndlYnAiOnsicXVhbGl0eSI6NTB9fX0=,/sneakers/puma/puma-deviate-nitro-elite-2-fizzy-lime-377786-01-ka/103746?from=search
Puma Slipstream Basketball White Black,850000,https://d5ibtax54de3q.cloudfront.net/eyJidWNrZXQiOiJraWNrYXZlbnVlLWFzc2V0cyIsImtleSI6InByb2R1Y3RzLzExMjgwMS82ODBmYzIwNDQwMTllOGZkM2YyM2IxODdkZjEzYWI4ZC5wbmciLCJlZGl0cyI6eyJyZXNpemUiOnsid2lkdGgiOjQwMH0sIndlYnAiOnsicXVhbGl0eSI6NTB9fX0=,/sneakers/puma/puma-slipstream-basketball-white-black-393787-01-ka/112801?from=search
Adidas Gazelle Indoor Preloved Yellow Dark Blue,1300000,https://d5ibtax54de3q.cloudfront.net/eyJidWNrZXQiOiJraWNrYXZlbnVlLWFzc2V0cyIsImtleSI6InByb2R1Y3RzLzEwODk1NC83YTRkNzYzM2QwZGEwZDc4NDMxNjhlYWRhMDE1ZDE3Yi5wbmciLCJlZGl0cyI6eyJyZXNpemUiOnsid2lkdGgiOjQwMH0sIndlYnAiOnsicXVhbGl0eSI6NTB9fX0=,/sneakers/adidas/adidas-gazelle-indoor-preloved-yellow-dark-blue-ie0540-ka/108954?from=search
ASICS Gel NYC Reddish Brown Steeple Grey,2430000,https://d5ibtax54de3q.cloudfront.net/eyJidWNrZXQiOiJraWNrYXZlbnVlLWFzc2V0cyIsImtleSI6InByb2R1Y3RzLzExMjg4Ni9iNmZkZjVjZTMzZDVkZWNiNmZmMmMwM2U4MjM3NzRhYi5wbmciLCJlZGl0cyI6eyJyZXNpemUiOnsid2lkdGgiOjQwMH0sIndlYnAiOnsicXVhbGl0eSI6NTB9fX0=,/sneakers/asics/asics-gel-nyc-reddish-brown-steeple-grey-1203a383-200-ka/112886?from=search
Nike Air Force 1 '07 Pro Tech Light Silver,1190000,https://d5ibtax54de3q.cloudfront.net/eyJidWNrZXQiOiJraWNrYXZlbnVlLWFzc2V0cyIsImtleSI6InByb2R1Y3RzLzc2MTM4LzU4ZGJmNjgyMGZiN2U4ZTJhZjNhNjMzYjM0NGE2NDhlLnBuZyIsImVkaXRzIjp7InJlc2l6ZSI6eyJ3aWR0aCI6NDAwfSwid2VicCI6eyJxdWFsaXR5Ijo1MH19fQ==,/sneakers/nike/nike-air-force-1-07-pro-tech-light-silver-fb8875-002-ka/76138?from=search
Nike ACG Watercat+ Black White,770000,https://d5ibtax54de3q.cloudfront.net/eyJidWNrZXQiOiJraWNrYXZlbnVlLWFzc2V0cyIsImtleSI6InByb2R1Y3RzLzY1NDI2LzIwZTA0MjRlOTY5MWRiY2NjYjE5Yzc5NDg2MDhhYWNjLnBuZyIsImVkaXRzIjp7InJlc2l6ZSI6eyJ3aWR0aCI6NDAwfSwid2VicCI6eyJxdWFsaXR5Ijo1MH19fQ==,/sneakers/nike/nike-acg-watercat-black-white-cz0931-003-ka/65426?from=search
Adidas Samba OG Cloud White Light Blue,1840000,https://d5ibtax54de3q.cloudfront.net/eyJidWNrZXQiOiJraWNrYXZlbnVlLWFzc2V0cyIsImtleSI6InByb2R1Y3RzLzEwNzY4My9jYjYwNDcxOGMwNmIyZDZiYjVmNDg0MTUyZGI5NGIyYi5wbmciLCJlZGl0cyI6eyJyZXNpemUiOnsid2lkdGgiOjQwMH0sIndlYnAiOnsicXVhbGl0eSI6NTB9fX0=,/sneakers/adidas/adidas-samba-og-cloud-white-light-blue-ji2003-ka/107683?from=search
Air Jordan 1 Mid SE Craft White Cement Grey,1640000,https://d5ibtax54de3q.cloudfront.net/eyJidWNrZXQiOiJraWNrYXZlbnVlLWFzc2V0cyIsImtleSI6InByb2R1Y3RzLzc5MDExLzdmNzcwMTdjNWEyYzE3NTgxYmQxNzk3MWE1YTczNTk1LnBuZyIsImVkaXRzIjp7InJlc2l6ZSI6eyJ3aWR0aCI6NDAwfSwid2VicCI6eyJxdWFsaXR5Ijo1MH19fQ==,/sneakers/air-jordan/air-jordan-1-mid-se-craft-white-cement-grey-dz4136-002-ka/79011?from=search
Adidas Country OG Black White Gum,1410000,https://d5ibtax54de3q.cloudfront.net/eyJidWNrZXQiOiJraWNrYXZlbnVlLWFzc2V0cyIsImtleSI6InByb2R1Y3RzLzEwNTgyNy8xY2JjOGY0OWIwYTNiNmRlY2U4YzI3ODc0NjI0M2M5YS5wbmciLCJlZGl0cyI6eyJyZXNpemUiOnsid2lkdGgiOjQwMH0sIndlYnAiOnsicXVhbGl0eSI6NTB9fX0=,/sneakers/adidas/adidas-country-og-black-white-gum-ie4231-ka/105827?from=search
Air Jordan 1 Low SE Craft Dark Smoke Grey,1920000,https://d5ibtax54de3q.cloudfront.net/eyJidWNrZXQiOiJraWNrYXZlbnVlLWFzc2V0cyIsImtleSI6InByb2R1Y3RzLzEwMzUzOS85ZTYwMDlmYTU1OTZiZmY5MTcyYTIxZTk4YTFjYmQzMi5wbmciLCJlZGl0cyI6eyJyZXNpemUiOnsid2lkdGgiOjQwMH0sIndlYnAiOnsicXVhbGl0eSI6NTB9fX0=,/sneakers/air-jordan/air-jordan-1-low-se-craft-dark-smoke-grey-fd8635-001-ka/103539?from=search
Converse Chuck Taylor All Star '70 Low Navy,1170000,https://d5ibtax54de3q.cloudfront.net/eyJidWNrZXQiOiJraWNrYXZlbnVlLWFzc2V0cyIsImtleSI6InByb2R1Y3RzLzk2NDY5LzY3ZGExZmI0OGI1ZjE0MjJkMDQyMTlhZDNhNWYxNmYyLnBuZyIsImVkaXRzIjp7InJlc2l6ZSI6eyJ3aWR0aCI6NDAwfSwid2VicCI6eyJxdWFsaXR5Ijo1MH19fQ==,/sneakers/converse/converse-chuck-taylor-all-star-70-low-navy-172679c-ka/96469?from=search
New Balance 2002R thisisneverthat ''The 2022 Downtown Run'',2390000,https://d5ibtax54de3q.cloudfront.net/eyJidWNrZXQiOiJraWNrYXZlbnVlLWFzc2V0cyIsImtleSI6InByb2R1Y3RzLzM2OTU1L2IzYjVmNmM0ZDk3NjIzN2ZiMTA4MmM4ZGFjYTQyOGQxLnBuZyIsImVkaXRzIjp7InJlc2l6ZSI6eyJ3aWR0aCI6NDAwfSwid2VicCI6eyJxdWFsaXR5Ijo1MH19fQ==,/sneakers/new-balance/new-balance-2002r-thisisneverthat-the-2022-downtown-run-m2002rth-ka-2/36955?from=search
Nike Dunk Low Mystic Red Cargo Khaki,1250000,https://d5ibtax54de3q.cloudfront.net/eyJidWNrZXQiOiJraWNrYXZlbnVlLWFzc2V0cyIsImtleSI6InByb2R1Y3RzLzc5MDQzLzAyZWFlNzZiMGNjZGU3Mjg0ZTI2MDE3ZWQwNTA3MzM1LnBuZyIsImVkaXRzIjp7InJlc2l6ZSI6eyJ3aWR0aCI6NDAwfSwid2VicCI6eyJxdWFsaXR5Ijo1MH19fQ==,/sneakers/nike/nike-dunk-low-mystic-red-cargo-khaki-dv0833-600-ka/79043?from=search
Adidas Adizero Takumi Sen 10 Black Spark,2130000,https://d5ibtax54de3q.cloudfront.net/eyJidWNrZXQiOiJraWNrYXZlbnVlLWFzc2V0cyIsImtleSI6InByb2R1Y3RzLzEwMzc4NC8xYzQzNGQwYjcxNjAyZDhiYWM5ODA0M2U4MDExYTY4MC5wbmciLCJlZGl0cyI6eyJyZXNpemUiOnsid2lkdGgiOjQwMH0sIndlYnAiOnsicXVhbGl0eSI6NTB9fX0=,/sneakers/adidas/adidas-adizero-takumi-sen-10-black-spark-id2793-ka/103784?from=search
Adidas Bermuda Mystery Blue,2370000,https://d5ibtax54de3q.cloudfront.net/eyJidWNrZXQiOiJraWNrYXZlbnVlLWFzc2V0cyIsImtleSI6InByb2R1Y3RzLzEwOTUwMS9iNTdmM2U0MTM1MGI5YzMzMjkwNmRhMGVhYjQ0NDNlMC5wbmciLCJlZGl0cyI6eyJyZXNpemUiOnsid2lkdGgiOjQwMH0sIndlYnAiOnsicXVhbGl0eSI6NTB9fX0=,/sneakers/adidas/adidas-bermuda-mystery-blue-ig6185-ka/109501?from=search
Air Jordan 1 Mid White Black (2023),1650000,https://d5ibtax54de3q.cloudfront.net/eyJidWNrZXQiOiJraWNrYXZlbnVlLWFzc2V0cyIsImtleSI6InByb2R1Y3RzLzk4MDkwLzhkNGM5Nzk1ZWEyMzVkZDA0NGY4NGFkYWU3NTgwMmNjLnBuZyIsImVkaXRzIjp7InJlc2l6ZSI6eyJ3aWR0aCI6NDAwfSwid2VicCI6eyJxdWFsaXR5Ijo1MH19fQ==,/sneakers/air-jordan/air-jordan-1-mid-white-black-2023-dq8426-132-ka/98090?from=search
New Balance RC42 Black White,1660000,https://d5ibtax54de3q.cloudfront.net/eyJidWNrZXQiOiJraWNrYXZlbnVlLWFzc2V0cyIsImtleSI6InByb2R1Y3RzLzEwNzA1Ny84YzcyYzJjNjU1MGNkMzU5YzlhNWRjMGZiZWVhNjUxOS5wbmciLCJlZGl0cyI6eyJyZXNpemUiOnsid2lkdGgiOjQwMH0sIndlYnAiOnsicXVhbGl0eSI6NTB9fX0=,/sneakers/new-balance/new-balance-rc42-black-white-urc42lb-ka/107057?from=search
Nike KD 17 The Alchemist,2890000,https://d5ibtax54de3q.cloudfront.net/eyJidWNrZXQiOiJraWNrYXZlbnVlLWFzc2V0cyIsImtleSI6InByb2R1Y3RzLzEwNTMzMy84OGEzZWRjYWYxN2MxMWI1YWUzZjMxNzJiMmEyZmZhZi5wbmciLCJlZGl0cyI6eyJyZXNpemUiOnsid2lkdGgiOjQwMH0sIndlYnAiOnsicXVhbGl0eSI6NTB9fX0=,/sneakers/nike/nike-kd-17-the-alchemist-hj4464-100-ka/105333?from=search
Air Jordan Stay Loyal 3 White Grey Team Red,1040000,https://d5ibtax54de3q.cloudfront.net/eyJidWNrZXQiOiJraWNrYXZlbnVlLWFzc2V0cyIsImtleSI6InByb2R1Y3RzLzEwNTMxMy84Y2ZiMDNmZGI4MmQxMTNmY2IzMzU0NGQyNGE2Y2U0MC5wbmciLCJlZGl0cyI6eyJyZXNpemUiOnsid2lkdGgiOjQwMH0sIndlYnAiOnsicXVhbGl0eSI6NTB9fX0=,/sneakers/air-jordan/air-jordan-stay-loyal-3-white-grey-team-red-fb1396-160-ka/105313?from=search
Adidas Terrex Tracefinder Core Black,750000,https://d5ibtax54de3q.cloudfront.net/eyJidWNrZXQiOiJraWNrYXZlbnVlLWFzc2V0cyIsImtleSI6InByb2R1Y3RzLzk2NDgyLzdmZTRhNjRjNjQ2Y2EyZTU5MDNiMTRlMGU5NThiODFhLnBuZyIsImVkaXRzIjp7InJlc2l6ZSI6eyJ3aWR0aCI6NDAwfSwid2VicCI6eyJxdWFsaXR5Ijo1MH19fQ==,/sneakers/adidas/adidas-terrex-tracefinder-core-black-ie5906-ka/96482?from=search
ON CLOUDTILT Ultramarine Eclipse,3900000,https://d5ibtax54de3q.cloudfront.net/eyJidWNrZXQiOiJraWNrYXZlbnVlLWFzc2V0cyIsImtleSI6InByb2R1Y3RzLzExMzYyNS9jYmQ0MDFmOTBmZGM2YzlmYjU0MTM5NTk5ZmNiNjRhMy5wbmciLCJlZGl0cyI6eyJyZXNpemUiOnsid2lkdGgiOjQwMH0sIndlYnAiOnsicXVhbGl0eSI6NTB9fX0=,/sneakers/on-running/on-cloudtilt-ultramarine-eclipse-3me10102860-ka/113625?from=search
New Balance 550 UNC White University Blue,1030000,https://d5ibtax54de3q.cloudfront.net/eyJidWNrZXQiOiJraWNrYXZlbnVlLWFzc2V0cyIsImtleSI6InByb2R1Y3RzLzI3OTMwL2JlZjRlOTMzZTY1M2E1MTJhNmM2M2IwMDFjY2ZiNTExLnBuZyIsImVkaXRzIjp7InJlc2l6ZSI6eyJ3aWR0aCI6NDAwfSwid2VicCI6eyJxdWFsaXR5Ijo1MH19fQ==,/sneakers/new-balance/new-balance-550-unc-white-university-blue-bb550hl1-ka-2/27930?from=search
Dr. Martens 1460 Vintage Made In England Lace Up Boot Black Quilon,1950000,https://d5ibtax54de3q.cloudfront.net/eyJidWNrZXQiOiJraWNrYXZlbnVlLWFzc2V0cyIsImtleSI6InByb2R1Y3RzLzU5MTg0L2I4YmNmZjMwMTY1Y2YzYzhkOWYwOTU3NTE1N2E5MGJiLmpwZWciLCJlZGl0cyI6eyJyZXNpemUiOnsid2lkdGgiOjQwMH0sIndlYnAiOnsicXVhbGl0eSI6NTB9fX0=,/sneakers/dr.-martens/dr-martens-1460-vintage-made-in-england-lace-up-boot-black-quilon-12308001-ka/59184?from=search
Salomon Odyssey Elmt Low Black Phantom,3350000,https://d5ibtax54de3q.cloudfront.net/eyJidWNrZXQiOiJraWNrYXZlbnVlLWFzc2V0cyIsImtleSI6InByb2R1Y3RzLzEwMjQ3MS8xMzFjMzQ1NjRiYTYwMDBmMDEwMzk0NzVlZTI1NmVkMS5wbmciLCJlZGl0cyI6eyJyZXNpemUiOnsid2lkdGgiOjQwMH0sIndlYnAiOnsicXVhbGl0eSI6NTB9fX0=,/sneakers/salomon/salomon-odyssey-elmt-low-black-phantom-l47376600-ka-2/102471?from=search
Adidas Centennial 85 Low White,1120000,https://d5ibtax54de3q.cloudfront.net/eyJidWNrZXQiOiJraWNrYXZlbnVlLWFzc2V0cyIsImtleSI6InByb2R1Y3RzLzY3MzQ5L2Q5YjgyMGRjMGYwNzA1ZmU0YWYzZTE1NzgzOGVkZDkzLnBuZyIsImVkaXRzIjp7InJlc2l6ZSI6eyJ3aWR0aCI6NDAwfSwid2VicCI6eyJxdWFsaXR5Ijo1MH19fQ==,/sneakers/adidas/adidas-centennial-85-low-white-gx2213-ka/67349?from=search
Adidas Ultraboost 1.0 Grey Three,2530000,https://d5ibtax54de3q.cloudfront.net/eyJidWNrZXQiOiJraWNrYXZlbnVlLWFzc2V0cyIsImtleSI6InByb2R1Y3RzLzc3MjgwL2Y2ZjA4MDJkNTAzNDkxNGUwNWRmOGQ4YjI5ODNmYTdjLnBuZyIsImVkaXRzIjp7InJlc2l6ZSI6eyJ3aWR0aCI6NDAwfSwid2VicCI6eyJxdWFsaXR5Ijo1MH19fQ==,/sneakers/adidas/adidas-ultraboost-10-grey-three-hq4200-ka/77280?from=search
Adidas Y-3 Gazelle Black Off White,3210000,https://d5ibtax54de3q.cloudfront.net/eyJidWNrZXQiOiJraWNrYXZlbnVlLWFzc2V0cyIsImtleSI6InByb2R1Y3RzLzExMDY5MS9jZTE0OTg2ODM0MjUxYWMzOWIzODQ2NDhiOWVhYTg0ZS5wbmciLCJlZGl0cyI6eyJyZXNpemUiOnsid2lkdGgiOjQwMH0sIndlYnAiOnsicXVhbGl0eSI6NTB9fX0=,/sneakers/adidas/adidas-y-3-gazelle-black-off-white-fz6405-ka/110691?from=search
Converse Run Star Legacy Black Valentine Edition,1030000,https://d5ibtax54de3q.cloudfront.net/eyJidWNrZXQiOiJraWNrYXZlbnVlLWFzc2V0cyIsImtleSI6InByb2R1Y3RzLzU5MDE1L2JmM2I5NzMxNzc1ZTdhM2JmMjJhOGZmZWIxNWNiYTJkLmpwZWciLCJlZGl0cyI6eyJyZXNpemUiOnsid2lkdGgiOjQwMH0sIndlYnAiOnsicXVhbGl0eSI6NTB9fX0=,/sneakers/converse/converse-run-star-legacy-black-valentine-edition-a05137c-ka/59015?from=search
New Balance 550 White Grey Toe,1080000,https://d5ibtax54de3q.cloudfront.net/eyJidWNrZXQiOiJraWNrYXZlbnVlLWFzc2V0cyIsImtleSI6InByb2R1Y3RzLzU3MzMwLzc3YTJjODRhNzkxMzZmMjcxODFiODE0NjM1ZTIxMGEwLmpwZWciLCJlZGl0cyI6eyJyZXNpemUiOnsid2lkdGgiOjQwMH0sIndlYnAiOnsicXVhbGl0eSI6NTB9fX0=,/sneakers/new-balance/new-balance-550-white-grey-toe-bb550lsa-ka/57330?from=search
New Balance Rainier Gore Tex Turtledove,2160000,https://d5ibtax54de3q.cloudfront.net/eyJidWNrZXQiOiJraWNrYXZlbnVlLWFzc2V0cyIsImtleSI6InByb2R1Y3RzLzk5MTcxLzZlMWFiNGIzZmI2OWU3OTAwNzQ0OTBkMzIwNjQxYmVjLnBuZyIsImVkaXRzIjp7InJlc2l6ZSI6eyJ3aWR0aCI6NDAwfSwid2VicCI6eyJxdWFsaXR5Ijo1MH19fQ==,/sneakers/new-balance/new-balance-rainier-gore-tex-turtledove-urainxan-ka/99171?from=search
Nike Pegasus 40 Black White (Women's),800000,https://d5ibtax54de3q.cloudfront.net/eyJidWNrZXQiOiJraWNrYXZlbnVlLWFzc2V0cyIsImtleSI6InByb2R1Y3RzLzc0NTg2L2QyMGY5ODJkYWM4ZTIyZDVjNDQwYWY3NGRhZTBiY2I0LnBuZyIsImVkaXRzIjp7InJlc2l6ZSI6eyJ3aWR0aCI6NDAwfSwid2VicCI6eyJxdWFsaXR5Ijo1MH19fQ==,/sneakers/nike/nike-pegasus-40-black-white-w-dv3854-001-ka/74586?from=search
Nike Ja 1 EYBL Melon Tint,4310000,https://d5ibtax54de3q.cloudfront.net/eyJidWNrZXQiOiJraWNrYXZlbnVlLWFzc2V0cyIsImtleSI6InByb2R1Y3RzLzgyMTI4LzljN2ZmMjAxYmRmYzUyMWQzZWY3NGE3ODhmZTUzMjZjLnBuZyIsImVkaXRzIjp7InJlc2l6ZSI6eyJ3aWR0aCI6NDAwfSwid2VicCI6eyJxdWFsaXR5Ijo1MH19fQ==,/sneakers/nike/nike-ja-1-eybl-melon-tint-fq4293-800-ka/82128?from=search
Asics Gel-1130 MK-II HAL Studio Forest,3300000,https://d5ibtax54de3q.cloudfront.net/eyJidWNrZXQiOiJraWNrYXZlbnVlLWFzc2V0cyIsImtleSI6InByb2R1Y3RzLzYwNjc3LzkyNjQ5MzVkNGEwODE1ZTg2YTlhN2Y4MjUwOTEyZTU0LmpwZWciLCJlZGl0cyI6eyJyZXNpemUiOnsid2lkdGgiOjQwMH0sIndlYnAiOnsicXVhbGl0eSI6NTB9fX0=,/sneakers/asics/asics-gel-1130-mk-ii-hal-studio-forest-1201a924-300-ka/60677?from=search
Onitsuka Tiger Mexico 66 Cream Fiery Red,1280000,https://d5ibtax54de3q.cloudfront.net/eyJidWNrZXQiOiJraWNrYXZlbnVlLWFzc2V0cyIsImtleSI6InByb2R1Y3RzLzEwODI4OS9iYzg3MGJiMWZiOTU0ZWRlNWMwYmNhZWQ3ZjA0MDMxOS5wbmciLCJlZGl0cyI6eyJyZXNpemUiOnsid2lkdGgiOjQwMH0sIndlYnAiOnsicXVhbGl0eSI6NTB9fX0=,/sneakers/onitsuka-tiger/onitsuka-tiger-mexico-66-cream-fiery-red-1183b497-101-ka/108289?from=search
Air Jordan Tatum 1 PF Barbershop,1200000,https://d5ibtax54de3q.cloudfront.net/eyJidWNrZXQiOiJraWNrYXZlbnVlLWFzc2V0cyIsImtleSI6InByb2R1Y3RzLzkzODM4L2ZmMmVhYTgwNDhiMTlmMDk5YTU3YzM4OWRkZDBkZDVmLnBuZyIsImVkaXRzIjp7InJlc2l6ZSI6eyJ3aWR0aCI6NDAwfSwid2VicCI6eyJxdWFsaXR5Ijo1MH19fQ==,/sneakers/nike/jordan-jordan-tatum-1-pf-barbershop-dx5574-180-ka/93838?from=search
Nike Hot Step Air Terra Drake NOCTA Snakeskin,1100000,https://d5ibtax54de3q.cloudfront.net/eyJidWNrZXQiOiJraWNrYXZlbnVlLWFzc2V0cyIsImtleSI6InByb2R1Y3RzLzYyMTgyLzk1ZmRjMDM0NzYzNWEyNzE3NzVlMmM5ZWJhY2Q0YTA0LmpwZWciLCJlZGl0cyI6eyJyZXNpemUiOnsid2lkdGgiOjQwMH0sIndlYnAiOnsicXVhbGl0eSI6NTB9fX0=,/sneakers/nike/nike-hot-step-air-terra-drake-nocta-snakeskin-dr0508-001-ka/62182?from=search
Nike Waffle One SE Split - Panda,770000,https://d5ibtax54de3q.cloudfront.net/eyJidWNrZXQiOiJraWNrYXZlbnVlLWFzc2V0cyIsImtleSI6InByb2R1Y3RzLzg2MDEzL2FkNmFmOTRhZWU1NDY3MGZhMzhhYzA2ZjRkZWFiYjg0LnBuZyIsImVkaXRzIjp7InJlc2l6ZSI6eyJ3aWR0aCI6NDAwfSwid2VicCI6eyJxdWFsaXR5Ijo1MH19fQ==,/sneakers/nike/nike-waffle-one-se-split-panda-dz2527-100-ka-2/86013?from=search
ASICS GT-2160 Cecilie Bahnsen Mary Jane Pure Silver,5450000,https://d5ibtax54de3q.cloudfront.net/eyJidWNrZXQiOiJraWNrYXZlbnVlLWFzc2V0cyIsImtleSI6InByb2R1Y3RzLzY2MDY4L2E5MjgwMzY2MzgyYzFjODgxZjJkZWJkMzdhMTBhMjk4LnBuZyIsImVkaXRzIjp7InJlc2l6ZSI6eyJ3aWR0aCI6NDAwfSwid2VicCI6eyJxdWFsaXR5Ijo1MH19fQ==,/sneakers/asics/asics-gt-2160-cecilie-bahnsen-mary-jane-pure-silver-1203a321-100-ka/66068?from=search
Nike Air VaporMax 2023 Flyknit Black Anthracite,1600000,https://d5ibtax54de3q.cloudfront.net/eyJidWNrZXQiOiJraWNrYXZlbnVlLWFzc2V0cyIsImtleSI6InByb2R1Y3RzLzg4NDU3LzA2ZGE2ODMzM2Y2MmJlYjJiYzViZTkxMTgxMTI1OTQxLnBuZyIsImVkaXRzIjp7InJlc2l6ZSI6eyJ3aWR0aCI6NDAwfSwid2VicCI6eyJxdWFsaXR5Ijo1MH19fQ==,/sneakers/nike/nike-air-vapormax-2023-flyknit-black-anthracite-dv1678-003-ka/88457?from=search
Onitsuka Tiger 66 Slip-On White Sky Blue,1950000,https://d5ibtax54de3q.cloudfront.net/eyJidWNrZXQiOiJraWNrYXZlbnVlLWFzc2V0cyIsImtleSI6InByb2R1Y3RzLzEwODQyNy80ZGExN2VjMzNhZGMwYzczYjk1ZDdiMzBlN2EzNzI2Zi5wbmciLCJlZGl0cyI6eyJyZXNpemUiOnsid2lkdGgiOjQwMH0sIndlYnAiOnsicXVhbGl0eSI6NTB9fX0=,/sneakers/onitsuka-tiger/onitsuka-tiger-66-slip-on-white-sky-blue-1183b815-107-ka/108427?from=search
Nike SB Dunk Low The Powerpuff Girls Bubbles (Toddler),2890000,https://d5ibtax54de3q.cloudfront.net/eyJidWNrZXQiOiJraWNrYXZlbnVlLWFzc2V0cyIsImtleSI6InByb2R1Y3RzLzc3MjE5L2U0MWI2ZWFiYmQ4NDk2MzAwYjkxNWJlMTJmNzVjMWU3LnBuZyIsImVkaXRzIjp7InJlc2l6ZSI6eyJ3aWR0aCI6NDAwfSwid2VicCI6eyJxdWFsaXR5Ijo1MH19fQ==,/sneakers/nike/nike-sb-dunk-low-the-powerpuff-girls-bubbles-td-fz8830-400-ka/77219?from=search
Adidas Samba Golf Kith White Tint,5230000,https://d5ibtax54de3q.cloudfront.net/eyJidWNrZXQiOiJraWNrYXZlbnVlLWFzc2V0cyIsImtleSI6InByb2R1Y3RzLzY3MTA2L2NiYWQ2MTVmYTZjYTZhOTFmNzEyNzdmNTU3NTk1YTk0LnBuZyIsImVkaXRzIjp7InJlc2l6ZSI6eyJ3aWR0aCI6NDAwfSwid2VicCI6eyJxdWFsaXR5Ijo1MH19fQ==,/sneakers/adidas/adidas-samba-golf-kith-white-tint-ig5709-ka/67106?from=search
ASICS GT 2000 12 Triple Black,1780000,https://d5ibtax54de3q.cloudfront.net/eyJidWNrZXQiOiJraWNrYXZlbnVlLWFzc2V0cyIsImtleSI6InByb2R1Y3RzLzEwMTY4My9jNWIxODRlNDNlZTQyODEzZTM0MmM5YzNhYmFjMGU3Zi5wbmciLCJlZGl0cyI6eyJyZXNpemUiOnsid2lkdGgiOjQwMH0sIndlYnAiOnsicXVhbGl0eSI6NTB9fX0=,/sneakers/asics/asics-gt-2000-12-triple-black-1011b691-001-ka-2/101683?from=search
Nike Ja 1 EP Grey Iron,1510000,https://d5ibtax54de3q.cloudfront.net/eyJidWNrZXQiOiJraWNrYXZlbnVlLWFzc2V0cyIsImtleSI6InByb2R1Y3RzLzEwNTA2Ny82ZDdlYmFmZDM0YjRjOTZhZWNmMjMzMTUyY2FhZDI2Mi5wbmciLCJlZGl0cyI6eyJyZXNpemUiOnsid2lkdGgiOjQwMH0sIndlYnAiOnsicXVhbGl0eSI6NTB9fX0=,/sneakers/nike/nike-ja-1-ep-grey-iron-fv1288-001-ka/105067?from=search
Nike Vomero 17 Sea Glass,1590000,https://d5ibtax54de3q.cloudfront.net/eyJidWNrZXQiOiJraWNrYXZlbnVlLWFzc2V0cyIsImtleSI6InByb2R1Y3RzLzc0ODQ5L2VjOWZkZjQ2NGFlYzIwNjBlNjU4MDQ5NDBmZTk3NTRhLnBuZyIsImVkaXRzIjp7InJlc2l6ZSI6eyJ3aWR0aCI6NDAwfSwid2VicCI6eyJxdWFsaXR5Ijo1MH19fQ==,/sneakers/nike/nike-vomero-17-sea-glass-fb1309-003-ka/74849?from=search
New Balance 1906R Black Pink Moon,1750000,https://d5ibtax54de3q.cloudfront.net/eyJidWNrZXQiOiJraWNrYXZlbnVlLWFzc2V0cyIsImtleSI6InByb2R1Y3RzLzk0NTA0Lzk0YzE1Yzg0YjE2ODIwYmRjNWM4MjNlZmZkYTA4MDExLnBuZyIsImVkaXRzIjp7InJlc2l6ZSI6eyJ3aWR0aCI6NDAwfSwid2VicCI6eyJxdWFsaXR5Ijo1MH19fQ==,/sneakers/new-balance/jordan-formula-23-toggle-blackgym-red-white-m1906rhc-ka/94504?from=search
Nike SB Darwin Low Supreme Sail,2700000,https://d5ibtax54de3q.cloudfront.net/eyJidWNrZXQiOiJraWNrYXZlbnVlLWFzc2V0cyIsImtleSI6InByb2R1Y3RzLzEwNDgwOS9mZWU2Mzc5M2NlYzkwN2IyOGVjZmM0YTAwODkyZTE2NS5wbmciLCJlZGl0cyI6eyJyZXNpemUiOnsid2lkdGgiOjQwMH0sIndlYnAiOnsicXVhbGl0eSI6NTB9fX0=,/sneakers/nike/nike-sb-darwin-low-supreme-sail-fq3000-100-ka/104809?from=search
ASICS Gel-Ventured 6 Shield Graphite Grey,1730000,https://d5ibtax54de3q.cloudfront.net/eyJidWNrZXQiOiJraWNrYXZlbnVlLWFzc2V0cyIsImtleSI6InByb2R1Y3RzLzExMzMyOC9lZmNjODIzZTAzYThjNjdmMjg5YTJjYzY5MDE1ZWFmNy5wbmciLCJlZGl0cyI6eyJyZXNpemUiOnsid2lkdGgiOjQwMH0sIndlYnAiOnsicXVhbGl0eSI6NTB9fX0=,/sneakers/asics/asics-gel-ventured-6-shield-graphite-grey-1203a474-020-ka/113328?from=search
New Balance 1906R x Kith White,6040000,https://d5ibtax54de3q.cloudfront.net/eyJidWNrZXQiOiJraWNrYXZlbnVlLWFzc2V0cyIsImtleSI6InByb2R1Y3RzLzEwNTMwNC9iMGEzY2NlZGExYjFjNzZjZjEzZTk0NTVlYzhlMWRkMC5wbmciLCJlZGl0cyI6eyJyZXNpemUiOnsid2lkdGgiOjQwMH0sIndlYnAiOnsicXVhbGl0eSI6NTB9fX0=,/sneakers/new-balance/new-balance-1906r-x-kith-white-m1906rkc-ka/105304?from=search
New Balance 550 White Gray,1010000,https://d5ibtax54de3q.cloudfront.net/eyJidWNrZXQiOiJraWNrYXZlbnVlLWFzc2V0cyIsImtleSI6InByb2R1Y3RzLzMwMzM2L2VhNjEwMjJlZDM3ZjUyZmQyZWVlMGQ1MTdmMjEyYjA3LnBuZyIsImVkaXRzIjp7InJlc2l6ZSI6eyJ3aWR0aCI6NDAwfSwid2VicCI6eyJxdWFsaXR5Ijo1MH19fQ==,/sneakers/new-balance/new-balance-550-white-gray-bb550wtg-ka-2/30336?from=search
New Balance 1000 Sea Salt Astro Dust,1850000,https://d5ibtax54de3q.cloudfront.net/eyJidWNrZXQiOiJraWNrYXZlbnVlLWFzc2V0cyIsImtleSI6InByb2R1Y3RzLzExMTYxNy84Mjk5YjQxM2Y4MTYzNDc2YTZjNGQzZjhkMjhkZjkzNS5wbmciLCJlZGl0cyI6eyJyZXNpemUiOnsid2lkdGgiOjQwMH0sIndlYnAiOnsicXVhbGl0eSI6NTB9fX0=,/sneakers/new-balance/new-balance-1000-sea-salt-astro-dust-m1000cb-ka/111617?from=search
Onitsuka Tiger Mexico 66 SD Tai-Chi Yellow Black,2170000,https://d5ibtax54de3q.cloudfront.net/eyJidWNrZXQiOiJraWNrYXZlbnVlLWFzc2V0cyIsImtleSI6InByb2R1Y3RzLzYzMTk2LzIwZGRhZDNiZGM0ZDgxNjc5NTBiMTIyYWRkMzEwNTU1LmpwZWciLCJlZGl0cyI6eyJyZXNpemUiOnsid2lkdGgiOjQwMH0sIndlYnAiOnsicXVhbGl0eSI6NTB9fX0=,/sneakers/onitsuka-tiger/onitsuka-tiger-mexico-66-sd-tai-chi-yellow-black-1183a746-750-ka/63196?from=search
On Running Cloudmonster 2 Post Archive Faction Seeding White (Women's),4310000,https://d5ibtax54de3q.cloudfront.net/eyJidWNrZXQiOiJraWNrYXZlbnVlLWFzc2V0cyIsImtleSI6InByb2R1Y3RzLzExNTA1Mi80YWQ2ZGZmZWVhNTgyMDhjZjIwOGQ0NGExYjM4ZTdkNy5wbmciLCJlZGl0cyI6eyJyZXNpemUiOnsid2lkdGgiOjQwMH0sIndlYnAiOnsicXVhbGl0eSI6NTB9fX0=,/sneakers/on-running/on-running-cloudmonster-2-post-archive-faction-seeding-white-w-3we10351062-ka/115052?from=search
Nike Vandal High Stussy Fossil,1630000,https://d5ibtax54de3q.cloudfront.net/eyJidWNrZXQiOiJraWNrYXZlbnVlLWFzc2V0cyIsImtleSI6InByb2R1Y3RzLzg1ODc4L2JhM2RmOGZkMmFjNDFkZDAwMmFjNmRhMWM5ZjlkNWYwLnBuZyIsImVkaXRzIjp7InJlc2l6ZSI6eyJ3aWR0aCI6NDAwfSwid2VicCI6eyJxdWFsaXR5Ijo1MH19fQ==,/sneakers/nike/nike-vandal-high-stussy-fossil-dx5425-200-ka/85878?from=search
Li-Ning Way Of Wade 808 3 Ultra Oxygen,2270000,https://d5ibtax54de3q.cloudfront.net/eyJidWNrZXQiOiJraWNrYXZlbnVlLWFzc2V0cyIsImtleSI6InByb2R1Y3RzLzEwMjk2NS8xOTg5Yzc0OTZhZjI5NDc1N2JiOTJjMDZmNTFiZmQwMy5wbmciLCJlZGl0cyI6eyJyZXNpemUiOnsid2lkdGgiOjQwMH0sIndlYnAiOnsicXVhbGl0eSI6NTB9fX0=,/sneakers/li-ning/li-ning-way-of-wade-808-3-ultra-oxygen-abat051-4-ka-2/102965?from=search
Converse Pro Leather High Bandulu Paint Splatter Flux,850000,https://d5ibtax54de3q.cloudfront.net/eyJidWNrZXQiOiJraWNrYXZlbnVlLWFzc2V0cyIsImtleSI6InByb2R1Y3RzLzMxNDI2L2IyNTYzNmYyNWNiNDYyMDUxOTA5NGFhNzVhOTJjODcwLnBuZyIsImVkaXRzIjp7InJlc2l6ZSI6eyJ3aWR0aCI6NDAwfSwid2VicCI6eyJxdWFsaXR5Ijo1MH19fQ==,/sneakers/converse/converse-chuck-taylor-all-star-70-hi-bandulu-169908c-ka/31426?from=search
New Balance 2002R Grey Black,2040000,https://d5ibtax54de3q.cloudfront.net/eyJidWNrZXQiOiJraWNrYXZlbnVlLWFzc2V0cyIsImtleSI6InByb2R1Y3RzLzc4MjA5L2RjZDAyZDhiYTQ3NGJhMDlkNzU2ODQ3YjE2ZmM1YjQ2LnBuZyIsImVkaXRzIjp7InJlc2l6ZSI6eyJ3aWR0aCI6NDAwfSwid2VicCI6eyJxdWFsaXR5Ijo1MH19fQ==,/sneakers/new-balance/new-balance-2002r-grey-black-m2002rel-ka/78209?from=search
Nike Air Force 1 Low '07 LX NBHD Sequoia,1200000,https://d5ibtax54de3q.cloudfront.net/eyJidWNrZXQiOiJraWNrYXZlbnVlLWFzc2V0cyIsImtleSI6InByb2R1Y3RzLzY4NjQwLzVhMDUwZDJhYmFlZTE5ODJmM2ZkYmFiMjFiZGQ4YTZjLnBuZyIsImVkaXRzIjp7InJlc2l6ZSI6eyJ3aWR0aCI6NDAwfSwid2VicCI6eyJxdWFsaXR5Ijo1MH19fQ==,/sneakers/nike/nike-air-force-1-low-07-lx-nbhd-sequoia-dv7186-301-ka/68640?from=search
Nike P-6000 Silver Spring Green,980000,https://d5ibtax54de3q.cloudfront.net/eyJidWNrZXQiOiJraWNrYXZlbnVlLWFzc2V0cyIsImtleSI6InByb2R1Y3RzLzEwMzk3NC82N2JhNjMxM2RmYzZjYmVkY2I2OGZlNjkxNDIwNjVlOC5wbmciLCJlZGl0cyI6eyJyZXNpemUiOnsid2lkdGgiOjQwMH0sIndlYnAiOnsicXVhbGl0eSI6NTB9fX0=,/sneakers/nike/nike-p-6000-silver-spring-green-cd6404-104-ka/103974?from=search
Nike Kylian Mbappé x LeBron 18 NRG EP The Chosen 2,1680000,https://d5ibtax54de3q.cloudfront.net/eyJidWNrZXQiOiJraWNrYXZlbnVlLWFzc2V0cyIsImtleSI6InByb2R1Y3RzLzg5NDA0L2U3ZmUwZGViNmM3MGNhNjE3MjkyZGE1Y2VmZGJiZjYzLnBuZyIsImVkaXRzIjp7InJlc2l6ZSI6eyJ3aWR0aCI6NDAwfSwid2VicCI6eyJxdWFsaXR5Ijo1MH19fQ==,/sneakers/nike/nike-kylian-mbapp-x-lebron-18-nrg-ep-the-chosen-2-db7644-001-ka-2/89404?from=search
Adidas Fear of God Athletics Los Angeles Pale Yellow,2060000,https://d5ibtax54de3q.cloudfront.net/eyJidWNrZXQiOiJraWNrYXZlbnVlLWFzc2V0cyIsImtleSI6InByb2R1Y3RzLzEwMzQxNC85OTc5N2Q5YWI3ZGU0MjA1Zjc0ZTAxMTM1NDc4YjlhMC5wbmciLCJlZGl0cyI6eyJyZXNpemUiOnsid2lkdGgiOjQwMH0sIndlYnAiOnsicXVhbGl0eSI6NTB9fX0=,/sneakers/adidas/adidas-fear-of-god-athletics-los-angeles-pale-yellow-ih2275-ka/103414?from=search
Adidas Ultrabounce Black Carbon,820000,https://d5ibtax54de3q.cloudfront.net/eyJidWNrZXQiOiJraWNrYXZlbnVlLWFzc2V0cyIsImtleSI6InByb2R1Y3RzLzc3NDc2LzIwYjMxYjI0M2RkOGI2MzQ5ZjY4MjBkZTYwMmU1MGYyLnBuZyIsImVkaXRzIjp7InJlc2l6ZSI6eyJ3aWR0aCI6NDAwfSwid2VicCI6eyJxdWFsaXR5Ijo1MH19fQ==,/sneakers/adidas/adidas-ultrabounce-black-carbon-hp5797-ka/77476?from=search
Compass Low Gazelle Red Gum,410000,https://d5ibtax54de3q.cloudfront.net/eyJidWNrZXQiOiJraWNrYXZlbnVlLWFzc2V0cyIsImtleSI6InByb2R1Y3RzLzEyNTg0LzhlYTg0NDQxNzRmNmQ3OTkxYTUwNjMwYWQ5NWZkNDUyLnBuZyIsImVkaXRzIjp7InJlc2l6ZSI6eyJ3aWR0aCI6NDAwfSwid2VicCI6eyJxdWFsaXR5Ijo1MH19fQ==,/sneakers/compass/compass-low-gazelle-red-gum-cps-rdgum00-ka/12584?from=search
New Balance 990v2 Kith Navy,4000000,https://d5ibtax54de3q.cloudfront.net/eyJidWNrZXQiOiJraWNrYXZlbnVlLWFzc2V0cyIsImtleSI6InByb2R1Y3RzLzE0MzcxL2QzZDg0ODUyYjM4OWZiY2Y3NzVlMWIwM2YzYmFhMjY2LnBuZyIsImVkaXRzIjp7InJlc2l6ZSI6eyJ3aWR0aCI6NDAwfSwid2VicCI6eyJxdWFsaXR5Ijo1MH19fQ==,/sneakers/new-balance/new-balance-990v2-kith-navy-m990nv2-ka/14371?from=search
ASICS Gel-Kayano 21 Awake NY Grey,4340000,https://d5ibtax54de3q.cloudfront.net/eyJidWNrZXQiOiJraWNrYXZlbnVlLWFzc2V0cyIsImtleSI6InByb2R1Y3RzLzI4MDY5LzYxZDY5YTZlZGVjY2NhZGNmYjRmYmM1NDFjOTI2ZTk2LnBuZyIsImVkaXRzIjp7InJlc2l6ZSI6eyJ3aWR0aCI6NDAwfSwid2VicCI6eyJxdWFsaXR5Ijo1MH19fQ==,/sneakers/asics/asics-gel-kayano-21-awake-ny-grey-1201a459-020-ka/28069?from=search
Asics Gel-Lyte III OG White Black Moss Green Blue,1035000,https://d5ibtax54de3q.cloudfront.net/eyJidWNrZXQiOiJraWNrYXZlbnVlLWFzc2V0cyIsImtleSI6InByb2R1Y3RzLzMyOTI4LzlmZDBkYTJkYTM0OTdiM2JiMmE1MTBjNTE4ODAyNTY5LnBuZyIsImVkaXRzIjp7InJlc2l6ZSI6eyJ3aWR0aCI6NDAwfSwid2VicCI6eyJxdWFsaXR5Ijo1MH19fQ==,/sneakers/asics/asics-gel-lyte-iii-og-white-black-moss-green-blue-1201a482-100-ka/32928?from=search
New Balance 2002R Black Silver Green,2060000,https://d5ibtax54de3q.cloudfront.net/eyJidWNrZXQiOiJraWNrYXZlbnVlLWFzc2V0cyIsImtleSI6InByb2R1Y3RzLzM2NTk3LzQzMzJiNzY4OTliZWFkMzA4ZDk5OTQwZmE5NmQwNTRiLnBuZyIsImVkaXRzIjp7InJlc2l6ZSI6eyJ3aWR0aCI6NDAwfSwid2VicCI6eyJxdWFsaXR5Ijo1MH19fQ==,/sneakers/new-balance/new-balance-2002r-black-silver-green-m2002rld-ka-2/36597?from=search
Puma Ferrari R-Cat Machina Black Smoked Pearl,1410000,https://d5ibtax54de3q.cloudfront.net/eyJidWNrZXQiOiJraWNrYXZlbnVlLWFzc2V0cyIsImtleSI6InByb2R1Y3RzLzMyNDA3L2U5Yjc0ODM2MDAwM2ViZjIxZTA1ZmRkYjE0N2ZkMDE2LnBuZyIsImVkaXRzIjp7InJlc2l6ZSI6eyJ3aWR0aCI6NDAwfSwid2VicCI6eyJxdWFsaXR5Ijo1MH19fQ==,/sneakers/puma/puma-ferrari-r-cat-machina-black-smoked-pearl-306865-01-ka/32407?from=search
Nike SB Janoski + Gorge Green,760000,https://d5ibtax54de3q.cloudfront.net/eyJidWNrZXQiOiJraWNrYXZlbnVlLWFzc2V0cyIsImtleSI6InByb2R1Y3RzLzYxNjcwLzllZTVjMTM1ZTU0ZDgxYzAzYzVjOWM5ZDg5Yzk3NjJlLmpwZWciLCJlZGl0cyI6eyJyZXNpemUiOnsid2lkdGgiOjQwMH0sIndlYnAiOnsicXVhbGl0eSI6NTB9fX0=,/sneakers/nike/nike-sb-janoski-gorge-green-dv5475-300-ka/61670?from=search
ASICS Gel-Kayano Legacy Pure Silver,2710000,https://d5ibtax54de3q.cloudfront.net/eyJidWNrZXQiOiJraWNrYXZlbnVlLWFzc2V0cyIsImtleSI6InByb2R1Y3RzLzcxNTg1L2M2MDRhYTFlNmFlYjI1NjRhMWU0OWQ0ZGM5NmIzNzRlLnBuZyIsImVkaXRzIjp7InJlc2l6ZSI6eyJ3aWR0aCI6NDAwfSwid2VicCI6eyJxdWFsaXR5Ijo1MH19fQ==,/sneakers/asics/asics-gel-kayano-legacy-pure-silver-1203a325-020-ka/71585?from=search
New Balance 860v2 Aime Leon Dore Red,4500000,https://d5ibtax54de3q.cloudfront.net/eyJidWNrZXQiOiJraWNrYXZlbnVlLWFzc2V0cyIsImtleSI6InByb2R1Y3RzLzU5MzU0LzRlOTk5YTM4ZGFlNzYzODYxYjlkOTFhMzE0ZGM1MjUxLmpwZWciLCJlZGl0cyI6eyJyZXNpemUiOnsid2lkdGgiOjQwMH0sIndlYnAiOnsicXVhbGl0eSI6NTB9fX0=,/sneakers/new-balance/new-balance-860v2-aime-leon-dore-red-ml860ad2-ka/59354?from=search
Air Jordan 1 Low Black Game Royal Metallic Platinum,13970000,https://d5ibtax54de3q.cloudfront.net/eyJidWNrZXQiOiJraWNrYXZlbnVlLWFzc2V0cyIsImtleSI6InByb2R1Y3RzLzY1NDkxLzM0YzNhMmU0YTViYzExOWIzYjIzOTUzYWMwOTNjOWI0LnBuZyIsImVkaXRzIjp7InJlc2l6ZSI6eyJ3aWR0aCI6NDAwfSwid2VicCI6eyJxdWFsaXR5Ijo1MH19fQ==,/sneakers/air-jordan/air-jordan-1-low-black-game-royal-metallic-platinum-553558-007-ka/65491?from=search
New Balance 997H Magnet,730000,https://d5ibtax54de3q.cloudfront.net/eyJidWNrZXQiOiJraWNrYXZlbnVlLWFzc2V0cyIsImtleSI6InByb2R1Y3RzLzcxNDMzLzZkNThkOGE1ODIzY2E0YTEwNjcwZTMyYTk3YjJkMTgwLnBuZyIsImVkaXRzIjp7InJlc2l6ZSI6eyJ3aWR0aCI6NDAwfSwid2VicCI6eyJxdWFsaXR5Ijo1MH19fQ==,/sneakers/new-balance/new-balance-997h-magnet-cm997hai-ka/71433?from=search
Compass x Neighborhood Velocity Grey,1500000,https://d5ibtax54de3q.cloudfront.net/eyJidWNrZXQiOiJraWNrYXZlbnVlLWFzc2V0cyIsImtleSI6InByb2R1Y3RzLzcyOTQ1LzBlYWRlOWIwZmYxZjFkNWQ4NjFjOTkyYzk5MDg3NmYzLnBuZyIsImVkaXRzIjp7InJlc2l6ZSI6eyJ3aWR0aCI6NDAwfSwid2VicCI6eyJxdWFsaXR5Ijo1MH19fQ==,/sneakers/compass/compass-x-neighborhood-velocity-grey-cps-xnghbvlcgry-ka/72945?from=search
Nike Air Max 98 Corduroy Desert Sand,2540000,https://d5ibtax54de3q.cloudfront.net/eyJidWNrZXQiOiJraWNrYXZlbnVlLWFzc2V0cyIsImtleSI6InByb2R1Y3RzLzgxMjc0LzM4YTNkMDFhZDM4MzI5MmU1NzZjNGQxZmVkMjk0ZTZlLnBuZyIsImVkaXRzIjp7InJlc2l6ZSI6eyJ3aWR0aCI6NDAwfSwid2VicCI6eyJxdWFsaXR5Ijo1MH19fQ==,/sneakers/nike/nike-air-max-98-corduroy-desert-sand-cq7513-044-ka/81274?from=search
Nike Invincible 3 Black Night Maroon (Women's),1320000,https://d5ibtax54de3q.cloudfront.net/eyJidWNrZXQiOiJraWNrYXZlbnVlLWFzc2V0cyIsImtleSI6InByb2R1Y3RzLzc1MzYyLzBkMWNmOTRkMzI3M2VhNjE2MjBiN2IyYzBlZmJkNThlLnBuZyIsImVkaXRzIjp7InJlc2l6ZSI6eyJ3aWR0aCI6NDAwfSwid2VicCI6eyJxdWFsaXR5Ijo1MH19fQ==,/sneakers/nike/nike-invincible-3-black-night-maroon-w-dr2660-004-ka/75362?from=search
Vans Authentic Embroidered Check Trellis,1300000,https://d5ibtax54de3q.cloudfront.net/eyJidWNrZXQiOiJraWNrYXZlbnVlLWFzc2V0cyIsImtleSI6InByb2R1Y3RzLzcyNDY3LzBjMzcyMjczNjgxMjYyMzkxZTgyYzFkYjI2OWI4ZTZlLnBuZyIsImVkaXRzIjp7InJlc2l6ZSI6eyJ3aWR0aCI6NDAwfSwid2VicCI6eyJxdWFsaXR5Ijo1MH19fQ==,/sneakers/vans/vans-authentic-embroidered-check-trellis-vn0009pv0hs-ka/72467?from=search
Nike Air Max Plus 3 SE Spider-Man Across the Spider-Verse,4090000,https://d5ibtax54de3q.cloudfront.net/eyJidWNrZXQiOiJraWNrYXZlbnVlLWFzc2V0cyIsImtleSI6InByb2R1Y3RzLzc2ODU3L2M2MWYyZTdhMDhjOTdkNWY2Nzk5ZDJlMjUxZWNmNzllLnBuZyIsImVkaXRzIjp7InJlc2l6ZSI6eyJ3aWR0aCI6NDAwfSwid2VicCI6eyJxdWFsaXR5Ijo1MH19fQ==,/sneakers/nike/nike-air-max-plus-3-se-spider-man-across-the-spider-verse-fn7806-001-ka/76857?from=search
Nike Air Max 95 Cav Empt White,1530000,https://d5ibtax54de3q.cloudfront.net/eyJidWNrZXQiOiJraWNrYXZlbnVlLWFzc2V0cyIsImtleSI6InByb2R1Y3RzLzgwODMwLzE1OGU3MDlmODEwYWQ1MzIxMDk4NWFiZmZmOThmMDQ4LnBuZyIsImVkaXRzIjp7InJlc2l6ZSI6eyJ3aWR0aCI6NDAwfSwid2VicCI6eyJxdWFsaXR5Ijo1MH19fQ==,/sneakers/nike/nike-air-max-95-cav-empt-white-av0765-100-ka/80830?from=search
Nike Air Max 95 Jacket Pack,1860000,https://d5ibtax54de3q.cloudfront.net/eyJidWNrZXQiOiJraWNrYXZlbnVlLWFzc2V0cyIsImtleSI6InByb2R1Y3RzLzgwODQ4LzNlNjlhMjcyZDFmYjU1ZTYyODFlYzdkYjA4OWRiYWNmLnBuZyIsImVkaXRzIjp7InJlc2l6ZSI6eyJ3aWR0aCI6NDAwfSwid2VicCI6eyJxdWFsaXR5Ijo1MH19fQ==,/sneakers/nike/nike-air-max-95-jacket-pack-at6146-001-ka/80848?from=search
New Balance 2002R Defense Green Natural Indigo,2690000,https://d5ibtax54de3q.cloudfront.net/eyJidWNrZXQiOiJraWNrYXZlbnVlLWFzc2V0cyIsImtleSI6InByb2R1Y3RzLzc1NTU5LzYxMWQ2YmY4ZjhhZDNkZjM1YjlhNjdhYTA0ZDA2MTRmLnBuZyIsImVkaXRzIjp7InJlc2l6ZSI6eyJ3aWR0aCI6NDAwfSwid2VicCI6eyJxdWFsaXR5Ijo1MH19fQ==,/sneakers/new-balance/new-balance-2002r-defense-green-natural-indigo-ml2002rf-ka/75559?from=search
Nike Kyrie 6 Preheat Collection Guangzhou,2550000,https://d5ibtax54de3q.cloudfront.net/eyJidWNrZXQiOiJraWNrYXZlbnVlLWFzc2V0cyIsImtleSI6InByb2R1Y3RzLzgyMjc3LzBjZDNjMjllMzNiMTA5NDljMDFiZGYwZWViMzdlMDM2LnBuZyIsImVkaXRzIjp7InJlc2l6ZSI6eyJ3aWR0aCI6NDAwfSwid2VicCI6eyJxdWFsaXR5Ijo1MH19fQ==,/sneakers/nike/nike-kyrie-6-preheat-collection-guangzhou-cq7634-409-ka/82277?from=search
Nike Dunk High Lakers,1990000,https://d5ibtax54de3q.cloudfront.net/eyJidWNrZXQiOiJraWNrYXZlbnVlLWFzc2V0cyIsImtleSI6InByb2R1Y3RzLzgyNjY3LzIzY2M0YTNmYThhZGY5ZmY1ZWZiMTAzNTQ2Yzg3MmJkLnBuZyIsImVkaXRzIjp7InJlc2l6ZSI6eyJ3aWR0aCI6NDAwfSwid2VicCI6eyJxdWFsaXR5Ijo1MH19fQ==,/sneakers/nike/nike-dunk-high-lakers-dd1399-500-ka/82667?from=search
Nike Air Force 1 Low Black Gold Swoosh,1840000,https://d5ibtax54de3q.cloudfront.net/eyJidWNrZXQiOiJraWNrYXZlbnVlLWFzc2V0cyIsImtleSI6InByb2R1Y3RzLzc5ODkyL2NkZWJmMDVjMjYzNmRhMjk2MDI3NmYzOTYxNTA0YzY1LnBuZyIsImVkaXRzIjp7InJlc2l6ZSI6eyJ3aWR0aCI6NDAwfSwid2VicCI6eyJxdWFsaXR5Ijo1MH19fQ==,/sneakers/nike/nike-air-force-1-low-black-gold-swoosh-ao2132-005-ka/79892?from=search
New Balance 2002R Mule Marblehead Trooper,2040000,https://d5ibtax54de3q.cloudfront.net/eyJidWNrZXQiOiJraWNrYXZlbnVlLWFzc2V0cyIsImtleSI6InByb2R1Y3RzLzk0NTMxLzk2N2M0YWNjYjU3ZTdlZGZjNjAxMjc1YmQ0ZTJlN2IzLnBuZyIsImVkaXRzIjp7InJlc2l6ZSI6eyJ3aWR0aCI6NDAwfSwid2VicCI6eyJxdWFsaXR5Ijo1MH19fQ==,/sneakers/new-balance/jordan-hex-mule-slide-sp-billie-eilish-black-m2002rmk-ka/94531?from=search
Nike Air Force 1 Unity White Racer Blue,900000,https://d5ibtax54de3q.cloudfront.net/eyJidWNrZXQiOiJraWNrYXZlbnVlLWFzc2V0cyIsImtleSI6InByb2R1Y3RzLzgwMjIzL2YyYWU3NTUwOWFiMjljNmYwYTBlZDIyNTY2OWI4NjhhLnBuZyIsImVkaXRzIjp7InJlc2l6ZSI6eyJ3aWR0aCI6NDAwfSwid2VicCI6eyJxdWFsaXR5Ijo1MH19fQ==,/sneakers/nike/nike-air-force-1-unity-white-racer-blue-dm2385-100-ka/80223?from=search
Nike Air Max 95 size? Air Max Day (2020),4200000,https://d5ibtax54de3q.cloudfront.net/eyJidWNrZXQiOiJraWNrYXZlbnVlLWFzc2V0cyIsImtleSI6InByb2R1Y3RzLzgwODgyL2I0MjM0YmE1ZjVmZWFlZTFkYzIxMjI0MWViZWYyMDkzLnBuZyIsImVkaXRzIjp7InJlc2l6ZSI6eyJ3aWR0aCI6NDAwfSwid2VicCI6eyJxdWFsaXR5Ijo1MH19fQ==,/sneakers/nike/nike-air-max-95-size-air-max-day-2020-cw5378-001-ka/80882?from=search
Converse Chuck 70 Hi Vitality Green,650000,https://d5ibtax54de3q.cloudfront.net/eyJidWNrZXQiOiJraWNrYXZlbnVlLWFzc2V0cyIsImtleSI6InByb2R1Y3RzLzk2NjE4L2RiNzZkMDA3YTJhMDg3OTg0M2QxYWE1YjYyMDQ2ZDlhLnBuZyIsImVkaXRzIjp7InJlc2l6ZSI6eyJ3aWR0aCI6NDAwfSwid2VicCI6eyJxdWFsaXR5Ijo1MH19fQ==,/sneakers/converse/converse-chuck-70-hi-vitality-green-a04585c-ka/96618?from=search
Puma Suede Triplex Denim - Dark Slate,960000,https://d5ibtax54de3q.cloudfront.net/eyJidWNrZXQiOiJraWNrYXZlbnVlLWFzc2V0cyIsImtleSI6InByb2R1Y3RzLzEwODYzOS85Mjc5NjNlODM4MzUxM2FjZmFlMjdjOTJmM2M0Y2IzYi5wbmciLCJlZGl0cyI6eyJyZXNpemUiOnsid2lkdGgiOjQwMH0sIndlYnAiOnsicXVhbGl0eSI6NTB9fX0=,/sneakers/puma/puma-suede-triplex-denim-dark-slate-383798-02-ka/108639?from=search
New Balance 550 x Atmos Back in Black,3500000,https://d5ibtax54de3q.cloudfront.net/eyJidWNrZXQiOiJraWNrYXZlbnVlLWFzc2V0cyIsImtleSI6InByb2R1Y3RzLzk1NDIwLzlhZGQzZmYxMTAxYTg3ZjU0OTlmMzgwYmZhNDFmYTc0LnBuZyIsImVkaXRzIjp7InJlc2l6ZSI6eyJ3aWR0aCI6NDAwfSwid2VicCI6eyJxdWFsaXR5Ijo1MH19fQ==,/sneakers/new-balance/new-balance-550-x-atmos-back-in-black-bb550atm-ka/95420?from=search
New Balance 996 Reflection Pigment,960000,https://d5ibtax54de3q.cloudfront.net/eyJidWNrZXQiOiJraWNrYXZlbnVlLWFzc2V0cyIsImtleSI6InByb2R1Y3RzLzk4NzQyLzM3NzFkNzY0YjQ1NzRiMjA1YzkzMGRmZmQ2MjJhZjdlLnBuZyIsImVkaXRzIjp7InJlc2l6ZSI6eyJ3aWR0aCI6NDAwfSwid2VicCI6eyJxdWFsaXR5Ijo1MH19fQ==,/sneakers/new-balance/new-balance-996-reflection-pigment-cm996shd-ka/98742?from=search
ASICS Gel Venture 6 SPS Glacier Grey,1840000,https://d5ibtax54de3q.cloudfront.net/eyJidWNrZXQiOiJraWNrYXZlbnVlLWFzc2V0cyIsImtleSI6InByb2R1Y3RzLzEwMTQ4MC9hZjY4NWZhOGE5YjFmYmU0NTc2ZDMxZWYxN2RkMzkzOC5wbmciLCJlZGl0cyI6eyJyZXNpemUiOnsid2lkdGgiOjQwMH0sIndlYnAiOnsicXVhbGl0eSI6NTB9fX0=,/sneakers/asics/asics-gel-venture-6-sps-glacier-grey-1201a553-021-ka-2/101480?from=search
Nike Hoodland Suede Triple Black,720000,https://d5ibtax54de3q.cloudfront.net/eyJidWNrZXQiOiJraWNrYXZlbnVlLWFzc2V0cyIsImtleSI6InByb2R1Y3RzLzg5MzkwLzI3MjMwZGQ4MWQyNTYxYWUwMjIwOTBkODExZmUxYTdiLnBuZyIsImVkaXRzIjp7InJlc2l6ZSI6eyJ3aWR0aCI6NDAwfSwid2VicCI6eyJxdWFsaXR5Ijo1MH19fQ==,/sneakers/nike/nike-hoodland-suede-triple-black-654888-090-ka/89390?from=search
ASICS Gel-NYC Dolphin Oyster Grey,2530000,https://d5ibtax54de3q.cloudfront.net/eyJidWNrZXQiOiJraWNrYXZlbnVlLWFzc2V0cyIsImtleSI6InByb2R1Y3RzLzExMTMwNy80ZmNjZDNjZmY1YjM4NzQ0NmFmOWJmNjgzNDJmM2FhYS5wbmciLCJlZGl0cyI6eyJyZXNpemUiOnsid2lkdGgiOjQwMH0sIndlYnAiOnsicXVhbGl0eSI6NTB9fX0=,/sneakers/asics/asics-gel-nyc-dolphin-oyster-grey-1203a372-402-ka/111307?from=search
New Balance 413 Navy White,420000,https://d5ibtax54de3q.cloudfront.net/eyJidWNrZXQiOiJraWNrYXZlbnVlLWFzc2V0cyIsImtleSI6InByb2R1Y3RzLzEwNDI0NS82MzAxNjUyZGY4MjliZmE5YzgzZDdiMGQzMWUyZWMwZC5wbmciLCJlZGl0cyI6eyJyZXNpemUiOnsid2lkdGgiOjQwMH0sIndlYnAiOnsicXVhbGl0eSI6NTB9fX0=,/sneakers/new-balance/new-balance-413-navy-white-m413dy2-ka/104245?from=search
New Balance Fresh Foam X RCVRY Concrete Castlerock,1330000,https://d5ibtax54de3q.cloudfront.net/eyJidWNrZXQiOiJraWNrYXZlbnVlLWFzc2V0cyIsImtleSI6InByb2R1Y3RzLzEwNTUzOC9jY2JhZmJiYjM4MjM4ODlmYWE5ZDM1MjM5ZTE5N2ZkZi5wbmciLCJlZGl0cyI6eyJyZXNpemUiOnsid2lkdGgiOjQwMH0sIndlYnAiOnsicXVhbGl0eSI6NTB9fX0=,/sneakers/new-balance/new-balance-fresh-foam-x-rcvry-concrete-castlerock-rcvryegy-ka/105538?from=search
Nike Air Force 3 Low SP Nigo White Multi-Color,4340000,https://d5ibtax54de3q.cloudfront.net/eyJidWNrZXQiOiJraWNrYXZlbnVlLWFzc2V0cyIsImtleSI6InByb2R1Y3RzLzExMzM1Mi81NTRhYzVmNTBiZTUzZmI2MjUwNTZjNGM2NDVkYmNkZC5wbmciLCJlZGl0cyI6eyJyZXNpemUiOnsid2lkdGgiOjQwMH0sIndlYnAiOnsicXVhbGl0eSI6NTB9fX0=,/sneakers/nike/nike-air-force-3-low-sp-nigo-white-multi-color-fq7012-100-ka/113352?from=search
Under Armour Curry 11 Dub Nation Versa Blue,1710000,https://d5ibtax54de3q.cloudfront.net/eyJidWNrZXQiOiJraWNrYXZlbnVlLWFzc2V0cyIsImtleSI6InByb2R1Y3RzLzExMzE3OS9hM2YzNjRiN2E3YmE2NmNlYmI3OTc0ZmM2MThlNjhmNy5wbmciLCJlZGl0cyI6eyJyZXNpemUiOnsid2lkdGgiOjQwMH0sIndlYnAiOnsicXVhbGl0eSI6NTB9fX0=,/sneakers/under-armour/under-armour-curry-11-dub-nation-versa-blue-3026615-100-ka/113179?from=search
New Balance 550 Burgundy Cyan,1710000,https://d5ibtax54de3q.cloudfront.net/eyJidWNrZXQiOiJraWNrYXZlbnVlLWFzc2V0cyIsImtleSI6InByb2R1Y3RzLzMxNzM1LzdjYTYyYTRmNzU1MmU5MzFmMWVkMzEzOWNlNGE4NDc4LnBuZyIsImVkaXRzIjp7InJlc2l6ZSI6eyJ3aWR0aCI6NDAwfSwid2VicCI6eyJxdWFsaXR5Ijo1MH19fQ==,/sneakers/new-balance/new-balance-550-burgundy-cyan-bb550wbg-ka-2/31735?from=search
Converse One Star Pro Ox Sean Pablo Wild Lilac,1330000,https://d5ibtax54de3q.cloudfront.net/eyJidWNrZXQiOiJraWNrYXZlbnVlLWFzc2V0cyIsImtleSI6InByb2R1Y3RzLzYzMjE3L2MyMThiYjc3Y2M0YzM5ZjM2ZWI3ZDIxNzcxZWY3YjI1LmpwZWciLCJlZGl0cyI6eyJyZXNpemUiOnsid2lkdGgiOjQwMH0sIndlYnAiOnsicXVhbGl0eSI6NTB9fX0=,/sneakers/converse/converse-one-star-pro-ox-sean-pablo-wild-lilac-a04371c-ka/63217?from=search
New Balance 2002R Atlantic Blue Sepia,3360000,https://d5ibtax54de3q.cloudfront.net/eyJidWNrZXQiOiJraWNrYXZlbnVlLWFzc2V0cyIsImtleSI6InByb2R1Y3RzLzc1NDI0LzBjNjVlOTRiYTk3MDE1ZmRlOTIwOWIyMjhlOGExMWM1LnBuZyIsImVkaXRzIjp7InJlc2l6ZSI6eyJ3aWR0aCI6NDAwfSwid2VicCI6eyJxdWFsaXR5Ijo1MH19fQ==,/sneakers/new-balance/new-balance-2002r-atlantic-blue-sepia-m2002rea-ka/75424?from=search
ANTA KT The Mountain 'White Blue',840000,https://d5ibtax54de3q.cloudfront.net/eyJidWNrZXQiOiJraWNrYXZlbnVlLWFzc2V0cyIsImtleSI6InByb2R1Y3RzLzk5NDk2L2U0ZGI3YTM3MTc3NzhkZmQ4NGM4MjMxZDU5NWVhYTJhLnBuZyIsImVkaXRzIjp7InJlc2l6ZSI6eyJ3aWR0aCI6NDAwfSwid2VicCI6eyJxdWFsaXR5Ijo1MH19fQ==,/sneakers/anta/anta-kt-the-mountain-white-blue-112121601-1-ka/99496?from=search
Li-Ning Way of Wade 808 3 Family Love,1100000,https://d5ibtax54de3q.cloudfront.net/eyJidWNrZXQiOiJraWNrYXZlbnVlLWFzc2V0cyIsImtleSI6InByb2R1Y3RzLzEwMjk2Mi85MGIxYjk0YThhYmJmMDcxOTA4ZTc4M2NmNGI0NzdhNi5wbmciLCJlZGl0cyI6eyJyZXNpemUiOnsid2lkdGgiOjQwMH0sIndlYnAiOnsicXVhbGl0eSI6NTB9fX0=,/sneakers/li-ning/li-ning-way-of-wade-808-3-family-love-abpt043-12-ka/102962?from=search
Nike NOCTA Glide Drake White Chrome,2060000,https://d5ibtax54de3q.cloudfront.net/eyJidWNrZXQiOiJraWNrYXZlbnVlLWFzc2V0cyIsImtleSI6InByb2R1Y3RzLzc0NjU2LzMxZmYxOGY4MmU0Y2RhOTFjNTc2NTlmNDRkMzVlYmRkLnBuZyIsImVkaXRzIjp7InJlc2l6ZSI6eyJ3aWR0aCI6NDAwfSwid2VicCI6eyJxdWFsaXR5Ijo1MH19fQ==,/sneakers/nike/nike-nocta-glide-drake-white-chrome-dm0879-100-ka/74656?from=search
Nike Air Max 1 SC Cacao Wow,1550000,https://d5ibtax54de3q.cloudfront.net/eyJidWNrZXQiOiJraWNrYXZlbnVlLWFzc2V0cyIsImtleSI6InByb2R1Y3RzLzk4MjM1L2MxZjY3NzMzMTY0MjZmZWNkOTAwZjk3YjhlNmJiNDZlLnBuZyIsImVkaXRzIjp7InJlc2l6ZSI6eyJ3aWR0aCI6NDAwfSwid2VicCI6eyJxdWFsaXR5Ijo1MH19fQ==,/sneakers/nike/nike-air-max-1-sc-cacao-wow-fb9660-200-ka/98235?from=search
Nike ZoomX VaporFly Next% 3 Electric Pack,3110000,https://d5ibtax54de3q.cloudfront.net/eyJidWNrZXQiOiJraWNrYXZlbnVlLWFzc2V0cyIsImtleSI6InByb2R1Y3RzLzExMDA2Ny8zNmJlNjYzNDE3MWNmZTI2YjQxMjZkYzU2YTgzMjU1OS5wbmciLCJlZGl0cyI6eyJyZXNpemUiOnsid2lkdGgiOjQwMH0sIndlYnAiOnsicXVhbGl0eSI6NTB9fX0=,/sneakers/nike/nike-zoomx-vaporfly-next-3-electric-pack-fv2305-900-ka/110067?from=search
ON Running Cloudsurfer Next Black Lima,2300000,https://d5ibtax54de3q.cloudfront.net/eyJidWNrZXQiOiJraWNrYXZlbnVlLWFzc2V0cyIsImtleSI6InByb2R1Y3RzLzExNDE1My85YWM1Mzk5M2RlMDFlMzU3YmM0NDdjNWE5NGRhMzQ5MS5wbmciLCJlZGl0cyI6eyJyZXNpemUiOnsid2lkdGgiOjQwMH0sIndlYnAiOnsicXVhbGl0eSI6NTB9fX0=,/sneakers/on-running/on-running-cloudsurfer-next-black-lima-3me30022535-ka/114153?from=search
Adidas Originals Bermuda Mint Gum,1500000,https://d5ibtax54de3q.cloudfront.net/eyJidWNrZXQiOiJraWNrYXZlbnVlLWFzc2V0cyIsImtleSI6InByb2R1Y3RzLzc2OTgyL2IxMGM2NzMyZTE4MzU5ZTIzMTUwNmM2ZTY5NjExZTEyLnBuZyIsImVkaXRzIjp7InJlc2l6ZSI6eyJ3aWR0aCI6NDAwfSwid2VicCI6eyJxdWFsaXR5Ijo1MH19fQ==,/sneakers/adidas/adidas-originals-bermuda-mint-gum-gy7387-ka/76982?from=search
New Balance 990 MiUSA Grey White,2990000,https://d5ibtax54de3q.cloudfront.net/eyJidWNrZXQiOiJraWNrYXZlbnVlLWFzc2V0cyIsImtleSI6InByb2R1Y3RzLzM3NDk1L2I3MTg3NTI3ZDg5YzZkZjQ1ODc2NjFiZTUwN2EzOGVlLnBuZyIsImVkaXRzIjp7InJlc2l6ZSI6eyJ3aWR0aCI6NDAwfSwid2VicCI6eyJxdWFsaXR5Ijo1MH19fQ==,/sneakers/new-balance/new-balance-990-miusa-grey-white-m990gr1-ka-2/37495?from=search
New Balance 1906R Thisisnevertthat ''The 2022 Downtown Run'',2800000,https://d5ibtax54de3q.cloudfront.net/eyJidWNrZXQiOiJraWNrYXZlbnVlLWFzc2V0cyIsImtleSI6InByb2R1Y3RzLzM2OTQ5L2VkOWY0YTVhYzkwMWFiM2IwOGEwMjk2NjFiNjI4YzlkLnBuZyIsImVkaXRzIjp7InJlc2l6ZSI6eyJ3aWR0aCI6NDAwfSwid2VicCI6eyJxdWFsaXR5Ijo1MH19fQ==,/sneakers/new-balance/new-balance-1906r-thisisnevertthat-the-2022-downtown-run-m1906rti-ka-2/36949?from=search
New Balance 327 Black White,1125000,https://d5ibtax54de3q.cloudfront.net/eyJidWNrZXQiOiJraWNrYXZlbnVlLWFzc2V0cyIsImtleSI6InByb2R1Y3RzLzM3MzA2L2QwNGRkZGIwMjk3OWQ1MjVmMzVmMDIyNWNkMWNiN2FhLnBuZyIsImVkaXRzIjp7InJlc2l6ZSI6eyJ3aWR0aCI6NDAwfSwid2VicCI6eyJxdWFsaXR5Ijo1MH19fQ==,/sneakers/new-balance/new-balance-327-black-white-ms327cpg-ka-3/37306?from=search
New Balance 990v1 MiUSA Grey Blue,3150000,https://d5ibtax54de3q.cloudfront.net/eyJidWNrZXQiOiJraWNrYXZlbnVlLWFzc2V0cyIsImtleSI6InByb2R1Y3RzLzU3MzU2L2RlOGZmYzI5ZTRlZDIwZWJjYmY0MDUzZDY3ZTRkODZmLmpwZWciLCJlZGl0cyI6eyJyZXNpemUiOnsid2lkdGgiOjQwMH0sIndlYnAiOnsicXVhbGl0eSI6NTB9fX0=,/sneakers/new-balance/new-balance-990v1-miusa-grey-blue-m990wg1-ka/57356?from=search
New Balance 860 Milky Way Arctic Grey,1300000,https://d5ibtax54de3q.cloudfront.net/eyJidWNrZXQiOiJraWNrYXZlbnVlLWFzc2V0cyIsImtleSI6InByb2R1Y3RzLzEwMzk3Ny81ODBiZTYzYTczOGRjZWMyMDYyMjAxZjNjNDg1ZDhkNi5wbmciLCJlZGl0cyI6eyJyZXNpemUiOnsid2lkdGgiOjQwMH0sIndlYnAiOnsicXVhbGl0eSI6NTB9fX0=,/sneakers/new-balance/new-balance-860-milky-way-arctic-grey-ml860bb2-ka/103977?from=search
New Balance 991 MiUK Black Magnet Smoked Pearl,2310000,https://d5ibtax54de3q.cloudfront.net/eyJidWNrZXQiOiJraWNrYXZlbnVlLWFzc2V0cyIsImtleSI6InByb2R1Y3RzLzcwNjQyL2EyM2Y2NjI4OWEzNzIzMWNmNjIzNDg2NzIzNDE5YjQwLnBuZyIsImVkaXRzIjp7InJlc2l6ZSI6eyJ3aWR0aCI6NDAwfSwid2VicCI6eyJxdWFsaXR5Ijo1MH19fQ==,/sneakers/new-balance/new-balance-991-miuk-black-magnet-smoked-pearl-m991dj-ka/70642?from=search
Nike Kyrie Infinity EP Fire and Ice,1390000,https://d5ibtax54de3q.cloudfront.net/eyJidWNrZXQiOiJraWNrYXZlbnVlLWFzc2V0cyIsImtleSI6InByb2R1Y3RzLzgyNDU2Lzg4YmFkYjRmOTk2ZmVmNzBhNjdjNTg5NjY0Njc4ODE5LnBuZyIsImVkaXRzIjp7InJlc2l6ZSI6eyJ3aWR0aCI6NDAwfSwid2VicCI6eyJxdWFsaXR5Ijo1MH19fQ==,/sneakers/nike/nike-kyrie-infinity-ep-fire-and-ice-dc9134-001-ka-2/82456?from=search
Adidas Campus 00's Better Gum,1250000,https://d5ibtax54de3q.cloudfront.net/eyJidWNrZXQiOiJraWNrYXZlbnVlLWFzc2V0cyIsImtleSI6InByb2R1Y3RzLzU3OTY4L2YwOWE4ZDcwN2RhNjQwMWI3ZTZkNzZjNzkwOTdmZWQyLmpwZWciLCJlZGl0cyI6eyJyZXNpemUiOnsid2lkdGgiOjQwMH0sIndlYnAiOnsicXVhbGl0eSI6NTB9fX0=,/sneakers/adidas/adidas-campus-00s-scarlet-gum-h03474-ka/57968?from=search
Nike Zoom Mercurial Vapor 15 Elite XXV SE FG Metallic Silver,7120000,https://d5ibtax54de3q.cloudfront.net/eyJidWNrZXQiOiJraWNrYXZlbnVlLWFzc2V0cyIsImtleSI6InByb2R1Y3RzLzg2MzgxLzE4Njk3YTE0Y2VhMjkwOThiMDlmZjIxZDg1MzdjYWIzLnBuZyIsImVkaXRzIjp7InJlc2l6ZSI6eyJ3aWR0aCI6NDAwfSwid2VicCI6eyJxdWFsaXR5Ijo1MH19fQ==,/sneakers/nike/nike-zoom-mercurial-vapor-15-elite-xxv-se-fg-metallic-silver-fb8862-060-ka/86381?from=search
Nike Air Max 90 Terrascape Anthracite University Red,2180000,https://d5ibtax54de3q.cloudfront.net/eyJidWNrZXQiOiJraWNrYXZlbnVlLWFzc2V0cyIsImtleSI6InByb2R1Y3RzLzgwNzc1LzJjMDVkZTZiNWFjZWMxMzM1MzI0ZjE1NTdlYThhYmY4LnBuZyIsImVkaXRzIjp7InJlc2l6ZSI6eyJ3aWR0aCI6NDAwfSwid2VicCI6eyJxdWFsaXR5Ijo1MH19fQ==,/sneakers/nike/nike-air-max-90-terrascape-anthracite-university-red-dv7413-003-ka/80775?from=search
Nike Giannis Immortality 2 EP 'Coconut Milk Hot Punch',870000,https://d5ibtax54de3q.cloudfront.net/eyJidWNrZXQiOiJraWNrYXZlbnVlLWFzc2V0cyIsImtleSI6InByb2R1Y3RzLzgxOTkzLzY4ODc0ZDc5ZjhjZTU0MDkyMDQxOTJkOTRiZDVhMmUwLnBuZyIsImVkaXRzIjp7InJlc2l6ZSI6eyJ3aWR0aCI6NDAwfSwid2VicCI6eyJxdWFsaXR5Ijo1MH19fQ==,/sneakers/nike/nike-giannis-immortality-2-ep-coconut-milk-hot-punch-dm0826-103-ka/81993?from=search
ASICS Gel-Kayano 14 Kith Cream Antler,6070000,https://d5ibtax54de3q.cloudfront.net/eyJidWNrZXQiOiJraWNrYXZlbnVlLWFzc2V0cyIsImtleSI6InByb2R1Y3RzLzYyMjk0LzZiN2ZkZDU3N2VjMjE4ZTJhMDdhZDQ0ZTNjMTRhZTM0LmpwZWciLCJlZGl0cyI6eyJyZXNpemUiOnsid2lkdGgiOjQwMH0sIndlYnAiOnsicXVhbGl0eSI6NTB9fX0=,/sneakers/asics/asics-gel-kayano-14-kith-cream-antler-1201a954-101-ka/62294?from=search
New Balance 576 Made In England Dark Gull Grey,2960000,https://d5ibtax54de3q.cloudfront.net/eyJidWNrZXQiOiJraWNrYXZlbnVlLWFzc2V0cyIsImtleSI6InByb2R1Y3RzLzk1MjEzL2I0ZjcwZmYyYjZjNTljMTY4YjYzYzA5NzQ5ZDk2ZGI0LnBuZyIsImVkaXRzIjp7InJlc2l6ZSI6eyJ3aWR0aCI6NDAwfSwid2VicCI6eyJxdWFsaXR5Ijo1MH19fQ==,/sneakers/new-balance/new-balance-576-made-in-england-dark-gull-grey-ou576pgl-ka/95213?from=search
New Balance 998 MiUSA Black Silver,3090000,https://d5ibtax54de3q.cloudfront.net/eyJidWNrZXQiOiJraWNrYXZlbnVlLWFzc2V0cyIsImtleSI6InByb2R1Y3RzLzk4NzgxLzJkMzI1NWUxNDZlMjk1ZTM2MjUxZWViYzA0OWExMDVhLnBuZyIsImVkaXRzIjp7InJlc2l6ZSI6eyJ3aWR0aCI6NDAwfSwid2VicCI6eyJxdWFsaXR5Ijo1MH19fQ==,/sneakers/new-balance/new-balance-998-miusa-black-silver-u998bl-ka/98781?from=search
Li-Ning Wade Shadow 5 Miami Nights,920000,https://d5ibtax54de3q.cloudfront.net/eyJidWNrZXQiOiJraWNrYXZlbnVlLWFzc2V0cyIsImtleSI6InByb2R1Y3RzLzEwMjgzMi9kNWQwNjkzY2Y0MDY1NDg2ZmI0NzlkZjJjOGQzYzcwOC5wbmciLCJlZGl0cyI6eyJyZXNpemUiOnsid2lkdGgiOjQwMH0sIndlYnAiOnsicXVhbGl0eSI6NTB9fX0=,/sneakers/li-ning/li-ning-wade-shadow-5-miami-nights-abpt053-1-ka-2/102832?from=search
Nike Air Footscape Woven PRM Black Croc (Women's),1220000,https://d5ibtax54de3q.cloudfront.net/eyJidWNrZXQiOiJraWNrYXZlbnVlLWFzc2V0cyIsImtleSI6InByb2R1Y3RzLzc1NzAyLzE0NzVlODQ0NzE1NzY1NzczZTljNTVmZWMyYjAwYTBkLnBuZyIsImVkaXRzIjp7InJlc2l6ZSI6eyJ3aWR0aCI6NDAwfSwid2VicCI6eyJxdWFsaXR5Ijo1MH19fQ==,/sneakers/nike/nike-air-footscape-woven-prm-black-croc-w-fq8129-010-ka/75702?from=search
New Balance X JJJJound 2002R Storm Blue,3890000,https://d5ibtax54de3q.cloudfront.net/eyJidWNrZXQiOiJraWNrYXZlbnVlLWFzc2V0cyIsImtleSI6InByb2R1Y3RzLzc3MDMyLzRkZWRhMjU5ODVkMDk0Y2E3YjBhYmE4ODc1M2E5YTU0LnBuZyIsImVkaXRzIjp7InJlc2l6ZSI6eyJ3aWR0aCI6NDAwfSwid2VicCI6eyJxdWFsaXR5Ijo1MH19fQ==,/sneakers/new-balance/new-balance-x-jjjjound-2002r-storm-blue-m2002ru2-ka/77032?from=search
Li-Ning Wade Son of Flash First Born,1530000,https://d5ibtax54de3q.cloudfront.net/eyJidWNrZXQiOiJraWNrYXZlbnVlLWFzc2V0cyIsImtleSI6InByb2R1Y3RzLzEwMjUxMC9jODRjZmZhNWY0OGFhNDFkZjYxYmNiNDBhZmUwYjEwZC5wbmciLCJlZGl0cyI6eyJyZXNpemUiOnsid2lkdGgiOjQwMH0sIndlYnAiOnsicXVhbGl0eSI6NTB9fX0=,/sneakers/li-ning/li-ning-wade-son-of-flash-first-born-abpt019-7-ka-2/102510?from=search
New Balance 990v6 MiUSA Dark Ember Afterglow,3500000,https://d5ibtax54de3q.cloudfront.net/eyJidWNrZXQiOiJraWNrYXZlbnVlLWFzc2V0cyIsImtleSI6InByb2R1Y3RzLzExNDQwMC9kNDdiNzMwNGE1MDM0YTk4YTU4MjY0NTRjMjUzMjkyYS5wbmciLCJlZGl0cyI6eyJyZXNpemUiOnsid2lkdGgiOjQwMH0sIndlYnAiOnsicXVhbGl0eSI6NTB9fX0=,/sneakers/new-balance/new-balance-990v6-miusa-dark-ember-afterglow-u990tf6-ka/114400?from=search
Adidas Shadowturf Song For The Mute Black,2520000,https://d5ibtax54de3q.cloudfront.net/eyJidWNrZXQiOiJraWNrYXZlbnVlLWFzc2V0cyIsImtleSI6InByb2R1Y3RzLzEwNjk3Ni8yMmEzNDJiNzdhNTE4NjhiMTQwNTMzMTRhNDg5NTVkNi5wbmciLCJlZGl0cyI6eyJyZXNpemUiOnsid2lkdGgiOjQwMH0sIndlYnAiOnsicXVhbGl0eSI6NTB9fX0=,/sneakers/adidas/adidas-shadowturf-song-for-the-mute-black-if9403-ka/106976?from=search
Adidas Supernova Stride Black White Grey,1240000,https://d5ibtax54de3q.cloudfront.net/eyJidWNrZXQiOiJraWNrYXZlbnVlLWFzc2V0cyIsImtleSI6InByb2R1Y3RzLzEwODkzOC8xN2I2YTgyMDE5MWRkMzFlN2JkMjkyM2E0YWYxYmJlNy5wbmciLCJlZGl0cyI6eyJyZXNpemUiOnsid2lkdGgiOjQwMH0sIndlYnAiOnsicXVhbGl0eSI6NTB9fX0=,/sneakers/adidas/adidas-supernova-stride-black-white-grey-ig8317-ka/108938?from=search
Reebok Classic Leather Winterized White Pure Grey,720000,https://d5ibtax54de3q.cloudfront.net/eyJidWNrZXQiOiJraWNrYXZlbnVlLWFzc2V0cyIsImtleSI6InByb2R1Y3RzLzEwODgxNi81ZjA1MTMwODU0OTkwZjkyMWEzNWYxMDQyNDIzNWI1Zi5wbmciLCJlZGl0cyI6eyJyZXNpemUiOnsid2lkdGgiOjQwMH0sIndlYnAiOnsicXVhbGl0eSI6NTB9fX0=,/sneakers/reebok/reebok-classic-leather-winterized-white-pure-grey-100074286-ka/108816?from=search
New Balance 860v2 Aime Leon Dore White,4460000,https://d5ibtax54de3q.cloudfront.net/eyJidWNrZXQiOiJraWNrYXZlbnVlLWFzc2V0cyIsImtleSI6InByb2R1Y3RzLzEwNTYyNC84ODI0ZDdmOThiOGRjNDY2ZGE4YjlhMGVjMTBmNzQ1MS5wbmciLCJlZGl0cyI6eyJyZXNpemUiOnsid2lkdGgiOjQwMH0sIndlYnAiOnsicXVhbGl0eSI6NTB9fX0=,/sneakers/new-balance/new-balance-860v2-aime-leon-dore-white-ml860ah2-ka/105624?from=search
Air Jordan 1 Low 85 Neutral Grey,1820000,https://d5ibtax54de3q.cloudfront.net/eyJidWNrZXQiOiJraWNrYXZlbnVlLWFzc2V0cyIsImtleSI6InByb2R1Y3RzLzcwNTAxL2RjNWQxYTkxNDQ3MzZmNmEwZmU2ZDRkYmU2ZWExYjJhLnBuZyIsImVkaXRzIjp7InJlc2l6ZSI6eyJ3aWR0aCI6NDAwfSwid2VicCI6eyJxdWFsaXR5Ijo1MH19fQ==,/sneakers/air-jordan/air-jordan-1-low-85-neutral-grey-fb9933-100-ka/70501?from=search
Nike LeBron 21 The World Is Your Oyster,2810000,https://d5ibtax54de3q.cloudfront.net/eyJidWNrZXQiOiJraWNrYXZlbnVlLWFzc2V0cyIsImtleSI6InByb2R1Y3RzLzEwNzk3MC82MGQ0YzgzNzIwMzdjYzU4MzFkOWM2YTI5YWUwMTc0ZS5wbmciLCJlZGl0cyI6eyJyZXNpemUiOnsid2lkdGgiOjQwMH0sIndlYnAiOnsicXVhbGl0eSI6NTB9fX0=,/sneakers/nike/nike-lebron-21-the-world-is-your-oyster-hf0721-900-ka/107970?from=search
New Balance 574 Grey White,750000,https://d5ibtax54de3q.cloudfront.net/eyJidWNrZXQiOiJraWNrYXZlbnVlLWFzc2V0cyIsImtleSI6InByb2R1Y3RzLzc2MDkzL2U1YTc2Mzc3N2RmM2VjYzMxOWY5Y2RhMmNiNWVkNDA3LnBuZyIsImVkaXRzIjp7InJlc2l6ZSI6eyJ3aWR0aCI6NDAwfSwid2VicCI6eyJxdWFsaXR5Ijo1MH19fQ==,/sneakers/new-balance/new-balance-574-grey-white-u574bsg-ka/76093?from=search
New Balance 2002R Mesh Black Metallic,3200000,https://d5ibtax54de3q.cloudfront.net/eyJidWNrZXQiOiJraWNrYXZlbnVlLWFzc2V0cyIsImtleSI6InByb2R1Y3RzLzExMjI5OS85NzgzMjNlNTg3NjQ0NjIyNTZlODFkZTdmYjdhMzJjZS5wbmciLCJlZGl0cyI6eyJyZXNpemUiOnsid2lkdGgiOjQwMH0sIndlYnAiOnsicXVhbGl0eSI6NTB9fX0=,/sneakers/new-balance/new-balance-2002r-mesh-black-metallic-m2002wb-ka/112299?from=search
Adidas Handball Spezial Core Black White,2650000,https://d5ibtax54de3q.cloudfront.net/eyJidWNrZXQiOiJraWNrYXZlbnVlLWFzc2V0cyIsImtleSI6InByb2R1Y3RzLzExMTQxOC82YjU0MGU3ZTA1ODc5MzQ4ZDBiYWVhYzc1Njg5MTRmMC5wbmciLCJlZGl0cyI6eyJyZXNpemUiOnsid2lkdGgiOjQwMH0sIndlYnAiOnsicXVhbGl0eSI6NTB9fX0=,/sneakers/adidas/adidas-handball-spezial-core-black-white-jp5669-ka/111418?from=search
Nike Air Force 1 Low '07 White Neutral Olive,1380000,https://d5ibtax54de3q.cloudfront.net/eyJidWNrZXQiOiJraWNrYXZlbnVlLWFzc2V0cyIsImtleSI6InByb2R1Y3RzLzExNDk1NC84YmY2NjU2YzliNWZlNDg5NmMyMTFmYWI5NGZkODUyYS5wbmciLCJlZGl0cyI6eyJyZXNpemUiOnsid2lkdGgiOjQwMH0sIndlYnAiOnsicXVhbGl0eSI6NTB9fX0=,/sneakers/nike/nike-air-force-1-low-07-white-neutral-olive-fj4146-110-ka/114954?from=search
ASICS Gel-NYC Atmos Laguna Gem Blue Topaz,2040000,/static/media/kick_avenue_empty_image.cf172573.png,/sneakers/asics/asics-gel-nyc-atmos-laguna-gem-blue-topaz-1203a577-001-ka/115651?from=search
New Balance Numeric 480 Kith Madison Square Garden White Orange,5130000,https://d5ibtax54de3q.cloudfront.net/eyJidWNrZXQiOiJraWNrYXZlbnVlLWFzc2V0cyIsImtleSI6InByb2R1Y3RzLzExNDk1Mi82NDYwNjBlZTZiZDVlN2Y1MmNjNWRiOTNhYWIzMGMyNS5wbmciLCJlZGl0cyI6eyJyZXNpemUiOnsid2lkdGgiOjQwMH0sIndlYnAiOnsicXVhbGl0eSI6NTB9fX0=,/sneakers/new-balance/new-balance-numeric-480-kith-madison-square-garden-white-orange-nm480nyk-ka/114952?from=search
ASICS Court MZ Cream Black Gum,1070000,https://d5ibtax54de3q.cloudfront.net/eyJidWNrZXQiOiJraWNrYXZlbnVlLWFzc2V0cyIsImtleSI6InByb2R1Y3RzLzk5OTYyLzJhMjk1YzQwNjk5ZDZlMDk2YjU2M2U0MGUxNGI2ODNmLnBuZyIsImVkaXRzIjp7InJlc2l6ZSI6eyJ3aWR0aCI6NDAwfSwid2VicCI6eyJxdWFsaXR5Ijo1MH19fQ==,/sneakers/asics/asics-court-mz-cream-black-gum-1203a127-750-ka-2/99962?from=search
Puma LaMelo Ball MB.02 Lunar New Year Jade,1730000,https://d5ibtax54de3q.cloudfront.net/eyJidWNrZXQiOiJraWNrYXZlbnVlLWFzc2V0cyIsImtleSI6InByb2R1Y3RzLzQyMjc5LzgwNmRjODkzMzVmYjc2NjI5OTU0NTRiOTM4ZDZlZTc4LmpwZWciLCJlZGl0cyI6eyJyZXNpemUiOnsid2lkdGgiOjQwMH0sIndlYnAiOnsicXVhbGl0eSI6NTB9fX0=,/sneakers/puma/puma-lamelo-ball-mb02-lunar-new-year-jade-378284-01-ka/42279?from=search
New Balance 990v2 Navy Grey,3040000,https://d5ibtax54de3q.cloudfront.net/eyJidWNrZXQiOiJraWNrYXZlbnVlLWFzc2V0cyIsImtleSI6InByb2R1Y3RzLzY5MjEwL2RhYmU2MWI3ZGNlODIxZjMzYTQ4YjhlYzZiZWE1NDE5LnBuZyIsImVkaXRzIjp7InJlc2l6ZSI6eyJ3aWR0aCI6NDAwfSwid2VicCI6eyJxdWFsaXR5Ijo1MH19fQ==,/sneakers/new-balance/new-balance-990v2-navy-grey-m990nb2-ka/69210?from=search
New Balance 992 Levi's Grey,13440000,https://d5ibtax54de3q.cloudfront.net/eyJidWNrZXQiOiJraWNrYXZlbnVlLWFzc2V0cyIsImtleSI6InByb2R1Y3RzLzI1MDMxLzRjZGE1MGQxZDRjMzRjM2YwZjBjMTc3YjU0NjYzMWZlLnBuZyIsImVkaXRzIjp7InJlc2l6ZSI6eyJ3aWR0aCI6NDAwfSwid2VicCI6eyJxdWFsaXR5Ijo1MH19fQ==,/sneakers/new-balance/new-balance-992-levis-grey-m992lv-ka-2/25031?from=search
Air Jordan 1 Retro Low Golf Black Croc,1760000,https://d5ibtax54de3q.cloudfront.net/eyJidWNrZXQiOiJraWNrYXZlbnVlLWFzc2V0cyIsImtleSI6InByb2R1Y3RzLzc1NTg5LzA1YmY5YjAxY2JhMWUzZjU4NzRkYTJiOTZlYTQ0NTY0LnBuZyIsImVkaXRzIjp7InJlc2l6ZSI6eyJ3aWR0aCI6NDAwfSwid2VicCI6eyJxdWFsaXR5Ijo1MH19fQ==,/sneakers/air-jordan/air-jordan-1-retro-low-golf-black-croc-dd9315-003-ka/75589?from=search
New Balance 550 Rich Oak,1050000,https://d5ibtax54de3q.cloudfront.net/eyJidWNrZXQiOiJraWNrYXZlbnVlLWFzc2V0cyIsImtleSI6InByb2R1Y3RzLzk4MDQwLzE2ZmFiYTE5NDVmNmE5YTdlNGVkZGE1MzU2ODljOTNlLnBuZyIsImVkaXRzIjp7InJlc2l6ZSI6eyJ3aWR0aCI6NDAwfSwid2VicCI6eyJxdWFsaXR5Ijo1MH19fQ==,/sneakers/new-balance/new-balance-550-rich-oak-bb550pbr-ka/98040?from=search
Onitsuka Tiger 66 Airy Green,1350000,https://d5ibtax54de3q.cloudfront.net/eyJidWNrZXQiOiJraWNrYXZlbnVlLWFzc2V0cyIsImtleSI6InByb2R1Y3RzLzEwODQzMy80NDBhOTIxNjQwM2IwMzI1MjQyMGFkMWQxMmFlNjM4Yi5wbmciLCJlZGl0cyI6eyJyZXNpemUiOnsid2lkdGgiOjQwMH0sIndlYnAiOnsicXVhbGl0eSI6NTB9fX0=,/sneakers/onitsuka-tiger/onitsuka-tiger-66-airy-green-1183a201-304-ka/108433?from=search
Off-White Vulc Low Black,5600000,https://d5ibtax54de3q.cloudfront.net/eyJidWNrZXQiOiJraWNrYXZlbnVlLWFzc2V0cyIsImtleSI6InByb2R1Y3RzLzUxNTUvNGQ5OTkyNjctNGFlZS00YjE1LThjYWEtODkzYWY4OWZlNDcyLmpwZWciLCJlZGl0cyI6eyJyZXNpemUiOnsid2lkdGgiOjQwMH0sIndlYnAiOnsicXVhbGl0eSI6NTB9fX0=,/sneakers/off-white-shoes/off-white-vulc-low-black-omia085e183510011000-ka/5155?from=search
Compass x Fxxking Rabbit FR2 [Japan Edition],2000000,https://d5ibtax54de3q.cloudfront.net/eyJidWNrZXQiOiJraWNrYXZlbnVlLWFzc2V0cyIsImtleSI6InByb2R1Y3RzLzEyMTE4LzVjNjIyYWFiM2FiNDYzNDNjZGRiNTE0NDk0MmMzY2U5LnBuZyIsImVkaXRzIjp7InJlc2l6ZSI6eyJ3aWR0aCI6NDAwfSwid2VicCI6eyJxdWFsaXR5Ijo1MH19fQ==,/sneakers/compass/compass-x-fxxking-rabbit-fr2-japan-edition-cps-frfr2-ka/12118?from=search
Converse One Star Ox Black,1130000,https://d5ibtax54de3q.cloudfront.net/eyJidWNrZXQiOiJraWNrYXZlbnVlLWFzc2V0cyIsImtleSI6InByb2R1Y3RzLzY0MTQvNjg0ODIxYzUtNWFlZS00MWU5LTg0ZTYtNDczOTM2NDVkZjc5LnBuZyIsImVkaXRzIjp7InJlc2l6ZSI6eyJ3aWR0aCI6NDAwfSwid2VicCI6eyJxdWFsaXR5Ijo1MH19fQ==,/sneakers/converse/converse-one-star-ox-black-163376c-ka-2/6414?from=search
Asics Gel-1090 V2 Cream,1550000,https://d5ibtax54de3q.cloudfront.net/eyJidWNrZXQiOiJraWNrYXZlbnVlLWFzc2V0cyIsImtleSI6InByb2R1Y3RzLzM0NjM1LzlmNjY1OTBjMzQxM2M3MGM5MDMwMGIzMjU0NWJmZjM3LnBuZyIsImVkaXRzIjp7InJlc2l6ZSI6eyJ3aWR0aCI6NDAwfSwid2VicCI6eyJxdWFsaXR5Ijo1MH19fQ==,/sneakers/asics/asics-gel-1090-v2-cream-1203a224-100-ka/34635?from=search
New Balance 550 White Vibrant Orange,930000,https://d5ibtax54de3q.cloudfront.net/eyJidWNrZXQiOiJraWNrYXZlbnVlLWFzc2V0cyIsImtleSI6InByb2R1Y3RzLzMyMDU3LzA2ZjgzODU1ZjUzZmZkZGE4NTg3Zjc0MDAxMjYyNWVmLnBuZyIsImVkaXRzIjp7InJlc2l6ZSI6eyJ3aWR0aCI6NDAwfSwid2VicCI6eyJxdWFsaXR5Ijo1MH19fQ==,/sneakers/new-balance/new-balance-550-white-vibrant-orange-bb550wto-ka-2/32057?from=search
New Balance 992 Navy Grey,2950000,https://d5ibtax54de3q.cloudfront.net/eyJidWNrZXQiOiJraWNrYXZlbnVlLWFzc2V0cyIsImtleSI6InByb2R1Y3RzLzMyNTY5L2M0YThlZTllZjYzYjdkNmEzMjBlMDFlNjFjNWEyNjQzLnBuZyIsImVkaXRzIjp7InJlc2l6ZSI6eyJ3aWR0aCI6NDAwfSwid2VicCI6eyJxdWFsaXR5Ijo1MH19fQ==,/sneakers/new-balance/new-balance-992-navy-grey-m992gg-ka-2/32569?from=search
ASICS Gel-Kayano 14 JJJJound Silver Black,10050000,https://d5ibtax54de3q.cloudfront.net/eyJidWNrZXQiOiJraWNrYXZlbnVlLWFzc2V0cyIsImtleSI6InByb2R1Y3RzLzM3MjIwLzU1ZWFmODFjZTg1ODFhNjllMWQ3ZTZkNGM4MmU1MWRlLnBuZyIsImVkaXRzIjp7InJlc2l6ZSI6eyJ3aWR0aCI6NDAwfSwid2VicCI6eyJxdWFsaXR5Ijo1MH19fQ==,/sneakers/asics/asics-gel-kayano-14-jjjjound-silver-black-1201a457-101-ka/37220?from=search
Nike SB Zoom Stefan Janoski OG Alabaster Chili Red,620000,https://d5ibtax54de3q.cloudfront.net/eyJidWNrZXQiOiJraWNrYXZlbnVlLWFzc2V0cyIsImtleSI6InByb2R1Y3RzLzYwNjc2LzQ2MmJmM2M1YmZmNzNhMTdjZDBhMjlkZWFhNmZmYzMzLmpwZWciLCJlZGl0cyI6eyJyZXNpemUiOnsid2lkdGgiOjQwMH0sIndlYnAiOnsicXVhbGl0eSI6NTB9fX0=,/sneakers/nike/nike-sb-zoom-stefan-janoski-og-alabaster-chili-red-dv5475-700-ka/60676?from=search
Nike Offline Anthracite Electro Orange,5490000,https://d5ibtax54de3q.cloudfront.net/eyJidWNrZXQiOiJraWNrYXZlbnVlLWFzc2V0cyIsImtleSI6InByb2R1Y3RzLzY5MzgxL2Q3ZGY1YzkyMGY1ZTMzMDk2YTA5NDhlYjk2YmJkNDBiLnBuZyIsImVkaXRzIjp7InJlc2l6ZSI6eyJ3aWR0aCI6NDAwfSwid2VicCI6eyJxdWFsaXR5Ijo1MH19fQ==,/sneakers/nike/nike-offline-anthracite-electro-orange-cj0693-003-ka/69381?from=search
Adidas D.O.N. Issue #4 Basketball Shoes,1050000,https://d5ibtax54de3q.cloudfront.net/eyJidWNrZXQiOiJraWNrYXZlbnVlLWFzc2V0cyIsImtleSI6InByb2R1Y3RzLzcwMjM1LzExNDNiZTEzMmM3NjE2ZDlkMzEwM2NhMTE5ZjQwNGVjLnBuZyIsImVkaXRzIjp7InJlc2l6ZSI6eyJ3aWR0aCI6NDAwfSwid2VicCI6eyJxdWFsaXR5Ijo1MH19fQ==,/sneakers/adidas/adidas-don-issue-4-basketball-shoes-ie4517-ka/70235?from=search
New Balance CT210,600000,https://d5ibtax54de3q.cloudfront.net/eyJidWNrZXQiOiJraWNrYXZlbnVlLWFzc2V0cyIsImtleSI6InByb2R1Y3RzLzY5OTU2LzQ5MWVhZjhhOTM2N2M4NGVkNDEzN2E5ZDZjMGE0NDQxLnBuZyIsImVkaXRzIjp7InJlc2l6ZSI6eyJ3aWR0aCI6NDAwfSwid2VicCI6eyJxdWFsaXR5Ijo1MH19fQ==,/sneakers/new-balance/new-balance-ct210-ct210wrf-ka/69956?from=search
Vans Slip-On Reconstruct Marshmallow,760000,https://d5ibtax54de3q.cloudfront.net/eyJidWNrZXQiOiJraWNrYXZlbnVlLWFzc2V0cyIsImtleSI6InByb2R1Y3RzLzc1MjUyL2RlMzA3NTUxYmZhNTcwNzdhMDczOGU1OTZmMjEyOWMwLnBuZyIsImVkaXRzIjp7InJlc2l6ZSI6eyJ3aWR0aCI6NDAwfSwid2VicCI6eyJxdWFsaXR5Ijo1MH19fQ==,/sneakers/vans/vans-slip-on-reconstruct-marshmallow-vn000bw4fs8-ka/75252?from=search
Nike Giannis Immortality 3 5 The Hard Way,1880000,https://d5ibtax54de3q.cloudfront.net/eyJidWNrZXQiOiJraWNrYXZlbnVlLWFzc2V0cyIsImtleSI6InByb2R1Y3RzLzY5MDg1L2FkYmQwMTc0MjA5MjFjOTk3NjlkNWVhYWJmZWUzMmU2LnBuZyIsImVkaXRzIjp7InJlc2l6ZSI6eyJ3aWR0aCI6NDAwfSwid2VicCI6eyJxdWFsaXR5Ijo1MH19fQ==,/sneakers/nike/nike-giannis-immortality-3-5-the-hard-way-dz7533-300-ka/69085?from=search
Nike ACG Air Deschutz Fusion Violet,1060000,https://d5ibtax54de3q.cloudfront.net/eyJidWNrZXQiOiJraWNrYXZlbnVlLWFzc2V0cyIsImtleSI6InByb2R1Y3RzLzc2MDIwL2UyMmI0YmM4ODYzYmRhNjU0YjFlZDc0M2RlZWNiMThhLnBuZyIsImVkaXRzIjp7InJlc2l6ZSI6eyJ3aWR0aCI6NDAwfSwid2VicCI6eyJxdWFsaXR5Ijo1MH19fQ==,/sneakers/nike/nike-acg-air-deschutz-fusion-violet-ct3303-400-ka/76020?from=search
Nike Dunk Low Retro From Nike To You Midnight Navy,1400000,https://d5ibtax54de3q.cloudfront.net/eyJidWNrZXQiOiJraWNrYXZlbnVlLWFzc2V0cyIsImtleSI6InByb2R1Y3RzLzc5MDQ5Lzk2YmI1ZmUxMGMxZWQ4YmY0NzBhMzc3MGVlOTQ3NWEzLnBuZyIsImVkaXRzIjp7InJlc2l6ZSI6eyJ3aWR0aCI6NDAwfSwid2VicCI6eyJxdWFsaXR5Ijo1MH19fQ==,/sneakers/nike/nike-dunk-low-retro-from-nike-to-you-midnight-navy-fv8106-181-ka/79049?from=search
Crocs Classic Clog Grateful Dead x Chinatown Market,2400000,https://d5ibtax54de3q.cloudfront.net/eyJidWNrZXQiOiJraWNrYXZlbnVlLWFzc2V0cyIsImtleSI6InByb2R1Y3RzLzQwMzEyLzFkYmY1MjZjY2NmNjUyNDQ4Zjg1NGRkNjIyMTU5ODNhLmpwZWciLCJlZGl0cyI6eyJyZXNpemUiOnsid2lkdGgiOjQwMH0sIndlYnAiOnsicXVhbGl0eSI6NTB9fX0=,/sneakers/crocs/crocs-classic-clog-grateful-dead-x-chinatown-market-207113-90h-ka/40312?from=search
Adidas Ultra Boost DNA 5.0 Cloud White Black Sole,2640000,https://d5ibtax54de3q.cloudfront.net/eyJidWNrZXQiOiJraWNrYXZlbnVlLWFzc2V0cyIsImtleSI6InByb2R1Y3RzLzYzMDM5LzI1NDkwY2U1M2VmMzQ5MTA5MTE5ZTc0N2QxOGMxMDU0LmpwZWciLCJlZGl0cyI6eyJyZXNpemUiOnsid2lkdGgiOjQwMH0sIndlYnAiOnsicXVhbGl0eSI6NTB9fX0=,/sneakers/adidas/adidas-ultra-boost-dna-50-cloud-white-black-sole-gv8740-ka/63039?from=search
Adidas Nizza RF Hi Core Black,720000,https://d5ibtax54de3q.cloudfront.net/eyJidWNrZXQiOiJraWNrYXZlbnVlLWFzc2V0cyIsImtleSI6InByb2R1Y3RzLzc4MjQyL2E1NmMxZTliMmE2MjgyYzJlZmQzYWRmODU1OTVjZTY4LnBuZyIsImVkaXRzIjp7InJlc2l6ZSI6eyJ3aWR0aCI6NDAwfSwid2VicCI6eyJxdWFsaXR5Ijo1MH19fQ==,/sneakers/adidas/adidas-nizza-rf-hi-core-black-f34057-ka/78242?from=search
Nike ACG Terra Antarktik GORE-TEX Black Midnight Turquoise,5790000,https://d5ibtax54de3q.cloudfront.net/eyJidWNrZXQiOiJraWNrYXZlbnVlLWFzc2V0cyIsImtleSI6InByb2R1Y3RzLzc1NzU2Lzg1ZjI3NTY3OWY1MThlNDgwOWNkZWNmZWI5NDNjMTQ4LnBuZyIsImVkaXRzIjp7InJlc2l6ZSI6eyJ3aWR0aCI6NDAwfSwid2VicCI6eyJxdWFsaXR5Ijo1MH19fQ==,/sneakers/nike/nike-acg-terra-antarktik-gore-tex-black-midnight-turquoise-bv6348-001-ka/75756?from=search
Vans Skate Half Cab '92 X Nick Michel,2160000,https://d5ibtax54de3q.cloudfront.net/eyJidWNrZXQiOiJraWNrYXZlbnVlLWFzc2V0cyIsImtleSI6InByb2R1Y3RzLzc1NjM5L2MzZTFhNmE2ZWZkZDA3Y2I2NmU5NGRmYTc0ZGQzYjc3LnBuZyIsImVkaXRzIjp7InJlc2l6ZSI6eyJ3aWR0aCI6NDAwfSwid2VicCI6eyJxdWFsaXR5Ijo1MH19fQ==,/sneakers/vans/vans-skate-half-cab-92-x-nick-michel-vn0a5kyabf1-ka/75639?from=search
New Balance 2002R Mule Dark Grey Navy,2600000,https://d5ibtax54de3q.cloudfront.net/eyJidWNrZXQiOiJraWNrYXZlbnVlLWFzc2V0cyIsImtleSI6InByb2R1Y3RzLzc1NTA4LzkzZjQ2NmVmMjRjNGFlNWEzNjdlZTg5Mjk4MzQyYzM3LnBuZyIsImVkaXRzIjp7InJlc2l6ZSI6eyJ3aWR0aCI6NDAwfSwid2VicCI6eyJxdWFsaXR5Ijo1MH19fQ==,/sneakers/new-balance/new-balance-2002r-mule-dark-grey-navy-m2002rmj-ka/75508?from=search
Diadora N9000 24 Kilates x Sabotage In Vino Veritas,4000000,https://d5ibtax54de3q.cloudfront.net/eyJidWNrZXQiOiJraWNrYXZlbnVlLWFzc2V0cyIsImtleSI6InByb2R1Y3RzLzc4MTU1L2IzMGVhMTUzN2MzNDAxZWUyYjI5Y2UwYTZkMTRhNjJlLnBuZyIsImVkaXRzIjp7InJlc2l6ZSI6eyJ3aWR0aCI6NDAwfSwid2VicCI6eyJxdWFsaXR5Ijo1MH19fQ==,/sneakers/diadora/diadora-n9000-24-kilates-x-sabotage-in-vino-veritas-5011774900155-ka/78155?from=search
Adidas Samba Team Bayern Munich,2890000,https://d5ibtax54de3q.cloudfront.net/eyJidWNrZXQiOiJraWNrYXZlbnVlLWFzc2V0cyIsImtleSI6InByb2R1Y3RzLzYzMTYyLzk1ZTFlNWVkZjA3ZjZkMTM0MDZkMTFjMGYyZGJhMzM4LmpwZWciLCJlZGl0cyI6eyJyZXNpemUiOnsid2lkdGgiOjQwMH0sIndlYnAiOnsicXVhbGl0eSI6NTB9fX0=,/sneakers/adidas/adidas-samba-team-bayern-munich-hq7031-ka/63162?from=search
New Balance 550 Sea Salt Black,3830000,https://d5ibtax54de3q.cloudfront.net/eyJidWNrZXQiOiJraWNrYXZlbnVlLWFzc2V0cyIsImtleSI6InByb2R1Y3RzLzU5MDgxLzU3OGJmYjk4OWE3NTY4MWYxZTkwYWY3ZWQyOGNmZGE1LmpwZWciLCJlZGl0cyI6eyJyZXNpemUiOnsid2lkdGgiOjQwMH0sIndlYnAiOnsicXVhbGl0eSI6NTB9fX0=,/sneakers/new-balance/new-balance-550-sea-salt-black-bb550lm1-ka/59081?from=search
Nike Dunk Jumbo University Blue,1060000,https://d5ibtax54de3q.cloudfront.net/eyJidWNrZXQiOiJraWNrYXZlbnVlLWFzc2V0cyIsImtleSI6InByb2R1Y3RzLzU4ODAyLzg3Yzc0N2U2OTI5NGNmZGJhNDMyMjIzZWZlZWI5MzJiLmpwZWciLCJlZGl0cyI6eyJyZXNpemUiOnsid2lkdGgiOjQwMH0sIndlYnAiOnsicXVhbGl0eSI6NTB9fX0=,/sneakers/nike/nike-dunk-jumbo-university-blue-dv0821-400-ka/58802?from=search
Compass Velocity FR2 YOTR Black,1650000,https://d5ibtax54de3q.cloudfront.net/eyJidWNrZXQiOiJraWNrYXZlbnVlLWFzc2V0cyIsImtleSI6InByb2R1Y3RzLzU5NzQ5L2MxZjFiOTU1NGRhYWM3ZTYzNzZlOGQwMTdmMjhiYmIyLmpwZWciLCJlZGl0cyI6eyJyZXNpemUiOnsid2lkdGgiOjQwMH0sIndlYnAiOnsicXVhbGl0eSI6NTB9fX0=,/sneakers/compass/compass-velocity-fr2-yotr-black-velo-yotr-black-ka/59749?from=search
Nike Blazer Mid Jumbo Voodoo,1600000,https://d5ibtax54de3q.cloudfront.net/eyJidWNrZXQiOiJraWNrYXZlbnVlLWFzc2V0cyIsImtleSI6InByb2R1Y3RzLzc2MTkwLzk1ZGZmMGRkNTE4Y2FhNzg4MjllOTFjMTViNjhjNDE2LnBuZyIsImVkaXRzIjp7InJlc2l6ZSI6eyJ3aWR0aCI6NDAwfSwid2VicCI6eyJxdWFsaXR5Ijo1MH19fQ==,/sneakers/nike/nike-blazer-mid-jumbo-voodoo-dq5080-001-ka/76190?from=search
Adidas Centennial Low Consortium Cup END. Present,1220000,https://d5ibtax54de3q.cloudfront.net/eyJidWNrZXQiOiJraWNrYXZlbnVlLWFzc2V0cyIsImtleSI6InByb2R1Y3RzLzc4OTUzLzFkNjg3NzdhYjE3NWM1MDFhOGY5Y2NlMTdmZjU1M2I4LnBuZyIsImVkaXRzIjp7InJlc2l6ZSI6eyJ3aWR0aCI6NDAwfSwid2VicCI6eyJxdWFsaXR5Ijo1MH19fQ==,/sneakers/adidas/adidas-centennial-low-consortium-cup-end-present-id2907-ka/78953?from=search
Puma LaMelo Ball MB.01 Lo Black White,2220000,https://d5ibtax54de3q.cloudfront.net/eyJidWNrZXQiOiJraWNrYXZlbnVlLWFzc2V0cyIsImtleSI6InByb2R1Y3RzLzc5MjkxLzRkZjQ5N2JjYzIzNThiY2VjNTEzNWZmNjE2NThhYjEyLnBuZyIsImVkaXRzIjp7InJlc2l6ZSI6eyJ3aWR0aCI6NDAwfSwid2VicCI6eyJxdWFsaXR5Ijo1MH19fQ==,/sneakers/puma/puma-lamelo-ball-mb01-lo-black-white-376941-12-ka/79291?from=search
Nike Air Pegasus 83 Premium NAI-KE The One Line,890000,https://d5ibtax54de3q.cloudfront.net/eyJidWNrZXQiOiJraWNrYXZlbnVlLWFzc2V0cyIsImtleSI6InByb2R1Y3RzLzg4MjU5L2M4Yzc0NDIwZDUzMjAxZDg2YzJiMDkwMmMzNWFlMmU5LnBuZyIsImVkaXRzIjp7InJlc2l6ZSI6eyJ3aWR0aCI6NDAwfSwid2VicCI6eyJxdWFsaXR5Ijo1MH19fQ==,/sneakers/nike/nike-air-pegasus-83-premium-nai-ke-the-one-line-dz6301-222-ka-2/88259?from=search
Nike Air Footscape Mid Utility Cargo Khaki,1250000,https://d5ibtax54de3q.cloudfront.net/eyJidWNrZXQiOiJraWNrYXZlbnVlLWFzc2V0cyIsImtleSI6InByb2R1Y3RzLzg0NTQ2Lzg0Mzc3ZjY1ZGRmYjBmNWNjODY4OWM2YjA1ODQxNTk4LnBuZyIsImVkaXRzIjp7InJlc2l6ZSI6eyJ3aWR0aCI6NDAwfSwid2VicCI6eyJxdWFsaXR5Ijo1MH19fQ==,/sneakers/nike/nike-air-footscape-mid-utility-cargo-khaki-924455-001-ka/84546?from=search
Air Jordan Courtside 23 Black Particle Grey,1370000,https://d5ibtax54de3q.cloudfront.net/eyJidWNrZXQiOiJraWNrYXZlbnVlLWFzc2V0cyIsImtleSI6InByb2R1Y3RzLzkzNjA1L2I1YTEwODUyNzUwNmZmNTgyMjMyZjYxMjg0ZmIwMmZjLnBuZyIsImVkaXRzIjp7InJlc2l6ZSI6eyJ3aWR0aCI6NDAwfSwid2VicCI6eyJxdWFsaXR5Ijo1MH19fQ==,/sneakers/air-jordan/air-jordan-courtside-23-black-particle-grey-ar1000-023-ka/93605?from=search
Nike Star Runner 2 Auto TDV 'Metallic Silver',570000,https://d5ibtax54de3q.cloudfront.net/eyJidWNrZXQiOiJraWNrYXZlbnVlLWFzc2V0cyIsImtleSI6InByb2R1Y3RzLzg1NjQ3L2RiYTA3NmRiZGRhNjcxZTAzYmEyZjVhYzMzZTkzMmExLnBuZyIsImVkaXRzIjp7InJlc2l6ZSI6eyJ3aWR0aCI6NDAwfSwid2VicCI6eyJxdWFsaXR5Ijo1MH19fQ==,/sneakers/nike/nike-star-runner-2-auto-tdv-metallic-silver-cq4223-001-ka/85647?from=search
New Balance 999 Navy Pewter,1470000,https://d5ibtax54de3q.cloudfront.net/eyJidWNrZXQiOiJraWNrYXZlbnVlLWFzc2V0cyIsImtleSI6InByb2R1Y3RzLzk4Nzk2L2JhNjRmOTBhNzNlZjNjNWFmYmY1ZWE1NTE3YjdlNWI2LnBuZyIsImVkaXRzIjp7InJlc2l6ZSI6eyJ3aWR0aCI6NDAwfSwid2VicCI6eyJxdWFsaXR5Ijo1MH19fQ==,/sneakers/new-balance/new-balance-999-navy-pewter-m999cbl-ka/98796?from=search
ASICS Gel Quantum 180 Glacier Grey Thunder Blue,1500000,https://d5ibtax54de3q.cloudfront.net/eyJidWNrZXQiOiJraWNrYXZlbnVlLWFzc2V0cyIsImtleSI6InByb2R1Y3RzLzEwMTQyMi80MDlkMGZjZjFhZWZmZGViZWJhMzFiMTE3NTQ4YjAxZC5wbmciLCJlZGl0cyI6eyJyZXNpemUiOnsid2lkdGgiOjQwMH0sIndlYnAiOnsicXVhbGl0eSI6NTB9fX0=,/sneakers/asics/asics-gel-quantum-180-glacier-grey-thunder-blue-1201a393-960-ka-2/101422?from=search
Nike SB Dunk Low Tweed,41480000,https://d5ibtax54de3q.cloudfront.net/eyJidWNrZXQiOiJraWNrYXZlbnVlLWFzc2V0cyIsImtleSI6InByb2R1Y3RzLzg5ODM2LzljOGIyMzdlOGRlM2VjZmYwYzhmNWQ5YWY5M2VjN2RkLnBuZyIsImVkaXRzIjp7InJlc2l6ZSI6eyJ3aWR0aCI6NDAwfSwid2VicCI6eyJxdWFsaXR5Ijo1MH19fQ==,/sneakers/nike/nike-sb-dunk-low-tweed-304292-223-ka/89836?from=search
Li-Ning Way of Wade 10 Low Element Wind and Fire,2620000,https://d5ibtax54de3q.cloudfront.net/eyJidWNrZXQiOiJraWNrYXZlbnVlLWFzc2V0cyIsImtleSI6InByb2R1Y3RzLzEwMjg1Ny9hOWJhNGVlYjg5MjU3MzJhOTMzODIyMDgxZjI3NzgwNS5wbmciLCJlZGl0cyI6eyJyZXNpemUiOnsid2lkdGgiOjQwMH0sIndlYnAiOnsicXVhbGl0eSI6NTB9fX0=,/sneakers/li-ning/li-ning-way-of-wade-10-low-element-wind-and-fire-abas165-1-ka-2/102857?from=search
ASICS Gel Venture 6 Glacier Grey Whisper Green,1240000,https://d5ibtax54de3q.cloudfront.net/eyJidWNrZXQiOiJraWNrYXZlbnVlLWFzc2V0cyIsImtleSI6InByb2R1Y3RzLzEwMTA1NC9kYTMzMTFkNmI2MWJiMDA2ZTE2NGQ0YmUyOTFjYmJkZC5wbmciLCJlZGl0cyI6eyJyZXNpemUiOnsid2lkdGgiOjQwMH0sIndlYnAiOnsicXVhbGl0eSI6NTB9fX0=,/sneakers/asics/asics-gel-venture-6-glacier-grey-whisper-green-1201a366-020-ka-2/101054?from=search
Adidas Supernova Earth Day Green Multicolor,3480000,https://d5ibtax54de3q.cloudfront.net/eyJidWNrZXQiOiJraWNrYXZlbnVlLWFzc2V0cyIsImtleSI6InByb2R1Y3RzLzEwNDg2MS9kM2Y5OTFiYjljY2Q4ZDYxNzllNzM0MjJjOGZlOTBjYS5wbmciLCJlZGl0cyI6eyJyZXNpemUiOnsid2lkdGgiOjQwMH0sIndlYnAiOnsicXVhbGl0eSI6NTB9fX0=,/sneakers/adidas/adidas-supernova-earth-day-green-multicolor-id0337-ka/104861?from=search
Nike Precision 7 Black Anthracite,600000,https://d5ibtax54de3q.cloudfront.net/eyJidWNrZXQiOiJraWNrYXZlbnVlLWFzc2V0cyIsImtleSI6InByb2R1Y3RzLzEwMzg2NS8xOTk4NjE2Zjc0YzI3N2MwYjkzZWI0ZWQ5YWI4MWQzNC5wbmciLCJlZGl0cyI6eyJyZXNpemUiOnsid2lkdGgiOjQwMH0sIndlYnAiOnsicXVhbGl0eSI6NTB9fX0=,/sneakers/nike/nike-precision-7-black-anthracite-fn4322-001-ka/103865?from=search
Vans Authentic 44 DX Eco Theory Leather Cobblestone,1320000,https://d5ibtax54de3q.cloudfront.net/eyJidWNrZXQiOiJraWNrYXZlbnVlLWFzc2V0cyIsImtleSI6InByb2R1Y3RzLzk2NTg4LzIxN2FlNWIwODU2OTI0ZjQxMTI3ZTczOTJmODExMmJiLnBuZyIsImVkaXRzIjp7InJlc2l6ZSI6eyJ3aWR0aCI6NDAwfSwid2VicCI6eyJxdWFsaXR5Ijo1MH19fQ==,/sneakers/vans/vans-authentic-44-dx-eco-theory-leather-cobblestone-vn0a54f2bd3-ka/96588?from=search
Air Jordan 1 Mid Green Glow,1530000,https://d5ibtax54de3q.cloudfront.net/eyJidWNrZXQiOiJraWNrYXZlbnVlLWFzc2V0cyIsImtleSI6InByb2R1Y3RzLzEwMzczOS9mMzI0NjI3NThmMmNjY2Y3YzlmY2E3ZDFkMTRhNzVjZS5wbmciLCJlZGl0cyI6eyJyZXNpemUiOnsid2lkdGgiOjQwMH0sIndlYnAiOnsicXVhbGl0eSI6NTB9fX0=,/sneakers/air-jordan/air-jordan-1-mid-green-glow-dq8426-103-ka/103739?from=search
New Balance 2002R Grey Olive Beige,1540000,https://d5ibtax54de3q.cloudfront.net/eyJidWNrZXQiOiJraWNrYXZlbnVlLWFzc2V0cyIsImtleSI6InByb2R1Y3RzLzk2NzIzLzQ3ZmQ1YmEzMTAzMmQwYTQ2NjBlZTIwYTJmMzk5YTBlLnBuZyIsImVkaXRzIjp7InJlc2l6ZSI6eyJ3aWR0aCI6NDAwfSwid2VicCI6eyJxdWFsaXR5Ijo1MH19fQ==,/sneakers/new-balance/new-balance-2002r-grey-olive-beige-m2002rfo-ka/96723?from=search
New Balance Fresh Foam Roav V1 Cream,700000,https://d5ibtax54de3q.cloudfront.net/eyJidWNrZXQiOiJraWNrYXZlbnVlLWFzc2V0cyIsImtleSI6InByb2R1Y3RzLzk1MzE5L2Y2ZDMwZDViMjY1ZjY2NjNjNGIzYzUyZWUxZDE2OGY5LnBuZyIsImVkaXRzIjp7InJlc2l6ZSI6eyJ3aWR0aCI6NDAwfSwid2VicCI6eyJxdWFsaXR5Ijo1MH19fQ==,/sneakers/new-balance/new-balance-fresh-foam-roav-v1-cream-mroavra-ka/95319?from=search
New Balance 990v5 Made In USA Marblehead Black,1920000,https://d5ibtax54de3q.cloudfront.net/eyJidWNrZXQiOiJraWNrYXZlbnVlLWFzc2V0cyIsImtleSI6InByb2R1Y3RzLzk4NjgyLzEwMmZmYjM1MWIzYmFkNzg0ODMyMTc0NTgxNTQ4NzJkLnBuZyIsImVkaXRzIjp7InJlc2l6ZSI6eyJ3aWR0aCI6NDAwfSwid2VicCI6eyJxdWFsaXR5Ijo1MH19fQ==,/sneakers/new-balance/new-balance-990v5-made-in-usa-marblehead-black-m990bm5-ka/98682?from=search
ASICS Japan L Mid White Black,1280000,https://d5ibtax54de3q.cloudfront.net/eyJidWNrZXQiOiJraWNrYXZlbnVlLWFzc2V0cyIsImtleSI6InByb2R1Y3RzLzEwMTgxOC8zZDcyNDUwYjBiMDk5ZjdiN2E0ODY1YmYwYjc4YzdjZi5wbmciLCJlZGl0cyI6eyJyZXNpemUiOnsid2lkdGgiOjQwMH0sIndlYnAiOnsicXVhbGl0eSI6NTB9fX0=,/sneakers/asics/asics-japan-l-mid-white-black-1191a313-101-ka-2/101818?from=search
New Balance 996 Grey Silver,1180000,https://d5ibtax54de3q.cloudfront.net/eyJidWNrZXQiOiJraWNrYXZlbnVlLWFzc2V0cyIsImtleSI6InByb2R1Y3RzLzk4NzEwLzJjZDAxYmZkODQ3MzdlODQyNGEyMzdlN2U0MDQ0ZDZhLnBuZyIsImVkaXRzIjp7InJlc2l6ZSI6eyJ3aWR0aCI6NDAwfSwid2VicCI6eyJxdWFsaXR5Ijo1MH19fQ==,/sneakers/new-balance/new-balance-996-grey-silver-cm996bg-ka-2/98710?from=search
New Balance CT20 White Camo,690000,https://d5ibtax54de3q.cloudfront.net/eyJidWNrZXQiOiJraWNrYXZlbnVlLWFzc2V0cyIsImtleSI6InByb2R1Y3RzLzk4ODI2L2UwNmE2N2ZkMzRlZTJhMzQwYjhiMjM3NzU4ODI5ZWIyLnBuZyIsImVkaXRzIjp7InJlc2l6ZSI6eyJ3aWR0aCI6NDAwfSwid2VicCI6eyJxdWFsaXR5Ijo1MH19fQ==,/sneakers/new-balance/new-balance-ct20-white-camo-ct20cp1-ka-2/98826?from=search
Reebok Club C 85 White Red,520000,https://d5ibtax54de3q.cloudfront.net/eyJidWNrZXQiOiJraWNrYXZlbnVlLWFzc2V0cyIsImtleSI6InByb2R1Y3RzLzEwNTI5Ni9hOTFlYWYwNGMwYTZiMmY5MGJiMzI3ZWM2NDUyZDY2MC5wbmciLCJlZGl0cyI6eyJyZXNpemUiOnsid2lkdGgiOjQwMH0sIndlYnAiOnsicXVhbGl0eSI6NTB9fX0=,/sneakers/reebok/reebok-club-c-85-white-red-100033007-ka/105296?from=search
Puma Suede Vintage High Risk Red,930000,https://d5ibtax54de3q.cloudfront.net/eyJidWNrZXQiOiJraWNrYXZlbnVlLWFzc2V0cyIsImtleSI6InByb2R1Y3RzLzEwODYxMC8yOTFmMzk3YmIyYjdkYjI3YjM1NWI1NTM3MjE0ZDdhMC5wbmciLCJlZGl0cyI6eyJyZXNpemUiOnsid2lkdGgiOjQwMH0sIndlYnAiOnsicXVhbGl0eSI6NTB9fX0=,/sneakers/puma/puma-suede-vintage-high-risk-red-374921-06-ka/108610?from=search
Hoka X Wtaps Anacapa Low Gore Tex Jet Black,3950000,https://d5ibtax54de3q.cloudfront.net/eyJidWNrZXQiOiJraWNrYXZlbnVlLWFzc2V0cyIsImtleSI6InByb2R1Y3RzLzEwNjEwNS8zYzFjNGFjMzJiMjY4MmJiOTAzODg0NDVjZTFmOThmMS5wbmciLCJlZGl0cyI6eyJyZXNpemUiOnsid2lkdGgiOjQwMH0sIndlYnAiOnsicXVhbGl0eSI6NTB9fX0=,/sneakers/hoka/hoka-x-wtaps-anacapa-low-gore-tex-jet-black-1155397-jtb-ka/106105?from=search
Nike Air Max Excee Phantom,1400000,https://d5ibtax54de3q.cloudfront.net/eyJidWNrZXQiOiJraWNrYXZlbnVlLWFzc2V0cyIsImtleSI6InByb2R1Y3RzLzEwNzg1Mi81OGQ2OTc0NmFlMWM5ZGRjMzRjYjI1ODYzZTFhNGViMi5wbmciLCJlZGl0cyI6eyJyZXNpemUiOnsid2lkdGgiOjQwMH0sIndlYnAiOnsicXVhbGl0eSI6NTB9fX0=,/sneakers/nike/nike-air-max-excee-phantom-hj9696-030-ka/107852?from=search
ASICS Gel-1090 V2 Truffle Grey Black,1450000,https://d5ibtax54de3q.cloudfront.net/eyJidWNrZXQiOiJraWNrYXZlbnVlLWFzc2V0cyIsImtleSI6InByb2R1Y3RzLzExNTM1Ny8wNmYwOWNhOTRmOThlODcyOThkY2JjZTZjZmFhYWUxYi5wbmciLCJlZGl0cyI6eyJyZXNpemUiOnsid2lkdGgiOjQwMH0sIndlYnAiOnsicXVhbGl0eSI6NTB9fX0=,/sneakers/asics/asics-gel-1090-v2-truffle-grey-black-1203a382-022-ka/115357?from=search
Nike P-6000 Dragon Red Phantom,1290000,https://d5ibtax54de3q.cloudfront.net/eyJidWNrZXQiOiJraWNrYXZlbnVlLWFzc2V0cyIsImtleSI6InByb2R1Y3RzLzExMDgyOC82ZDVjODMwNzFlOWQ2ZjNiNjk2MmZlNjhjMGI5NjJkMC5wbmciLCJlZGl0cyI6eyJyZXNpemUiOnsid2lkdGgiOjQwMH0sIndlYnAiOnsicXVhbGl0eSI6NTB9fX0=,/sneakers/nike/nike-p-6000-dragon-red-phantom-cd6404-015-ka/110828?from=search
ASICS Gel Kahana TR V2 520 Pink Grey,1660000,https://d5ibtax54de3q.cloudfront.net/eyJidWNrZXQiOiJraWNrYXZlbnVlLWFzc2V0cyIsImtleSI6InByb2R1Y3RzLzExMjEzNS9jNTc3Mjg2MDljMjRlYTM0Y2Y2ZjY0MjNmNjc2YjUzNS5wbmciLCJlZGl0cyI6eyJyZXNpemUiOnsid2lkdGgiOjQwMH0sIndlYnAiOnsicXVhbGl0eSI6NTB9fX0=,/sneakers/asics/asics-gel-kahana-tr-v2-520-pink-grey-1203a557-100-ka/112135?from=search
Puma Palermo Chamomile Brown Mushroom,1670000,https://d5ibtax54de3q.cloudfront.net/eyJidWNrZXQiOiJraWNrYXZlbnVlLWFzc2V0cyIsImtleSI6InByb2R1Y3RzLzExMjI0OS80ZThiZTY5OGE2YmVlOWMxNWMyYzhjNjA0MWM4MGExOS5wbmciLCJlZGl0cyI6eyJyZXNpemUiOnsid2lkdGgiOjQwMH0sIndlYnAiOnsicXVhbGl0eSI6NTB9fX0=,/sneakers/puma/puma-palermo-chamomile-brown-mushroom-397251-01-ka/112249?from=search
Nike Initiator Black Vintage Green,1050000,https://d5ibtax54de3q.cloudfront.net/eyJidWNrZXQiOiJraWNrYXZlbnVlLWFzc2V0cyIsImtleSI6InByb2R1Y3RzLzExMzg1NC8zNTM2OGJjMzZmMzg3ZjE1NzAwYWZlMzRlOGVjZmVkNi5wbmciLCJlZGl0cyI6eyJyZXNpemUiOnsid2lkdGgiOjQwMH0sIndlYnAiOnsicXVhbGl0eSI6NTB9fX0=,/sneakers/nike/nike-initiator-black-vintage-green-hq3611-010-ka/113854?from=search
Adidas Ultra Boost 1.0 DNA Valentine's Day Black (2023),1500000,https://d5ibtax54de3q.cloudfront.net/eyJidWNrZXQiOiJraWNrYXZlbnVlLWFzc2V0cyIsImtleSI6InByb2R1Y3RzLzYzMDQ2LzFmZDQ1MTgwMzY4ZjcxOTg3YWY3MzUyYjAxYTNjM2EwLmpwZWciLCJlZGl0cyI6eyJyZXNpemUiOnsid2lkdGgiOjQwMH0sIndlYnAiOnsicXVhbGl0eSI6NTB9fX0=,/sneakers/adidas/adidas-ultra-boost-10-dna-valentines-day-black-2023-hq6174-ka/63046?from=search
New Balance XC-72 Sea Salt Nightwatch Green Team Red,1125000,https://d5ibtax54de3q.cloudfront.net/eyJidWNrZXQiOiJraWNrYXZlbnVlLWFzc2V0cyIsImtleSI6InByb2R1Y3RzLzQxMDk5L2Y1MmQyOTAxMzFiMGY4ZmE4ZjhkMWJjNDMwMWQ2NGEyLmpwZWciLCJlZGl0cyI6eyJyZXNpemUiOnsid2lkdGgiOjQwMH0sIndlYnAiOnsicXVhbGl0eSI6NTB9fX0=,/sneakers/new-balance/new-balance-xc-72-sea-salt-nightwatch-green-team-red-uxc72va-ka/41099?from=search
Nike Air Zoom Alphafly NEXT% 3 White Vivid Grape,4580000,https://d5ibtax54de3q.cloudfront.net/eyJidWNrZXQiOiJraWNrYXZlbnVlLWFzc2V0cyIsImtleSI6InByb2R1Y3RzLzExMTUzNy9hODQ3Zjg2NGQwMTk2NmRiNjhiNmI4NjFjMTVlZDhlYS5wbmciLCJlZGl0cyI6eyJyZXNpemUiOnsid2lkdGgiOjQwMH0sIndlYnAiOnsicXVhbGl0eSI6NTB9fX0=,/sneakers/nike/nike-air-zoom-alphafly-next-3-white-vivid-grape-fd8311-100-ka/111537?from=search
Nike Kyrie Infinity Leopard Camo,2010000,https://d5ibtax54de3q.cloudfront.net/eyJidWNrZXQiOiJraWNrYXZlbnVlLWFzc2V0cyIsImtleSI6InByb2R1Y3RzLzgyNDQ0L2Y5ZDM1MjQ1ZjQ3NzZhNjBhOWJjMDc5ZTIyYzQwNTg5LnBuZyIsImVkaXRzIjp7InJlc2l6ZSI6eyJ3aWR0aCI6NDAwfSwid2VicCI6eyJxdWFsaXR5Ijo1MH19fQ==,/sneakers/nike/nike-kyrie-infinity-leopard-camo-cz0204-006-ka-2/82444?from=search
Nike Air Zoom Vomero 16 Photon Dust Light Crimson,1370000,https://d5ibtax54de3q.cloudfront.net/eyJidWNrZXQiOiJraWNrYXZlbnVlLWFzc2V0cyIsImtleSI6InByb2R1Y3RzLzkwMDA2L2QzMzlkYTQzMzBhYWI1YWUxOWQ3MjM3NTk0MGMyYzg2LnBuZyIsImVkaXRzIjp7InJlc2l6ZSI6eyJ3aWR0aCI6NDAwfSwid2VicCI6eyJxdWFsaXR5Ijo1MH19fQ==,/sneakers/nike/nike-air-zoom-vomero-16-photon-dust-light-crimson-da7245-011-ka-2/90006?from=search
Nike ZoomX Invincible Run Flyknit 3 'Resolutions',1650000,https://d5ibtax54de3q.cloudfront.net/eyJidWNrZXQiOiJraWNrYXZlbnVlLWFzc2V0cyIsImtleSI6InByb2R1Y3RzLzkzMTU3LzBiNTljNjJlZjczYzA1NzA2YjJkMTU1Nzk4MTRiZDUwLnBuZyIsImVkaXRzIjp7InJlc2l6ZSI6eyJ3aWR0aCI6NDAwfSwid2VicCI6eyJxdWFsaXR5Ijo1MH19fQ==,/sneakers/nike/nike-zoomx-invincible-run-flyknit-3-resolutions-dr2615-105-ka/93157?from=search
Nike Invincible 3 White Fire Red,1950000,https://d5ibtax54de3q.cloudfront.net/eyJidWNrZXQiOiJraWNrYXZlbnVlLWFzc2V0cyIsImtleSI6InByb2R1Y3RzLzEwNzkyNS9hMGI3MDMzNDE3NjRhNzhmZGJjYTVmMDVkYjE0NjgwNS5wbmciLCJlZGl0cyI6eyJyZXNpemUiOnsid2lkdGgiOjQwMH0sIndlYnAiOnsicXVhbGl0eSI6NTB9fX0=,/sneakers/nike/nike-invincible-3-white-fire-red-dr2615-102-ka/107925?from=search
Nike ISPA Universal Mink Brown,580000,https://d5ibtax54de3q.cloudfront.net/eyJidWNrZXQiOiJraWNrYXZlbnVlLWFzc2V0cyIsImtleSI6InByb2R1Y3RzLzYwNjc5LzllNzMyYjlhZmU2YjNmMWIyMmQ1OGQ1NGZlZmIyYTg0LmpwZWciLCJlZGl0cyI6eyJyZXNpemUiOnsid2lkdGgiOjQwMH0sIndlYnAiOnsicXVhbGl0eSI6NTB9fX0=,/sneakers/nike/nike-ispa-universal-mink-brown-dm0886-101-ka/60679?from=search
Onitsuka Tiger Mexico 66 SD PF Cream White,1680000,https://d5ibtax54de3q.cloudfront.net/eyJidWNrZXQiOiJraWNrYXZlbnVlLWFzc2V0cyIsImtleSI6InByb2R1Y3RzLzExMTUwOC84OTA2NzMzYzFmNDNmYTdjOTJlOWQ2YTZjZjhkYzExYS5wbmciLCJlZGl0cyI6eyJyZXNpemUiOnsid2lkdGgiOjQwMH0sIndlYnAiOnsicXVhbGl0eSI6NTB9fX0=,/sneakers/onitsuka-tiger/onitsuka-tiger-mexico-66-sd-pf-cream-white-1183c156-100-ka/111508?from=search
Nike ZoomX Vaporfly Next% 2 Raptors,1900000,https://d5ibtax54de3q.cloudfront.net/eyJidWNrZXQiOiJraWNrYXZlbnVlLWFzc2V0cyIsImtleSI6InByb2R1Y3RzLzM1NTY5LzIwNzc4NDI2OTZmNGUwOTYxYmEyZGZkMWUwZmE5Y2RkLnBuZyIsImVkaXRzIjp7InJlc2l6ZSI6eyJ3aWR0aCI6NDAwfSwid2VicCI6eyJxdWFsaXR5Ijo1MH19fQ==,/sneakers/nike/nike-zoomx-vaporfly-next-2-raptors-cu4111-002-ka/35569?from=search
Nike Interact Run Black White,550000,https://d5ibtax54de3q.cloudfront.net/eyJidWNrZXQiOiJraWNrYXZlbnVlLWFzc2V0cyIsImtleSI6InByb2R1Y3RzLzgzNTg2LzAxMjRlNjkxOTY2N2QwYmZhNDQ5ZGM3NzU4MWIyNTZkLnBuZyIsImVkaXRzIjp7InJlc2l6ZSI6eyJ3aWR0aCI6NDAwfSwid2VicCI6eyJxdWFsaXR5Ijo1MH19fQ==,/sneakers/nike/nike-interact-run-black-white-fd2291-001-ka-2/83586?from=search
Nike SB Force 58 Obsidian White,970000,https://d5ibtax54de3q.cloudfront.net/eyJidWNrZXQiOiJraWNrYXZlbnVlLWFzc2V0cyIsImtleSI6InByb2R1Y3RzLzg5ODYwLzYyMGFiMmI5ZDk0NGZkOWM2NDcyZTg3NzgwM2M3YTI3LnBuZyIsImVkaXRzIjp7InJlc2l6ZSI6eyJ3aWR0aCI6NDAwfSwid2VicCI6eyJxdWFsaXR5Ijo1MH19fQ==,/sneakers/nike/nike-sb-force-58-obsidian-white-dv5477-401-ka/89860?from=search
Crep Protect Wipes,100000,https://d5ibtax54de3q.cloudfront.net/eyJidWNrZXQiOiJraWNrYXZlbnVlLWFzc2V0cyIsImtleSI6InByb2R1Y3RzLzcxOTkvODUzYTg2OTEtNDE3NS00OGE5LWFiOTYtMzc4NDUzYTFkZGEwLnBuZyIsImVkaXRzIjp7InJlc2l6ZSI6eyJ3aWR0aCI6NDAwfSwid2VicCI6eyJxdWFsaXR5Ijo1MH19fQ==,/sneakers/crep-protect/crep-protect-wipes-crepprotect03-ka/7199?from=search
Puma Wild Rider Romero Britto,750000,https://d5ibtax54de3q.cloudfront.net/eyJidWNrZXQiOiJraWNrYXZlbnVlLWFzc2V0cyIsImtleSI6InByb2R1Y3RzLzMyNDQzLzM2ZjQ4NzY2NzZmYjI5N2Q5YWJjMTNlMGUzNWI5ZWM4LnBuZyIsImVkaXRzIjp7InJlc2l6ZSI6eyJ3aWR0aCI6NDAwfSwid2VicCI6eyJxdWFsaXR5Ijo1MH19fQ==,/sneakers/puma/puma-wild-rider-romero-britto-381097-01-ka/32443?from=search
New Balance 990v4 Kith United Arrows & Sons,2400000,https://d5ibtax54de3q.cloudfront.net/eyJidWNrZXQiOiJraWNrYXZlbnVlLWFzc2V0cyIsImtleSI6InByb2R1Y3RzLzM1MTMyL2I5YWE0NDQxZTAzYzYxMGE3YWM3ZjFjOWUwZWY1ZmI4LnBuZyIsImVkaXRzIjp7InJlc2l6ZSI6eyJ3aWR0aCI6NDAwfSwid2VicCI6eyJxdWFsaXR5Ijo1MH19fQ==,/sneakers/new-balance/new-balance-990v4-kith-united-arrows-sons-m990kt4-ka-2/35132?from=search
Adidas Adifom Q Cloud White,1350000,https://d5ibtax54de3q.cloudfront.net/eyJidWNrZXQiOiJraWNrYXZlbnVlLWFzc2V0cyIsImtleSI6InByb2R1Y3RzLzc4NDE2LzZmZGFkYjY5NmIyNzIxY2E0NjFjMTgwODNlNzgwOTA2LnBuZyIsImVkaXRzIjp7InJlc2l6ZSI6eyJ3aWR0aCI6NDAwfSwid2VicCI6eyJxdWFsaXR5Ijo1MH19fQ==,/sneakers/adidas/adidas-adifom-q-cloud-white-hp6584-ka/78416?from=search
Adidas Orketro Carbon Grey,3410000,https://d5ibtax54de3q.cloudfront.net/eyJidWNrZXQiOiJraWNrYXZlbnVlLWFzc2V0cyIsImtleSI6InByb2R1Y3RzLzk4MjA0LzJkMDdmNmUxODYzZTFiYjZhYTg3N2RlOTFiNjNiMDNlLnBuZyIsImVkaXRzIjp7InJlc2l6ZSI6eyJ3aWR0aCI6NDAwfSwid2VicCI6eyJxdWFsaXR5Ijo1MH19fQ==,/sneakers/adidas/adidas-orketro-carbon-grey-gy2339-ka/98204?from=search
Adidas Hochelaga SPZL Cloud White Collegiate Navy,1940000,https://d5ibtax54de3q.cloudfront.net/eyJidWNrZXQiOiJraWNrYXZlbnVlLWFzc2V0cyIsImtleSI6InByb2R1Y3RzLzQzNTk1LzBlMWNhMzVkY2ExMGQ3MjI2MDY3ZjcwOWM0YzcwMTlhLmpwZWciLCJlZGl0cyI6eyJyZXNpemUiOnsid2lkdGgiOjQwMH0sIndlYnAiOnsicXVhbGl0eSI6NTB9fX0=,/sneakers/adidas/adidas-hochelaga-spzl-cloud-white-collegiate-navy-hq4481-ka/43595?from=search
New Balance 1906R Overdyed Pack Sapphire Crystal,1800000,https://d5ibtax54de3q.cloudfront.net/eyJidWNrZXQiOiJraWNrYXZlbnVlLWFzc2V0cyIsImtleSI6InByb2R1Y3RzLzc1MjkzLzM5OTUzYjAxOTg0OWI1ZmQyYjE5ZDhhZWYxYzViMWM1LnBuZyIsImVkaXRzIjp7InJlc2l6ZSI6eyJ3aWR0aCI6NDAwfSwid2VicCI6eyJxdWFsaXR5Ijo1MH19fQ==,/sneakers/new-balance/new-balance-1906r-overdyed-pack-sapphire-crystal-m1906rdn-ka/75293?from=search
Nike Kylian Mbappé x Mercurial Superfly 8 Elite AG Flames,5130000,https://d5ibtax54de3q.cloudfront.net/eyJidWNrZXQiOiJraWNrYXZlbnVlLWFzc2V0cyIsImtleSI6InByb2R1Y3RzLzg5NDA3L2MwNzViZjZlZGU5NDJiY2ZkYWZiZjlkNDA5ZGNmN2FiLnBuZyIsImVkaXRzIjp7InJlc2l6ZSI6eyJ3aWR0aCI6NDAwfSwid2VicCI6eyJxdWFsaXR5Ijo1MH19fQ==,/sneakers/nike/nike-kylian-mbapp-x-mercurial-superfly-8-elite-ag-flames-dj3973-506-ka-2/89407?from=search
Converse TURBODRK Chuck Taylor All-Star 70 Hi Rick Owens DRKSHDW Sherpa Zebra Pr,1930000,https://d5ibtax54de3q.cloudfront.net/eyJidWNrZXQiOiJraWNrYXZlbnVlLWFzc2V0cyIsImtleSI6InByb2R1Y3RzLzY5OTQzLzU1NzQ0OTNlNjhmZGRlM2YwYTBjOWMyOWZkMmQ3ZmE5LnBuZyIsImVkaXRzIjp7InJlc2l6ZSI6eyJ3aWR0aCI6NDAwfSwid2VicCI6eyJxdWFsaXR5Ijo1MH19fQ==,/sneakers/converse/converse-turbodrk-chuck-taylor-all-star-70-hi-rick-owens-drkshdw-sherpa-zebra-pr-a03943c-ka/69943?from=search
Adidas Samba OG Double White Black Gum,1520000,https://d5ibtax54de3q.cloudfront.net/eyJidWNrZXQiOiJraWNrYXZlbnVlLWFzc2V0cyIsImtleSI6InByb2R1Y3RzLzEwOTcxNy9lZjYxMTU5Mzc1ZWU3NWRlMDA3NWZiMWY0MjkwNTVmYi5wbmciLCJlZGl0cyI6eyJyZXNpemUiOnsid2lkdGgiOjQwMH0sIndlYnAiOnsicXVhbGl0eSI6NTB9fX0=,/sneakers/adidas/adidas-samba-og-double-white-black-gum-id1480-ka/109717?from=search
Reebok LT Court SNEEZE Black White,1120000,https://d5ibtax54de3q.cloudfront.net/eyJidWNrZXQiOiJraWNrYXZlbnVlLWFzc2V0cyIsImtleSI6InByb2R1Y3RzLzM2Mjc1LzRkNzE3NWJjZWQyODIyNzY4ZWIzNmFjYjdjYWRkYTE5LnBuZyIsImVkaXRzIjp7InJlc2l6ZSI6eyJ3aWR0aCI6NDAwfSwid2VicCI6eyJxdWFsaXR5Ijo1MH19fQ==,/sneakers/reebok/reebok-lt-court-sneeze-black-white-gw9607-ka/36275?from=search
Nike Zoom Mercurial Superfly 9 Elite XXV SE FG Metallic Silver,6460000,https://d5ibtax54de3q.cloudfront.net/eyJidWNrZXQiOiJraWNrYXZlbnVlLWFzc2V0cyIsImtleSI6InByb2R1Y3RzLzg2MzI0LzhlNDQxODFiOGRjMWQ5NDE0ODY5Nzk5NzQzZDEzZjA2LnBuZyIsImVkaXRzIjp7InJlc2l6ZSI6eyJ3aWR0aCI6NDAwfSwid2VicCI6eyJxdWFsaXR5Ijo1MH19fQ==,/sneakers/nike/nike-zoom-mercurial-superfly-9-elite-xxv-se-fg-metallic-silver-fb8863-060-ka/86324?from=search
On Running Cloudultra Glacier Grey Frost White,3260000,https://d5ibtax54de3q.cloudfront.net/eyJidWNrZXQiOiJraWNrYXZlbnVlLWFzc2V0cyIsImtleSI6InByb2R1Y3RzLzk3MjUyL2YxNzc2NThhZTI2MzVkOWUxNTZkNWNlZTZiYjZlODdlLnBuZyIsImVkaXRzIjp7InJlc2l6ZSI6eyJ3aWR0aCI6NDAwfSwid2VicCI6eyJxdWFsaXR5Ijo1MH19fQ==,/sneakers/on-running/on-running-cloudultra-glacier-grey-frost-white-4499045-ka/97252?from=search
On Running Cloudnova Black Eclipse,2640000,https://d5ibtax54de3q.cloudfront.net/eyJidWNrZXQiOiJraWNrYXZlbnVlLWFzc2V0cyIsImtleSI6InByb2R1Y3RzLzY2MDE4L2I5Nzc3ZDg0Y2VhMjk2YTBlYWRhYzk2NTk1ZGYyMzk4LnBuZyIsImVkaXRzIjp7InJlc2l6ZSI6eyJ3aWR0aCI6NDAwfSwid2VicCI6eyJxdWFsaXR5Ijo1MH19fQ==,/sneakers/on-running/on-running-cloudnova-black-eclipse-26-99822-ka/66018?from=search
Converse One Star Pro Craft Suede Leather White,780000,https://d5ibtax54de3q.cloudfront.net/eyJidWNrZXQiOiJraWNrYXZlbnVlLWFzc2V0cyIsImtleSI6InByb2R1Y3RzLzc4OTY3L2YyYWNjZGMwZWE1ZGE2MTI4MTU4YjA1M2I0YjBmNWQwLnBuZyIsImVkaXRzIjp7InJlc2l6ZSI6eyJ3aWR0aCI6NDAwfSwid2VicCI6eyJxdWFsaXR5Ijo1MH19fQ==,/sneakers/converse/converse-one-star-pro-craft-suede-leather-white-a04242c-ka/78967?from=search
Nike Air Max 1 Golf OG Navy Red,1990000,https://d5ibtax54de3q.cloudfront.net/eyJidWNrZXQiOiJraWNrYXZlbnVlLWFzc2V0cyIsImtleSI6InByb2R1Y3RzLzgwNDkyLzQ2YjdhMTg0M2QxM2E0ZmZmNDgzMDlmY2YzODBmOTk3LnBuZyIsImVkaXRzIjp7InJlc2l6ZSI6eyJ3aWR0aCI6NDAwfSwid2VicCI6eyJxdWFsaXR5Ijo1MH19fQ==,/sneakers/nike/nike-air-max-1-golf-og-navy-red-dv1403-001-ka/80492?from=search
Vans Knu Skool Pink Glo,1300000,https://d5ibtax54de3q.cloudfront.net/eyJidWNrZXQiOiJraWNrYXZlbnVlLWFzc2V0cyIsImtleSI6InByb2R1Y3RzLzExMTY0MS83MTQ3ZTQ1MjA4MGY2YWQxZjRmMThkNzdiM2E4MDdmOC5wbmciLCJlZGl0cyI6eyJyZXNpemUiOnsid2lkdGgiOjQwMH0sIndlYnAiOnsicXVhbGl0eSI6NTB9fX0=,/sneakers/vans/vans-knu-skool-pink-glo-vn0009qcyu2-ka/111641?from=search
Nike Air Force 1 Low White Black,1720000,https://d5ibtax54de3q.cloudfront.net/eyJidWNrZXQiOiJraWNrYXZlbnVlLWFzc2V0cyIsImtleSI6InByb2R1Y3RzLzY1MjY0LzFjMzI1NTg1YmIyYmM5Y2NkOWI5NzJhNjlmMmJhNTJhLmpwZWciLCJlZGl0cyI6eyJyZXNpemUiOnsid2lkdGgiOjQwMH0sIndlYnAiOnsicXVhbGl0eSI6NTB9fX0=,/sneakers/nike/nike-air-force-1-low-white-black-dv0788-103-ka/65264?from=search
New Balance 1906R Titanium,1370000,https://d5ibtax54de3q.cloudfront.net/eyJidWNrZXQiOiJraWNrYXZlbnVlLWFzc2V0cyIsImtleSI6InByb2R1Y3RzLzQzNzA0LzRkMzI3YmJmNmFiY2I2YTZlZmVmNjYxZGZhMDQzNjY2LmpwZWciLCJlZGl0cyI6eyJyZXNpemUiOnsid2lkdGgiOjQwMH0sIndlYnAiOnsicXVhbGl0eSI6NTB9fX0=,/sneakers/new-balance/new-balance-1906r-titanium-m1906rv-ka/43704?from=search
Nike Air Huarache 20Y24 Patta Running Team Black Cool Grey,1430000,https://d5ibtax54de3q.cloudfront.net/eyJidWNrZXQiOiJraWNrYXZlbnVlLWFzc2V0cyIsImtleSI6InByb2R1Y3RzLzEwNDEzMy80OTY3Njk4M2IzZWUwOWUwZmI4MDEzZjU4ZTc0ZDJmNS5wbmciLCJlZGl0cyI6eyJyZXNpemUiOnsid2lkdGgiOjQwMH0sIndlYnAiOnsicXVhbGl0eSI6NTB9fX0=,/sneakers/nike/nike-air-huarache-20y24-patta-running-team-black-cool-grey-fj4201-001-ka/104133?from=search
ASICS Gel Kayano 14 Olympic Medals,1700000,https://d5ibtax54de3q.cloudfront.net/eyJidWNrZXQiOiJraWNrYXZlbnVlLWFzc2V0cyIsImtleSI6InByb2R1Y3RzLzEwOTcxMC9iMWMwMWM0YmUwOWJlN2MyZmNmMWJhZDM1MmE2MDRmOC5wbmciLCJlZGl0cyI6eyJyZXNpemUiOnsid2lkdGgiOjQwMH0sIndlYnAiOnsicXVhbGl0eSI6NTB9fX0=,/sneakers/asics/asics-gel-kayano-14-olympic-medals-1203a537-104-ka/109710?from=search
Nike Air Force 1 '07 LV8 Sail Alabaster,1170000,https://d5ibtax54de3q.cloudfront.net/eyJidWNrZXQiOiJraWNrYXZlbnVlLWFzc2V0cyIsImtleSI6InByb2R1Y3RzLzEwNTEyMS85OTY0ZjlkMjZjNDg2YTIwZTNmYjBjYzgxNGRjZDYyYi5wbmciLCJlZGl0cyI6eyJyZXNpemUiOnsid2lkdGgiOjQwMH0sIndlYnAiOnsicXVhbGl0eSI6NTB9fX0=,/sneakers/nike/nike-air-force-1-07-lv8-sail-alabaster-fv9346-100-ka/105121?from=search
Adidas Retropy E5 White Black Vintage,1340000,https://d5ibtax54de3q.cloudfront.net/eyJidWNrZXQiOiJraWNrYXZlbnVlLWFzc2V0cyIsImtleSI6InByb2R1Y3RzLzk2NTU0LzgwMjViNTZmZWExZjdiMmVkNTA5N2NhNjk5NTQ2MWQ4LnBuZyIsImVkaXRzIjp7InJlc2l6ZSI6eyJ3aWR0aCI6NDAwfSwid2VicCI6eyJxdWFsaXR5Ijo1MH19fQ==,/sneakers/adidas/adidas-retropy-e5-white-black-vintage-ie8105-ka/96554?from=search
New Balance 1000 Green Grey,2690000,/static/media/kick_avenue_empty_image.cf172573.png,/sneakers/new-balance/new-balance-1000-green-grey-m1000ma-ka/116385?from=search
ASICS GT-2160 Cream Bamboo,1480000,https://d5ibtax54de3q.cloudfront.net/eyJidWNrZXQiOiJraWNrYXZlbnVlLWFzc2V0cyIsImtleSI6InByb2R1Y3RzLzEwMzgzOC84NTFkY2I2YzlkMjI4OTg4NmRjZTU0YTU0MDMxYmZlNi5wbmciLCJlZGl0cyI6eyJyZXNpemUiOnsid2lkdGgiOjQwMH0sIndlYnAiOnsicXVhbGl0eSI6NTB9fX0=,/sneakers/asics/asics-gt-2160-cream-bamboo-1203a320-102-ka/103838?from=search
Nike Air Max 1 '86 OG Golf NRG Play To Live,2700000,https://d5ibtax54de3q.cloudfront.net/eyJidWNrZXQiOiJraWNrYXZlbnVlLWFzc2V0cyIsImtleSI6InByb2R1Y3RzLzY0NjcwL2M4YWU3Nzg3ZjNmMGEwNWU0NDBhZTIwMzgyOWEyYzM3LmpwZWciLCJlZGl0cyI6eyJyZXNpemUiOnsid2lkdGgiOjQwMH0sIndlYnAiOnsicXVhbGl0eSI6NTB9fX0=,/sneakers/nike/nike-air-max-1-86-og-golf-nrg-play-to-live-dv1407-100-ka/64670?from=search
Adidas SL 72 RS Bob Marley One Love,2640000,https://d5ibtax54de3q.cloudfront.net/eyJidWNrZXQiOiJraWNrYXZlbnVlLWFzc2V0cyIsImtleSI6InByb2R1Y3RzLzExMzEwOC9kNzVlMzIyZDUzNWJlNmM5Y2VkZGJiN2JlNDYzMWYxMy5wbmciLCJlZGl0cyI6eyJyZXNpemUiOnsid2lkdGgiOjQwMH0sIndlYnAiOnsicXVhbGl0eSI6NTB9fX0=,/sneakers/adidas/adidas-sl-72-rs-bob-marley-one-love-jr7973-ka/113108?from=search
New Balance 991v2 MiUK Stone Island Ghost Pack Black,7410000,https://d5ibtax54de3q.cloudfront.net/eyJidWNrZXQiOiJraWNrYXZlbnVlLWFzc2V0cyIsImtleSI6InByb2R1Y3RzLzExNTA0MC9iNzAwNDkxZTFiYjYxNGY4NjM2NmM5YjkwNWRlNTMyZi5wbmciLCJlZGl0cyI6eyJyZXNpemUiOnsid2lkdGgiOjQwMH0sIndlYnAiOnsicXVhbGl0eSI6NTB9fX0=,/sneakers/new-balance/new-balance-991v2-miuk-stone-island-ghost-pack-black-u991sk2-ka/115040?from=search
Adidas Samba OG White Active Blue,1950000,https://d5ibtax54de3q.cloudfront.net/eyJidWNrZXQiOiJraWNrYXZlbnVlLWFzc2V0cyIsImtleSI6InByb2R1Y3RzLzEwOTk0NS9jMzg1ODMxNWZlZjcxMWM1MjM1ZDVmMjI3ODlhMzg5Ny5wbmciLCJlZGl0cyI6eyJyZXNpemUiOnsid2lkdGgiOjQwMH0sIndlYnAiOnsicXVhbGl0eSI6NTB9fX0=,/sneakers/adidas/adidas-samba-og-white-active-blue-id1381-ka/109945?from=search
New Balance 1906U The Whitaker Group Willful Bias Blue Steel,7260000,https://d5ibtax54de3q.cloudfront.net/eyJidWNrZXQiOiJraWNrYXZlbnVlLWFzc2V0cyIsImtleSI6InByb2R1Y3RzLzEwODk4OC9lYzJiMzMwNWMwMzZiODQyZDVmNTkzZDdkN2NhZjhmNi5wbmciLCJlZGl0cyI6eyJyZXNpemUiOnsid2lkdGgiOjQwMH0sIndlYnAiOnsicXVhbGl0eSI6NTB9fX0=,/sneakers/new-balance/new-balance-1906u-the-whitaker-group-willful-bias-blue-steel-m1906nk1-ka/108988?from=search
Adidas Gazelle Indoor CLOT By Edison Chen Off White,3440000,https://d5ibtax54de3q.cloudfront.net/eyJidWNrZXQiOiJraWNrYXZlbnVlLWFzc2V0cyIsImtleSI6InByb2R1Y3RzLzExNTU0OS9jNDYxOWMwNTdiNzlkMjAzNTFhM2JiMmFmYWJhODAyNS5wbmciLCJlZGl0cyI6eyJyZXNpemUiOnsid2lkdGgiOjQwMH0sIndlYnAiOnsicXVhbGl0eSI6NTB9fX0=,/sneakers/adidas/adidas-gazelle-indoor-clot-by-edison-chen-off-white-ih3719-ka/115549?from=search
Salomon XT-6 Mindful - Vanilla Ice Orchid Petal,2420000,/static/media/kick_avenue_empty_image.cf172573.png,/sneakers/salomon/salomon-xt-6-mindful-vanilla-ice-orchid-petal-l47467000-ka/109787?from=search
Nike Calm Slides Flat Pewter,750000,https://d5ibtax54de3q.cloudfront.net/eyJidWNrZXQiOiJraWNrYXZlbnVlLWFzc2V0cyIsImtleSI6InByb2R1Y3RzLzEwOTE2OC83NDIyYThmMjVhMGQ3ZWYzZWIzZTJiNzQyNWQ2NjMwMS5wbmciLCJlZGl0cyI6eyJyZXNpemUiOnsid2lkdGgiOjQwMH0sIndlYnAiOnsicXVhbGl0eSI6NTB9fX0=,/sneakers/nike/nike-calm-slides-flat-pewter-fd4116-002-ka/109168?from=search
Adidas Stan Smith Forever Primegreen White,930000,https://d5ibtax54de3q.cloudfront.net/eyJidWNrZXQiOiJraWNrYXZlbnVlLWFzc2V0cyIsImtleSI6InByb2R1Y3RzLzY1MzY5L2Q0NDJiODE2MTc2ZGUzOGFlOTRiY2IwYjM0MzhiMDQxLnBuZyIsImVkaXRzIjp7InJlc2l6ZSI6eyJ3aWR0aCI6NDAwfSwid2VicCI6eyJxdWFsaXR5Ijo1MH19fQ==,/sneakers/adidas/adidas-stan-smith-forever-primegreen-white-fx5502-ka/65369?from=search
New Balance 990v1 Version 1 40th Anniversary,3540000,https://d5ibtax54de3q.cloudfront.net/eyJidWNrZXQiOiJraWNrYXZlbnVlLWFzc2V0cyIsImtleSI6InByb2R1Y3RzLzIzNjE4LzhhOGIwZWU5NDM5MzRiYzRjMWY2YjgzZDc2NjQxMDFjLnBuZyIsImVkaXRzIjp7InJlc2l6ZSI6eyJ3aWR0aCI6NDAwfSwid2VicCI6eyJxdWFsaXR5Ijo1MH19fQ==,/sneakers/new-balance/new-balance-990v1-version-1-40th-anniversary-m990vs1-ka-2/23618?from=search
New Balance 2002R Light Blue,2160000,https://d5ibtax54de3q.cloudfront.net/eyJidWNrZXQiOiJraWNrYXZlbnVlLWFzc2V0cyIsImtleSI6InByb2R1Y3RzLzc1NTA3LzA2NmE3ZDM2NDBmMDQwOTEyYzFmMmM3OGY0OTU4ZDdkLnBuZyIsImVkaXRzIjp7InJlc2l6ZSI6eyJ3aWR0aCI6NDAwfSwid2VicCI6eyJxdWFsaXR5Ijo1MH19fQ==,/sneakers/new-balance/new-balance-2002r-light-blue-ml2002rr-ka/75507?from=search
Nike ZoomX Vaporfly Next% Gyakusou Green,2170000,https://d5ibtax54de3q.cloudfront.net/eyJidWNrZXQiOiJraWNrYXZlbnVlLWFzc2V0cyIsImtleSI6InByb2R1Y3RzLzI0ODc5LzdhNTRiOWEzNWIxNDk2YzgzNDJlMDdiMzgwMGRkNDA5LnBuZyIsImVkaXRzIjp7InJlc2l6ZSI6eyJ3aWR0aCI6NDAwfSwid2VicCI6eyJxdWFsaXR5Ijo1MH19fQ==,/sneakers/nike/nike-zoomx-vaporfly-next-gyakusou-green-ct4894-300-ka/24879?from=search
Li-Ning Way of Wade 808 2 Ultra Guangdong Southern Tigers,1270000,https://d5ibtax54de3q.cloudfront.net/eyJidWNrZXQiOiJraWNrYXZlbnVlLWFzc2V0cyIsImtleSI6InByb2R1Y3RzLzEwMjk1Ny9jNmY1YTQ3M2Y2OTQwNjAzNDIyNWVhYjU4ZmUyYTM3Ni5wbmciLCJlZGl0cyI6eyJyZXNpemUiOnsid2lkdGgiOjQwMH0sIndlYnAiOnsicXVhbGl0eSI6NTB9fX0=,/sneakers/li-ning/li-ning-way-of-wade-808-2-ultra-guangdong-southern-tigers-abas113-7-ka-2/102957?from=search
New Balance 550 Golf White Green,5080000,https://d5ibtax54de3q.cloudfront.net/eyJidWNrZXQiOiJraWNrYXZlbnVlLWFzc2V0cyIsImtleSI6InByb2R1Y3RzLzEwNTEwNi9hMDlmZjYwOWQ4MjUyZDk5YjQ0ZGU1ZWY2MDAxMzBiZi5wbmciLCJlZGl0cyI6eyJyZXNpemUiOnsid2lkdGgiOjQwMH0sIndlYnAiOnsicXVhbGl0eSI6NTB9fX0=,/sneakers/new-balance/new-balance-550-golf-white-green-mg550wg-ka/105106?from=search
New Balance 610 Nightwatch Green,1000000,https://d5ibtax54de3q.cloudfront.net/eyJidWNrZXQiOiJraWNrYXZlbnVlLWFzc2V0cyIsImtleSI6InByb2R1Y3RzLzk4NTI3L2RkN2U2OWE4MTNkMjUyNmExMjk4MWM2NjcyNTA4YTlkLnBuZyIsImVkaXRzIjp7InJlc2l6ZSI6eyJ3aWR0aCI6NDAwfSwid2VicCI6eyJxdWFsaXR5Ijo1MH19fQ==,/sneakers/new-balance/new-balance-610-nightwatch-green-ml610tmb-ka-2/98527?from=search
Compass Gazelle Low White Blue,550000,https://d5ibtax54de3q.cloudfront.net/eyJidWNrZXQiOiJraWNrYXZlbnVlLWFzc2V0cyIsImtleSI6InByb2R1Y3RzLzI3MTc2LzEyYTAzYzg1NDMzN2VjZTk0MmMxMDNjZGFlMTc0ZThjLnBuZyIsImVkaXRzIjp7InJlc2l6ZSI6eyJ3aWR0aCI6NDAwfSwid2VicCI6eyJxdWFsaXR5Ijo1MH19fQ==,/sneakers/compass/compass-gazelle-low-white-blue-kg-076-lwb-ka/27176?from=search
Compass x FR2 Retrograde Hi Decon Smoking Kills,1950000,https://d5ibtax54de3q.cloudfront.net/eyJidWNrZXQiOiJraWNrYXZlbnVlLWFzc2V0cyIsImtleSI6InByb2R1Y3RzLzMwNzQ2L2JhNmVjYzU2MGQyODIzMTk2MmMwY2UwYzVjYjI0ZjhmLnBuZyIsImVkaXRzIjp7InJlc2l6ZSI6eyJ3aWR0aCI6NDAwfSwid2VicCI6eyJxdWFsaXR5Ijo1MH19fQ==,/sneakers/compass/compass-x-fr2-retrograde-hi-decon-smoking-kills-cps-xfr2rhdskb-ka/30746?from=search
Saucony Endorphin Speed 2 Reverie,1760000,https://d5ibtax54de3q.cloudfront.net/eyJidWNrZXQiOiJraWNrYXZlbnVlLWFzc2V0cyIsImtleSI6InByb2R1Y3RzLzM0MTE2LzI4MjFlMmFjMTIyNDBhOTY4MjI3ZTNkNDIzOGNiMjVjLnBuZyIsImVkaXRzIjp7InJlc2l6ZSI6eyJ3aWR0aCI6NDAwfSwid2VicCI6eyJxdWFsaXR5Ijo1MH19fQ==,/sneakers/saucony/saucony-endorphin-speed-2-reverie-s20688-40-ka/34116?from=search
Saucony Endorphin Speed 2 Black Shadow,2210000,https://d5ibtax54de3q.cloudfront.net/eyJidWNrZXQiOiJraWNrYXZlbnVlLWFzc2V0cyIsImtleSI6InByb2R1Y3RzLzM0MTE3L2RlZWU1MWRkYTIzMGM4OWVhY2Y3YTkzNGU5N2ZiMGE4LnBuZyIsImVkaXRzIjp7InJlc2l6ZSI6eyJ3aWR0aCI6NDAwfSwid2VicCI6eyJxdWFsaXR5Ijo1MH19fQ==,/sneakers/saucony/saucony-endorphin-speed-2-black-shadow-s20688-10-ka/34117?from=search
New Balance 992 WTAPS,15190000,https://d5ibtax54de3q.cloudfront.net/eyJidWNrZXQiOiJraWNrYXZlbnVlLWFzc2V0cyIsImtleSI6InByb2R1Y3RzLzgwMDcvMzFiNjQzYTItNDc3YS00NjdhLWE2YTYtNDhiY2E5MjBiNDJjLnBuZyIsImVkaXRzIjp7InJlc2l6ZSI6eyJ3aWR0aCI6NDAwfSwid2VicCI6eyJxdWFsaXR5Ijo1MH19fQ==,/sneakers/new-balance/new-balance-992-wtaps-m992wt-ka-2/8007?from=search
SEJI 2.0 OG Monoblock Ghost Grey,350000,https://d5ibtax54de3q.cloudfront.net/eyJidWNrZXQiOiJraWNrYXZlbnVlLWFzc2V0cyIsImtleSI6InByb2R1Y3RzLzQyMzg4L2RhM2VjNGU2MWEzMjViNTg5NzFlYzQ3OGFiYjBiNTllLmpwZWciLCJlZGl0cyI6eyJyZXNpemUiOnsid2lkdGgiOjQwMH0sIndlYnAiOnsicXVhbGl0eSI6NTB9fX0=,/sneakers/seji/seji-20-og-monoblock-ghost-grey-sj-2omnbggry-ka/42388?from=search
Converse One Star Pro Camo,700000,https://d5ibtax54de3q.cloudfront.net/eyJidWNrZXQiOiJraWNrYXZlbnVlLWFzc2V0cyIsImtleSI6InByb2R1Y3RzLzU2NzE2LzBmMGEwNDRlNDlmNzU5MTZkMmE4M2RiNGQzZjlhNGY4LmpwZWciLCJlZGl0cyI6eyJyZXNpemUiOnsid2lkdGgiOjQwMH0sIndlYnAiOnsicXVhbGl0eSI6NTB9fX0=,/sneakers/converse/converse-one-star-pro-camo-a03679c-ka/56716?from=search
Adidas 3MC Vulc Collegiate Navy,710000,https://d5ibtax54de3q.cloudfront.net/eyJidWNrZXQiOiJraWNrYXZlbnVlLWFzc2V0cyIsImtleSI6InByb2R1Y3RzLzU5Mzg3LzdhMzI0MmY3YTMwYjNlNTc1ZTU2YzBiODQ5MDUwMjFmLmpwZWciLCJlZGl0cyI6eyJyZXNpemUiOnsid2lkdGgiOjQwMH0sIndlYnAiOnsicXVhbGl0eSI6NTB9fX0=,/sneakers/adidas/adidas-3mc-vulc-collegiate-navy-b22707-ka/59387?from=search
New Balance 990v5 Covert Green,3470000,https://d5ibtax54de3q.cloudfront.net/eyJidWNrZXQiOiJraWNrYXZlbnVlLWFzc2V0cyIsImtleSI6InByb2R1Y3RzLzU5NDA3LzA0NGUwZGQzMGYwNzRhMDU4OWI2NmZjNWQ4ZWU1Y2FlLmpwZWciLCJlZGl0cyI6eyJyZXNpemUiOnsid2lkdGgiOjQwMH0sIndlYnAiOnsicXVhbGl0eSI6NTB9fX0=,/sneakers/new-balance/new-balance-990v5-covert-green-m990ae5-ka/59407?from=search
New Balance 327 Dark Moss White,750000,https://d5ibtax54de3q.cloudfront.net/eyJidWNrZXQiOiJraWNrYXZlbnVlLWFzc2V0cyIsImtleSI6InByb2R1Y3RzLzY0OTI5L2Q2ZjNiNTNmN2Q5NTQ1MDg5NjhlN2Q0Y2NkN2I2N2Q5LmpwZWciLCJlZGl0cyI6eyJyZXNpemUiOnsid2lkdGgiOjQwMH0sIndlYnAiOnsicXVhbGl0eSI6NTB9fX0=,/sneakers/new-balance/new-balance-327-dark-moss-white-ms327ug-ka/64929?from=search
Crocs Classic Clog 7-Eleven Black,1950000,https://d5ibtax54de3q.cloudfront.net/eyJidWNrZXQiOiJraWNrYXZlbnVlLWFzc2V0cyIsImtleSI6InByb2R1Y3RzLzY4Mzc1L2RmODkwMTExZDA4YWYzYTE2NTE3Nzk2MGFlNGY2NDQxLnBuZyIsImVkaXRzIjp7InJlc2l6ZSI6eyJ3aWR0aCI6NDAwfSwid2VicCI6eyJxdWFsaXR5Ijo1MH19fQ==,/sneakers/crocs/crocs-classic-clog-7-eleven-black-208272-001-ka/68375?from=search
Vans Skate Old Skool Blue,1100000,https://d5ibtax54de3q.cloudfront.net/eyJidWNrZXQiOiJraWNrYXZlbnVlLWFzc2V0cyIsImtleSI6InByb2R1Y3RzLzY4NzkzLzNhNGZiNjIyZDZhOTY1MzMxOTBmNjg0MTIxN2VmOTZlLnBuZyIsImVkaXRzIjp7InJlc2l6ZSI6eyJ3aWR0aCI6NDAwfSwid2VicCI6eyJxdWFsaXR5Ijo1MH19fQ==,/sneakers/vans/vans-skate-old-skool-blue-vn0a5fcbnav-ka/68793?from=search
New Balance 991.9 Light Tidepool,3700000,https://d5ibtax54de3q.cloudfront.net/eyJidWNrZXQiOiJraWNrYXZlbnVlLWFzc2V0cyIsImtleSI6InByb2R1Y3RzLzcwODUyL2RkYTMyMWY2ZTQ1NzgyYzZmZTA4NGYwOGU4YmIyMTc1LnBuZyIsImVkaXRzIjp7InJlc2l6ZSI6eyJ3aWR0aCI6NDAwfSwid2VicCI6eyJxdWFsaXR5Ijo1MH19fQ==,/sneakers/new-balance/new-balance-9919-light-tidepool-m9919ec-ka/70852?from=search
New Balance Trail Mid Fresh Foam Hierro,1250000,https://d5ibtax54de3q.cloudfront.net/eyJidWNrZXQiOiJraWNrYXZlbnVlLWFzc2V0cyIsImtleSI6InByb2R1Y3RzLzcwODkzLzIzZGIzNWE5OTI3M2ZiZTRjYjZkNmEwOWI4OTY2ZTE3LnBuZyIsImVkaXRzIjp7InJlc2l6ZSI6eyJ3aWR0aCI6NDAwfSwid2VicCI6eyJxdWFsaXR5Ijo1MH19fQ==,/sneakers/new-balance/new-balance-trail-mid-fresh-foam-hierro-mthimccn-ka/70893?from=search
New Balance Dynasoft Flash V6 Black,510000,https://d5ibtax54de3q.cloudfront.net/eyJidWNrZXQiOiJraWNrYXZlbnVlLWFzc2V0cyIsImtleSI6InByb2R1Y3RzLzc4MDg3L2Q2MDQ0NDM4NjFjNzgwOWY5NGRlN2ZiOGVjNzc0NTlkLnBuZyIsImVkaXRzIjp7InJlc2l6ZSI6eyJ3aWR0aCI6NDAwfSwid2VicCI6eyJxdWFsaXR5Ijo1MH19fQ==,/sneakers/new-balance/new-balance-dynasoft-flash-v6-black-mflshbk6-ka/78087?from=search
Nike SB Blazer Mid Premium White Glacier,1020000,https://d5ibtax54de3q.cloudfront.net/eyJidWNrZXQiOiJraWNrYXZlbnVlLWFzc2V0cyIsImtleSI6InByb2R1Y3RzLzc2NTA0L2NhZjU5Y2RhNzA4NDVmNjFhNTA5MTQwOWZjMjY3NzYzLnBuZyIsImVkaXRzIjp7InJlc2l6ZSI6eyJ3aWR0aCI6NDAwfSwid2VicCI6eyJxdWFsaXR5Ijo1MH19fQ==,/sneakers/nike/nike-sb-blazer-mid-premium-white-glacier-cu5283-100-ka/76504?from=search
Nike ACG Air Deschutz Mowabb,900000,https://d5ibtax54de3q.cloudfront.net/eyJidWNrZXQiOiJraWNrYXZlbnVlLWFzc2V0cyIsImtleSI6InByb2R1Y3RzLzc1ODAzL2FjZTY3NmVlOWEzMWYyNTE0M2Y4Y2E0YjRmMmRiYzVlLnBuZyIsImVkaXRzIjp7InJlc2l6ZSI6eyJ3aWR0aCI6NDAwfSwid2VicCI6eyJxdWFsaXR5Ijo1MH19fQ==,/sneakers/nike/nike-acg-air-deschutz-mowabb-ct3303-200-ka/75803?from=search
Nike Blazer Mid 77 Make It Count,1070000,https://d5ibtax54de3q.cloudfront.net/eyJidWNrZXQiOiJraWNrYXZlbnVlLWFzc2V0cyIsImtleSI6InByb2R1Y3RzLzc2NDgyLzE5OTY2OTJmZDU1NDI4ZDU0ZWRiMjZiNzk5ODVhMDk2LnBuZyIsImVkaXRzIjp7InJlc2l6ZSI6eyJ3aWR0aCI6NDAwfSwid2VicCI6eyJxdWFsaXR5Ijo1MH19fQ==,/sneakers/nike/nike-blazer-mid-77-make-it-count-dj4278-101-ka/76482?from=search
Nike Kobe Zoom 7 Barcelona Home,45710000,https://d5ibtax54de3q.cloudfront.net/eyJidWNrZXQiOiJraWNrYXZlbnVlLWFzc2V0cyIsImtleSI6InByb2R1Y3RzLzgzMzI1Lzc2ODE5NDM1YjZlNjcyODMyNDFjYmJlOGYzNmY3OWUxLnBuZyIsImVkaXRzIjp7InJlc2l6ZSI6eyJ3aWR0aCI6NDAwfSwid2VicCI6eyJxdWFsaXR5Ijo1MH19fQ==,/sneakers/nike/nike-kobe-zoom-7-barcelona-home-488371-301-ka/83325?from=search
Nike PG 2.5 EP Anthracite,4050000,https://d5ibtax54de3q.cloudfront.net/eyJidWNrZXQiOiJraWNrYXZlbnVlLWFzc2V0cyIsImtleSI6InByb2R1Y3RzLzg0ODA1L2FhZjJlNmI1OGIyZDhiMmE1NmRiODZiZTA2ZTNlMTliLnBuZyIsImVkaXRzIjp7InJlc2l6ZSI6eyJ3aWR0aCI6NDAwfSwid2VicCI6eyJxdWFsaXR5Ijo1MH19fQ==,/sneakers/nike/nike-pg-25-ep-anthracite-bq8453-004-ka/84805?from=search
Puma Palermo KidSuper Flaxen,2060000,https://d5ibtax54de3q.cloudfront.net/eyJidWNrZXQiOiJraWNrYXZlbnVlLWFzc2V0cyIsImtleSI6InByb2R1Y3RzLzEwMzgxNC8zNTJlYmQyMzRiNzA3ZDllMWFjYTNmYTVjZGM4MjU0Ni5wbmciLCJlZGl0cyI6eyJyZXNpemUiOnsid2lkdGgiOjQwMH0sIndlYnAiOnsicXVhbGl0eSI6NTB9fX0=,/sneakers/puma/puma-palermo-kidsuper-flaxen-397306-01-ka/103814?from=search
Nike KD Trey 5 IX EP Pure Platinum,990000,https://d5ibtax54de3q.cloudfront.net/eyJidWNrZXQiOiJraWNrYXZlbnVlLWFzc2V0cyIsImtleSI6InByb2R1Y3RzLzg0MTQxLzczYWJhNmY5NzlkMTZhN2Y1OTg1MzcxMzE0MWJkMmQ5LnBuZyIsImVkaXRzIjp7InJlc2l6ZSI6eyJ3aWR0aCI6NDAwfSwid2VicCI6eyJxdWFsaXR5Ijo1MH19fQ==,/sneakers/nike/nike-kd-trey-5-ix-ep-pure-platinum-cw3402-011-ka/84141?from=search
Nike Air Force 1 ’07 LV8 Light Bone Iron,950000,https://d5ibtax54de3q.cloudfront.net/eyJidWNrZXQiOiJraWNrYXZlbnVlLWFzc2V0cyIsImtleSI6InByb2R1Y3RzLzEwMzM3Ny82NGE1OTQ2OGVlNGQ2Mzc3ZDBmYWU1Zjk5NGQ0OGQ1YS5wbmciLCJlZGl0cyI6eyJyZXNpemUiOnsid2lkdGgiOjQwMH0sIndlYnAiOnsicXVhbGl0eSI6NTB9fX0=,/sneakers/nike/nike-air-force-1-07-lv8-light-bone-iron-fn5832-001-ka/103377?from=search
Adidas Samba Decon Core Black,1548000,https://d5ibtax54de3q.cloudfront.net/eyJidWNrZXQiOiJraWNrYXZlbnVlLWFzc2V0cyIsImtleSI6InByb2R1Y3RzLzEwNDA3NC9lZTZmY2FkOGQxNDI1YTYzMDQ3MTNkNjc0NzIwYjRmYi5wbmciLCJlZGl0cyI6eyJyZXNpemUiOnsid2lkdGgiOjQwMH0sIndlYnAiOnsicXVhbGl0eSI6NTB9fX0=,/sneakers/adidas/adidas-samba-decon-core-black-if0641-ka/104074?from=search
Vans Slip‑On 48 Deck DX Anaheim Factory Navy,879000,https://d5ibtax54de3q.cloudfront.net/eyJidWNrZXQiOiJraWNrYXZlbnVlLWFzc2V0cyIsImtleSI6InByb2R1Y3RzLzEwNDIzOC9lYzcwNjlhMzJmMGViYjQ4YzAxMjJlMGI1ZjhkMjIyNS5wbmciLCJlZGl0cyI6eyJyZXNpemUiOnsid2lkdGgiOjQwMH0sIndlYnAiOnsicXVhbGl0eSI6NTB9fX0=,/sneakers/vans/vans-slip-on-48-deck-dx-anaheim-factory-navy-vn0005upigv-ka/104238?from=search
Adidas Samba Tonal Color Pack Linen,2690000,https://d5ibtax54de3q.cloudfront.net/eyJidWNrZXQiOiJraWNrYXZlbnVlLWFzc2V0cyIsImtleSI6InByb2R1Y3RzLzEwNzA2Ni9hYTAyYjhlMmE2ZGJkMjJkYTY2MWZiNjQ1YWFmZWJjYi5wbmciLCJlZGl0cyI6eyJyZXNpemUiOnsid2lkdGgiOjQwMH0sIndlYnAiOnsicXVhbGl0eSI6NTB9fX0=,/sneakers/adidas/adidas-samba-tonal-color-pack-linen-fz5603-ka/107066?from=search
Air Jordan Hydro 13 Retro White Metallic Silver,4620000,https://d5ibtax54de3q.cloudfront.net/eyJidWNrZXQiOiJraWNrYXZlbnVlLWFzc2V0cyIsImtleSI6InByb2R1Y3RzLzkzNTQzLzcwYWYwMjVlNzM4YmE2YmYzZDNjNDEyMjcwNTFlM2FkLnBuZyIsImVkaXRzIjp7InJlc2l6ZSI6eyJ3aWR0aCI6NDAwfSwid2VicCI6eyJxdWFsaXR5Ijo1MH19fQ==,/sneakers/air-jordan/air-jordan-hydro-13-retro-white-metallic-silver-684915-100-ka/93543?from=search
New Balance 990v3 JJJJound Olive (Kick Point Only),3019000,https://d5ibtax54de3q.cloudfront.net/eyJidWNrZXQiOiJraWNrYXZlbnVlLWFzc2V0cyIsImtleSI6InByb2R1Y3RzLzExMjQ3Ni8zZjNkODNkYzE4NGNmZTRkNjE0ODc3NzAxYjY1MjU1Zi5wbmciLCJlZGl0cyI6eyJyZXNpemUiOnsid2lkdGgiOjQwMH0sIndlYnAiOnsicXVhbGl0eSI6NTB9fX0=,/sneakers/new-balance/new-balance-990v3-jjjjound-olive-kick-point-only-kp-m990jd3-ka/112476?from=search
Hoka One One Carbon X 3 'Radiant Yellow',1590000,https://d5ibtax54de3q.cloudfront.net/eyJidWNrZXQiOiJraWNrYXZlbnVlLWFzc2V0cyIsImtleSI6InByb2R1Y3RzLzk3Mzg1L2ZiZGNkYWU1ZDgzMTA0MTg3ZTNlMTYwODRhYmZjMzhhLnBuZyIsImVkaXRzIjp7InJlc2l6ZSI6eyJ3aWR0aCI6NDAwfSwid2VicCI6eyJxdWFsaXR5Ijo1MH19fQ==,/sneakers/hoka/hoka-one-one-carbon-x-3-radiant-yellow-1123193-rycm-ka/97385?from=search
Hoka One One Clifton 9 'Cloud Blue',2880000,https://d5ibtax54de3q.cloudfront.net/eyJidWNrZXQiOiJraWNrYXZlbnVlLWFzc2V0cyIsImtleSI6InByb2R1Y3RzLzk3Mzk1L2YyM2I1MDczZTg1YzU2ODM1NTNkNWZlYzE4YThhZDE3LnBuZyIsImVkaXRzIjp7InJlc2l6ZSI6eyJ3aWR0aCI6NDAwfSwid2VicCI6eyJxdWFsaXR5Ijo1MH19fQ==,/sneakers/hoka/hoka-one-one-clifton-9-cloud-blue-1127896-cbif-ka/97395?from=search
Puma Running Transport Modern Blue,500000,https://d5ibtax54de3q.cloudfront.net/eyJidWNrZXQiOiJraWNrYXZlbnVlLWFzc2V0cyIsImtleSI6InByb2R1Y3RzLzk4MzE0L2E1M2E4NzIxYTk3MjYyZGNhY2Q4ZDFmMmVmYjE1YWFkLnBuZyIsImVkaXRzIjp7InJlc2l6ZSI6eyJ3aWR0aCI6NDAwfSwid2VicCI6eyJxdWFsaXR5Ijo1MH19fQ==,/sneakers/puma/puma-running-transport-modern-blue-377030-13-ka/98314?from=search
ASICS Skyhand OG Cilantro Grapefruit,1400000,https://d5ibtax54de3q.cloudfront.net/eyJidWNrZXQiOiJraWNrYXZlbnVlLWFzc2V0cyIsImtleSI6InByb2R1Y3RzLzEwODE3My9jMWFlYjVkN2E4OGI1NmQ5YjYyMGQyMTAyZDdhYTNhYi5wbmciLCJlZGl0cyI6eyJyZXNpemUiOnsid2lkdGgiOjQwMH0sIndlYnAiOnsicXVhbGl0eSI6NTB9fX0=,/sneakers/asics/asics-skyhand-og-cilantro-grapefruit-1203a452-300-ka/108173?from=search
On Running Cloudtilt Midnight Ivory,3360000,https://d5ibtax54de3q.cloudfront.net/eyJidWNrZXQiOiJraWNrYXZlbnVlLWFzc2V0cyIsImtleSI6InByb2R1Y3RzLzExMjY4My9iNWE0ZDhiNTU1ZDY5YzFlMTc1YjE3Njk3ZTU0ZjYwOC5wbmciLCJlZGl0cyI6eyJyZXNpemUiOnsid2lkdGgiOjQwMH0sIndlYnAiOnsicXVhbGl0eSI6NTB9fX0=,/sneakers/on-running/on-running-cloudtilt-midnight-ivory-3me10103053-ka/112683?from=search
New Balance 990v3 Elephant Grey Navy,4050000,https://d5ibtax54de3q.cloudfront.net/eyJidWNrZXQiOiJraWNrYXZlbnVlLWFzc2V0cyIsImtleSI6InByb2R1Y3RzLzM2NTcyLzJhZjc2NDQ0ZWI1YmQ3YmU5ODcxMjE5ZWM4MTgyYzIzLnBuZyIsImVkaXRzIjp7InJlc2l6ZSI6eyJ3aWR0aCI6NDAwfSwid2VicCI6eyJxdWFsaXR5Ijo1MH19fQ==,/sneakers/new-balance/new-balance-990v3-elephant-grey-navy-m990gj3-ka-2/36572?from=search
ASICS Gel-Nandi Black White,1160000,https://d5ibtax54de3q.cloudfront.net/eyJidWNrZXQiOiJraWNrYXZlbnVlLWFzc2V0cyIsImtleSI6InByb2R1Y3RzLzEwMDU3NS8zZTAyMWQ4M2YwMzgxYTkzMmRhMTBmOTFlZTBiNzhmNy5wbmciLCJlZGl0cyI6eyJyZXNpemUiOnsid2lkdGgiOjQwMH0sIndlYnAiOnsicXVhbGl0eSI6NTB9fX0=,/sneakers/asics/asics-gel-nandi-black-white-1203a200-001-ka-2/100575?from=search
Asics Gel-PTG Mickey Mouse 90th White Black,990000,https://d5ibtax54de3q.cloudfront.net/eyJidWNrZXQiOiJraWNrYXZlbnVlLWFzc2V0cyIsImtleSI6InByb2R1Y3RzLzU0NTIvMWRjNmQ1ZjUtYTMyNC00NWMyLWFhNzYtZmVkMmYzNDUxMzk4LmpwZWciLCJlZGl0cyI6eyJyZXNpemUiOnsid2lkdGgiOjQwMH0sIndlYnAiOnsicXVhbGl0eSI6NTB9fX0=,/sneakers/asics/asics-gel-ptg-mickey-mouse-90th-white-black-1191a070-100-ka/5452?from=search
Nike Ja 1 USA Midnight Navy,3530000,https://d5ibtax54de3q.cloudfront.net/eyJidWNrZXQiOiJraWNrYXZlbnVlLWFzc2V0cyIsImtleSI6InByb2R1Y3RzLzEwNzk2Ny82OTFiNzMxNjliYWIyMmIxNjFjNWQ5NmQ4MzU4YThlMC5wbmciLCJlZGl0cyI6eyJyZXNpemUiOnsid2lkdGgiOjQwMH0sIndlYnAiOnsicXVhbGl0eSI6NTB9fX0=,/sneakers/nike/nike-ja-1-usa-midnight-navy-fq4796-403-ka/107967?from=search
Air Jordan 1 Retro Low '85 Metallic Black,1640000,https://d5ibtax54de3q.cloudfront.net/eyJidWNrZXQiOiJraWNrYXZlbnVlLWFzc2V0cyIsImtleSI6InByb2R1Y3RzLzExMzcwNC84NjRjYjBkMWRlOTQ0OTZmNTliMjQ5ZDQwNTg0N2M3Yy5wbmciLCJlZGl0cyI6eyJyZXNpemUiOnsid2lkdGgiOjQwMH0sIndlYnAiOnsicXVhbGl0eSI6NTB9fX0=,/sneakers/air-jordan/air-jordan-1-retro-low-85-metallic-black-fb9933-102-ka/113704?from=search
Miro&Wujo x Vans SK8‑HI Year of the Rabbit,750000,https://d5ibtax54de3q.cloudfront.net/eyJidWNrZXQiOiJraWNrYXZlbnVlLWFzc2V0cyIsImtleSI6InByb2R1Y3RzLzk4MjMxL2VlMTdlMTc0ZTU3OTFkODIzZDBiMDJiZDJhYjIzMDFlLnBuZyIsImVkaXRzIjp7InJlc2l6ZSI6eyJ3aWR0aCI6NDAwfSwid2VicCI6eyJxdWFsaXR5Ijo1MH19fQ==,/sneakers/vans/mirowujo-x-vans-sk8-hi-year-of-the-rabbit-vn0a4bvty8j-ka/98231?from=search
ASICS Gel Contend 4 White Blue,1020000,https://d5ibtax54de3q.cloudfront.net/eyJidWNrZXQiOiJraWNrYXZlbnVlLWFzc2V0cyIsImtleSI6InByb2R1Y3RzLzEwMDA5Mi8wNGQ1NDZjNTg0ZjRkMjhjMjJhYmRkZTc1OTcxNWM5OC5wbmciLCJlZGl0cyI6eyJyZXNpemUiOnsid2lkdGgiOjQwMH0sIndlYnAiOnsicXVhbGl0eSI6NTB9fX0=,/sneakers/asics/asics-gel-contend-4-white-blue-t8d4q-119-ka-2/100092?from=search
Li-Ning Wade 808 2 Honey Peach,1640000,https://d5ibtax54de3q.cloudfront.net/eyJidWNrZXQiOiJraWNrYXZlbnVlLWFzc2V0cyIsImtleSI6InByb2R1Y3RzLzEwMjczNi8wNjg0ZDJmYTM5YWM1NTM4ZmFmZjM5OTZmZTVkNzhhNy5wbmciLCJlZGl0cyI6eyJyZXNpemUiOnsid2lkdGgiOjQwMH0sIndlYnAiOnsicXVhbGl0eSI6NTB9fX0=,/sneakers/li-ning/li-ning-wade-808-2-honey-peach-abps037-3-ka/102736?from=search
Nike Calm Flip Flops Black,350000,https://d5ibtax54de3q.cloudfront.net/eyJidWNrZXQiOiJraWNrYXZlbnVlLWFzc2V0cyIsImtleSI6InByb2R1Y3RzLzEwNzIxOS9kYzcwYjdlNDc5NTk4MGY2ZWI0YWE0MWU1MjA1NDU2MC5wbmciLCJlZGl0cyI6eyJyZXNpemUiOnsid2lkdGgiOjQwMH0sIndlYnAiOnsicXVhbGl0eSI6NTB9fX0=,/sneakers/nike/nike-calm-flip-flops-black-fd4119-001-ka/107219?from=search
Adidas Top Ten RB Black Grey,700000,https://d5ibtax54de3q.cloudfront.net/eyJidWNrZXQiOiJraWNrYXZlbnVlLWFzc2V0cyIsImtleSI6InByb2R1Y3RzLzEwODk3Ni9kYzkxNmE0YzE1NDliOTRhMDc3ZDE1MGJkYTYzNTkzZC5wbmciLCJlZGl0cyI6eyJyZXNpemUiOnsid2lkdGgiOjQwMH0sIndlYnAiOnsicXVhbGl0eSI6NTB9fX0=,/sneakers/adidas/adidas-top-ten-rb-black-grey-fz6021-ka/108976?from=search
Nike Dunk Low Miami Dolphins,1250000,https://d5ibtax54de3q.cloudfront.net/eyJidWNrZXQiOiJraWNrYXZlbnVlLWFzc2V0cyIsImtleSI6InByb2R1Y3RzLzc4ODI3L2ZjMGY0Yzg2N2JiY2ZlNzZkMzk3OTIxOWNlNGNhOWRjLnBuZyIsImVkaXRzIjp7InJlc2l6ZSI6eyJ3aWR0aCI6NDAwfSwid2VicCI6eyJxdWFsaXR5Ijo1MH19fQ==,/sneakers/nike/nike-dunk-low-miami-dolphins-dv0833-102-ka/78827?from=search
ASICS Gel-Kayano 31 Wide Black White,2890000,https://d5ibtax54de3q.cloudfront.net/eyJidWNrZXQiOiJraWNrYXZlbnVlLWFzc2V0cyIsImtleSI6InByb2R1Y3RzLzExNTI1MS8zMjYwNjVjNzhjMWFiNjYxMTE5ZTA0YjJiNjQyZWI0Yi5wbmciLCJlZGl0cyI6eyJyZXNpemUiOnsid2lkdGgiOjQwMH0sIndlYnAiOnsicXVhbGl0eSI6NTB9fX0=,/sneakers/asics/asics-gel-kayano-31-wide-black-white-1011b869-002-ka/115251?from=search
Air Jordan 1 Mid Black Toe White Gym Red,1700000,https://d5ibtax54de3q.cloudfront.net/eyJidWNrZXQiOiJraWNrYXZlbnVlLWFzc2V0cyIsImtleSI6InByb2R1Y3RzLzY0MjkwL2M2YzMwNzJkYzIxNWU3Njc0ODBjOTAwNDljYTBmNDU5LmpwZWciLCJlZGl0cyI6eyJyZXNpemUiOnsid2lkdGgiOjQwMH0sIndlYnAiOnsicXVhbGl0eSI6NTB9fX0=,/sneakers/air-jordan/air-jordan-1-mid-black-toe-white-gym-red-dq8426-106-ka/64290?from=search
Adidas Samba OG Naked Copenhagen Lace,2830000,https://d5ibtax54de3q.cloudfront.net/eyJidWNrZXQiOiJraWNrYXZlbnVlLWFzc2V0cyIsImtleSI6InByb2R1Y3RzLzExMDczOC8xODVlNGVjMzQwOWRkNDU2NjIzYmY3MjhiNmU3ODgwNy5wbmciLCJlZGl0cyI6eyJyZXNpemUiOnsid2lkdGgiOjQwMH0sIndlYnAiOnsicXVhbGl0eSI6NTB9fX0=,/sneakers/adidas/adidas-samba-og-naked-copenhagen-lace-ji3993-ka/110738?from=search
Nike Air Zoom GT Cut 2 EP Hyper Pink,2410000,https://d5ibtax54de3q.cloudfront.net/eyJidWNrZXQiOiJraWNrYXZlbnVlLWFzc2V0cyIsImtleSI6InByb2R1Y3RzLzkwMjg3LzQ5MzMzZTljY2U3OTBiOTFkMmQwNWYwOWY4OThlOWVkLnBuZyIsImVkaXRzIjp7InJlc2l6ZSI6eyJ3aWR0aCI6NDAwfSwid2VicCI6eyJxdWFsaXR5Ijo1MH19fQ==,/sneakers/nike/nike-air-zoom-gt-cut-2-ep-hyper-pink-dj6013-604-ka-2/90287?from=search
New Balance 574 Light Cliff Grey Indigo,1170000,https://d5ibtax54de3q.cloudfront.net/eyJidWNrZXQiOiJraWNrYXZlbnVlLWFzc2V0cyIsImtleSI6InByb2R1Y3RzLzk0OTgzLzU1YTZkODQ2YTBhOWQzMzk0ZGNmNTZmYzRmOWMzNWU3LnBuZyIsImVkaXRzIjp7InJlc2l6ZSI6eyJ3aWR0aCI6NDAwfSwid2VicCI6eyJxdWFsaXR5Ijo1MH19fQ==,/sneakers/new-balance/new-balance-574-light-cliff-grey-indigo-ml574lgi-ka/94983?from=search
New Balance 530 Reflection Green,1420000,https://d5ibtax54de3q.cloudfront.net/eyJidWNrZXQiOiJraWNrYXZlbnVlLWFzc2V0cyIsImtleSI6InByb2R1Y3RzLzEwNzIwNS85YTg1ZDVmNDZjMzM3Mjc0NDM3NTcyMjljOGUzYTY4Mi5wbmciLCJlZGl0cyI6eyJyZXNpemUiOnsid2lkdGgiOjQwMH0sIndlYnAiOnsicXVhbGl0eSI6NTB9fX0=,/sneakers/new-balance/new-balance-530-reflection-green-mr530qa-ka/107205?from=search
Nike Tanjun 'Triple Black',1120000,https://d5ibtax54de3q.cloudfront.net/eyJidWNrZXQiOiJraWNrYXZlbnVlLWFzc2V0cyIsImtleSI6InByb2R1Y3RzLzg1NzE2LzUxNzRhNzQyOWMwNzg2NDZmOWU3NDVlNjM0M2FiOTAwLnBuZyIsImVkaXRzIjp7InJlc2l6ZSI6eyJ3aWR0aCI6NDAwfSwid2VicCI6eyJxdWFsaXR5Ijo1MH19fQ==,/sneakers/nike/nike-tanjun-triple-black-dj6258-001-ka/85716?from=search
Nike Juniper Trail 2 Light Orewood Brown,1240000,https://d5ibtax54de3q.cloudfront.net/eyJidWNrZXQiOiJraWNrYXZlbnVlLWFzc2V0cyIsImtleSI6InByb2R1Y3RzLzg0MDkyL2U4NzlmY2EzYzY5OGE5MzYyMjA2ODU3NmRkOTg4NTljLnBuZyIsImVkaXRzIjp7InJlc2l6ZSI6eyJ3aWR0aCI6NDAwfSwid2VicCI6eyJxdWFsaXR5Ijo1MH19fQ==,/sneakers/nike/nike-juniper-trail-2-light-orewood-brown-dm0822-102-ka/84092?from=search
Nike Force 58 SB 'Navy Photon Dust',1310000,https://d5ibtax54de3q.cloudfront.net/eyJidWNrZXQiOiJraWNrYXZlbnVlLWFzc2V0cyIsImtleSI6InByb2R1Y3RzLzg5MTUxLzA3OTBkMTJjNjllZGI1M2Y2YTc2NzY1NTQ5YTdhN2EwLnBuZyIsImVkaXRzIjp7InJlc2l6ZSI6eyJ3aWR0aCI6NDAwfSwid2VicCI6eyJxdWFsaXR5Ijo1MH19fQ==,/sneakers/nike/nike-force-58-sb-navy-photon-dust-cz2959-403-ka/89151?from=search
Nike Vapormax Moc Roam Black,1790000,https://d5ibtax54de3q.cloudfront.net/eyJidWNrZXQiOiJraWNrYXZlbnVlLWFzc2V0cyIsImtleSI6InByb2R1Y3RzLzg1OTQ5LzU5Y2EzMWM5NTE4Mzc5MGQ2NTU1ZTNiMzY1Zjg3ZGUwLnBuZyIsImVkaXRzIjp7InJlc2l6ZSI6eyJ3aWR0aCI6NDAwfSwid2VicCI6eyJxdWFsaXR5Ijo1MH19fQ==,/sneakers/nike/nike-vapormax-moc-roam-black-dz7273-001-ka/85949?from=search
Air Jordan Why Not Zer0.5 PF Family,1240000,https://d5ibtax54de3q.cloudfront.net/eyJidWNrZXQiOiJraWNrYXZlbnVlLWFzc2V0cyIsImtleSI6InByb2R1Y3RzLzkzOTIwL2Y0MTcwMGYzZTZiMmFjYWQ5MWEzMDZjMGI4NjRmYTJiLnBuZyIsImVkaXRzIjp7InJlc2l6ZSI6eyJ3aWR0aCI6NDAwfSwid2VicCI6eyJxdWFsaXR5Ijo1MH19fQ==,/sneakers/nike/jordan-jordan-why-not-zer05-pf-family-dc3638-102-ka/93920?from=search
New Balance 2002R Protection Pack Light Arctic Grey Purple,3600000,https://d5ibtax54de3q.cloudfront.net/eyJidWNrZXQiOiJraWNrYXZlbnVlLWFzc2V0cyIsImtleSI6InByb2R1Y3RzLzc1MzA4LzQzN2Q0ZGUxMzIyMzZmN2YxZTI4ZDg4ZjQ2MGYwNDZhLnBuZyIsImVkaXRzIjp7InJlc2l6ZSI6eyJ3aWR0aCI6NDAwfSwid2VicCI6eyJxdWFsaXR5Ijo1MH19fQ==,/sneakers/new-balance/new-balance-2002r-protection-pack-light-arctic-grey-purple-m2002rdi-ka/75308?from=search
New Balance 57/40 Lunar New Year Eclipse (2022),1240000,https://d5ibtax54de3q.cloudfront.net/eyJidWNrZXQiOiJraWNrYXZlbnVlLWFzc2V0cyIsImtleSI6InByb2R1Y3RzLzY5MDE2LzFkNjZjZDIxMmZmZmE4NGJhYTY5MTA5NDljY2ZjYjRiLnBuZyIsImVkaXRzIjp7InJlc2l6ZSI6eyJ3aWR0aCI6NDAwfSwid2VicCI6eyJxdWFsaXR5Ijo1MH19fQ==,/sneakers/new-balance/new-balance-5740-lunar-new-year-eclipse-2022-u5740cnn-ka/69016?from=search
Nike LeBron 20 EP Time Machine,3610000,https://d5ibtax54de3q.cloudfront.net/eyJidWNrZXQiOiJraWNrYXZlbnVlLWFzc2V0cyIsImtleSI6InByb2R1Y3RzLzgzODg2LzE0NjAxZTAwYmMxOTViN2QzMDI2NGI4MzA3ZmU4MTI2LnBuZyIsImVkaXRzIjp7InJlc2l6ZSI6eyJ3aWR0aCI6NDAwfSwid2VicCI6eyJxdWFsaXR5Ijo1MH19fQ==,/sneakers/nike/nike-lebron-20-ep-time-machine-dj5422-300-ka-2/83886?from=search
New Balance 530 Silver Grey,1740000,https://d5ibtax54de3q.cloudfront.net/eyJidWNrZXQiOiJraWNrYXZlbnVlLWFzc2V0cyIsImtleSI6InByb2R1Y3RzLzQwODUyL2NhYjU4NzU3OTlhNzBiYzU1NDFlMDMxOGVkYjRjNzUzLmpwZWciLCJlZGl0cyI6eyJyZXNpemUiOnsid2lkdGgiOjQwMH0sIndlYnAiOnsicXVhbGl0eSI6NTB9fX0=,/sneakers/new-balance/new-balance-530-silver-grey-mr530rs-ka/40852?from=search
Nike Blazer Phantom Low White Dragon Red Gum,800000,https://d5ibtax54de3q.cloudfront.net/eyJidWNrZXQiOiJraWNrYXZlbnVlLWFzc2V0cyIsImtleSI6InByb2R1Y3RzLzEwMzQxOS9hY2ZjN2VhZmUxYTUzMjdkN2E0MWRhODZiNTJlNTI0NC5wbmciLCJlZGl0cyI6eyJyZXNpemUiOnsid2lkdGgiOjQwMH0sIndlYnAiOnsicXVhbGl0eSI6NTB9fX0=,/sneakers/nike/nike-blazer-phantom-low-white-dragon-red-gum-fn5820-100-ka/103419?from=search
Adidas Rivalry Low 86 White Blue,1070000,https://d5ibtax54de3q.cloudfront.net/eyJidWNrZXQiOiJraWNrYXZlbnVlLWFzc2V0cyIsImtleSI6InByb2R1Y3RzLzk1MzM5LzA0NzVlYjc3NTgxOGJmYWQ5ZjgyY2Q1Y2JlOTA5ODM0LnBuZyIsImVkaXRzIjp7InJlc2l6ZSI6eyJ3aWR0aCI6NDAwfSwid2VicCI6eyJxdWFsaXR5Ijo1MH19fQ==,/sneakers/adidas/adidas-rivalry-low-86-white-blue-fz6334-ka/95339?from=search
Vans Slip-On x Motorhead Black White,1870000,https://d5ibtax54de3q.cloudfront.net/eyJidWNrZXQiOiJraWNrYXZlbnVlLWFzc2V0cyIsImtleSI6InByb2R1Y3RzLzc3ODAzLzdlMDUwNGUwNmZlYTFlNjRmODEyNTM4ZDNlN2U3NGRhLnBuZyIsImVkaXRzIjp7InJlc2l6ZSI6eyJ3aWR0aCI6NDAwfSwid2VicCI6eyJxdWFsaXR5Ijo1MH19fQ==,/sneakers/vans/vans-slip-on-x-motorhead-black-white-vn0005v6bka-ka/77803?from=search
Air Jordan 5 Retro Burgundy (2023),2000000,https://d5ibtax54de3q.cloudfront.net/eyJidWNrZXQiOiJraWNrYXZlbnVlLWFzc2V0cyIsImtleSI6InByb2R1Y3RzLzY2NzcxL2I0NzA2YTQ5YTY4YzU3OTYxNjU5ODAxYTVlOTFlYmJhLnBuZyIsImVkaXRzIjp7InJlc2l6ZSI6eyJ3aWR0aCI6NDAwfSwid2VicCI6eyJxdWFsaXR5Ijo1MH19fQ==,/sneakers/air-jordan/air-jordan-5-retro-burgundy-2023-dz4131-600-ka/66771?from=search
Li-Ning Way of Wade 10 Element Thunder and Lightning,2560000,https://d5ibtax54de3q.cloudfront.net/eyJidWNrZXQiOiJraWNrYXZlbnVlLWFzc2V0cyIsImtleSI6InByb2R1Y3RzLzEwMjg0Ny8xNGRjZTZlNjZkNmZjMjZmMzBjZDNjYzQxMjM1NWFiNS5wbmciLCJlZGl0cyI6eyJyZXNpemUiOnsid2lkdGgiOjQwMH0sIndlYnAiOnsicXVhbGl0eSI6NTB9fX0=,/sneakers/li-ning/li-ning-way-of-wade-10-element-thunder-and-lightning-abas115-7-ka-2/102847?from=search
Onitsuka Tiger Mexico 66 White Burgundy,1730000,https://d5ibtax54de3q.cloudfront.net/eyJidWNrZXQiOiJraWNrYXZlbnVlLWFzc2V0cyIsImtleSI6InByb2R1Y3RzLzEwODI3My80ZmM3ZWMyMjI4ZDdlYTUyODA2M2JiZGEwYTVmYzRjZC5wbmciLCJlZGl0cyI6eyJyZXNpemUiOnsid2lkdGgiOjQwMH0sIndlYnAiOnsicXVhbGl0eSI6NTB9fX0=,/sneakers/onitsuka-tiger/onitsuka-tiger-mexico-66-white-burgundy-d4j2l-0125-ka/108273?from=search
On Running Cloudnova Form White Eclipse,2750000,https://d5ibtax54de3q.cloudfront.net/eyJidWNrZXQiOiJraWNrYXZlbnVlLWFzc2V0cyIsImtleSI6InByb2R1Y3RzLzk3MjA1LzY2MWE5OWRhODU3NzBjMjdlNjE3YmI4MzAyNWYwOWM1LnBuZyIsImVkaXRzIjp7InJlc2l6ZSI6eyJ3aWR0aCI6NDAwfSwid2VicCI6eyJxdWFsaXR5Ijo1MH19fQ==,/sneakers/on-running/on-running-cloudnova-form-white-eclipse-2698483-ka/97205?from=search
Jordan 1 Mid SE Brown Elephant,1370000,https://d5ibtax54de3q.cloudfront.net/eyJidWNrZXQiOiJraWNrYXZlbnVlLWFzc2V0cyIsImtleSI6InByb2R1Y3RzLzkyMzU1LzBiYmVmYzc3YWUzNTg4NzBhZjhjNjkzZjE2MGI0NTQzLnBuZyIsImVkaXRzIjp7InJlc2l6ZSI6eyJ3aWR0aCI6NDAwfSwid2VicCI6eyJxdWFsaXR5Ijo1MH19fQ==,/sneakers/air-jordan/jordan-1-mid-se-brown-elephant-dz4129-102-ka/92355?from=search
New Balance 2002R Magnet Sandstone,1680000,https://d5ibtax54de3q.cloudfront.net/eyJidWNrZXQiOiJraWNrYXZlbnVlLWFzc2V0cyIsImtleSI6InByb2R1Y3RzLzczOTE1Lzc2NDExNjAyZDRjMGIwNzkxMDJiOGEwMTkyZDk4MjZjLnBuZyIsImVkaXRzIjp7InJlc2l6ZSI6eyJ3aWR0aCI6NDAwfSwid2VicCI6eyJxdWFsaXR5Ijo1MH19fQ==,/sneakers/new-balance/new-balance-2002r-magnet-sandstone-m2002rsh-ka/73915?from=search
Air Jordan 5 Retro A Ma Maniére Dusk,4320000,https://d5ibtax54de3q.cloudfront.net/eyJidWNrZXQiOiJraWNrYXZlbnVlLWFzc2V0cyIsImtleSI6InByb2R1Y3RzLzc1OTQ2L2U4ZWViMTY2NjBiY2Y4Mzk1ZTZmOGVlYzU4MGRlNmNmLnBuZyIsImVkaXRzIjp7InJlc2l6ZSI6eyJ3aWR0aCI6NDAwfSwid2VicCI6eyJxdWFsaXR5Ijo1MH19fQ==,/sneakers/air-jordan/air-jordan-5-retro-a-ma-manire-dusk-fd1330-001-ka/75946?from=search
Nike Air Max Pulse Have A Nike Day,1120000,https://d5ibtax54de3q.cloudfront.net/eyJidWNrZXQiOiJraWNrYXZlbnVlLWFzc2V0cyIsImtleSI6InByb2R1Y3RzLzgxNjAzL2M5MWJlZmNkNjMwNzdmZDFiNTY4NWQ5MDkxZTA3NzdhLnBuZyIsImVkaXRzIjp7InJlc2l6ZSI6eyJ3aWR0aCI6NDAwfSwid2VicCI6eyJxdWFsaXR5Ijo1MH19fQ==,/sneakers/nike/nike-air-max-pulse-have-a-nike-day-fn8885-101-ka-2/81603?from=search
New Balance 9060 Triple Black,2630000,https://d5ibtax54de3q.cloudfront.net/eyJidWNrZXQiOiJraWNrYXZlbnVlLWFzc2V0cyIsImtleSI6InByb2R1Y3RzLzc1NTk0L2MzMjFjZWEwMDFiMWQ1MmZmNWJkNGQwMDdlMDUwZDRkLnBuZyIsImVkaXRzIjp7InJlc2l6ZSI6eyJ3aWR0aCI6NDAwfSwid2VicCI6eyJxdWFsaXR5Ijo1MH19fQ==,/sneakers/new-balance/new-balance-9060-triple-black-u9060bpm-ka/75594?from=search
Crocs Mellow Recovery Clog Palace Bone,1920000,https://d5ibtax54de3q.cloudfront.net/eyJidWNrZXQiOiJraWNrYXZlbnVlLWFzc2V0cyIsImtleSI6InByb2R1Y3RzLzY4MzkzL2Q0NjVlMmNjYjBmNWZjOWYxOTc3Y2Y3MDkwMzc3NjZiLnBuZyIsImVkaXRzIjp7InJlc2l6ZSI6eyJ3aWR0aCI6NDAwfSwid2VicCI6eyJxdWFsaXR5Ijo1MH19fQ==,/sneakers/crocs/crocs-mellow-recovery-clog-palace-bone-209383-2y3-ka/68393?from=search
Nike Air Max 90 Phantom Light Bone Olive,1650000,https://d5ibtax54de3q.cloudfront.net/eyJidWNrZXQiOiJraWNrYXZlbnVlLWFzc2V0cyIsImtleSI6InByb2R1Y3RzLzc3MDQzLzc0YWQ2MGU3NDU1NDM4OGYyMTFhMzA4MzQ3OGNkYTBhLnBuZyIsImVkaXRzIjp7InJlc2l6ZSI6eyJ3aWR0aCI6NDAwfSwid2VicCI6eyJxdWFsaXR5Ijo1MH19fQ==,/sneakers/nike/nike-air-max-90-phantom-light-bone-olive-fb9657-002-ka/77043?from=search
New Balance XC-72 Icense,1360000,https://d5ibtax54de3q.cloudfront.net/eyJidWNrZXQiOiJraWNrYXZlbnVlLWFzc2V0cyIsImtleSI6InByb2R1Y3RzLzU4MTE5Lzc4NGI4YTFhM2M4YzZmOGM0YzgxYzU4OGFhYjA5YjY1LmpwZWciLCJlZGl0cyI6eyJyZXNpemUiOnsid2lkdGgiOjQwMH0sIndlYnAiOnsicXVhbGl0eSI6NTB9fX0=,/sneakers/new-balance/new-balance-xc-72-icense-uxc72cd-ka/58119?from=search
Under Armour Curry 11 Future Curry,1450000,https://d5ibtax54de3q.cloudfront.net/eyJidWNrZXQiOiJraWNrYXZlbnVlLWFzc2V0cyIsImtleSI6InByb2R1Y3RzLzczMjY5L2U5MjI2Mjc1NWQ4OTMyYzEzMDBkOWZiNTc4MGJkYTJmLnBuZyIsImVkaXRzIjp7InJlc2l6ZSI6eyJ3aWR0aCI6NDAwfSwid2VicCI6eyJxdWFsaXR5Ijo1MH19fQ==,/sneakers/under-armour/under-armour-curry-11-future-curry-3027416-100-ka/73269?from=search
Adidas Stan Smith Golf Bape 30th Anniversary,1610000,https://d5ibtax54de3q.cloudfront.net/eyJidWNrZXQiOiJraWNrYXZlbnVlLWFzc2V0cyIsImtleSI6InByb2R1Y3RzLzczOTM4LzE4OTY0Y2NkNGU4ZTFlM2FhNDVhMDViMzVkYTYxZTg3LnBuZyIsImVkaXRzIjp7InJlc2l6ZSI6eyJ3aWR0aCI6NDAwfSwid2VicCI6eyJxdWFsaXR5Ijo1MH19fQ==,/sneakers/adidas/adidas-stan-smith-golf-bape-30th-anniversary-ig5916-ka/73938?from=search
ASICS EX89 Charlotte Cardin White,1760000,https://d5ibtax54de3q.cloudfront.net/eyJidWNrZXQiOiJraWNrYXZlbnVlLWFzc2V0cyIsImtleSI6InByb2R1Y3RzLzk5OTkzL2ZmNTg3YWI4Yzk0M2M1M2JkNTFlYzYzMWI3OTFmMzQ4LnBuZyIsImVkaXRzIjp7InJlc2l6ZSI6eyJ3aWR0aCI6NDAwfSwid2VicCI6eyJxdWFsaXR5Ijo1MH19fQ==,/sneakers/asics/asics-ex89-charlotte-cardin-white-1203a255-100-ka/99993?from=search
Nike KD 4 Galaxy (2024),2320000,https://d5ibtax54de3q.cloudfront.net/eyJidWNrZXQiOiJraWNrYXZlbnVlLWFzc2V0cyIsImtleSI6InByb2R1Y3RzLzk1OTMwL2M2NjJlYjkyZDQxNTk2ODgwMGNjNDIyNjAxNjY4YWY4LnBuZyIsImVkaXRzIjp7InJlc2l6ZSI6eyJ3aWR0aCI6NDAwfSwid2VicCI6eyJxdWFsaXR5Ijo1MH19fQ==,/sneakers/nike/nike-kd-4-galaxy-2024-fd2635-001-ka/95930?from=search
Adidas AE 1 With Love,1410000,https://d5ibtax54de3q.cloudfront.net/eyJidWNrZXQiOiJraWNrYXZlbnVlLWFzc2V0cyIsImtleSI6InByb2R1Y3RzLzc3MzkwL2QxZWJkNzU5MWU0YmY0YjZkOGQzZDY4M2I1MTAzZTkzLnBuZyIsImVkaXRzIjp7InJlc2l6ZSI6eyJ3aWR0aCI6NDAwfSwid2VicCI6eyJxdWFsaXR5Ijo1MH19fQ==,/sneakers/adidas/adidas-ae-1-with-love-if1859-ka/77390?from=search
Adidas Fear of God Athletics Los Angeles Sesame,4320000,https://d5ibtax54de3q.cloudfront.net/eyJidWNrZXQiOiJraWNrYXZlbnVlLWFzc2V0cyIsImtleSI6InByb2R1Y3RzLzc4NDA4LzhhNjNkNDkwN2U4MGNhZDZkODdmOTc1YTZmMThmODJmLnBuZyIsImVkaXRzIjp7InJlc2l6ZSI6eyJ3aWR0aCI6NDAwfSwid2VicCI6eyJxdWFsaXR5Ijo1MH19fQ==,/sneakers/adidas/adidas-fear-of-god-athletics-los-angeles-sesame-if1758-ka/78408?from=search
New Balance Kith x Madison Square Garden x 990v6 Made in USA New York Rangers,4580000,https://d5ibtax54de3q.cloudfront.net/eyJidWNrZXQiOiJraWNrYXZlbnVlLWFzc2V0cyIsImtleSI6InByb2R1Y3RzLzk5MDgwLzUyMjk2YTdmOTExZTRjMGZjZjJlMzI4OTg0ZWQwNTg0LnBuZyIsImVkaXRzIjp7InJlc2l6ZSI6eyJ3aWR0aCI6NDAwfSwid2VicCI6eyJxdWFsaXR5Ijo1MH19fQ==,/sneakers/new-balance/new-balance-kith-x-madison-square-garden-x-990v6-made-in-usa-new-york-rangers-u990kr6-ka-2/99080?from=search
Vans Knu Skool Grey MultiColor,1330000,https://d5ibtax54de3q.cloudfront.net/eyJidWNrZXQiOiJraWNrYXZlbnVlLWFzc2V0cyIsImtleSI6InByb2R1Y3RzLzExMTY0Ny8xN2JkMmFmMzRhMjVlMGM0NTk5NjQxODU5ZDNmMzVlMi5wbmciLCJlZGl0cyI6eyJyZXNpemUiOnsid2lkdGgiOjQwMH0sIndlYnAiOnsicXVhbGl0eSI6NTB9fX0=,/sneakers/vans/vans-knu-skool-grey-multicolor-vn000cs0bgg-ka/111647?from=search
Air Jordan 3 Retro Quai 54 (2024),5010000,https://d5ibtax54de3q.cloudfront.net/eyJidWNrZXQiOiJraWNrYXZlbnVlLWFzc2V0cyIsImtleSI6InByb2R1Y3RzLzEwNjYyNC9kN2U2OTJlNThkM2ZmYjUzZDFjMWFmZjJkZjE5NjczMi5wbmciLCJlZGl0cyI6eyJyZXNpemUiOnsid2lkdGgiOjQwMH0sIndlYnAiOnsicXVhbGl0eSI6NTB9fX0=,/sneakers/air-jordan/air-jordan-3-retro-quai-54-2024-fz5649-100-ka/106624?from=search
Nike Hot Step 2 Drake NOCTA Total Orange,3120000,https://d5ibtax54de3q.cloudfront.net/eyJidWNrZXQiOiJraWNrYXZlbnVlLWFzc2V0cyIsImtleSI6InByb2R1Y3RzLzEwMzQxNi83MmMxNGQxNTBlOTM0OThhZWU4ZGIxMDA4MzYxZjcwMS5wbmciLCJlZGl0cyI6eyJyZXNpemUiOnsid2lkdGgiOjQwMH0sIndlYnAiOnsicXVhbGl0eSI6NTB9fX0=,/sneakers/nike/nike-hot-step-2-drake-nocta-total-orange-dz7293-800-ka/103416?from=search
ASICS Gel-1130 Kith Cream Scarab (2024),3730000,https://d5ibtax54de3q.cloudfront.net/eyJidWNrZXQiOiJraWNrYXZlbnVlLWFzc2V0cyIsImtleSI6InByb2R1Y3RzLzExMTI2Ni8wYTE0OTgwZGY3N2JiMjhiYTc1OTViNzgyNDA4Mjg0ZC5wbmciLCJlZGl0cyI6eyJyZXNpemUiOnsid2lkdGgiOjQwMH0sIndlYnAiOnsicXVhbGl0eSI6NTB9fX0=,/sneakers/asics/asics-gel-1130-kith-cream-scarab-2024-1203a565-100-ka/111266?from=search
Mercedes-AMG Petronas F1 x Puma Suede T Crews Go Summer,2770000,https://d5ibtax54de3q.cloudfront.net/eyJidWNrZXQiOiJraWNrYXZlbnVlLWFzc2V0cyIsImtleSI6InByb2R1Y3RzLzEwOTA4Ni9mODQ4Mzk2M2VmZTVlYmQ2YzI5ZDNmMDJjYjU4ZDZjMi5wbmciLCJlZGl0cyI6eyJyZXNpemUiOnsid2lkdGgiOjQwMH0sIndlYnAiOnsicXVhbGl0eSI6NTB9fX0=,/sneakers/puma/mercedes-amg-petronas-f1-x-puma-suede-t-crews-go-summer-308119-01-ka/109086?from=search
ASICS Gel Kayano 12.1 x Kith Cream Sage,5000000,https://d5ibtax54de3q.cloudfront.net/eyJidWNrZXQiOiJraWNrYXZlbnVlLWFzc2V0cyIsImtleSI6InByb2R1Y3RzLzExNDYzNy9mMzY4MGVhNDhjZmNhODU0OTIzYTI0NmE4MDU4NjBkYy5wbmciLCJlZGl0cyI6eyJyZXNpemUiOnsid2lkdGgiOjQwMH0sIndlYnAiOnsicXVhbGl0eSI6NTB9fX0=,/sneakers/asics/asics-gel-kayano-121-x-kith-cream-sage-1203a675-100-ka/114637?from=search
New Balance 1906R Polka Dot Pack Moonrock,1690000,https://d5ibtax54de3q.cloudfront.net/eyJidWNrZXQiOiJraWNrYXZlbnVlLWFzc2V0cyIsImtleSI6InByb2R1Y3RzLzEwNDkzMC81N2YxOWMxY2JmYjBiOWYxZDMwYWU1ODA5Yjg3NGMyZS5wbmciLCJlZGl0cyI6eyJyZXNpemUiOnsid2lkdGgiOjQwMH0sIndlYnAiOnsicXVhbGl0eSI6NTB9fX0=,/sneakers/new-balance/new-balance-1906r-polka-dot-pack-moonrock-m1906rpa-ka/104930?from=search
Adidas Samba OG Preloved Yellow Green,1480000,https://d5ibtax54de3q.cloudfront.net/eyJidWNrZXQiOiJraWNrYXZlbnVlLWFzc2V0cyIsImtleSI6InByb2R1Y3RzLzEwNzMyMy84OTZhNzIyOGI0YjI0OGQyN2QwYWYxNWU5NThjNTIzYy5wbmciLCJlZGl0cyI6eyJyZXNpemUiOnsid2lkdGgiOjQwMH0sIndlYnAiOnsicXVhbGl0eSI6NTB9fX0=,/sneakers/adidas/adidas-samba-og-preloved-yellow-green-ie9165-ka/107323?from=search
Air Jordan 39 A Ma Maniére While You Were Sleeping,4430000,https://d5ibtax54de3q.cloudfront.net/eyJidWNrZXQiOiJraWNrYXZlbnVlLWFzc2V0cyIsImtleSI6InByb2R1Y3RzLzExMjEyMC9iYzQ5MGRjZDcyYmQ3OTMxZWYyMWM5MWEzZjQzOWI5NS5wbmciLCJlZGl0cyI6eyJyZXNpemUiOnsid2lkdGgiOjQwMH0sIndlYnAiOnsicXVhbGl0eSI6NTB9fX0=,/sneakers/air-jordan/air-jordan-39-a-ma-manire-while-you-were-sleeping-fq7617-200-ka/112120?from=search
Nike Giannis Freak 6 EP Vibrancy Black,1500000,https://d5ibtax54de3q.cloudfront.net/eyJidWNrZXQiOiJraWNrYXZlbnVlLWFzc2V0cyIsImtleSI6InByb2R1Y3RzLzExNTI5OC83ZTgzNGQyNDE3ZTllYjhlMTgyY2FkNDFhZGVmZmUyMS5wbmciLCJlZGl0cyI6eyJyZXNpemUiOnsid2lkdGgiOjQwMH0sIndlYnAiOnsicXVhbGl0eSI6NTB9fX0=,/sneakers/nike/nike-giannis-freak-6-ep-vibrancy-black-fj7807-001-ka/115298?from=search
Adidas Adizero F50 Elite FG Bad Bunny Lionel Messi La Voz De Los Fans,5460000,https://d5ibtax54de3q.cloudfront.net/eyJidWNrZXQiOiJraWNrYXZlbnVlLWFzc2V0cyIsImtleSI6InByb2R1Y3RzLzExNDExNS82M2QyZTcwOGU1N2E2NDk3NzE4NGYxNzkxODQzNzViZC5wbmciLCJlZGl0cyI6eyJyZXNpemUiOnsid2lkdGgiOjQwMH0sIndlYnAiOnsicXVhbGl0eSI6NTB9fX0=,/sneakers/adidas/adidas-adizero-f50-elite-fg-bad-bunny-lionel-messi-la-voz-de-los-fans-ih7336-ka/114115?from=search
ASICS Gel-NYC Kicki Yang Zhang Black Pure Silver,2100000,https://d5ibtax54de3q.cloudfront.net/eyJidWNrZXQiOiJraWNrYXZlbnVlLWFzc2V0cyIsImtleSI6InByb2R1Y3RzLzExMzM1MS9mNmUzNzQzNDc2MTZmZWM2YmE2MGY0Y2NkY2JhY2JhZC5wbmciLCJlZGl0cyI6eyJyZXNpemUiOnsid2lkdGgiOjQwMH0sIndlYnAiOnsicXVhbGl0eSI6NTB9fX0=,/sneakers/asics/asics-gel-nyc-kicki-yang-zhang-black-pure-silver-1203a571-001-ka/113351?from=search
New Balance FuelCell SuperComp Elite v4 Cyber Jade,2950000,https://d5ibtax54de3q.cloudfront.net/eyJidWNrZXQiOiJraWNrYXZlbnVlLWFzc2V0cyIsImtleSI6InByb2R1Y3RzLzEwOTk1My9lZTQ1NjU2ZDkwYjlhZGU0NTc1YjRhNWExODExYWFiNS5wbmciLCJlZGl0cyI6eyJyZXNpemUiOnsid2lkdGgiOjQwMH0sIndlYnAiOnsicXVhbGl0eSI6NTB9fX0=,/sneakers/new-balance/new-balance-fuelcell-supercomp-elite-v4-cyber-jade-mrcelct4-ka/109953?from=search
New Balance 5740 Concrete Grey,1290000,https://d5ibtax54de3q.cloudfront.net/eyJidWNrZXQiOiJraWNrYXZlbnVlLWFzc2V0cyIsImtleSI6InByb2R1Y3RzLzU4MTM1Lzg4NDFhMTgwOWYyMGYyNWJmZGViZmU0YjQzZjc3OGZiLmpwZWciLCJlZGl0cyI6eyJyZXNpemUiOnsid2lkdGgiOjQwMH0sIndlYnAiOnsicXVhbGl0eSI6NTB9fX0=,/sneakers/new-balance/new-balance-5740-concrete-grey-m5740cpb-ka/58135?from=search
Nike Kyrie Low 5 EP Orchid,2250000,https://d5ibtax54de3q.cloudfront.net/eyJidWNrZXQiOiJraWNrYXZlbnVlLWFzc2V0cyIsImtleSI6InByb2R1Y3RzLzgyNTQ2L2NmOTg0NDJmMjczOGEyMjhmNDY2YzNhOTMwNmI0MDAwLnBuZyIsImVkaXRzIjp7InJlc2l6ZSI6eyJ3aWR0aCI6NDAwfSwid2VicCI6eyJxdWFsaXR5Ijo1MH19fQ==,/sneakers/nike/nike-kyrie-low-5-ep-orchid-dj6014-500-ka/82546?from=search
ASICS Skyhand OG HAY Pink,1980000,https://d5ibtax54de3q.cloudfront.net/eyJidWNrZXQiOiJraWNrYXZlbnVlLWFzc2V0cyIsImtleSI6InByb2R1Y3RzLzEwNzI1My9lMTJkM2RmNDIzMWZjYzk4OWU0NzkxNmM3M2EzOTA3Yi5wbmciLCJlZGl0cyI6eyJyZXNpemUiOnsid2lkdGgiOjQwMH0sIndlYnAiOnsicXVhbGl0eSI6NTB9fX0=,/sneakers/asics/asics-skyhand-og-hay-pink-1203a563-700-ka/107253?from=search
Adidas AE 1 Low Mural,1500000,https://d5ibtax54de3q.cloudfront.net/eyJidWNrZXQiOiJraWNrYXZlbnVlLWFzc2V0cyIsImtleSI6InByb2R1Y3RzLzExMDgzNS82YTQ1ZGUzNjAzYzE1OTM0NjgyOTE4NDJmNzQ0ZTIzYS5wbmciLCJlZGl0cyI6eyJyZXNpemUiOnsid2lkdGgiOjQwMH0sIndlYnAiOnsicXVhbGl0eSI6NTB9fX0=,/sneakers/adidas/adidas-ae-1-low-mural-ji4068-ka/110835?from=search
New Balance RC42 White Reflection,1800000,https://d5ibtax54de3q.cloudfront.net/eyJidWNrZXQiOiJraWNrYXZlbnVlLWFzc2V0cyIsImtleSI6InByb2R1Y3RzLzEwNzA1OC9lODc4YTUzNzI0NjkwMWU1MjNkYzdhNGIzNGY3MjY3ZC5wbmciLCJlZGl0cyI6eyJyZXNpemUiOnsid2lkdGgiOjQwMH0sIndlYnAiOnsicXVhbGl0eSI6NTB9fX0=,/sneakers/new-balance/new-balance-rc42-white-reflection-urc42la-ka/107058?from=search
Adidas Gazelle Indoor Hazy Green,1300000,https://d5ibtax54de3q.cloudfront.net/eyJidWNrZXQiOiJraWNrYXZlbnVlLWFzc2V0cyIsImtleSI6InByb2R1Y3RzLzEwOTYxNC8xYjNmYWNlZGQ0YWJmMTM5MDYzZmZkMDM5MjZkZDQyZi5wbmciLCJlZGl0cyI6eyJyZXNpemUiOnsid2lkdGgiOjQwMH0sIndlYnAiOnsicXVhbGl0eSI6NTB9fX0=,/sneakers/adidas/adidas-gazelle-indoor-hazy-green-ie6605-ka/109614?from=search
Nike SB Dunk Low Hyper Royal Malachite,1260000,https://d5ibtax54de3q.cloudfront.net/eyJidWNrZXQiOiJraWNrYXZlbnVlLWFzc2V0cyIsImtleSI6InByb2R1Y3RzLzEwMzg1NS9kNzAyZjhiOWM2NWZiNzcxOGRiYzFmMWQwY2QxMjA3NS5wbmciLCJlZGl0cyI6eyJyZXNpemUiOnsid2lkdGgiOjQwMH0sIndlYnAiOnsicXVhbGl0eSI6NTB9fX0=,/sneakers/nike/nike-sb-dunk-low-hyper-royal-malachite-hf3704-001-ka/103855?from=search
Adidas Handball Spezial Sporty & Rich USA,2060000,https://d5ibtax54de3q.cloudfront.net/eyJidWNrZXQiOiJraWNrYXZlbnVlLWFzc2V0cyIsImtleSI6InByb2R1Y3RzLzEwOTYwMC81YmRmZWY0ZjI4ZDVmZTk0OWEwNmJkMzg3MGE2ZjcxMi5wbmciLCJlZGl0cyI6eyJyZXNpemUiOnsid2lkdGgiOjQwMH0sIndlYnAiOnsicXVhbGl0eSI6NTB9fX0=,/sneakers/adidas/adidas-handball-spezial-sporty-rich-usa-ih8337-ka/109600?from=search
Nike Dunk Low White Grey Navy Aqua Mini Swoosh,1660000,https://d5ibtax54de3q.cloudfront.net/eyJidWNrZXQiOiJraWNrYXZlbnVlLWFzc2V0cyIsImtleSI6InByb2R1Y3RzLzczNjU3LzU3NmNhZjFiM2VjYzdjMzlkNzYzZWNjYmM0ZTY2MzA0LnBuZyIsImVkaXRzIjp7InJlc2l6ZSI6eyJ3aWR0aCI6NDAwfSwid2VicCI6eyJxdWFsaXR5Ijo1MH19fQ==,/sneakers/nike/nike-dunk-low-white-grey-navy-aqua-mini-swoosh-fj4227-001-ka/73657?from=search
New Balance 2002R Bordeaux,2800000,https://d5ibtax54de3q.cloudfront.net/eyJidWNrZXQiOiJraWNrYXZlbnVlLWFzc2V0cyIsImtleSI6InByb2R1Y3RzLzMxMjMyLzNmMzMyNzVlN2I1NGEyNGUyNTQzYTc5YTZlYTc1ZDc4LnBuZyIsImVkaXRzIjp7InJlc2l6ZSI6eyJ3aWR0aCI6NDAwfSwid2VicCI6eyJxdWFsaXR5Ijo1MH19fQ==,/sneakers/new-balance/new-balance-2002r-bordeaux-m2002rha-ka-2/31232?from=search
Onitsuka Tiger Mexico 66 Birch Green 2022,1500000,https://d5ibtax54de3q.cloudfront.net/eyJidWNrZXQiOiJraWNrYXZlbnVlLWFzc2V0cyIsImtleSI6InByb2R1Y3RzLzEwODMwMS8yYjJhNzBjNmIxOGIzNTFiMWUwYmFmZjdmMWQzYWRmNy5wbmciLCJlZGl0cyI6eyJyZXNpemUiOnsid2lkdGgiOjQwMH0sIndlYnAiOnsicXVhbGl0eSI6NTB9fX0=,/sneakers/onitsuka-tiger/onitsuka-tiger-mexico-66-birch-green-2022-dl408-1684-ka/108301?from=search
Puma Palermo Dewdrop,1540000,https://d5ibtax54de3q.cloudfront.net/eyJidWNrZXQiOiJraWNrYXZlbnVlLWFzc2V0cyIsImtleSI6InByb2R1Y3RzLzExMjI2Ny8yZDBjNmIxOTlkY2ZjNDMyMTU4YjljYjlkMjFiYmI0OC5wbmciLCJlZGl0cyI6eyJyZXNpemUiOnsid2lkdGgiOjQwMH0sIndlYnAiOnsicXVhbGl0eSI6NTB9fX0=,/sneakers/puma/puma-palermo-dewdrop-396463-04-ka/112267?from=search
Nike Calm Mules Hemp,690000,https://d5ibtax54de3q.cloudfront.net/eyJidWNrZXQiOiJraWNrYXZlbnVlLWFzc2V0cyIsImtleSI6InByb2R1Y3RzLzc1NDA2LzllMDE1NzJlNjFiMzE1NjcyNGVkMTYxYmIyY2VjZWNmLnBuZyIsImVkaXRzIjp7InJlc2l6ZSI6eyJ3aWR0aCI6NDAwfSwid2VicCI6eyJxdWFsaXR5Ijo1MH19fQ==,/sneakers/nike/nike-calm-mules-hemp-fd5131-200-ka/75406?from=search
Air Jordan Legacy 312 White Midnight Navy,3510000,https://d5ibtax54de3q.cloudfront.net/eyJidWNrZXQiOiJraWNrYXZlbnVlLWFzc2V0cyIsImtleSI6InByb2R1Y3RzLzk0MDE1LzdiZGE5NjY3MjUyZjk0YzFjMGIwZTdkYjJlZjE1NDA0LnBuZyIsImVkaXRzIjp7InJlc2l6ZSI6eyJ3aWR0aCI6NDAwfSwid2VicCI6eyJxdWFsaXR5Ijo1MH19fQ==,/sneakers/air-jordan/air-jordan-legacy-312-white-midnight-navy-do7441-401-ka/94015?from=search
New Balance 2002R Grey Brown Pouch,2800000,https://d5ibtax54de3q.cloudfront.net/eyJidWNrZXQiOiJraWNrYXZlbnVlLWFzc2V0cyIsImtleSI6InByb2R1Y3RzLzMyMTYwLzdlNTM4MjY5NDNmNTRlNzJmZDc1OGJlOWIxZjkwZjU1LnBuZyIsImVkaXRzIjp7InJlc2l6ZSI6eyJ3aWR0aCI6NDAwfSwid2VicCI6eyJxdWFsaXR5Ijo1MH19fQ==,/sneakers/new-balance/new-balance-2002r-grey-brown-pouch-m2002rva-ka-2/32160?from=search
New Balance 990v5 Grey,2250000,https://d5ibtax54de3q.cloudfront.net/eyJidWNrZXQiOiJraWNrYXZlbnVlLWFzc2V0cyIsImtleSI6InByb2R1Y3RzLzU2MDIvYzVjNzBiMzQtMDdkYy00ZjVhLWE1NmMtY2JlMzUxYTcwMzM1LmpwZWciLCJlZGl0cyI6eyJyZXNpemUiOnsid2lkdGgiOjQwMH0sIndlYnAiOnsicXVhbGl0eSI6NTB9fX0=,/sneakers/new-balance/new-balance-990v5-grey-m990gl5-ka-2/5602?from=search
Converse One Star Ox Golf Le Fleur Industrial Pack Barely Blue,4590000,https://d5ibtax54de3q.cloudfront.net/eyJidWNrZXQiOiJraWNrYXZlbnVlLWFzc2V0cyIsImtleSI6InByb2R1Y3RzLzMyNzcvNjA2YjU3N2IwZGViOTY0OGM3ZmVkOTU3MDAxYTUyZTMucG5nIiwiZWRpdHMiOnsicmVzaXplIjp7IndpZHRoIjo0MDB9LCJ3ZWJwIjp7InF1YWxpdHkiOjUwfX19,/sneakers/converse/converse-one-star-ox-golf-le-fleur-industrial-pack-barely-blue-164024c-ka-2/3277?from=search
Dr. Martens Leather Ankle Boots Brown,2450000,https://d5ibtax54de3q.cloudfront.net/eyJidWNrZXQiOiJraWNrYXZlbnVlLWFzc2V0cyIsImtleSI6InByb2R1Y3RzLzg3OTkvYjI5OTUyYTItMjljZi00ZmMwLThjMjUtODczYTA1OTYxMjg3LnBuZyIsImVkaXRzIjp7InJlc2l6ZSI6eyJ3aWR0aCI6NDAwfSwid2VicCI6eyJxdWFsaXR5Ijo1MH19fQ==,/sneakers/dr.-martens/dr-martens-leather-ankle-boots-brown-11822203-ka/8799?from=search
New Balance 992 Tan,3150000,https://d5ibtax54de3q.cloudfront.net/eyJidWNrZXQiOiJraWNrYXZlbnVlLWFzc2V0cyIsImtleSI6InByb2R1Y3RzLzE0NDAzL2RkYmQ2ODJjMDkwYWQ4YWFkMGI2N2U3ZWQ0ZjM1ZTdhLnBuZyIsImVkaXRzIjp7InJlc2l6ZSI6eyJ3aWR0aCI6NDAwfSwid2VicCI6eyJxdWFsaXR5Ijo1MH19fQ==,/sneakers/new-balance/new-balance-992-tan-m992tn-ka-2/14403?from=search
Nike Air Max 90 White Action Grape,1000000,https://d5ibtax54de3q.cloudfront.net/eyJidWNrZXQiOiJraWNrYXZlbnVlLWFzc2V0cyIsImtleSI6InByb2R1Y3RzLzYzNjg3L2MyMWJiMWNkZTVjMDYzOGYyNmYxMmEzYTY3OGU4ODY3LmpwZWciLCJlZGl0cyI6eyJyZXNpemUiOnsid2lkdGgiOjQwMH0sIndlYnAiOnsicXVhbGl0eSI6NTB9fX0=,/sneakers/nike/nike-air-max-90-white-action-grape-dm0029-102-ka/63687?from=search
New Balance 990v4 Stussy Cream,3950000,https://d5ibtax54de3q.cloudfront.net/eyJidWNrZXQiOiJraWNrYXZlbnVlLWFzc2V0cyIsImtleSI6InByb2R1Y3RzLzY5NTE1LzdkYzNlMWI0MmE2ZTQ5NDJkNDM0NGMwZDhlZTQzY2EwLnBuZyIsImVkaXRzIjp7InJlc2l6ZSI6eyJ3aWR0aCI6NDAwfSwid2VicCI6eyJxdWFsaXR5Ijo1MH19fQ==,/sneakers/new-balance/new-balance-990v4-stussy-cream-m990sc4-ka/69515?from=search
Nike Air Max Axis White,650000,https://d5ibtax54de3q.cloudfront.net/eyJidWNrZXQiOiJraWNrYXZlbnVlLWFzc2V0cyIsImtleSI6InByb2R1Y3RzLzY0OTY2Lzk0NzIxYWRjN2NhNTJkY2UzODg2MjFjMGMwY2MyMDgxLmpwZWciLCJlZGl0cyI6eyJyZXNpemUiOnsid2lkdGgiOjQwMH0sIndlYnAiOnsicXVhbGl0eSI6NTB9fX0=,/sneakers/nike/nike-air-max-axis-white-aa2146-100-ka/64966?from=search
Reebok Classic Leather White Gump,500000,https://d5ibtax54de3q.cloudfront.net/eyJidWNrZXQiOiJraWNrYXZlbnVlLWFzc2V0cyIsImtleSI6InByb2R1Y3RzLzU4MTU3LzM4MTQ3Y2ZkMjFmMjQwMDFkNWM2NzE5ODg0ZDFhM2Q3LmpwZWciLCJlZGl0cyI6eyJyZXNpemUiOnsid2lkdGgiOjQwMH0sIndlYnAiOnsicXVhbGl0eSI6NTB9fX0=,/sneakers/reebok/reebok-classic-leather-white-gump-gy0952-ka/58157?from=search
Vans Slip-On Krooked By Natas Ray Skate Black,1230000,https://d5ibtax54de3q.cloudfront.net/eyJidWNrZXQiOiJraWNrYXZlbnVlLWFzc2V0cyIsImtleSI6InByb2R1Y3RzLzcyMDU5L2ViNzU2YzM1ZjllMzU2ODI1MzQwYjRmNmJhZTkxOTczLnBuZyIsImVkaXRzIjp7InJlc2l6ZSI6eyJ3aWR0aCI6NDAwfSwid2VicCI6eyJxdWFsaXR5Ijo1MH19fQ==,/sneakers/vans/vans-slip-on-krooked-by-natas-ray-skate-black-vn0a5fcaapm-ka/72059?from=search
Nike Blazer Low Pro GT Premium SB Brown Realtree,760000,https://d5ibtax54de3q.cloudfront.net/eyJidWNrZXQiOiJraWNrYXZlbnVlLWFzc2V0cyIsImtleSI6InByb2R1Y3RzLzgxOTUwLzAwNzM4N2RlMmY5MGVkYTIyNjU0OGY2Y2NlOTRjOTJhLnBuZyIsImVkaXRzIjp7InJlc2l6ZSI6eyJ3aWR0aCI6NDAwfSwid2VicCI6eyJxdWFsaXR5Ijo1MH19fQ==,/sneakers/nike/nike-blazer-low-pro-gt-premium-sb-brown-realtree-do9398-001-ka-2/81950?from=search
UGG Tasman Slipper Mustard Seed (Women's),5330000,https://d5ibtax54de3q.cloudfront.net/eyJidWNrZXQiOiJraWNrYXZlbnVlLWFzc2V0cyIsImtleSI6InByb2R1Y3RzLzczMTEwLzliY2QyODllZjQ4ZTkxMDQwMjI1ZmQ3MmUwOGE4MTQ0LnBuZyIsImVkaXRzIjp7InJlc2l6ZSI6eyJ3aWR0aCI6NDAwfSwid2VicCI6eyJxdWFsaXR5Ijo1MH19fQ==,/sneakers/ugg/ugg-tasman-slipper-mustard-seed-w-5955-mswh-ka/73110?from=search
Salomon XT-4 Fenugreek,3250000,https://d5ibtax54de3q.cloudfront.net/eyJidWNrZXQiOiJraWNrYXZlbnVlLWFzc2V0cyIsImtleSI6InByb2R1Y3RzLzQxMjg2L2RiYjc3Nzc2NzQ0YWZlYjlhNzExNmVmYTE0NWQ1MDhhLmpwZWciLCJlZGl0cyI6eyJyZXNpemUiOnsid2lkdGgiOjQwMH0sIndlYnAiOnsicXVhbGl0eSI6NTB9fX0=,/sneakers/salomon/salomon-xt-4-fenugreek-l41709500-ka/41286?from=search
Onitsuka Tiger Mexico 66 Watershed Rose,2890000,https://d5ibtax54de3q.cloudfront.net/eyJidWNrZXQiOiJraWNrYXZlbnVlLWFzc2V0cyIsImtleSI6InByb2R1Y3RzLzYwNzEyL2JlMjdkNGM1MWYzZDczMmJiZjY5ODI3YTU4M2E3ODdhLmpwZWciLCJlZGl0cyI6eyJyZXNpemUiOnsid2lkdGgiOjQwMH0sIndlYnAiOnsicXVhbGl0eSI6NTB9fX0=,/sneakers/onitsuka-tiger/onitsuka-tiger-mexico-66-watershed-rose-1182a078-703-ka/60712?from=search
Vans Sk8-Hi mooneyes,830000,https://d5ibtax54de3q.cloudfront.net/eyJidWNrZXQiOiJraWNrYXZlbnVlLWFzc2V0cyIsImtleSI6InByb2R1Y3RzLzU4MTU0L2E5NWVkNDU4Nzk5ODExYTA4M2QwNjMxMmU4ZmZlNmIyLmpwZWciLCJlZGl0cyI6eyJyZXNpemUiOnsid2lkdGgiOjQwMH0sIndlYnAiOnsicXVhbGl0eSI6NTB9fX0=,/sneakers/vans/vans-sk8-hi-mooneyes-vn0a5jmjy23-ka/58154?from=search
Vans SK8 Low Black,1500000,https://d5ibtax54de3q.cloudfront.net/eyJidWNrZXQiOiJraWNrYXZlbnVlLWFzc2V0cyIsImtleSI6InByb2R1Y3RzLzU5MDQyL2I5NDdhZDhlOWM0NmQzNjc3MWQ5YmVkODZhMGZkNWIzLmpwZWciLCJlZGl0cyI6eyJyZXNpemUiOnsid2lkdGgiOjQwMH0sIndlYnAiOnsicXVhbGl0eSI6NTB9fX0=,/sneakers/vans/vans-sk8-low-black-vn0a4uukenr-ka/59042?from=search
Adidas Campus 00's Pantone Cloud White,1200000,https://d5ibtax54de3q.cloudfront.net/eyJidWNrZXQiOiJraWNrYXZlbnVlLWFzc2V0cyIsImtleSI6InByb2R1Y3RzLzU5NjI3LzQxYjE0NzZkNWIxNDg5MzY5Y2RhOTA0OGNkMDIxNjhlLmpwZWciLCJlZGl0cyI6eyJyZXNpemUiOnsid2lkdGgiOjQwMH0sIndlYnAiOnsicXVhbGl0eSI6NTB9fX0=,/sneakers/adidas/adidas-campus-00s-pantone-cloud-white-h03473-ka/59627?from=search
Dr. Martens Adrian Smooth Leather Tassel Loafers,2520000,https://d5ibtax54de3q.cloudfront.net/eyJidWNrZXQiOiJraWNrYXZlbnVlLWFzc2V0cyIsImtleSI6InByb2R1Y3RzLzcxNTc3LzE2YzcxMThjYjgyZjA5YmIzYjIzOGY0OWZiZTNhMGNjLnBuZyIsImVkaXRzIjp7InJlc2l6ZSI6eyJ3aWR0aCI6NDAwfSwid2VicCI6eyJxdWFsaXR5Ijo1MH19fQ==,/sneakers/dr.-martens/dr-martens-adrian-smooth-leather-tassel-loafers-14573001-ka/71577?from=search
New Balance 998 Kith Spring 2,8050000,https://d5ibtax54de3q.cloudfront.net/eyJidWNrZXQiOiJraWNrYXZlbnVlLWFzc2V0cyIsImtleSI6InByb2R1Y3RzLzU5NDM4L2FlMTVhYmJiNGZkM2QzMjBmMzExZTBiNzRlNDUxZmNmLmpwZWciLCJlZGl0cyI6eyJyZXNpemUiOnsid2lkdGgiOjQwMH0sIndlYnAiOnsicXVhbGl0eSI6NTB9fX0=,/sneakers/new-balance/new-balance-998-kith-spring-2-m998kt-ka/59438?from=search
Adidas Ultra Boost 5.0 DNA Triple Black,2410000,https://d5ibtax54de3q.cloudfront.net/eyJidWNrZXQiOiJraWNrYXZlbnVlLWFzc2V0cyIsImtleSI6InByb2R1Y3RzLzYzMDM0Lzk3NDk2NzQ3MzkwZTZjNTk0NTQ2MjMzODUzMzgwYWU2LmpwZWciLCJlZGl0cyI6eyJyZXNpemUiOnsid2lkdGgiOjQwMH0sIndlYnAiOnsicXVhbGl0eSI6NTB9fX0=,/sneakers/adidas/adidas-ultra-boost-50-dna-triple-black-gv8745-ka/63034?from=search
Adidas Centennial 85 Low,1050000,https://d5ibtax54de3q.cloudfront.net/eyJidWNrZXQiOiJraWNrYXZlbnVlLWFzc2V0cyIsImtleSI6InByb2R1Y3RzLzYzMjA4L2IyZTg3MjBmNDIxNWQxOTlhNTFhMjRiNzk4MDJkY2ZkLmpwZWciLCJlZGl0cyI6eyJyZXNpemUiOnsid2lkdGgiOjQwMH0sIndlYnAiOnsicXVhbGl0eSI6NTB9fX0=,/sneakers/adidas/adidas-centennial-85-low-fz5880-ka/63208?from=search
Adidas Campus 00's Charcoal Black,1840000,https://d5ibtax54de3q.cloudfront.net/eyJidWNrZXQiOiJraWNrYXZlbnVlLWFzc2V0cyIsImtleSI6InByb2R1Y3RzLzc5Mzg1LzNkYWJjNDIzZmI5NjAzY2RkNzU5ZmRhZDkxMWFhYjcyLnBuZyIsImVkaXRzIjp7InJlc2l6ZSI6eyJ3aWR0aCI6NDAwfSwid2VicCI6eyJxdWFsaXR5Ijo1MH19fQ==,/sneakers/adidas/adidas-campus-00s-charcoal-black-if8770-ka/79385?from=search
Nike ACG Air Nasu Gore-Tex Clay Green,2720000,https://d5ibtax54de3q.cloudfront.net/eyJidWNrZXQiOiJraWNrYXZlbnVlLWFzc2V0cyIsImtleSI6InByb2R1Y3RzLzc1ODAwLzI3ZTU5MmE5YWE2NDVkODNjZTJhNmJiYjQ1NGIwYTdmLnBuZyIsImVkaXRzIjp7InJlc2l6ZSI6eyJ3aWR0aCI6NDAwfSwid2VicCI6eyJxdWFsaXR5Ijo1MH19fQ==,/sneakers/nike/nike-acg-air-nasu-gore-tex-clay-green-cw6020-300-ka/75800?from=search
New Balance 991 Stray Rats Black,5590000,https://d5ibtax54de3q.cloudfront.net/eyJidWNrZXQiOiJraWNrYXZlbnVlLWFzc2V0cyIsImtleSI6InByb2R1Y3RzLzM1MTE3L2EyZWFkYzc1NjBiYTNhZjA2NzRkZjZiYjQ4MWYyOTZiLnBuZyIsImVkaXRzIjp7InJlc2l6ZSI6eyJ3aWR0aCI6NDAwfSwid2VicCI6eyJxdWFsaXR5Ijo1MH19fQ==,/sneakers/new-balance/new-balance-991-stray-rats-black-m991srp-ka-2/35117?from=search
New Balance 574 Double Navy White,1470000,https://d5ibtax54de3q.cloudfront.net/eyJidWNrZXQiOiJraWNrYXZlbnVlLWFzc2V0cyIsImtleSI6InByb2R1Y3RzLzQzNTczL2ViOGM4ZjJkNjY0OWNiM2UwZmFkZDY3Y2YzYmQ4Y2Q1LmpwZWciLCJlZGl0cyI6eyJyZXNpemUiOnsid2lkdGgiOjQwMH0sIndlYnAiOnsicXVhbGl0eSI6NTB9fX0=,/sneakers/new-balance/new-balance-574-double-navy-white-u574ll2-ka/43573?from=search
Reebok Royal Techque Future White Cobalt,1730000,https://d5ibtax54de3q.cloudfront.net/eyJidWNrZXQiOiJraWNrYXZlbnVlLWFzc2V0cyIsImtleSI6InByb2R1Y3RzLzMyNDA4LzkwNThjMWRmZWVjM2U2NmI0YzFkYTk3YjMyZWUwOTIxLnBuZyIsImVkaXRzIjp7InJlc2l6ZSI6eyJ3aWR0aCI6NDAwfSwid2VicCI6eyJxdWFsaXR5Ijo1MH19fQ==,/sneakers/reebok/reebok-royal-techque-future-white-cobalt-h67907-ka/32408?from=search
Nike Air Force 1 '07 LV8 Regrind,2460000,https://d5ibtax54de3q.cloudfront.net/eyJidWNrZXQiOiJraWNrYXZlbnVlLWFzc2V0cyIsImtleSI6InByb2R1Y3RzLzc5NDk5LzYwNzFmMjBjMmRhMTE2Y2I1ZDliZDE1NGIyZTE1NjRlLnBuZyIsImVkaXRzIjp7InJlc2l6ZSI6eyJ3aWR0aCI6NDAwfSwid2VicCI6eyJxdWFsaXR5Ijo1MH19fQ==,/sneakers/nike/nike-air-force-1-07-lv8-regrind-da4676-100-ka/79499?from=search
New Balance 580 Dark Olive,1620000,https://d5ibtax54de3q.cloudfront.net/eyJidWNrZXQiOiJraWNrYXZlbnVlLWFzc2V0cyIsImtleSI6InByb2R1Y3RzLzc5MDk3L2ZhNDRiYWQyOWY0N2NiYTFhYTEyODFjNDUxNTFmYzQzLnBuZyIsImVkaXRzIjp7InJlc2l6ZSI6eyJ3aWR0aCI6NDAwfSwid2VicCI6eyJxdWFsaXR5Ijo1MH19fQ==,/sneakers/new-balance/new-balance-580-dark-olive-mt580adc-ka/79097?from=search
Nike Air Max 90 Black Red Reflective,3500000,https://d5ibtax54de3q.cloudfront.net/eyJidWNrZXQiOiJraWNrYXZlbnVlLWFzc2V0cyIsImtleSI6InByb2R1Y3RzLzgwNzAyL2NmYTc5NDE3ZDQzNWQwNzFmZTY3ZTM5YjU0MmIzMGFiLnBuZyIsImVkaXRzIjp7InJlc2l6ZSI6eyJ3aWR0aCI6NDAwfSwid2VicCI6eyJxdWFsaXR5Ijo1MH19fQ==,/sneakers/nike/nike-air-max-90-black-red-reflective-dz4504-003-ka-2/80702?from=search
Nike Oneonta Light Orewood Brown Purple (Women's),570000,https://d5ibtax54de3q.cloudfront.net/eyJidWNrZXQiOiJraWNrYXZlbnVlLWFzc2V0cyIsImtleSI6InByb2R1Y3RzLzg2NjY2LzFkNmZjOWVmZjg1ZmJlMTBiNzIwMWJjMzgxMWJlNThiLnBuZyIsImVkaXRzIjp7InJlc2l6ZSI6eyJ3aWR0aCI6NDAwfSwid2VicCI6eyJxdWFsaXR5Ijo1MH19fQ==,/sneakers/nike/nike-oneonta-light-orewood-brown-purple-womens-dj6601-100-ka/86666?from=search
Nike KD 7 All-Star,4850000,https://d5ibtax54de3q.cloudfront.net/eyJidWNrZXQiOiJraWNrYXZlbnVlLWFzc2V0cyIsImtleSI6InByb2R1Y3RzLzgzMTY2Lzk0YzA1NDYyYTBjNDZlYWU5NGQ4YjNiZDRhYTg0OTQzLnBuZyIsImVkaXRzIjp7InJlc2l6ZSI6eyJ3aWR0aCI6NDAwfSwid2VicCI6eyJxdWFsaXR5Ijo1MH19fQ==,/sneakers/nike/nike-kd-7-all-star-742548-090-ka/83166?from=search
Nike KD 7 Easy Money,4380000,https://d5ibtax54de3q.cloudfront.net/eyJidWNrZXQiOiJraWNrYXZlbnVlLWFzc2V0cyIsImtleSI6InByb2R1Y3RzLzgzMTY5L2I4NjljYjczNzU2YTg2NWIyYTZlYTA3MzBiMmQxZTdiLnBuZyIsImVkaXRzIjp7InJlc2l6ZSI6eyJ3aWR0aCI6NDAwfSwid2VicCI6eyJxdWFsaXR5Ijo1MH19fQ==,/sneakers/nike/nike-kd-7-easy-money-653996-330-ka/83169?from=search
Li-Ning Way of Wade 10 Lavender,4050000,https://d5ibtax54de3q.cloudfront.net/eyJidWNrZXQiOiJraWNrYXZlbnVlLWFzc2V0cyIsImtleSI6InByb2R1Y3RzLzEwMjg1Ni9mM2JlMmU2MmE5MmJkN2UyMjhhNTBhMWFkZGI1MTEyMC5wbmciLCJlZGl0cyI6eyJyZXNpemUiOnsid2lkdGgiOjQwMH0sIndlYnAiOnsicXVhbGl0eSI6NTB9fX0=,/sneakers/li-ning/li-ning-way-of-wade-10-lavender-abas115-5-ka/102856?from=search
Air Jordan Spizike 270 Boot Dark Brown,2370000,https://d5ibtax54de3q.cloudfront.net/eyJidWNrZXQiOiJraWNrYXZlbnVlLWFzc2V0cyIsImtleSI6InByb2R1Y3RzLzk0MTcyLzFjNzdmYzRkMjZkYjQxMTYxNjVhNTNhZTJmNGI3OGRiLnBuZyIsImVkaXRzIjp7InJlc2l6ZSI6eyJ3aWR0aCI6NDAwfSwid2VicCI6eyJxdWFsaXR5Ijo1MH19fQ==,/sneakers/air-jordan/air-jordan-spizike-270-boot-dark-brown-ct1014-200-ka/94172?from=search
Air Jordan Spizike 270 Boot Smoke Grey,1970000,https://d5ibtax54de3q.cloudfront.net/eyJidWNrZXQiOiJraWNrYXZlbnVlLWFzc2V0cyIsImtleSI6InByb2R1Y3RzLzk0MTczL2QyYWFkMGZjY2Y2MWI0ZDBmOWMyNjA4NzdmZWU2ZDc3LnBuZyIsImVkaXRzIjp7InJlc2l6ZSI6eyJ3aWR0aCI6NDAwfSwid2VicCI6eyJxdWFsaXR5Ijo1MH19fQ==,/sneakers/air-jordan/air-jordan-spizike-270-boot-smoke-grey-ct1014-002-ka/94173?from=search
Air Jordan Naruto x Jordan Zion 2 SP PF Naruto vs Sasuke,1200000,https://d5ibtax54de3q.cloudfront.net/eyJidWNrZXQiOiJraWNrYXZlbnVlLWFzc2V0cyIsImtleSI6InByb2R1Y3RzLzk0MDk2LzI1MTA4NmRkOGIyOGM5YjdlYjJkM2U4YmExN2QyNzczLnBuZyIsImVkaXRzIjp7InJlc2l6ZSI6eyJ3aWR0aCI6NDAwfSwid2VicCI6eyJxdWFsaXR5Ijo1MH19fQ==,/sneakers/air-jordan/air-jordan-naruto-x-jordan-zion-2-sp-pf-naruto-vs-sasuke-fb2219-087-ka/94096?from=search
New Balance 991 Made in England Washed Grey,3000000,https://d5ibtax54de3q.cloudfront.net/eyJidWNrZXQiOiJraWNrYXZlbnVlLWFzc2V0cyIsImtleSI6InByb2R1Y3RzLzk4NjkxL2VjNGYwMGNhNDNjMGQ1ODViMzVhYzQ0ZDgxN2I2YTQ4LnBuZyIsImVkaXRzIjp7InJlc2l6ZSI6eyJ3aWR0aCI6NDAwfSwid2VicCI6eyJxdWFsaXR5Ijo1MH19fQ==,/sneakers/new-balance/new-balance-991-made-in-england-washed-grey-m991prt-ka/98691?from=search
On Running Cloudmonster 2 Undyed Frost (Women's),3120000,https://d5ibtax54de3q.cloudfront.net/eyJidWNrZXQiOiJraWNrYXZlbnVlLWFzc2V0cyIsImtleSI6InByb2R1Y3RzLzEwOTMyNS82NWE5ZmY5ZjljMjcwYzRjNDhmNDYzNjFmM2RmYTg4NC5wbmciLCJlZGl0cyI6eyJyZXNpemUiOnsid2lkdGgiOjQwMH0sIndlYnAiOnsicXVhbGl0eSI6NTB9fX0=,/sneakers/on-running/on-running-cloudmonster-2-undyed-frost-w-3we10112035-ka/109325?from=search
ASICS Gel-NYC Concrete Oatmeal,1670000,https://d5ibtax54de3q.cloudfront.net/eyJidWNrZXQiOiJraWNrYXZlbnVlLWFzc2V0cyIsImtleSI6InByb2R1Y3RzLzEwMTQwMi8wMzQzNzQwNzkyN2U2YTEyNjQ4MTllYjhlMzRiNjY1MC5wbmciLCJlZGl0cyI6eyJyZXNpemUiOnsid2lkdGgiOjQwMH0sIndlYnAiOnsicXVhbGl0eSI6NTB9fX0=,/sneakers/asics/asics-gel-nyc-concrete-oatmeal-1203a383-020-ka/101402?from=search
New Balance 550 White Slate Grey,1780000,https://d5ibtax54de3q.cloudfront.net/eyJidWNrZXQiOiJraWNrYXZlbnVlLWFzc2V0cyIsImtleSI6InByb2R1Y3RzLzEwNTQ4Mi84NjI1OWVhNjg1NTA5ZmYyYmIyZWUwZjgwM2M0MDhkOS5wbmciLCJlZGl0cyI6eyJyZXNpemUiOnsid2lkdGgiOjQwMH0sIndlYnAiOnsicXVhbGl0eSI6NTB9fX0=,/sneakers/new-balance/new-balance-550-white-slate-grey-bb550esc-ka/105482?from=search
On Running Cloudeclipse Fade Sand,3800000,https://d5ibtax54de3q.cloudfront.net/eyJidWNrZXQiOiJraWNrYXZlbnVlLWFzc2V0cyIsImtleSI6InByb2R1Y3RzLzEwOTMwNi9mZjVlNWI0MzIxOWZjZmFkZGNlZmI2NWY0ZjdlN2RlYS5wbmciLCJlZGl0cyI6eyJyZXNpemUiOnsid2lkdGgiOjQwMH0sIndlYnAiOnsicXVhbGl0eSI6NTB9fX0=,/sneakers/on-running/on-running-cloudeclipse-fade-sand-3md30092317-ka/109306?from=search
Porto X Verner Forest Green Slides,199000,https://d5ibtax54de3q.cloudfront.net/eyJidWNrZXQiOiJraWNrYXZlbnVlLWFzc2V0cyIsImtleSI6InByb2R1Y3RzLzEwNDIyMi84NDY0OWY5YTU1MWUxOTg4MDY5MDZjNWNiNmJmZjAwYy5wbmciLCJlZGl0cyI6eyJyZXNpemUiOnsid2lkdGgiOjQwMH0sIndlYnAiOnsicXVhbGl0eSI6NTB9fX0=,/sneakers/porto-x/porto-x-verner-forest-green-slides-e6003m-40-pb-ka/104222?from=search
Puma Mostro 3D A$AP Rocky Spikey Pop Red Black,9210000,https://d5ibtax54de3q.cloudfront.net/eyJidWNrZXQiOiJraWNrYXZlbnVlLWFzc2V0cyIsImtleSI6InByb2R1Y3RzLzExNTA4Ni85ZmEwMmYyNDQwYjI4YTFhMWRkZmIxNTUzOWEzM2Q3Mi5wbmciLCJlZGl0cyI6eyJyZXNpemUiOnsid2lkdGgiOjQwMH0sIndlYnAiOnsicXVhbGl0eSI6NTB9fX0=,/sneakers/puma/puma-mostro-3d-aap-rocky-spikey-pop-red-black-404187-01-ka/115086?from=search
New Balance 2002R Cordura Olive,2700000,/static/media/kick_avenue_empty_image.cf172573.png,/sneakers/new-balance/new-balance-2002r-cordura-olive-m2002rpk-ka/116347?from=search
Puma Rise Nitro Fade Away,840000,https://d5ibtax54de3q.cloudfront.net/eyJidWNrZXQiOiJraWNrYXZlbnVlLWFzc2V0cyIsImtleSI6InByb2R1Y3RzLzc2MTQ5LzQ3MDM0NjFjOGM1MjhjMDI4YTkzZjQ4NWM0Y2Q1YjUyLnBuZyIsImVkaXRzIjp7InJlc2l6ZSI6eyJ3aWR0aCI6NDAwfSwid2VicCI6eyJxdWFsaXR5Ijo1MH19fQ==,/sneakers/puma/puma-rise-nitro-fade-away-378278-01-ka/76149?from=search
New Balance 2002R Jade Green,2890000,https://d5ibtax54de3q.cloudfront.net/eyJidWNrZXQiOiJraWNrYXZlbnVlLWFzc2V0cyIsImtleSI6InByb2R1Y3RzLzY4OTg0L2ZiZTE5NTFkYzEzYjkzNDM1YzY1OTNjYjZlZjljYTNhLnBuZyIsImVkaXRzIjp7InJlc2l6ZSI6eyJ3aWR0aCI6NDAwfSwid2VicCI6eyJxdWFsaXR5Ijo1MH19fQ==,/sneakers/new-balance/new-balance-2002r-jade-green-m2002rhw-ka/68984?from=search
Vans Authentic 44 Aneheim Factory OG Black Suede,1000000,https://d5ibtax54de3q.cloudfront.net/eyJidWNrZXQiOiJraWNrYXZlbnVlLWFzc2V0cyIsImtleSI6InByb2R1Y3RzLzczODc1LzIzZjYxNGYyZTczMjg0ZGU2YmY4NjcxNzJjZTA0ZmNlLnBuZyIsImVkaXRzIjp7InJlc2l6ZSI6eyJ3aWR0aCI6NDAwfSwid2VicCI6eyJxdWFsaXR5Ijo1MH19fQ==,/sneakers/vans/vans-authentic-44-aneheim-factory-og-black-suede-vn0005u4blk-ka/73875?from=search
New Balance 550 Turtledove,990000,https://d5ibtax54de3q.cloudfront.net/eyJidWNrZXQiOiJraWNrYXZlbnVlLWFzc2V0cyIsImtleSI6InByb2R1Y3RzLzU4ODk3L2VlNmY5YWMzNzZmOTdlYWM0MjFmNDBkN2EyYzI2MjM1LmpwZWciLCJlZGl0cyI6eyJyZXNpemUiOnsid2lkdGgiOjQwMH0sIndlYnAiOnsicXVhbGl0eSI6NTB9fX0=,/sneakers/new-balance/new-balance-550-turtledove-bb550hsa-ka/58897?from=search
New Balance 650R Honeycomb,700000,https://d5ibtax54de3q.cloudfront.net/eyJidWNrZXQiOiJraWNrYXZlbnVlLWFzc2V0cyIsImtleSI6InByb2R1Y3RzLzU4NDkyLzUwMmMyMDM0NWMyOTgyNmY3YmJlMDM4ZTE0NWY2MDYxLmpwZWciLCJlZGl0cyI6eyJyZXNpemUiOnsid2lkdGgiOjQwMH0sIndlYnAiOnsicXVhbGl0eSI6NTB9fX0=,/sneakers/new-balance/new-balance-650r-honeycomb-bb650rcg-ka/58492?from=search
Air Jordan Nu Retro 1 Low Sport Royal,940000,https://d5ibtax54de3q.cloudfront.net/eyJidWNrZXQiOiJraWNrYXZlbnVlLWFzc2V0cyIsImtleSI6InByb2R1Y3RzLzk0MTAzL2M4YjVhMTA3MTU3OTc4NDkzNTdiNDU5NjIxMTM2MGY5LnBuZyIsImVkaXRzIjp7InJlc2l6ZSI6eyJ3aWR0aCI6NDAwfSwid2VicCI6eyJxdWFsaXR5Ijo1MH19fQ==,/sneakers/air-jordan/air-jordan-nu-retro-1-low-sport-royal-dv5141-401-ka/94103?from=search
Nike Air Force 1 Low Black White Blue,1800000,https://d5ibtax54de3q.cloudfront.net/eyJidWNrZXQiOiJraWNrYXZlbnVlLWFzc2V0cyIsImtleSI6InByb2R1Y3RzLzc0MjU2LzA2NzQ2NWZhMDcwZGJkMTgyZWMwODQ5MjJiNTQ4YTNkLnBuZyIsImVkaXRzIjp7InJlc2l6ZSI6eyJ3aWR0aCI6NDAwfSwid2VicCI6eyJxdWFsaXR5Ijo1MH19fQ==,/sneakers/nike/nike-air-force-1-low-black-white-blue-fn7804-001-ka/74256?from=search
Nike Air Max Plus Wolf Grey,2950000,https://d5ibtax54de3q.cloudfront.net/eyJidWNrZXQiOiJraWNrYXZlbnVlLWFzc2V0cyIsImtleSI6InByb2R1Y3RzLzc3MjQ3LzBjMjliNWYxZGE5NTk5ZjZmYzFjZTBmNjU5MjNmNTIyLnBuZyIsImVkaXRzIjp7InJlc2l6ZSI6eyJ3aWR0aCI6NDAwfSwid2VicCI6eyJxdWFsaXR5Ijo1MH19fQ==,/sneakers/nike/nike-air-max-plus-wolf-grey-852630-021-ka/77247?from=search
Nike Dunk Low White Black Royal,1000000,https://d5ibtax54de3q.cloudfront.net/eyJidWNrZXQiOiJraWNrYXZlbnVlLWFzc2V0cyIsImtleSI6InByb2R1Y3RzLzgyNzg2LzA5MzAxYWEzNzdkMjA4ZGM5MTRiMWI4NjcyYWRkZmZlLnBuZyIsImVkaXRzIjp7InJlc2l6ZSI6eyJ3aWR0aCI6NDAwfSwid2VicCI6eyJxdWFsaXR5Ijo1MH19fQ==,/sneakers/nike/nike-dunk-low-white-black-royal-fd9064-110-ka/82786?from=search
Jordan 1 Retro Low Golf White Croc,1620000,https://d5ibtax54de3q.cloudfront.net/eyJidWNrZXQiOiJraWNrYXZlbnVlLWFzc2V0cyIsImtleSI6InByb2R1Y3RzLzkyNDQ3L2RlNWZkNGM2MTdiOTc4MGUxZDlmNzYzMzU5YzY4OTc3LnBuZyIsImVkaXRzIjp7InJlc2l6ZSI6eyJ3aWR0aCI6NDAwfSwid2VicCI6eyJxdWFsaXR5Ijo1MH19fQ==,/sneakers/air-jordan/jordan-1-retro-low-golf-white-croc-dd9315-110-ka/92447?from=search
Air Jordan 1 Low SE Brown Blue Grey,1710000,https://d5ibtax54de3q.cloudfront.net/eyJidWNrZXQiOiJraWNrYXZlbnVlLWFzc2V0cyIsImtleSI6InByb2R1Y3RzLzk4MjQ0L2QyNDVkZjg5ZjZjZDZjNThlYjZlYmFiZGNmMDQ2MDg3LnBuZyIsImVkaXRzIjp7InJlc2l6ZSI6eyJ3aWR0aCI6NDAwfSwid2VicCI6eyJxdWFsaXR5Ijo1MH19fQ==,/sneakers/air-jordan/air-jordan-1-low-se-brown-blue-grey-fq7832-142-ka/98244?from=search
Nike Giannis Immortality 3 University Red,1360000,https://d5ibtax54de3q.cloudfront.net/eyJidWNrZXQiOiJraWNrYXZlbnVlLWFzc2V0cyIsImtleSI6InByb2R1Y3RzLzEwMzIyMy8xNGFiMjU4Y2I0NDdlZDA5MjQ2OTRkYzk3YmZmOWQ3OC5wbmciLCJlZGl0cyI6eyJyZXNpemUiOnsid2lkdGgiOjQwMH0sIndlYnAiOnsicXVhbGl0eSI6NTB9fX0=,/sneakers/nike/nike-giannis-immortality-3-university-red-fv4080-600-ka/103223?from=search
Li-Ning Wade All City 11 V2 Sky,1150000,https://d5ibtax54de3q.cloudfront.net/eyJidWNrZXQiOiJraWNrYXZlbnVlLWFzc2V0cyIsImtleSI6InByb2R1Y3RzLzEwMjc3OS82ZGM4N2NhOTU1YTQxZDlmMmJkNGVhODk3ZmI3Yzg4ZC5wbmciLCJlZGl0cyI6eyJyZXNpemUiOnsid2lkdGgiOjQwMH0sIndlYnAiOnsicXVhbGl0eSI6NTB9fX0=,/sneakers/li-ning/li-ning-wade-all-city-11-v2-sky-abat053-4-ka/102779?from=search
Hoka One One Hopara 'Black',2080000,https://d5ibtax54de3q.cloudfront.net/eyJidWNrZXQiOiJraWNrYXZlbnVlLWFzc2V0cyIsImtleSI6InByb2R1Y3RzLzk3Nzk0L2Q4YTUyOGU5NzEyZGM0OGQ5N2NjYTU3N2IzNTdkZDU5LnBuZyIsImVkaXRzIjp7InJlc2l6ZSI6eyJ3aWR0aCI6NDAwfSwid2VicCI6eyJxdWFsaXR5Ijo1MH19fQ==,/sneakers/hoka/hoka-one-one-hopara-black-1106534-bblc-ka/97794?from=search
New Balance 996 Black,1040000,https://d5ibtax54de3q.cloudfront.net/eyJidWNrZXQiOiJraWNrYXZlbnVlLWFzc2V0cyIsImtleSI6InByb2R1Y3RzLzk4NzE2Lzk2MjVlN2UyOTNhYjhjNWY5Y2ExMmQyOWNiY2FlZmZmLnBuZyIsImVkaXRzIjp7InJlc2l6ZSI6eyJ3aWR0aCI6NDAwfSwid2VicCI6eyJxdWFsaXR5Ijo1MH19fQ==,/sneakers/new-balance/new-balance-996-black-cm996cpc-ka/98716?from=search
Nike Air Force 1 '07 Premium Sashiko,2370000,https://d5ibtax54de3q.cloudfront.net/eyJidWNrZXQiOiJraWNrYXZlbnVlLWFzc2V0cyIsImtleSI6InByb2R1Y3RzLzc5NDg2LzUwMWY5OTA3MTViNGIxOWJkOGIxY2JhZGE1OTMxMWE2LnBuZyIsImVkaXRzIjp7InJlc2l6ZSI6eyJ3aWR0aCI6NDAwfSwid2VicCI6eyJxdWFsaXR5Ijo1MH19fQ==,/sneakers/nike/nike-air-force-1-07-premium-sashiko-fb1854-111-ka-2/79486?from=search
Nike ACG Moc 3.5 Pure Platinum,1120000,https://d5ibtax54de3q.cloudfront.net/eyJidWNrZXQiOiJraWNrYXZlbnVlLWFzc2V0cyIsImtleSI6InByb2R1Y3RzLzcwNzczLzBkOThhMGM5OWIyMWQ4YzlmZGZkZDYwZGJkMzNmYTIyLnBuZyIsImVkaXRzIjp7InJlc2l6ZSI6eyJ3aWR0aCI6NDAwfSwid2VicCI6eyJxdWFsaXR5Ijo1MH19fQ==,/sneakers/nike/nike-acg-moc-35-pure-platinum-dx4291-001-ka/70773?from=search
Puma Suede JJJJound Burgundy,1470000,https://d5ibtax54de3q.cloudfront.net/eyJidWNrZXQiOiJraWNrYXZlbnVlLWFzc2V0cyIsImtleSI6InByb2R1Y3RzLzc5NDA4LzQ1NWQ0NzEyZmEyZGQxNjBkN2RhYmJkYTdiYmZhOTEyLnBuZyIsImVkaXRzIjp7InJlc2l6ZSI6eyJ3aWR0aCI6NDAwfSwid2VicCI6eyJxdWFsaXR5Ijo1MH19fQ==,/sneakers/puma/puma-suede-jjjjound-burgundy-388659-04-ka/79408?from=search
New Balance 2002R Team Red Navy Pouch,2190000,https://d5ibtax54de3q.cloudfront.net/eyJidWNrZXQiOiJraWNrYXZlbnVlLWFzc2V0cyIsImtleSI6InByb2R1Y3RzLzc1NDI1LzlhZDE5YzcyNjMzYzEyNGEwMGE0ZWE2Yjg4ZDZmMzM1LnBuZyIsImVkaXRzIjp7InJlc2l6ZSI6eyJ3aWR0aCI6NDAwfSwid2VicCI6eyJxdWFsaXR5Ijo1MH19fQ==,/sneakers/new-balance/new-balance-2002r-team-red-navy-pouch-m2002rve-ka/75425?from=search
UGG Tasman Slipper Black,1880000,https://d5ibtax54de3q.cloudfront.net/eyJidWNrZXQiOiJraWNrYXZlbnVlLWFzc2V0cyIsImtleSI6InByb2R1Y3RzLzczMTE1LzhlNzI2NTcyOGRjYTgwNDFjYzQ0NTJjZDRlOWM1OGM2LnBuZyIsImVkaXRzIjp7InJlc2l6ZSI6eyJ3aWR0aCI6NDAwfSwid2VicCI6eyJxdWFsaXR5Ijo1MH19fQ==,/sneakers/ugg/ugg-tasman-slipper-black-5950-blk-ka/73115?from=search
Onitsuka Tiger Mexico 66 White Grey Brown,2020000,https://d5ibtax54de3q.cloudfront.net/eyJidWNrZXQiOiJraWNrYXZlbnVlLWFzc2V0cyIsImtleSI6InByb2R1Y3RzLzEwODI5MS80NjZhZDJmNWI3NjczMTZlNzYyOTk5NmY2NDk2M2NiYy5wbmciLCJlZGl0cyI6eyJyZXNpemUiOnsid2lkdGgiOjQwMH0sIndlYnAiOnsicXVhbGl0eSI6NTB9fX0=,/sneakers/onitsuka-tiger/onitsuka-tiger-mexico-66-white-grey-brown-1183c076-202-ka/108291?from=search
Nike Ja 1 Guava Ice (Grade School),1150000,https://d5ibtax54de3q.cloudfront.net/eyJidWNrZXQiOiJraWNrYXZlbnVlLWFzc2V0cyIsImtleSI6InByb2R1Y3RzLzc1NjkxLzhkOTJjNDQ0ODU0MDIwZDNlZTUzZDk3NzM4ZGEwNzBkLnBuZyIsImVkaXRzIjp7InJlc2l6ZSI6eyJ3aWR0aCI6NDAwfSwid2VicCI6eyJxdWFsaXR5Ijo1MH19fQ==,/sneakers/nike/nike-ja-1-guava-ice-gs-dx2294-802-ka/75691?from=search
Nike Vomero 17 Black Anthracite,1650000,https://d5ibtax54de3q.cloudfront.net/eyJidWNrZXQiOiJraWNrYXZlbnVlLWFzc2V0cyIsImtleSI6InByb2R1Y3RzLzc0ODUxLzk4ZmQ3NjZmNzFkYjBiMmUzNzY0ZmI5ZmI0MTliNTczLnBuZyIsImVkaXRzIjp7InJlc2l6ZSI6eyJ3aWR0aCI6NDAwfSwid2VicCI6eyJxdWFsaXR5Ijo1MH19fQ==,/sneakers/nike/nike-vomero-17-black-anthracite-fb1309-004-ka/74851?from=search
Adidas Rivalry Low Consortium Core Black,1000000,https://d5ibtax54de3q.cloudfront.net/eyJidWNrZXQiOiJraWNrYXZlbnVlLWFzc2V0cyIsImtleSI6InByb2R1Y3RzLzc1MjA5L2I1MGQ3OWY5ZDk5Y2JlOTk3Y2EwYTMwZWJkZmU3YTdkLnBuZyIsImVkaXRzIjp7InJlc2l6ZSI6eyJ3aWR0aCI6NDAwfSwid2VicCI6eyJxdWFsaXR5Ijo1MH19fQ==,/sneakers/adidas/adidas-rivalry-low-consortium-core-black-id7389-ka/75209?from=search
On Running Cloudvista Black White (Women's),2540000,https://d5ibtax54de3q.cloudfront.net/eyJidWNrZXQiOiJraWNrYXZlbnVlLWFzc2V0cyIsImtleSI6InByb2R1Y3RzLzEwOTMyNC9mODczMjAzMGVjZTVkYzY3N2JlYWRkNDIzM2I3ZTRmMi5wbmciLCJlZGl0cyI6eyJyZXNpemUiOnsid2lkdGgiOjQwMH0sIndlYnAiOnsicXVhbGl0eSI6NTB9fX0=,/sneakers/on-running/on-running-cloudvista-black-white-w-6498059-ka/109324?from=search
Puma Suede XL BZ Year of the Dragon,1660000,https://d5ibtax54de3q.cloudfront.net/eyJidWNrZXQiOiJraWNrYXZlbnVlLWFzc2V0cyIsImtleSI6InByb2R1Y3RzLzEwOTA3Mi8yOTg1Mzc1N2MwYjM0MzhkOWU2MzNmYzI2MjJhMDk3Zi5wbmciLCJlZGl0cyI6eyJyZXNpemUiOnsid2lkdGgiOjQwMH0sIndlYnAiOnsicXVhbGl0eSI6NTB9fX0=,/sneakers/puma/puma-suede-xl-bz-year-of-the-dragon-397197-01-ka/109072?from=search
Nike LeBron 21 Abalone,1880000,https://d5ibtax54de3q.cloudfront.net/eyJidWNrZXQiOiJraWNrYXZlbnVlLWFzc2V0cyIsImtleSI6InByb2R1Y3RzLzc2MjcxLzk5YjhjNzc4NTY0MTUwZmU5YTBlZTMwYzU2Yjk5ZDFmLnBuZyIsImVkaXRzIjp7InJlc2l6ZSI6eyJ3aWR0aCI6NDAwfSwid2VicCI6eyJxdWFsaXR5Ijo1MH19fQ==,/sneakers/nike/nike-lebron-21-abalone-fn0708-400-ka/76271?from=search
Nike Giannis Immortality EP Arctic Orange,800000,https://d5ibtax54de3q.cloudfront.net/eyJidWNrZXQiOiJraWNrYXZlbnVlLWFzc2V0cyIsImtleSI6InByb2R1Y3RzLzc3NTEzLzU1YmU0OGU1OTg1ODk3OWYyOTFlMzAwMzVkNzliNjkzLnBuZyIsImVkaXRzIjp7InJlc2l6ZSI6eyJ3aWR0aCI6NDAwfSwid2VicCI6eyJxdWFsaXR5Ijo1MH19fQ==,/sneakers/nike/nike-giannis-immortality-ep-arctic-orange-dc6927-800-ka/77513?from=search
Nike  Invincible 3 Thunder Blue,1650000,https://d5ibtax54de3q.cloudfront.net/eyJidWNrZXQiOiJraWNrYXZlbnVlLWFzc2V0cyIsImtleSI6InByb2R1Y3RzLzEwODI0MS9mYTRiOTYxNzI1MTMxY2M2ZGYwMjY3MGVlZTJmMTEyOS5wbmciLCJlZGl0cyI6eyJyZXNpemUiOnsid2lkdGgiOjQwMH0sIndlYnAiOnsicXVhbGl0eSI6NTB9fX0=,/sneakers/nike/nike-invincible-3-thunder-blue-dr2615-403-ka/108241?from=search
ASICS GT-2160 Cream Jasper Green,2090000,/static/media/kick_avenue_empty_image.cf172573.png,/sneakers/asics/asics-gt-2160-cream-jasper-green-1203a320-105-ka/115660?from=search
Anta Shock Wave 5 Pro Fossil,1310000,https://d5ibtax54de3q.cloudfront.net/eyJidWNrZXQiOiJraWNrYXZlbnVlLWFzc2V0cyIsImtleSI6InByb2R1Y3RzLzEwOTU2OC9kYmRlMmQ1OTI1NGU0OTliMzU2MDRkMmJiNzdiMDBlZi5wbmciLCJlZGl0cyI6eyJyZXNpemUiOnsid2lkdGgiOjQwMH0sIndlYnAiOnsicXVhbGl0eSI6NTB9fX0=,/sneakers/anta/anta-shock-wave-5-pro-fossil-112411106-2-ka/109568?from=search
Adidas Y-3 Gazelle Black,3890000,https://d5ibtax54de3q.cloudfront.net/eyJidWNrZXQiOiJraWNrYXZlbnVlLWFzc2V0cyIsImtleSI6InByb2R1Y3RzLzExMDY2NC9jZmJkNDQwNGNjNzY3MGRjNzI1NjA1NzdiYTc1ODQ4Ny5wbmciLCJlZGl0cyI6eyJyZXNpemUiOnsid2lkdGgiOjQwMH0sIndlYnAiOnsicXVhbGl0eSI6NTB9fX0=,/sneakers/adidas/adidas-y-3-gazelle-black-ie3239-ka/110664?from=search
Nike Air Max Dn Supreme Black,6200000,https://d5ibtax54de3q.cloudfront.net/eyJidWNrZXQiOiJraWNrYXZlbnVlLWFzc2V0cyIsImtleSI6InByb2R1Y3RzLzEwMzEwNS9iOWM4M2NiMzg1ZjE2MDdkMTRiN2IxYWNlN2RkNzA5OC5wbmciLCJlZGl0cyI6eyJyZXNpemUiOnsid2lkdGgiOjQwMH0sIndlYnAiOnsicXVhbGl0eSI6NTB9fX0=,/sneakers/nike/nike-air-max-dn-supreme-black-fz4044-001-ka/103105?from=search
Adidas Adizero Prime x 2.0 Strung Black Spark,3900000,https://d5ibtax54de3q.cloudfront.net/eyJidWNrZXQiOiJraWNrYXZlbnVlLWFzc2V0cyIsImtleSI6InByb2R1Y3RzLzEwMzc4My8wZTYzMjY3ZDU2OGNkMGNlZmRiYWU0YTZlOTViMzdjZS5wbmciLCJlZGl0cyI6eyJyZXNpemUiOnsid2lkdGgiOjQwMH0sIndlYnAiOnsicXVhbGl0eSI6NTB9fX0=,/sneakers/adidas/adidas-adizero-prime-x-20-strung-black-spark-id0267-ka/103783?from=search
Nike LeBron 21 James Gang,2890000,https://d5ibtax54de3q.cloudfront.net/eyJidWNrZXQiOiJraWNrYXZlbnVlLWFzc2V0cyIsImtleSI6InByb2R1Y3RzLzEwNDc0MS9mZTI5MDVhYzgyZGJkODkyYzRhNzZmZGQ0ZGE4ZDgyYi5wbmciLCJlZGl0cyI6eyJyZXNpemUiOnsid2lkdGgiOjQwMH0sIndlYnAiOnsicXVhbGl0eSI6NTB9fX0=,/sneakers/nike/nike-lebron-21-james-gang-hf5951-600-ka/104741?from=search
Nike Hot Step 2 Drake NOCTA White,3290000,https://d5ibtax54de3q.cloudfront.net/eyJidWNrZXQiOiJraWNrYXZlbnVlLWFzc2V0cyIsImtleSI6InByb2R1Y3RzLzEwNDc1NS9hMGJkMTg0MjQxODUwOWE2NmU4OWVjNzg3Mzk2NDU2Yy5wbmciLCJlZGl0cyI6eyJyZXNpemUiOnsid2lkdGgiOjQwMH0sIndlYnAiOnsicXVhbGl0eSI6NTB9fX0=,/sneakers/nike/nike-hot-step-2-drake-nocta-white-dz7293-100-ka/104755?from=search
Adidas Samba OG Kith Classics White Orbit Grey,2940000,https://d5ibtax54de3q.cloudfront.net/eyJidWNrZXQiOiJraWNrYXZlbnVlLWFzc2V0cyIsImtleSI6InByb2R1Y3RzLzEwNTU5My84ODBlYTI0YmJiMTY5NjNlZTM4ZmJjNTk5YTcwNjhhMC5wbmciLCJlZGl0cyI6eyJyZXNpemUiOnsid2lkdGgiOjQwMH0sIndlYnAiOnsicXVhbGl0eSI6NTB9fX0=,/sneakers/adidas/adidas-samba-og-kith-classics-white-orbit-grey-ih0090-ka/105593?from=search
Adidas Gazelle Indoor Core Black,2060000,https://d5ibtax54de3q.cloudfront.net/eyJidWNrZXQiOiJraWNrYXZlbnVlLWFzc2V0cyIsImtleSI6InByb2R1Y3RzLzExMDU2MS8wOTE0Y2NhNDgyNjQ5MGU2MzA3Y2FjMTZkNDljMDlmOC5wbmciLCJlZGl0cyI6eyJyZXNpemUiOnsid2lkdGgiOjQwMH0sIndlYnAiOnsicXVhbGl0eSI6NTB9fX0=,/sneakers/adidas/adidas-gazelle-indoor-core-black-ji2060-ka/110561?from=search
Air Jordan 4 RM Canyon Rust Sail Black,1710000,https://d5ibtax54de3q.cloudfront.net/eyJidWNrZXQiOiJraWNrYXZlbnVlLWFzc2V0cyIsImtleSI6InByb2R1Y3RzLzEwODc5NS80OWE2OWE0NjdhMTNiM2Y4YmJkMmY5ZmMyMjNhMjcyMC5wbmciLCJlZGl0cyI6eyJyZXNpemUiOnsid2lkdGgiOjQwMH0sIndlYnAiOnsicXVhbGl0eSI6NTB9fX0=,/sneakers/air-jordan/air-jordan-4-rm-canyon-rust-sail-black-fq7939-100-ka/108795?from=search
Nike SB Dunk High Sweet Tooth Candy Corn,1480000,https://d5ibtax54de3q.cloudfront.net/eyJidWNrZXQiOiJraWNrYXZlbnVlLWFzc2V0cyIsImtleSI6InByb2R1Y3RzLzcyODMzL2U4YjBiOWI1M2E2ZDcyZTVlNGIyNDZjMmQzNzY5ZjBlLnBuZyIsImVkaXRzIjp7InJlc2l6ZSI6eyJ3aWR0aCI6NDAwfSwid2VicCI6eyJxdWFsaXR5Ijo1MH19fQ==,/sneakers/nike/nike-sb-dunk-high-sweet-tooth-candy-corn-fn5107-700-ka/72833?from=search
Li-Ning Way Of Wade 11 Hall of Fame,3050000,https://d5ibtax54de3q.cloudfront.net/eyJidWNrZXQiOiJraWNrYXZlbnVlLWFzc2V0cyIsImtleSI6InByb2R1Y3RzLzExMTM4MC9mZGIzOTAzY2M4ZDY2YTNmMDk0MjViM2VhNWMzZWY2Yi5wbmciLCJlZGl0cyI6eyJyZXNpemUiOnsid2lkdGgiOjQwMH0sIndlYnAiOnsicXVhbGl0eSI6NTB9fX0=,/sneakers/li-ning/li-ning-way-of-wade-11-hall-of-fame-abau049-6-ka/111380?from=search
Li-Ning Wade Fission 8 Wing Vein,1040000,https://d5ibtax54de3q.cloudfront.net/eyJidWNrZXQiOiJraWNrYXZlbnVlLWFzc2V0cyIsImtleSI6InByb2R1Y3RzLzEwMjgxNC9lNzE3MTZiNzE4NWNhY2I2OGQwZDczZjEyMmNjMjMxMS5wbmciLCJlZGl0cyI6eyJyZXNpemUiOnsid2lkdGgiOjQwMH0sIndlYnAiOnsicXVhbGl0eSI6NTB9fX0=,/sneakers/li-ning/li-ning-wade-fission-8-wing-vein-abpt029-11-ka-2/102814?from=search
ASICS Gel-NYC Pleasures,3500000,https://d5ibtax54de3q.cloudfront.net/eyJidWNrZXQiOiJraWNrYXZlbnVlLWFzc2V0cyIsImtleSI6InByb2R1Y3RzLzExNTUyNy8yYjkxNTA5NTk5MjE5ZWQ3NzMwYjcyZTI0M2U0MDZjYS5wbmciLCJlZGl0cyI6eyJyZXNpemUiOnsid2lkdGgiOjQwMH0sIndlYnAiOnsicXVhbGl0eSI6NTB9fX0=,/sneakers/asics/asics-gel-nyc-pleasures-1203a622-700-ka/115527?from=search
New Balance 530 Salehe Bembury Prosperity Be The Prize,2320000,https://d5ibtax54de3q.cloudfront.net/eyJidWNrZXQiOiJraWNrYXZlbnVlLWFzc2V0cyIsImtleSI6InByb2R1Y3RzLzExNDUxMy9lMjE5ZmQ1OGNmNjYzNWFhNjllMThkNzA3MmExM2EwMC5wbmciLCJlZGl0cyI6eyJyZXNpemUiOnsid2lkdGgiOjQwMH0sIndlYnAiOnsicXVhbGl0eSI6NTB9fX0=,/sneakers/new-balance/new-balance-530-salehe-bembury-prosperity-be-the-prize-mr530pr-ka/114513?from=search
Jordan 1 Retro High Golf Pollen,1670000,https://d5ibtax54de3q.cloudfront.net/eyJidWNrZXQiOiJraWNrYXZlbnVlLWFzc2V0cyIsImtleSI6InByb2R1Y3RzLzc4NzQ3LzkyMjQ4OTE2NGExODYwOGRkY2Y0OTBkNjdhNTdhYjUxLnBuZyIsImVkaXRzIjp7InJlc2l6ZSI6eyJ3aWR0aCI6NDAwfSwid2VicCI6eyJxdWFsaXR5Ijo1MH19fQ==,/sneakers/air-jordan/jordan-1-retro-high-golf-pollen-dq0660-700-ka/78747?from=search
Nike Air Max 90 Gore-Tex Photodust,1630000,https://d5ibtax54de3q.cloudfront.net/eyJidWNrZXQiOiJraWNrYXZlbnVlLWFzc2V0cyIsImtleSI6InByb2R1Y3RzLzgwNzMzL2E0MzlkMDAxYmM3YTQ3MjJkMjE2NTEyNzk4NWMxMDhkLnBuZyIsImVkaXRzIjp7InJlc2l6ZSI6eyJ3aWR0aCI6NDAwfSwid2VicCI6eyJxdWFsaXR5Ijo1MH19fQ==,/sneakers/nike/nike-air-max-90-gore-tex-photodust-dj9779-003-ka/80733?from=search
Adidas Gazelle Indoor Gatsin Pack White,1290000,https://d5ibtax54de3q.cloudfront.net/eyJidWNrZXQiOiJraWNrYXZlbnVlLWFzc2V0cyIsImtleSI6InByb2R1Y3RzLzEwMzg5Ni9iNzBiN2JjODRmMzY4YmU1NWIyNjc4MGRlNjA5NDNiOC5wbmciLCJlZGl0cyI6eyJyZXNpemUiOnsid2lkdGgiOjQwMH0sIndlYnAiOnsicXVhbGl0eSI6NTB9fX0=,/sneakers/adidas/adidas-gazelle-indoor-gatsin-pack-white-ih9990-ka/103896?from=search
New Balance 990v2 Version 2,3290000,https://d5ibtax54de3q.cloudfront.net/eyJidWNrZXQiOiJraWNrYXZlbnVlLWFzc2V0cyIsImtleSI6InByb2R1Y3RzLzY5MjExLzUxN2JjMjJkMDc3ZTBmZTRhNTA5YjI4NjU4YzI2ZjQ4LnBuZyIsImVkaXRzIjp7InJlc2l6ZSI6eyJ3aWR0aCI6NDAwfSwid2VicCI6eyJxdWFsaXR5Ijo1MH19fQ==,/sneakers/new-balance/new-balance-990v2-version-2-m990vs2-ka/69211?from=search
Adidas Samba Vegan Black Gum,1910000,https://d5ibtax54de3q.cloudfront.net/eyJidWNrZXQiOiJraWNrYXZlbnVlLWFzc2V0cyIsImtleSI6InByb2R1Y3RzLzYzMTQ4LzczZGUwNzExNDY2ZDVhMGM1NGI1N2RlMGZkODU5NDIxLmpwZWciLCJlZGl0cyI6eyJyZXNpemUiOnsid2lkdGgiOjQwMH0sIndlYnAiOnsicXVhbGl0eSI6NTB9fX0=,/sneakers/adidas/adidas-samba-vegan-black-gum-h01878-ka/63148?from=search
Nike SFB Leather 6 NP QS 'Off White',2860000,https://d5ibtax54de3q.cloudfront.net/eyJidWNrZXQiOiJraWNrYXZlbnVlLWFzc2V0cyIsImtleSI6InByb2R1Y3RzLzg1NTMzLzdjZGMzOTI3MzExMjU5NGEwNmRmOTFkNWNiNDhmZGI1LnBuZyIsImVkaXRzIjp7InJlc2l6ZSI6eyJ3aWR0aCI6NDAwfSwid2VicCI6eyJxdWFsaXR5Ijo1MH19fQ==,/sneakers/nike/nike-sfb-leather-6-np-qs-off-white-875040-101-ka/85533?from=search
Adidas Handball Spezial Olive Green Black,1840000,https://d5ibtax54de3q.cloudfront.net/eyJidWNrZXQiOiJraWNrYXZlbnVlLWFzc2V0cyIsImtleSI6InByb2R1Y3RzLzk1NzIwL2EwNzZkYTkyZjVlMWQ0OGFkMzg1MTZhZGVlMWNkYzk0LnBuZyIsImVkaXRzIjp7InJlc2l6ZSI6eyJ3aWR0aCI6NDAwfSwid2VicCI6eyJxdWFsaXR5Ijo1MH19fQ==,/sneakers/adidas/adidas-handball-spezial-olive-green-black-ig6183-ka/95720?from=search
Adidas Ultraboost Light MFTP Crystal Sand,1500000,https://d5ibtax54de3q.cloudfront.net/eyJidWNrZXQiOiJraWNrYXZlbnVlLWFzc2V0cyIsImtleSI6InByb2R1Y3RzLzExMzU0NS81ZjQ1YjEyMjU4YzdkZjY5YzVlODU1NDE3MTY3MWMzOC5wbmciLCJlZGl0cyI6eyJyZXNpemUiOnsid2lkdGgiOjQwMH0sIndlYnAiOnsicXVhbGl0eSI6NTB9fX0=,/sneakers/adidas/adidas-ultraboost-light-mftp-crystal-sand-id3288-ka/113545?from=search
Nike Initiator White Obsidian Metallic Cool Grey,870000,https://d5ibtax54de3q.cloudfront.net/eyJidWNrZXQiOiJraWNrYXZlbnVlLWFzc2V0cyIsImtleSI6InByb2R1Y3RzLzgzNTg1LzQ3NmI1NzQyNjhhZmNiYjA1MjExOGQxNDcwNTc4OGFmLnBuZyIsImVkaXRzIjp7InJlc2l6ZSI6eyJ3aWR0aCI6NDAwfSwid2VicCI6eyJxdWFsaXR5Ijo1MH19fQ==,/sneakers/nike/nike-initiator-white-obsidian-metallic-cool-grey-394055-101-ka/83585?from=search
Vans Slip On Marry Jane Black White,990000,https://d5ibtax54de3q.cloudfront.net/eyJidWNrZXQiOiJraWNrYXZlbnVlLWFzc2V0cyIsImtleSI6InByb2R1Y3RzLzEwNDE5MC84YmRlM2U1YmFlYzQ5NzI1M2QxNmVlYzFmMTA5Nzc5YS5wbmciLCJlZGl0cyI6eyJyZXNpemUiOnsid2lkdGgiOjQwMH0sIndlYnAiOnsicXVhbGl0eSI6NTB9fX0=,/sneakers/vans/vans-slip-on-marry-jane-black-white-vn000crr6bt-ka-2/104190?from=search
Vans Sk8-Hi Decon Multiprint,700000,https://d5ibtax54de3q.cloudfront.net/eyJidWNrZXQiOiJraWNrYXZlbnVlLWFzc2V0cyIsImtleSI6InByb2R1Y3RzLzU3MDI5LzgwYWU4YTljOTNlN2Y3MDRjNDI3ZGYyMWUxZjlmNjExLmpwZWciLCJlZGl0cyI6eyJyZXNpemUiOnsid2lkdGgiOjQwMH0sIndlYnAiOnsicXVhbGl0eSI6NTB9fX0=,/sneakers/vans/vans-sk8-hi-decon-multiprint-vn0a3mv1w95-ka/57029?from=search
Atelier New Regime x Puma Suede Black,1080000,https://d5ibtax54de3q.cloudfront.net/eyJidWNrZXQiOiJraWNrYXZlbnVlLWFzc2V0cyIsImtleSI6InByb2R1Y3RzLzEwOTA3MS9jNTU1YmExNjhlNzMzZmNjYTkwMTUwNDJhZWVmOWJiZC5wbmciLCJlZGl0cyI6eyJyZXNpemUiOnsid2lkdGgiOjQwMH0sIndlYnAiOnsicXVhbGl0eSI6NTB9fX0=,/sneakers/puma/atelier-new-regime-x-puma-suede-black-366534-02-ka/109071?from=search
Nike SB Zoom Janoski OG+ (2024) Black White,790000,https://d5ibtax54de3q.cloudfront.net/eyJidWNrZXQiOiJraWNrYXZlbnVlLWFzc2V0cyIsImtleSI6InByb2R1Y3RzLzEwNjMwMi9iMTQ3ZTQ0YzYzMzMxZjgzYzVmZWYzNzdjNjNhZDI3ZS5wbmciLCJlZGl0cyI6eyJyZXNpemUiOnsid2lkdGgiOjQwMH0sIndlYnAiOnsicXVhbGl0eSI6NTB9fX0=,/sneakers/nike/nike-sb-zoom-janoski-og-2024-black-white-fd6757-001-ka/106302?from=search
New Balance XC-72 Blacktop Beige,850000,https://d5ibtax54de3q.cloudfront.net/eyJidWNrZXQiOiJraWNrYXZlbnVlLWFzc2V0cyIsImtleSI6InByb2R1Y3RzLzU3NjkwLzk5ZmZmYTNlMjJjOGEzMDI2ZTYyN2IyZTg0N2RlYTdjLmpwZWciLCJlZGl0cyI6eyJyZXNpemUiOnsid2lkdGgiOjQwMH0sIndlYnAiOnsicXVhbGl0eSI6NTB9fX0=,/sneakers/new-balance/new-balance-xc-72-blacktop-beige-uxc72rn-ka/57690?from=search
ASICS GT-2160 NS Rusty Brown,1530000,https://d5ibtax54de3q.cloudfront.net/eyJidWNrZXQiOiJraWNrYXZlbnVlLWFzc2V0cyIsImtleSI6InByb2R1Y3RzLzc5MjQ0LzZiNzIxYTA3YzE2MDczNDU4YjQ3NjlhNWVlNzkzMTdhLnBuZyIsImVkaXRzIjp7InJlc2l6ZSI6eyJ3aWR0aCI6NDAwfSwid2VicCI6eyJxdWFsaXR5Ijo1MH19fQ==,/sneakers/asics/asics-gt-2160-ns-rusty-brown-1203a375-200-ka/79244?from=search
New Balance T500 Sea Salt Nori,2340000,https://d5ibtax54de3q.cloudfront.net/eyJidWNrZXQiOiJraWNrYXZlbnVlLWFzc2V0cyIsImtleSI6InByb2R1Y3RzLzEwODI2NS9hYTc1OTgzNzcwMjg2NzFjNGY1ZDQ3YTg0NWM5Y2RhNi5wbmciLCJlZGl0cyI6eyJyZXNpemUiOnsid2lkdGgiOjQwMH0sIndlYnAiOnsicXVhbGl0eSI6NTB9fX0=,/sneakers/new-balance/new-balance-t500-sea-salt-nori-ct500grn-ka/108265?from=search
Onitsuka Tiger Mexico 66 White Dark Blue,1530000,https://d5ibtax54de3q.cloudfront.net/eyJidWNrZXQiOiJraWNrYXZlbnVlLWFzc2V0cyIsImtleSI6InByb2R1Y3RzLzEwODM0Mi8yMzc0NzNkNjcwODMzM2QyMzlhMzg4MDFkMWIzNjc2ZC5wbmciLCJlZGl0cyI6eyJyZXNpemUiOnsid2lkdGgiOjQwMH0sIndlYnAiOnsicXVhbGl0eSI6NTB9fX0=,/sneakers/onitsuka-tiger/onitsuka-tiger-mexico-66-white-dark-blue-1183b511-100-ka/108342?from=search
Salomon ACS+ OG CSWP Lunar Rock Silver Metallic,3630000,https://d5ibtax54de3q.cloudfront.net/eyJidWNrZXQiOiJraWNrYXZlbnVlLWFzc2V0cyIsImtleSI6InByb2R1Y3RzLzExMDAyOS83YzRiNmQ5ZGFhYzEwYzc0ZWU2MDI5N2JhOGYyNGFjYi5wbmciLCJlZGl0cyI6eyJyZXNpemUiOnsid2lkdGgiOjQwMH0sIndlYnAiOnsicXVhbGl0eSI6NTB9fX0=,/sneakers/salomon/salomon-acs-og-cswp-lunar-rock-silver-metallic-l47308200-ka/110029?from=search
Puma Suede Lace Up X Ripndip Blue,1000000,https://d5ibtax54de3q.cloudfront.net/eyJidWNrZXQiOiJraWNrYXZlbnVlLWFzc2V0cyIsImtleSI6InByb2R1Y3RzLzk2NTgwLzc4ZGY0MzE4ZTk0YWRhZjE2NThmN2Y2ZjEyZGIyMjU4LnBuZyIsImVkaXRzIjp7InJlc2l6ZSI6eyJ3aWR0aCI6NDAwfSwid2VicCI6eyJxdWFsaXR5Ijo1MH19fQ==,/sneakers/puma/puma-suede-lace-up-x-ripndip-blue-39353701-ka/96580?from=search
Nike Cortez 23 Premium Black Sail (Women's),800000,https://d5ibtax54de3q.cloudfront.net/eyJidWNrZXQiOiJraWNrYXZlbnVlLWFzc2V0cyIsImtleSI6InByb2R1Y3RzLzc1MTczLzg2YmNiOGY3YWRjYmY3M2JjYjRhN2EwYTA3ZjVhNzcyLnBuZyIsImVkaXRzIjp7InJlc2l6ZSI6eyJ3aWR0aCI6NDAwfSwid2VicCI6eyJxdWFsaXR5Ijo1MH19fQ==,/sneakers/nike/nike-cortez-23-premium-black-sail-w-fb6877-001-ka/75173?from=search
Adidas Samba Sporty & Rich White Bold Gold,2000000,https://d5ibtax54de3q.cloudfront.net/eyJidWNrZXQiOiJraWNrYXZlbnVlLWFzc2V0cyIsImtleSI6InByb2R1Y3RzLzc1NDA5L2Q4NGMzNWExNWYyNzllNjM5OWJiM2Y1ZDU2MmIxMDg1LnBuZyIsImVkaXRzIjp7InJlc2l6ZSI6eyJ3aWR0aCI6NDAwfSwid2VicCI6eyJxdWFsaXR5Ijo1MH19fQ==,/sneakers/adidas/adidas-samba-sporty-rich-white-bold-gold-if5661-ka/75409?from=search
Adidas Handball Spezial Cloud White Gum,1630000,https://d5ibtax54de3q.cloudfront.net/eyJidWNrZXQiOiJraWNrYXZlbnVlLWFzc2V0cyIsImtleSI6InByb2R1Y3RzLzExMTQyOC8yYTBlNTY5ZmZmZDU3YmFkZjJhMDg5NGVlOTgzMWUwMi5wbmciLCJlZGl0cyI6eyJyZXNpemUiOnsid2lkdGgiOjQwMH0sIndlYnAiOnsicXVhbGl0eSI6NTB9fX0=,/sneakers/adidas/adidas-handball-spezial-cloud-white-gum-ih2291-ka/111428?from=search
Converse Chuck Taylor All-Star 70's High Vintage Grey,820000,https://d5ibtax54de3q.cloudfront.net/eyJidWNrZXQiOiJraWNrYXZlbnVlLWFzc2V0cyIsImtleSI6InByb2R1Y3RzLzU5MDExLzM2NDg4NmVmYjk2NWQ3YThhNmQ1ZTE0ZTMwMmZmNGU0LmpwZWciLCJlZGl0cyI6eyJyZXNpemUiOnsid2lkdGgiOjQwMH0sIndlYnAiOnsicXVhbGl0eSI6NTB9fX0=,/sneakers/converse/converse-chuck-taylor-all-star-70s-high-vintage-grey-a01449c-ka/59011?from=search
Nike Dunk Low Deep Royal Football Grey,1350000,https://d5ibtax54de3q.cloudfront.net/eyJidWNrZXQiOiJraWNrYXZlbnVlLWFzc2V0cyIsImtleSI6InByb2R1Y3RzLzExNTIzNy9hMzIyZWFiMDVlOGNiYWQ2ODhhZWUzZDUwNTVhNGRmOC5wbmciLCJlZGl0cyI6eyJyZXNpemUiOnsid2lkdGgiOjQwMH0sIndlYnAiOnsicXVhbGl0eSI6NTB9fX0=,/sneakers/nike/nike-dunk-low-deep-royal-football-grey-dv0833-401-ka/115237?from=search
Nike Air Max Alpha Trainer 6 Black Anthracite,1550000,https://d5ibtax54de3q.cloudfront.net/eyJidWNrZXQiOiJraWNrYXZlbnVlLWFzc2V0cyIsImtleSI6InByb2R1Y3RzLzExNDQzMy85MTNmODhlMDRmMTFkNTcyMGM1Yjc3ZjRiMmMyYmQ1MS5wbmciLCJlZGl0cyI6eyJyZXNpemUiOnsid2lkdGgiOjQwMH0sIndlYnAiOnsicXVhbGl0eSI6NTB9fX0=,/sneakers/nike/nike-air-max-alpha-trainer-6-black-anthracite-fq1833-003-ka/114433?from=search
Vans Old Skool Black Gum,750000,https://d5ibtax54de3q.cloudfront.net/eyJidWNrZXQiOiJraWNrYXZlbnVlLWFzc2V0cyIsImtleSI6InByb2R1Y3RzLzExMDMwNS81MDU5ZmFkODM3YmVlYzY5ODAwNTEzYmJjOGE5YjMwZC5wbmciLCJlZGl0cyI6eyJyZXNpemUiOnsid2lkdGgiOjQwMH0sIndlYnAiOnsicXVhbGl0eSI6NTB9fX0=,/sneakers/vans/vans-old-skool-black-gum-vn0001r1gi6-ka/110305?from=search
Air Jordan 1 Retro High OG Mauve,1530000,https://d5ibtax54de3q.cloudfront.net/eyJidWNrZXQiOiJraWNrYXZlbnVlLWFzc2V0cyIsImtleSI6InByb2R1Y3RzLzcyODMxL2I3ZjlmNWMwMTk0YzE3YmJiOGEzZmE5ZjI2NzVlN2QzLnBuZyIsImVkaXRzIjp7InJlc2l6ZSI6eyJ3aWR0aCI6NDAwfSwid2VicCI6eyJxdWFsaXR5Ijo1MH19fQ==,/sneakers/air-jordan/air-jordan-1-retro-high-og-mauve-dz5485-105-ka/72831?from=search
Onitsuka Tiger 66 Paraty Natural Navy,1200000,https://d5ibtax54de3q.cloudfront.net/eyJidWNrZXQiOiJraWNrYXZlbnVlLWFzc2V0cyIsImtleSI6InByb2R1Y3RzLzEwODQyMS82NDk0MmRhMWQwYjAxNzhmMTQ0ZDFjNTRkMzJiMTg0Yi5wbmciLCJlZGl0cyI6eyJyZXNpemUiOnsid2lkdGgiOjQwMH0sIndlYnAiOnsicXVhbGl0eSI6NTB9fX0=,/sneakers/onitsuka-tiger/onitsuka-tiger-66-paraty-natural-navy-1183c233-250-ka/108421?from=search
ASICS GT-2160 x Earls Collection Lewi Brown,2400000,https://d5ibtax54de3q.cloudfront.net/eyJidWNrZXQiOiJraWNrYXZlbnVlLWFzc2V0cyIsImtleSI6InByb2R1Y3RzLzk2NzA5L2I0ZTYyY2M3YzM4YjJmYTQ5MGY1NGM4NTQ1NTJlZWY5LnBuZyIsImVkaXRzIjp7InJlc2l6ZSI6eyJ3aWR0aCI6NDAwfSwid2VicCI6eyJxdWFsaXR5Ijo1MH19fQ==,/sneakers/asics/asics-gt-2160-x-earls-collection-lewi-brown-1203a493-100-ka/96709?from=search
New Balance 990v6 MiUSA Workwear Grey,2500000,https://d5ibtax54de3q.cloudfront.net/eyJidWNrZXQiOiJraWNrYXZlbnVlLWFzc2V0cyIsImtleSI6InByb2R1Y3RzLzEwNTU2MS9hYTFiMzNlNTU2MGFlZjc3MDQxYjMzM2M4YWI1OGYxNi5wbmciLCJlZGl0cyI6eyJyZXNpemUiOnsid2lkdGgiOjQwMH0sIndlYnAiOnsicXVhbGl0eSI6NTB9fX0=,/sneakers/new-balance/new-balance-990v6-miusa-workwear-grey-u990tn6-ka/105561?from=search
Onitsuka Tiger 66 Black Yellow,1100000,https://d5ibtax54de3q.cloudfront.net/eyJidWNrZXQiOiJraWNrYXZlbnVlLWFzc2V0cyIsImtleSI6InByb2R1Y3RzLzEwODQyOC8wYjhiNjE1N2JiMTBiODdkNmFmYThiM2VhMDM2MzY0Zi5wbmciLCJlZGl0cyI6eyJyZXNpemUiOnsid2lkdGgiOjQwMH0sIndlYnAiOnsicXVhbGl0eSI6NTB9fX0=,/sneakers/onitsuka-tiger/onitsuka-tiger-66-black-yellow-1183a201-003-ka/108428?from=search
Air Jordan 1 Low SE WRMK Sashiko Denim,1750000,https://d5ibtax54de3q.cloudfront.net/eyJidWNrZXQiOiJraWNrYXZlbnVlLWFzc2V0cyIsImtleSI6InByb2R1Y3RzLzY4NjUxL2QzNDhlZjMwNDU3MWU2ZWM2ZTUxZjkwOGVkZTgyOGExLnBuZyIsImVkaXRzIjp7InJlc2l6ZSI6eyJ3aWR0aCI6NDAwfSwid2VicCI6eyJxdWFsaXR5Ijo1MH19fQ==,/sneakers/air-jordan/air-jordan-1-low-se-wrmk-sashiko-denim-fn7670-493-ka/68651?from=search
New Balance 1906 Phantom New Spruce,1600000,https://d5ibtax54de3q.cloudfront.net/eyJidWNrZXQiOiJraWNrYXZlbnVlLWFzc2V0cyIsImtleSI6InByb2R1Y3RzLzEwMzEwMS8wOTFmYmExY2JiM2IwNWY4OTdmNmI1YTdlN2JlNDZkOC5wbmciLCJlZGl0cyI6eyJyZXNpemUiOnsid2lkdGgiOjQwMH0sIndlYnAiOnsicXVhbGl0eSI6NTB9fX0=,/sneakers/new-balance/new-balance-1906-phantom-new-spruce-m1906rvc-ka/103101?from=search
Nike SB Dunk Low April Skateboards,2720000,https://d5ibtax54de3q.cloudfront.net/eyJidWNrZXQiOiJraWNrYXZlbnVlLWFzc2V0cyIsImtleSI6InByb2R1Y3RzLzY4NzA0LzlkYzhiY2Y2YTYwNDM0NWE3YjQxY2EwOWZmZWM2ZGNlLnBuZyIsImVkaXRzIjp7InJlc2l6ZSI6eyJ3aWR0aCI6NDAwfSwid2VicCI6eyJxdWFsaXR5Ijo1MH19fQ==,/sneakers/nike/nike-sb-dunk-low-april-skateboards-fd2562-400-ka/68704?from=search
Air Jordan 1 Low SE Industrial Blue,1800000,https://d5ibtax54de3q.cloudfront.net/eyJidWNrZXQiOiJraWNrYXZlbnVlLWFzc2V0cyIsImtleSI6InByb2R1Y3RzLzc1MDgyLzNiODJjYmQwYWQxZTg5NTg2M2ZjYThlY2I4NTZlNWJmLnBuZyIsImVkaXRzIjp7InJlc2l6ZSI6eyJ3aWR0aCI6NDAwfSwid2VicCI6eyJxdWFsaXR5Ijo1MH19fQ==,/sneakers/air-jordan/air-jordan-1-low-se-industrial-blue-fv3622-141-ka/75082?from=search
Adidas Gazelle Germany,1400000,https://d5ibtax54de3q.cloudfront.net/eyJidWNrZXQiOiJraWNrYXZlbnVlLWFzc2V0cyIsImtleSI6InByb2R1Y3RzLzc2MDExL2EyZDdlOGI0MzMzYTk2YjIwNGQyNjkzMDA2MTUxMGM5LnBuZyIsImVkaXRzIjp7InJlc2l6ZSI6eyJ3aWR0aCI6NDAwfSwid2VicCI6eyJxdWFsaXR5Ijo1MH19fQ==,/sneakers/adidas/adidas-gazelle-germany-id3719-ka/76011?from=search
Puma Palermo Grape Mist Peach Fizz,1150000,https://d5ibtax54de3q.cloudfront.net/eyJidWNrZXQiOiJraWNrYXZlbnVlLWFzc2V0cyIsImtleSI6InByb2R1Y3RzLzExMjI0Ni81ZWY2MDU2NjcxMzA4YWY2YzJhYTY4YTRlYWQxYzg5Ni5wbmciLCJlZGl0cyI6eyJyZXNpemUiOnsid2lkdGgiOjQwMH0sIndlYnAiOnsicXVhbGl0eSI6NTB9fX0=,/sneakers/puma/puma-palermo-grape-mist-peach-fizz-396463-06-ka/112246?from=search
Nike LeBron 20 Liverpool,1600000,https://d5ibtax54de3q.cloudfront.net/eyJidWNrZXQiOiJraWNrYXZlbnVlLWFzc2V0cyIsImtleSI6InByb2R1Y3RzLzQzNjUzLzIxZGNiYjk3YWNkZWZiYTZmYjM2MWZmMjczMTMwYjA2LmpwZWciLCJlZGl0cyI6eyJyZXNpemUiOnsid2lkdGgiOjQwMH0sIndlYnAiOnsicXVhbGl0eSI6NTB9fX0=,/sneakers/nike/nike-lebron-20-liverpool-dv1190-600-dv1193-600-ka/43653?from=search
Li-Ning Sonic 9 Ice Cream,820000,https://d5ibtax54de3q.cloudfront.net/eyJidWNrZXQiOiJraWNrYXZlbnVlLWFzc2V0cyIsImtleSI6InByb2R1Y3RzLzEwMjY4Mi8wODEyODgwMThkZTZiYjQ3MTYyY2M4ODgzNzcxMWI2Yi5wbmciLCJlZGl0cyI6eyJyZXNpemUiOnsid2lkdGgiOjQwMH0sIndlYnAiOnsicXVhbGl0eSI6NTB9fX0=,/sneakers/li-ning/li-ning-sonic-9-ice-cream-abas107-1-ka-2/102682?from=search
Nike Zoom Mercurial Superfly 9 Academy TF Dream Speed,2200000,https://d5ibtax54de3q.cloudfront.net/eyJidWNrZXQiOiJraWNrYXZlbnVlLWFzc2V0cyIsImtleSI6InByb2R1Y3RzLzg2MzA2LzNjOWM1ZjRjYTc0ZGU0NTBmNDViN2U1MDYyMGM4ZGRlLnBuZyIsImVkaXRzIjp7InJlc2l6ZSI6eyJ3aWR0aCI6NDAwfSwid2VicCI6eyJxdWFsaXR5Ijo1MH19fQ==,/sneakers/nike/nike-zoom-mercurial-superfly-9-academy-tf-dream-speed-dv2422-405-ka/86306?from=search
Vans Sk8-Low Disruptive Black,950000,https://d5ibtax54de3q.cloudfront.net/eyJidWNrZXQiOiJraWNrYXZlbnVlLWFzc2V0cyIsImtleSI6InByb2R1Y3RzLzU3MjkyL2FiMzllMDMxMjI2YThkNzA1ZTMwZjllOGJiYWZhZTRlLmpwZWciLCJlZGl0cyI6eyJyZXNpemUiOnsid2lkdGgiOjQwMH0sIndlYnAiOnsicXVhbGl0eSI6NTB9fX0=,/sneakers/vans/vans-sk8-low-disruptive-black-vn0a4uuk4wb-ka/57292?from=search
Salomon XT-6 Desert Sage,2850000,https://d5ibtax54de3q.cloudfront.net/eyJidWNrZXQiOiJraWNrYXZlbnVlLWFzc2V0cyIsImtleSI6InByb2R1Y3RzLzc1MTI3LzIzZmNlYjYwYzRiZDk0NWY2MDMwZjNjZWYxM2E4NWI4LnBuZyIsImVkaXRzIjp7InJlc2l6ZSI6eyJ3aWR0aCI6NDAwfSwid2VicCI6eyJxdWFsaXR5Ijo1MH19fQ==,/sneakers/salomon/salomon-xt-6-desert-sage-l47136400-ka/75127?from=search
Li-Ning Way of Wade 10 Caution,2590000,https://d5ibtax54de3q.cloudfront.net/eyJidWNrZXQiOiJraWNrYXZlbnVlLWFzc2V0cyIsImtleSI6InByb2R1Y3RzLzEwMjg0Ni9iOTA0NjA1YThjZDk0NjgxOTNjM2YwNzFjYWM3OTkzNC5wbmciLCJlZGl0cyI6eyJyZXNpemUiOnsid2lkdGgiOjQwMH0sIndlYnAiOnsicXVhbGl0eSI6NTB9fX0=,/sneakers/li-ning/li-ning-way-of-wade-10-caution-abas115-10-ka-2/102846?from=search
Nike Air Zoom Pegasus 39 'White Red Teal',1600000,https://d5ibtax54de3q.cloudfront.net/eyJidWNrZXQiOiJraWNrYXZlbnVlLWFzc2V0cyIsImtleSI6InByb2R1Y3RzLzkwNjE0LzdhMzljOTU1NWJkMTY1ZWNlY2FmZDIwNDQyMzc2YzYzLnBuZyIsImVkaXRzIjp7InJlc2l6ZSI6eyJ3aWR0aCI6NDAwfSwid2VicCI6eyJxdWFsaXR5Ijo1MH19fQ==,/sneakers/nike/nike-air-zoom-pegasus-39-white-red-teal-fd4322-161-ka/90614?from=search
Li-Ning San Yuan High 3M Black White,950000,https://d5ibtax54de3q.cloudfront.net/eyJidWNrZXQiOiJraWNrYXZlbnVlLWFzc2V0cyIsImtleSI6InByb2R1Y3RzLzEwMjY2Mi8wZWZhOWQwMjVjZTZkOTlkMTk3OTA1OTIyNjUyMGI2MC5wbmciLCJlZGl0cyI6eyJyZXNpemUiOnsid2lkdGgiOjQwMH0sIndlYnAiOnsicXVhbGl0eSI6NTB9fX0=,/sneakers/li-ning/li-ning-san-yuan-high-3m-black-white-agcs241-1-ka-2/102662?from=search
Air Jordan Luka 2 PF The Pitch,1010000,https://d5ibtax54de3q.cloudfront.net/eyJidWNrZXQiOiJraWNrYXZlbnVlLWFzc2V0cyIsImtleSI6InByb2R1Y3RzLzkzNzQ4LzJjZjQxNDM2NzI4MTMwNDAxZTA4YmQzZDMwMWY5ZjMwLnBuZyIsImVkaXRzIjp7InJlc2l6ZSI6eyJ3aWR0aCI6NDAwfSwid2VicCI6eyJxdWFsaXR5Ijo1MH19fQ==,/sneakers/air-jordan/air-jordan-luka-2-pf-the-pitch-fq9046-800-ka/93748?from=search
Onitsuka Tiger Mexico 66 SD Pure Gold,1540000,https://d5ibtax54de3q.cloudfront.net/eyJidWNrZXQiOiJraWNrYXZlbnVlLWFzc2V0cyIsImtleSI6InByb2R1Y3RzLzI2OTczLzgzYTM5ZWU2MWMwZGI1ZWJlMTQxMDk2MmI2NmFkZTE0LnBuZyIsImVkaXRzIjp7InJlc2l6ZSI6eyJ3aWR0aCI6NDAwfSwid2VicCI6eyJxdWFsaXR5Ijo1MH19fQ==,/sneakers/onitsuka-tiger/onitsuka-tiger-mexico-66-sd-pure-gold-1183a740200-ka/26973?from=search
Puma R698 Progressive,1300000,https://d5ibtax54de3q.cloudfront.net/eyJidWNrZXQiOiJraWNrYXZlbnVlLWFzc2V0cyIsImtleSI6InByb2R1Y3RzLzE0MTEvMGMxNTU0NzNiYjA0OTQwMWMyZTRmYzY1N2M5MDc5NzYucG5nIiwiZWRpdHMiOnsicmVzaXplIjp7IndpZHRoIjo0MDB9LCJ3ZWJwIjp7InF1YWxpdHkiOjUwfX19,/sneakers/puma/puma-r698-progressive-362046-01-ka/1411?from=search
Puma Ralph Sampson Mid Von Dutch,1010000,https://d5ibtax54de3q.cloudfront.net/eyJidWNrZXQiOiJraWNrYXZlbnVlLWFzc2V0cyIsImtleSI6InByb2R1Y3RzLzMyMjE5L2U0ZDU1Y2EzNzRmYTIyMDFlMzA3ZTlhNWYxYTk5ODNmLnBuZyIsImVkaXRzIjp7InJlc2l6ZSI6eyJ3aWR0aCI6NDAwfSwid2VicCI6eyJxdWFsaXR5Ijo1MH19fQ==,/sneakers/puma/puma-ralph-sampson-mid-von-dutch-373749-01-ka/32219?from=search
Puma RS-X Hard Drive,870000,https://d5ibtax54de3q.cloudfront.net/eyJidWNrZXQiOiJraWNrYXZlbnVlLWFzc2V0cyIsImtleSI6InByb2R1Y3RzLzQ0MjUvZWQyYjgyNWQtOGEyYy00ZDgzLWJmZDEtYzU0OTY4NDVkYWJhLmpwZWciLCJlZGl0cyI6eyJyZXNpemUiOnsid2lkdGgiOjQwMH0sIndlYnAiOnsicXVhbGl0eSI6NTB9fX0=,/sneakers/puma/puma-rs-x-hard-drive-369818-03-ka/4425?from=search
Adidas Gazelle ADV Core Black Yellow,2210000,https://d5ibtax54de3q.cloudfront.net/eyJidWNrZXQiOiJraWNrYXZlbnVlLWFzc2V0cyIsImtleSI6InByb2R1Y3RzLzExMDg3Mi9iMTQ3M2RkNjE1ZDhiZjBjOTM5MzcwZDUzODc0ZGFkNS5wbmciLCJlZGl0cyI6eyJyZXNpemUiOnsid2lkdGgiOjQwMH0sIndlYnAiOnsicXVhbGl0eSI6NTB9fX0=,/sneakers/adidas/adidas-gazelle-adv-core-black-yellow-gy6922-ka/110872?from=search
Compass Hi x Pot Meets Pop,2000000,https://d5ibtax54de3q.cloudfront.net/eyJidWNrZXQiOiJraWNrYXZlbnVlLWFzc2V0cyIsImtleSI6InByb2R1Y3RzLzY1MjgvMDQ5NWNmMmUtOThlOC00ZTM1LWE3YTgtZTk5YzM2OTk0NWY3LmpwZWciLCJlZGl0cyI6eyJyZXNpemUiOnsid2lkdGgiOjQwMH0sIndlYnAiOnsicXVhbGl0eSI6NTB9fX0=,/sneakers/compass/compass-hi-x-pot-meets-pop-skpmp0001-ka/6528?from=search
Onitsuka Tiger OK Basketball MT Midnight Blue,990000,https://d5ibtax54de3q.cloudfront.net/eyJidWNrZXQiOiJraWNrYXZlbnVlLWFzc2V0cyIsImtleSI6InByb2R1Y3RzLzc1MzgvMmExMWQyYjcwZmE2OThmNGVjZWU5NTIwYzJmMTkxYjgucG5nIiwiZWRpdHMiOnsicmVzaXplIjp7IndpZHRoIjo0MDB9LCJ3ZWJwIjp7InF1YWxpdHkiOjUwfX19,/sneakers/onitsuka-tiger/onitsuka-tiger-ok-basketball-mt-midnight-blue-1183a203-400-ka/7538?from=search
Puma Suede Classic Blanket Stitch Whisper White,1540000,https://d5ibtax54de3q.cloudfront.net/eyJidWNrZXQiOiJraWNrYXZlbnVlLWFzc2V0cyIsImtleSI6InByb2R1Y3RzLzg4MTEvZTIyZjc5NjctYTFjZC00ODk0LTlhZjAtYWRhY2QyNjBmYzY3LnBuZyIsImVkaXRzIjp7InJlc2l6ZSI6eyJ3aWR0aCI6NDAwfSwid2VicCI6eyJxdWFsaXR5Ijo1MH19fQ==,/sneakers/puma/puma-suede-classic-blanket-stitch-whisper-white-368903-03-ka/8811?from=search
CELL STELLAR BRIDAL ROSE ,840000,https://d5ibtax54de3q.cloudfront.net/eyJidWNrZXQiOiJraWNrYXZlbnVlLWFzc2V0cyIsImtleSI6InByb2R1Y3RzLzE0OTE2LzY1Y2E4ZTE0OWI5NDg3YTdiZmRhNmE4ZTNmMTFlMjlmLnBuZyIsImVkaXRzIjp7InJlc2l6ZSI6eyJ3aWR0aCI6NDAwfSwid2VicCI6eyJxdWFsaXR5Ijo1MH19fQ==,/sneakers/puma/cell-stellar-bridal-rose-370950-01-ka/14916?from=search
Asics Gel-Lyte III Sean Wotherspoon x atmos,1900000,https://d5ibtax54de3q.cloudfront.net/eyJidWNrZXQiOiJraWNrYXZlbnVlLWFzc2V0cyIsImtleSI6InByb2R1Y3RzLzk0OTQvMDZiOGJlODk1ODlmZTM2YWM0ZmZmZjhlMjViM2I0OTgucG5nIiwiZWRpdHMiOnsicmVzaXplIjp7IndpZHRoIjo0MDB9LCJ3ZWJwIjp7InF1YWxpdHkiOjUwfX19,/sneakers/asics/asics-gel-lyte-iii-sean-wotherspoon-x-atmos-1203a019-000-ka/9494?from=search
Compass Low Gazelle Cappucino,700000,https://d5ibtax54de3q.cloudfront.net/eyJidWNrZXQiOiJraWNrYXZlbnVlLWFzc2V0cyIsImtleSI6InByb2R1Y3RzLzEyNjM4LzhiMGM4OGQwZWQ3OTA5MzcxMGFhMGE3NGFjM2RmMTNjLnBuZyIsImVkaXRzIjp7InJlc2l6ZSI6eyJ3aWR0aCI6NDAwfSwid2VicCI6eyJxdWFsaXR5Ijo1MH19fQ==,/sneakers/compass/compass-low-gazelle-cappucino-cps-lgcpp01-ka/12638?from=search
Converse One Star Pro All-Star Cons Low Obsidian,1330000,https://d5ibtax54de3q.cloudfront.net/eyJidWNrZXQiOiJraWNrYXZlbnVlLWFzc2V0cyIsImtleSI6InByb2R1Y3RzLzEyNjg0LzIzY2I0MTE2ZjRmODNjMjI2ZWQ4NWRhNGY3MDRiZGM0LnBuZyIsImVkaXRzIjp7InJlc2l6ZSI6eyJ3aWR0aCI6NDAwfSwid2VicCI6eyJxdWFsaXR5Ijo1MH19fQ==,/sneakers/converse/converse-one-star-pro-as-cons-low-obsidian-167615c-ka-2/12684?from=search
Onitsuka Tiger Mexico 66 Slip-On,2660000,https://d5ibtax54de3q.cloudfront.net/eyJidWNrZXQiOiJraWNrYXZlbnVlLWFzc2V0cyIsImtleSI6InByb2R1Y3RzLzE4MTE5LzNiNmZmZDMwMjcyNmQwYThjYWQwMTYxZWI1ODA3ODIyLnBuZyIsImVkaXRzIjp7InJlc2l6ZSI6eyJ3aWR0aCI6NDAwfSwid2VicCI6eyJxdWFsaXR5Ijo1MH19fQ==,/sneakers/onitsuka-tiger/onitsuka-tiger-mexico-66-slip-on-1183a360-601-ka/18119?from=search
New Balance 990v4 Kith Navy,4180000,https://d5ibtax54de3q.cloudfront.net/eyJidWNrZXQiOiJraWNrYXZlbnVlLWFzc2V0cyIsImtleSI6InByb2R1Y3RzLzI1OTg4Lzc5ZmJjMzNiMDhiMGRhYzNlNTA4MDczM2VkZjlkMmEwLnBuZyIsImVkaXRzIjp7InJlc2l6ZSI6eyJ3aWR0aCI6NDAwfSwid2VicCI6eyJxdWFsaXR5Ijo1MH19fQ==,/sneakers/new-balance/new-balance-990v4-kith-navy-m990nv4-ka-2/25988?from=search
Nike Air Zoom Pegasus 38 White Pink Blast,2250000,https://d5ibtax54de3q.cloudfront.net/eyJidWNrZXQiOiJraWNrYXZlbnVlLWFzc2V0cyIsImtleSI6InByb2R1Y3RzLzI2Nzg0LzQ1NmUxZWE4YjA5ZDA0NWViNmI1MTJkMjQ4YjgzOWJjLnBuZyIsImVkaXRzIjp7InJlc2l6ZSI6eyJ3aWR0aCI6NDAwfSwid2VicCI6eyJxdWFsaXR5Ijo1MH19fQ==,/sneakers/nike/nike-air-zoom-pegasus-38-white-pink-blast-dj5397-100-ka/26784?from=search
Saucony Endorphin Pro 2 Black White,1950000,https://d5ibtax54de3q.cloudfront.net/eyJidWNrZXQiOiJraWNrYXZlbnVlLWFzc2V0cyIsImtleSI6InByb2R1Y3RzLzM0MjcyLzVmYTc2YjRiNWYxNjc2ODYxYzgyYzA2OTRiZGI4ZDdlLnBuZyIsImVkaXRzIjp7InJlc2l6ZSI6eyJ3aWR0aCI6NDAwfSwid2VicCI6eyJxdWFsaXR5Ijo1MH19fQ==,/sneakers/saucony/saucony-endorphin-pro-2-black-white-s20687-10-ka/34272?from=search
Compass Retrograde Low Double Black,850000,https://d5ibtax54de3q.cloudfront.net/eyJidWNrZXQiOiJraWNrYXZlbnVlLWFzc2V0cyIsImtleSI6InByb2R1Y3RzLzMxNDAzLzllMTAwOWQ2MGVmNjAwY2JlZDE5ODIyMzA5ZTVmM2MxLnBuZyIsImVkaXRzIjp7InJlc2l6ZSI6eyJ3aWR0aCI6NDAwfSwid2VicCI6eyJxdWFsaXR5Ijo1MH19fQ==,/sneakers/compass/compass-retrograde-low-double-black-kg-151-dblk-ka/31403?from=search
Puma Suede Vintage MIJ atmos Sukajan,1850000,https://d5ibtax54de3q.cloudfront.net/eyJidWNrZXQiOiJraWNrYXZlbnVlLWFzc2V0cyIsImtleSI6InByb2R1Y3RzLzI4NDkzLzgxOTIzZjZlMGM5YWY0OTI0ZDVmMmYwYjUyMTYxY2M1LnBuZyIsImVkaXRzIjp7InJlc2l6ZSI6eyJ3aWR0aCI6NDAwfSwid2VicCI6eyJxdWFsaXR5Ijo1MH19fQ==,/sneakers/puma/puma-suede-vintage-mij-atmos-sukajan-383609-01-ka/28493?from=search
Puma RS-Z Re.Gen Cream Ivory Glow,780000,https://d5ibtax54de3q.cloudfront.net/eyJidWNrZXQiOiJraWNrYXZlbnVlLWFzc2V0cyIsImtleSI6InByb2R1Y3RzLzMyNDMzLzMwOGIwNmFmYTY0M2M4Yjk4MDFkYzIxNmY5NDM1ZDNlLnBuZyIsImVkaXRzIjp7InJlc2l6ZSI6eyJ3aWR0aCI6NDAwfSwid2VicCI6eyJxdWFsaXR5Ijo1MH19fQ==,/sneakers/puma/puma-rs-z-regen-cream-ivory-glow-381693-01-ka/32433?from=search
Puma X Butter Goods Slipstream Lo Brown Green,980000,https://d5ibtax54de3q.cloudfront.net/eyJidWNrZXQiOiJraWNrYXZlbnVlLWFzc2V0cyIsImtleSI6InByb2R1Y3RzLzM0MDE3LzZlMTk0ZjQzZjkxMWYyZGQ0NGJiNWQzM2NiNTk3ZWU1LnBuZyIsImVkaXRzIjp7InJlc2l6ZSI6eyJ3aWR0aCI6NDAwfSwid2VicCI6eyJxdWFsaXR5Ijo1MH19fQ==,/sneakers/puma/puma-x-butter-goods-slipstream-lo-brown-green-384211-01-ka/34017?from=search
Reebok LX2200 Cold Grey,820000,https://d5ibtax54de3q.cloudfront.net/eyJidWNrZXQiOiJraWNrYXZlbnVlLWFzc2V0cyIsImtleSI6InByb2R1Y3RzLzM3NDQ5LzBmMWQ5MTMwM2M2YjFmYTc0MGE0NWExOTU3NjEzMTUwLnBuZyIsImVkaXRzIjp7InJlc2l6ZSI6eyJ3aWR0aCI6NDAwfSwid2VicCI6eyJxdWFsaXR5Ijo1MH19fQ==,/sneakers/reebok/reebok-lx2200-cold-grey-gw3805-ka/37449?from=search
Converse GLF 2.0 Golf Le Fleur Oil Green,730000,https://d5ibtax54de3q.cloudfront.net/eyJidWNrZXQiOiJraWNrYXZlbnVlLWFzc2V0cyIsImtleSI6InByb2R1Y3RzLzM1NjYxL2FiODJjMDEzODUyNGY3YTE2OWZkMWQwYjExMDgyNDdiLnBuZyIsImVkaXRzIjp7InJlc2l6ZSI6eyJ3aWR0aCI6NDAwfSwid2VicCI6eyJxdWFsaXR5Ijo1MH19fQ==,/sneakers/converse/converse-glf-20-golf-le-fleur-oil-green-173187c-ka/35661?from=search
Puma RS-Z Outline Black White,1120000,https://d5ibtax54de3q.cloudfront.net/eyJidWNrZXQiOiJraWNrYXZlbnVlLWFzc2V0cyIsImtleSI6InByb2R1Y3RzLzM0MjE3LzM2MjcxYWY3NDZjYTg5MGE3OWM0NGJhYTA0Y2RjYzg5LnBuZyIsImVkaXRzIjp7InJlc2l6ZSI6eyJ3aWR0aCI6NDAwfSwid2VicCI6eyJxdWFsaXR5Ijo1MH19fQ==,/sneakers/puma/puma-rs-z-outline-black-white-383589-03-ka/34217?from=search
New Balance 2002R Hiking Pack Beige,2390000,https://d5ibtax54de3q.cloudfront.net/eyJidWNrZXQiOiJraWNrYXZlbnVlLWFzc2V0cyIsImtleSI6InByb2R1Y3RzLzMzMjcwLzBhYjdiYjBhYTMzMzBmZjg1YjA5YTM1NWRkODAzYTg1LnBuZyIsImVkaXRzIjp7InJlc2l6ZSI6eyJ3aWR0aCI6NDAwfSwid2VicCI6eyJxdWFsaXR5Ijo1MH19fQ==,/sneakers/new-balance/new-balance-2002r-hiking-pack-beige-m2002rwl-ka-2/33270?from=search
New Balance 576 MiUK Mood Indigo Off White,3130000,https://d5ibtax54de3q.cloudfront.net/eyJidWNrZXQiOiJraWNrYXZlbnVlLWFzc2V0cyIsImtleSI6InByb2R1Y3RzLzY0MDk4LzY0MjljMTBlNmRmODk3MDgxMzVlODNiMzEwYmVmMzVhLmpwZWciLCJlZGl0cyI6eyJyZXNpemUiOnsid2lkdGgiOjQwMH0sIndlYnAiOnsicXVhbGl0eSI6NTB9fX0=,/sneakers/new-balance/new-balance-576-miuk-mood-indigo-off-white-ou576lwg-ka/64098?from=search
Nike SB Zoom Blazer Mid Premium Deconstructed Barcelona,1570000,https://d5ibtax54de3q.cloudfront.net/eyJidWNrZXQiOiJraWNrYXZlbnVlLWFzc2V0cyIsImtleSI6InByb2R1Y3RzLzY2NTE5L2VlOWQwMGExOWM4MDIyNjg4YThlOTY4ZmY1ZTAzMGY5LnBuZyIsImVkaXRzIjp7InJlc2l6ZSI6eyJ3aWR0aCI6NDAwfSwid2VicCI6eyJxdWFsaXR5Ijo1MH19fQ==,/sneakers/nike/nike-sb-zoom-blazer-mid-premium-deconstructed-barcelona-fd5113-600-ka/66519?from=search
Adidas Duramo SL Shoes,500000,https://d5ibtax54de3q.cloudfront.net/eyJidWNrZXQiOiJraWNrYXZlbnVlLWFzc2V0cyIsImtleSI6InByb2R1Y3RzLzYyNTI4LzY3YjY0NjhjYWYwMjNiMDA0MDY0YTFiYTViOGRjZTBiLmpwZWciLCJlZGl0cyI6eyJyZXNpemUiOnsid2lkdGgiOjQwMH0sIndlYnAiOnsicXVhbGl0eSI6NTB9fX0=,/sneakers/adidas/adidas-duramo-sl-shoes-fw7391-ka/62528?from=search
Adidas Campus 80s Grey Off White,840000,https://d5ibtax54de3q.cloudfront.net/eyJidWNrZXQiOiJraWNrYXZlbnVlLWFzc2V0cyIsImtleSI6InByb2R1Y3RzLzU5MzM5L2U3OTJiM2UzY2Y3ZDEzNDRlYjI4ZDIwYjY4ZTY2Yzg3LmpwZWciLCJlZGl0cyI6eyJyZXNpemUiOnsid2lkdGgiOjQwMH0sIndlYnAiOnsicXVhbGl0eSI6NTB9fX0=,/sneakers/adidas/adidas-campus-80s-grey-off-white-fz6154-ka/59339?from=search
Reebok Flexagon Energy TR 3.0,450000,https://d5ibtax54de3q.cloudfront.net/eyJidWNrZXQiOiJraWNrYXZlbnVlLWFzc2V0cyIsImtleSI6InByb2R1Y3RzLzU4MTY3LzFmZjUzM2I0ZTY1Y2M5YzVkY2RhOWY0NWYxNDY0NTMxLmpwZWciLCJlZGl0cyI6eyJyZXNpemUiOnsid2lkdGgiOjQwMH0sIndlYnAiOnsicXVhbGl0eSI6NTB9fX0=,/sneakers/reebok/reebok-flexagon-energy-tr-30-fx1348-ka/58167?from=search
Converse Chuck Taylor All Star Low White,890000,https://d5ibtax54de3q.cloudfront.net/eyJidWNrZXQiOiJraWNrYXZlbnVlLWFzc2V0cyIsImtleSI6InByb2R1Y3RzLzcyMjg4LzA2N2NkYmQ0MTk3NDVhM2I2MGMxM2ZmY2VjZWNiOTNkLnBuZyIsImVkaXRzIjp7InJlc2l6ZSI6eyJ3aWR0aCI6NDAwfSwid2VicCI6eyJxdWFsaXR5Ijo1MH19fQ==,/sneakers/converse/converse-chuck-taylor-all-star-low-white-a02839c-ka/72288?from=search
Converse Chuck Taylor All Star Mid Malden Street Burnt Orange,790000,https://d5ibtax54de3q.cloudfront.net/eyJidWNrZXQiOiJraWNrYXZlbnVlLWFzc2V0cyIsImtleSI6InByb2R1Y3RzLzc1Mjg4L2I0ZjkwZDczMTZhZTVhZTlhZWFkNWM5ZTU4MTQyNzI4LnBuZyIsImVkaXRzIjp7InJlc2l6ZSI6eyJ3aWR0aCI6NDAwfSwid2VicCI6eyJxdWFsaXR5Ijo1MH19fQ==,/sneakers/converse/converse-chuck-taylor-all-star-mid-malden-street-burnt-orange-a05028c-ka/75288?from=search
Nike Air Max Plus Toggle Grey Reflective,3280000,https://d5ibtax54de3q.cloudfront.net/eyJidWNrZXQiOiJraWNrYXZlbnVlLWFzc2V0cyIsImtleSI6InByb2R1Y3RzLzc2ODYyLzNmOWJkZjE3NThlMWU5ODZhZjZmNzA4ZGM3NmZlMDU1LnBuZyIsImVkaXRzIjp7InJlc2l6ZSI6eyJ3aWR0aCI6NDAwfSwid2VicCI6eyJxdWFsaXR5Ijo1MH19fQ==,/sneakers/nike/nike-air-max-plus-toggle-grey-reflective-fd0670-002-ka/76862?from=search
Nike Air Max 95 Bred Ice,2220000,https://d5ibtax54de3q.cloudfront.net/eyJidWNrZXQiOiJraWNrYXZlbnVlLWFzc2V0cyIsImtleSI6InByb2R1Y3RzLzgwODI4L2YwOWU3MTQwM2E1NWRkNjkwMjgzZjMyZmI4MGJiYjNmLnBuZyIsImVkaXRzIjp7InJlc2l6ZSI6eyJ3aWR0aCI6NDAwfSwid2VicCI6eyJxdWFsaXR5Ijo1MH19fQ==,/sneakers/nike/nike-air-max-95-bred-ice-749766-039-ka/80828?from=search
Vans Old Skool Tapered Black White,980000,https://d5ibtax54de3q.cloudfront.net/eyJidWNrZXQiOiJraWNrYXZlbnVlLWFzc2V0cyIsImtleSI6InByb2R1Y3RzLzU2NjgxL2NlOTgwNjZiYTRlM2RmYmRmNmYyZWViZGJkMmNiZGI1LmpwZWciLCJlZGl0cyI6eyJyZXNpemUiOnsid2lkdGgiOjQwMH0sIndlYnAiOnsicXVhbGl0eSI6NTB9fX0=,/sneakers/vans/vans-old-skool-tapered-black-white-vn0a54f49y4-ka/56681?from=search
Adidas Fluidflow 2.0 Legend Ink,650000,https://d5ibtax54de3q.cloudfront.net/eyJidWNrZXQiOiJraWNrYXZlbnVlLWFzc2V0cyIsImtleSI6InByb2R1Y3RzLzY0OTAyL2Y1MGM4ZjNkMDMyMjBjYzMwM2U5YzQ0N2VhZjI2MmE2LmpwZWciLCJlZGl0cyI6eyJyZXNpemUiOnsid2lkdGgiOjQwMH0sIndlYnAiOnsicXVhbGl0eSI6NTB9fX0=,/sneakers/adidas/adidas-fluidflow-20-legend-ink-gw4012-ka/64902?from=search
Air Jordan 4 Retro Red Cement (Grade School),1400000,https://d5ibtax54de3q.cloudfront.net/eyJidWNrZXQiOiJraWNrYXZlbnVlLWFzc2V0cyIsImtleSI6InByb2R1Y3RzLzY2ODgwL2NiMDFjMTYwZTcxZWYwODBiMzhkOTZlODY2ZGIxZjY1LnBuZyIsImVkaXRzIjp7InJlc2l6ZSI6eyJ3aWR0aCI6NDAwfSwid2VicCI6eyJxdWFsaXR5Ijo1MH19fQ==,/sneakers/air-jordan/jordan-4-retro-red-cement-gs-408452-161-ka/66880?from=search
New Balance 550 Suede Pack Red,800000,https://d5ibtax54de3q.cloudfront.net/eyJidWNrZXQiOiJraWNrYXZlbnVlLWFzc2V0cyIsImtleSI6InByb2R1Y3RzLzU4NzE1L2E4NWUxMTM1NzJhMmUxZTA3YTVjMGI4NzY1ZDcyMzZiLmpwZWciLCJlZGl0cyI6eyJyZXNpemUiOnsid2lkdGgiOjQwMH0sIndlYnAiOnsicXVhbGl0eSI6NTB9fX0=,/sneakers/new-balance/new-balance-550-suede-pack-red-bb550vnd-ka/58715?from=search
Air Jordan 1 Low Aquatone,1920000,https://d5ibtax54de3q.cloudfront.net/eyJidWNrZXQiOiJraWNrYXZlbnVlLWFzc2V0cyIsImtleSI6InByb2R1Y3RzLzY0MTU2LzE1YjAxZTNjNmI2Mzc0NzM2YzBhNDAzMTc4NDIyNGZjLmpwZWciLCJlZGl0cyI6eyJyZXNpemUiOnsid2lkdGgiOjQwMH0sIndlYnAiOnsicXVhbGl0eSI6NTB9fX0=,/sneakers/air-jordan/air-jordan-1-low-aquatone-dx4334-300-ka/64156?from=search
New Balance 1500.9 Made in England Summer Nine Pack Gray,3070000,https://d5ibtax54de3q.cloudfront.net/eyJidWNrZXQiOiJraWNrYXZlbnVlLWFzc2V0cyIsImtleSI6InByb2R1Y3RzLzk0NDY2LzA1N2Q1M2UyODM4YWNlNTA2ZjVkZjc2MDUyOTZmOTQ5LnBuZyIsImVkaXRzIjp7InJlc2l6ZSI6eyJ3aWR0aCI6NDAwfSwid2VicCI6eyJxdWFsaXR5Ijo1MH19fQ==,/sneakers/new-balance/new-balance-15009-made-in-england-summer-nine-pack-gray-m15009fr-ka/94466?from=search
Adidas Ultra Boost 4.0 DNA White,2170000,https://d5ibtax54de3q.cloudfront.net/eyJidWNrZXQiOiJraWNrYXZlbnVlLWFzc2V0cyIsImtleSI6InByb2R1Y3RzLzYzMDMxLzg4Yzg2NTdjZTBjNzlhMDMxZjk3ZTUyZjNmY2VkMmY1LmpwZWciLCJlZGl0cyI6eyJyZXNpemUiOnsid2lkdGgiOjQwMH0sIndlYnAiOnsicXVhbGl0eSI6NTB9fX0=,/sneakers/adidas/adidas-ultra-boost-40-dna-white-fy9120-ka/63031?from=search
Reebok Club C 85 Harry Potter Hogwarts,3000000,https://d5ibtax54de3q.cloudfront.net/eyJidWNrZXQiOiJraWNrYXZlbnVlLWFzc2V0cyIsImtleSI6InByb2R1Y3RzLzc2NjA0L2YxNGIxMDBmYmFmODhkMmU0ZTAzNDdmZmFlY2NjYmU2LnBuZyIsImVkaXRzIjp7InJlc2l6ZSI6eyJ3aWR0aCI6NDAwfSwid2VicCI6eyJxdWFsaXR5Ijo1MH19fQ==,/sneakers/reebok/reebok-club-c-85-harry-potter-hogwarts-100073152-ka/76604?from=search
Nike Air Force 1 Low Halloween Savage Beast,8190000,https://d5ibtax54de3q.cloudfront.net/eyJidWNrZXQiOiJraWNrYXZlbnVlLWFzc2V0cyIsImtleSI6InByb2R1Y3RzLzc5OTc5L2VjNzRmODkyZDZkNjdjYjJkNDM5MGNhMzA5ZmJkNzMzLnBuZyIsImVkaXRzIjp7InJlc2l6ZSI6eyJ3aWR0aCI6NDAwfSwid2VicCI6eyJxdWFsaXR5Ijo1MH19fQ==,/sneakers/nike/nike-air-force-1-low-halloween-savage-beast-389726-220-ka/79979?from=search
Nike Haze x Air Force 1 Low CMFT LW HZ QS,16480000,https://d5ibtax54de3q.cloudfront.net/eyJidWNrZXQiOiJraWNrYXZlbnVlLWFzc2V0cyIsImtleSI6InByb2R1Y3RzLzc5OTg1L2ZiM2VlNzQzOTI3MmM1ZDY2NTYyYjFlYjI2MTBmMDI5LnBuZyIsImVkaXRzIjp7InJlc2l6ZSI6eyJ3aWR0aCI6NDAwfSwid2VicCI6eyJxdWFsaXR5Ijo1MH19fQ==,/sneakers/nike/nike-haze-x-air-force-1-low-cmft-lw-hz-qs-709025-010-ka/79985?from=search
Nike PG 6 EP Blue Paisley,3990000,https://d5ibtax54de3q.cloudfront.net/eyJidWNrZXQiOiJraWNrYXZlbnVlLWFzc2V0cyIsImtleSI6InByb2R1Y3RzLzg0OTA3LzEzZDlhZDA0ZjRlNTVjYWQzZTFjNjZhZjI1NWFkNDJiLnBuZyIsImVkaXRzIjp7InJlc2l6ZSI6eyJ3aWR0aCI6NDAwfSwid2VicCI6eyJxdWFsaXR5Ijo1MH19fQ==,/sneakers/nike/nike-pg-6-ep-blue-paisley-dh8447-400-ka/84907?from=search
Nike KD 3 Retro White Metallic Gold,3330000,https://d5ibtax54de3q.cloudfront.net/eyJidWNrZXQiOiJraWNrYXZlbnVlLWFzc2V0cyIsImtleSI6InByb2R1Y3RzLzcwNDM0L2QwNjQ2ZTBjZjkyMGE1YzNlNGMwZTQ4YWNhZGQxMGMyLnBuZyIsImVkaXRzIjp7InJlc2l6ZSI6eyJ3aWR0aCI6NDAwfSwid2VicCI6eyJxdWFsaXR5Ijo1MH19fQ==,/sneakers/nike/nike-kd-3-retro-white-metallic-gold-dz3009-100-ka/70434?from=search
Nike Air Flight Lite Mid Black Varsity Red,1350000,https://d5ibtax54de3q.cloudfront.net/eyJidWNrZXQiOiJraWNrYXZlbnVlLWFzc2V0cyIsImtleSI6InByb2R1Y3RzLzc1NTkyLzYwZTMxYzc5M2E5MzZkNzkyMWIxNzEzNmU0Mjk4NWU0LnBuZyIsImVkaXRzIjp7InJlc2l6ZSI6eyJ3aWR0aCI6NDAwfSwid2VicCI6eyJxdWFsaXR5Ijo1MH19fQ==,/sneakers/nike/nike-air-flight-lite-mid-black-varsity-red-dq7687-003-ka/75592?from=search
Nike Kyrie 6 N7 Sail,4200000,https://d5ibtax54de3q.cloudfront.net/eyJidWNrZXQiOiJraWNrYXZlbnVlLWFzc2V0cyIsImtleSI6InByb2R1Y3RzLzgyMjc1L2Q3NjIyMTQ2MjU3MjhkNDc5OWJlZWFhMGViZTIyYmY5LnBuZyIsImVkaXRzIjp7InJlc2l6ZSI6eyJ3aWR0aCI6NDAwfSwid2VicCI6eyJxdWFsaXR5Ijo1MH19fQ==,/sneakers/nike/nike-kyrie-6-n7-sail-cw1785-200-ka/82275?from=search
Nike Air Max 97 Tie Dye Black,4590000,https://d5ibtax54de3q.cloudfront.net/eyJidWNrZXQiOiJraWNrYXZlbnVlLWFzc2V0cyIsImtleSI6InByb2R1Y3RzLzgxMDAwLzMwOTYwOGRiZjFmNTc3Y2Q3MzlmZDdiOTljMmQ4ZTBlLnBuZyIsImVkaXRzIjp7InJlc2l6ZSI6eyJ3aWR0aCI6NDAwfSwid2VicCI6eyJxdWFsaXR5Ijo1MH19fQ==,/sneakers/nike/nike-air-max-97-tie-dye-black-ck0841-001-ka/81000?from=search
Puma RS-Z Outline Blue,940000,https://d5ibtax54de3q.cloudfront.net/eyJidWNrZXQiOiJraWNrYXZlbnVlLWFzc2V0cyIsImtleSI6InByb2R1Y3RzLzMzOTU2Lzg2MzIxZjUxZmRlOTllODMxMDRkYTliODM4OGI1ZmIxLnBuZyIsImVkaXRzIjp7InJlc2l6ZSI6eyJ3aWR0aCI6NDAwfSwid2VicCI6eyJxdWFsaXR5Ijo1MH19fQ==,/sneakers/puma/puma-rs-z-outline-blue-383589-01-ka/33956?from=search
Adidas Samba Pharrell Humanrace Pink,4530000,https://d5ibtax54de3q.cloudfront.net/eyJidWNrZXQiOiJraWNrYXZlbnVlLWFzc2V0cyIsImtleSI6InByb2R1Y3RzLzYzMTU5LzljNGM5ZWE4ZTg1ZWE1YWYxZWZiNGUxM2IxYmJmZWMyLmpwZWciLCJlZGl0cyI6eyJyZXNpemUiOnsid2lkdGgiOjQwMH0sIndlYnAiOnsicXVhbGl0eSI6NTB9fX0=,/sneakers/adidas/adidas-samba-pharrell-humanrace-pink-ie7295-ka/63159?from=search
Converse Run Star Motion Platform 90's Marbled White,950000,https://d5ibtax54de3q.cloudfront.net/eyJidWNrZXQiOiJraWNrYXZlbnVlLWFzc2V0cyIsImtleSI6InByb2R1Y3RzLzY2OTE3LzFkNTVlNmMwNTIxOGZmOTU4NDkyMWU5M2NlZTZmNGJhLnBuZyIsImVkaXRzIjp7InJlc2l6ZSI6eyJ3aWR0aCI6NDAwfSwid2VicCI6eyJxdWFsaXR5Ijo1MH19fQ==,/sneakers/converse/converse-run-star-motion-platform-90s-marbled-white-a00554c-ka/66917?from=search
Puma LaMelo Ball MB.02 Honeycomb,1580000,https://d5ibtax54de3q.cloudfront.net/eyJidWNrZXQiOiJraWNrYXZlbnVlLWFzc2V0cyIsImtleSI6InByb2R1Y3RzLzU3NjY0LzQwODRlNWQ0OTgxZWMyZWZhOGNkMDM3YjMxODZkNmQ2LnBuZyIsImVkaXRzIjp7InJlc2l6ZSI6eyJ3aWR0aCI6NDAwfSwid2VicCI6eyJxdWFsaXR5Ijo1MH19fQ==,/sneakers/puma/puma-lamelo-ball-mb02-honeycomb-377590-01-ka/57664?from=search
New Balance 860v2 Black White Silver,1360000,https://d5ibtax54de3q.cloudfront.net/eyJidWNrZXQiOiJraWNrYXZlbnVlLWFzc2V0cyIsImtleSI6InByb2R1Y3RzLzYwMjM2LzMwN2QyYzgwODRkOWYxNDQwY2E1MGY5YTAxMGYzYzc5LmpwZWciLCJlZGl0cyI6eyJyZXNpemUiOnsid2lkdGgiOjQwMH0sIndlYnAiOnsicXVhbGl0eSI6NTB9fX0=,/sneakers/new-balance/new-balance-860v2-black-white-silver-ml860xd-ka/60236?from=search
New Balance 997 OG Kith Grey,3770000,https://d5ibtax54de3q.cloudfront.net/eyJidWNrZXQiOiJraWNrYXZlbnVlLWFzc2V0cyIsImtleSI6InByb2R1Y3RzLzcxNTQ0LzlkM2NhM2MzY2E2MWFhNDQwNTkwNWI0NjRmYWYzYTNiLnBuZyIsImVkaXRzIjp7InJlc2l6ZSI6eyJ3aWR0aCI6NDAwfSwid2VicCI6eyJxdWFsaXR5Ijo1MH19fQ==,/sneakers/new-balance/new-balance-997-og-kith-grey-m997gy2-ka/71544?from=search
Nike Air Max Plus Light Photography Old Royal,2240000,https://d5ibtax54de3q.cloudfront.net/eyJidWNrZXQiOiJraWNrYXZlbnVlLWFzc2V0cyIsImtleSI6InByb2R1Y3RzLzc2MjcwL2U0YTA4NzMxMzhjYzJmNWQwMTViN2Y2YTg4NDZkYjZjLnBuZyIsImVkaXRzIjp7InJlc2l6ZSI6eyJ3aWR0aCI6NDAwfSwid2VicCI6eyJxdWFsaXR5Ijo1MH19fQ==,/sneakers/nike/nike-air-max-plus-light-photography-old-royal-dz3531-400-ka/76270?from=search
Puma Classic Suede Flannel Blue,1690000,https://d5ibtax54de3q.cloudfront.net/eyJidWNrZXQiOiJraWNrYXZlbnVlLWFzc2V0cyIsImtleSI6InByb2R1Y3RzLzczNDUwL2I4NTM5YzZjYjljNTQ1MDE0ZGU1MjgwOTNjNjFkZDVkLnBuZyIsImVkaXRzIjp7InJlc2l6ZSI6eyJ3aWR0aCI6NDAwfSwid2VicCI6eyJxdWFsaXR5Ijo1MH19fQ==,/sneakers/puma/puma-classic-suede-flannel-blue-384605-02-ka/73450?from=search
Nike Blazer Low Vachetta Tan (Women's),14870000,https://d5ibtax54de3q.cloudfront.net/eyJidWNrZXQiOiJraWNrYXZlbnVlLWFzc2V0cyIsImtleSI6InByb2R1Y3RzLzgxOTUyL2JkMjE0ZDNiMTUyMjc5YjQ2NmRkM2ZkOTVkMDQ0MjdkLnBuZyIsImVkaXRzIjp7InJlc2l6ZSI6eyJ3aWR0aCI6NDAwfSwid2VicCI6eyJxdWFsaXR5Ijo1MH19fQ==,/sneakers/nike/nike-blazer-low-vachetta-tan-womens-aa1557-200-ka/81952?from=search
Adidas Adi2000 Semi Lucid Blue,750000,https://d5ibtax54de3q.cloudfront.net/eyJidWNrZXQiOiJraWNrYXZlbnVlLWFzc2V0cyIsImtleSI6InByb2R1Y3RzLzc1Mzk5L2RmMmMwODQ4MTA1YjNhOWMxYWU5ZGE3ZTkwNmY2M2RjLnBuZyIsImVkaXRzIjp7InJlc2l6ZSI6eyJ3aWR0aCI6NDAwfSwid2VicCI6eyJxdWFsaXR5Ijo1MH19fQ==,/sneakers/adidas/adidas-adi2000-semi-lucid-blue-hq6917-ka/75399?from=search
Nike Air Foamposite One Paranorman,65070000,https://d5ibtax54de3q.cloudfront.net/eyJidWNrZXQiOiJraWNrYXZlbnVlLWFzc2V0cyIsImtleSI6InByb2R1Y3RzLzgyODI1L2FiYjFlOTM1YThhNjYwODViODVlYTUxYTQzNjJiNzNhLnBuZyIsImVkaXRzIjp7InJlc2l6ZSI6eyJ3aWR0aCI6NDAwfSwid2VicCI6eyJxdWFsaXR5Ijo1MH19fQ==,/sneakers/nike/nike-air-foamposite-one-paranorman-579771-003-ka-2/82825?from=search
New Balance 2002R Mule Dark Grey Dark Navy,4740000,https://d5ibtax54de3q.cloudfront.net/eyJidWNrZXQiOiJraWNrYXZlbnVlLWFzc2V0cyIsImtleSI6InByb2R1Y3RzLzc1NTAxL2M1MWNkMWQzYjkzMTY4MjhmN2E1ZDFlZjViZGQxZjE5LnBuZyIsImVkaXRzIjp7InJlc2l6ZSI6eyJ3aWR0aCI6NDAwfSwid2VicCI6eyJxdWFsaXR5Ijo1MH19fQ==,/sneakers/new-balance/new-balance-2002r-mule-dark-grey-dark-navy-m2002rmx-ka/75501?from=search
Adidas Ultimashow White Grey,790000,https://d5ibtax54de3q.cloudfront.net/eyJidWNrZXQiOiJraWNrYXZlbnVlLWFzc2V0cyIsImtleSI6InByb2R1Y3RzLzc4MDU5LzdjNWQxZWM4ZGU2YjI2ZGZiMDJmZTEyMTQ0ODE0MWZjLnBuZyIsImVkaXRzIjp7InJlc2l6ZSI6eyJ3aWR0aCI6NDAwfSwid2VicCI6eyJxdWFsaXR5Ijo1MH19fQ==,/sneakers/adidas/adidas-ultimashow-white-grey-fx3631-ka/78059?from=search
Nike Air Force 1 Low Year of the Dog (2018),18650000,https://d5ibtax54de3q.cloudfront.net/eyJidWNrZXQiOiJraWNrYXZlbnVlLWFzc2V0cyIsImtleSI6InByb2R1Y3RzLzgwMjc0LzY4ZjViZjgyNDM2MTdhNTYwYTY2OWQwYzJjNmMxZjllLnBuZyIsImVkaXRzIjp7InJlc2l6ZSI6eyJ3aWR0aCI6NDAwfSwid2VicCI6eyJxdWFsaXR5Ijo1MH19fQ==,/sneakers/nike/nike-air-force-1-low-year-of-the-dog-2018-ao9281-100-ka/80274?from=search
Nike Air Force 1 Low Burgundy Ash,2740000,https://d5ibtax54de3q.cloudfront.net/eyJidWNrZXQiOiJraWNrYXZlbnVlLWFzc2V0cyIsImtleSI6InByb2R1Y3RzLzc5OTA1LzJjMmZkNjNmODU4MDU5MTQxMTg3YzliMTZmNWI4OTBiLnBuZyIsImVkaXRzIjp7InJlc2l6ZSI6eyJ3aWR0aCI6NDAwfSwid2VicCI6eyJxdWFsaXR5Ijo1MH19fQ==,/sneakers/nike/nike-air-force-1-low-burgundy-ash-cq6367-600-ka/79905?from=search
Nike Tiempo Legend 10 Academy MG Shadow Pack,1610000,https://d5ibtax54de3q.cloudfront.net/eyJidWNrZXQiOiJraWNrYXZlbnVlLWFzc2V0cyIsImtleSI6InByb2R1Y3RzLzg1NzY0LzNiOWM2YTk4YjUzMzczZjdkOGMyOWVjMzZjZmQzNmM5LnBuZyIsImVkaXRzIjp7InJlc2l6ZSI6eyJ3aWR0aCI6NDAwfSwid2VicCI6eyJxdWFsaXR5Ijo1MH19fQ==,/sneakers/nike/nike-tiempo-legend-10-academy-mg-shadow-pack-dv4337-040-ka-2/85764?from=search
Nike SB Dunk Low Loon,13960000,https://d5ibtax54de3q.cloudfront.net/eyJidWNrZXQiOiJraWNrYXZlbnVlLWFzc2V0cyIsImtleSI6InByb2R1Y3RzLzg5Nzk1L2Y3OTQ5MzMwMWJhNmUyM2RiYzc1Nzk5YWE0MzgyNTUwLnBuZyIsImVkaXRzIjp7InJlc2l6ZSI6eyJ3aWR0aCI6NDAwfSwid2VicCI6eyJxdWFsaXR5Ijo1MH19fQ==,/sneakers/nike/nike-sb-dunk-low-loon-313170-011-ka/89795?from=search
Nike Kyrie Flytrap 3 EP Black Metallic Gold,2100000,https://d5ibtax54de3q.cloudfront.net/eyJidWNrZXQiOiJraWNrYXZlbnVlLWFzc2V0cyIsImtleSI6InByb2R1Y3RzLzgyMzkxL2U4MzE1NTUyMGUzMTM2NTdkNTc4OGExOWQ0NWQyYjI0LnBuZyIsImVkaXRzIjp7InJlc2l6ZSI6eyJ3aWR0aCI6NDAwfSwid2VicCI6eyJxdWFsaXR5Ijo1MH19fQ==,/sneakers/nike/nike-kyrie-flytrap-3-ep-black-metallic-gold-cd0191-008-ka-2/82391?from=search
Air Jordan Hex Slides Black (Women's),550000,https://d5ibtax54de3q.cloudfront.net/eyJidWNrZXQiOiJraWNrYXZlbnVlLWFzc2V0cyIsImtleSI6InByb2R1Y3RzLzc0OTIyLzIwZGM5MzNmNzEzZTljNjZkYzRiNWNhM2Q2OTgwZDgxLnBuZyIsImVkaXRzIjp7InJlc2l6ZSI6eyJ3aWR0aCI6NDAwfSwid2VicCI6eyJxdWFsaXR5Ijo1MH19fQ==,/sneakers/air-jordan/air-jordan-hex-slides-black-w-dq8992-001-ka/74922?from=search
New Balance 997 Sport Steel,1120000,https://d5ibtax54de3q.cloudfront.net/eyJidWNrZXQiOiJraWNrYXZlbnVlLWFzc2V0cyIsImtleSI6InByb2R1Y3RzLzczNjQ0Lzk2MDBjMGEzNjFmZDNhNDk0ZDU2Mjc1MjZhMzg0NGYzLnBuZyIsImVkaXRzIjp7InJlc2l6ZSI6eyJ3aWR0aCI6NDAwfSwid2VicCI6eyJxdWFsaXR5Ijo1MH19fQ==,/sneakers/new-balance/new-balance-997-sport-steel-ms997xta-ka/73644?from=search
Vans X Our Legends GT Sk8-Hi Reissue,840000,https://d5ibtax54de3q.cloudfront.net/eyJidWNrZXQiOiJraWNrYXZlbnVlLWFzc2V0cyIsImtleSI6InByb2R1Y3RzLzk4MjMwL2NkYjBlOGRjMzliMjM2MDY4NTVhNjZjYzcwYjQ0NjE1LnBuZyIsImVkaXRzIjp7InJlc2l6ZSI6eyJ3aWR0aCI6NDAwfSwid2VicCI6eyJxdWFsaXR5Ijo1MH19fQ==,/sneakers/vans/vans-x-our-legends-gt-sk8-hi-reissue-vn0a4u3dy09-ka/98230?from=search
Nike SF Air Force 1 Mid Coral Stardust,4400000,https://d5ibtax54de3q.cloudfront.net/eyJidWNrZXQiOiJraWNrYXZlbnVlLWFzc2V0cyIsImtleSI6InByb2R1Y3RzLzg1NTE0LzBmZjQyNmMwZGExMzUxZGE5YjRhZWViOGFiZWI4OGJlLnBuZyIsImVkaXRzIjp7InJlc2l6ZSI6eyJ3aWR0aCI6NDAwfSwid2VicCI6eyJxdWFsaXR5Ijo1MH19fQ==,/sneakers/nike/nike-sf-air-force-1-mid-coral-stardust-aj9502-600-ka/85514?from=search
Jordan 9 Retro Boot NRG Olive,4830000,https://d5ibtax54de3q.cloudfront.net/eyJidWNrZXQiOiJraWNrYXZlbnVlLWFzc2V0cyIsImtleSI6InByb2R1Y3RzLzkyNzM3L2RlODU4MGUxMWFiYTIyNGJjYTM5ODEwZGExN2ZkNDExLnBuZyIsImVkaXRzIjp7InJlc2l6ZSI6eyJ3aWR0aCI6NDAwfSwid2VicCI6eyJxdWFsaXR5Ijo1MH19fQ==,/sneakers/air-jordan/jordan-9-retro-boot-nrg-olive-ar4491-012-ka/92737?from=search
Jordan ADG 3 Golf Grey Green Glow,1370000,https://d5ibtax54de3q.cloudfront.net/eyJidWNrZXQiOiJraWNrYXZlbnVlLWFzc2V0cyIsImtleSI6InByb2R1Y3RzLzkyNzQ5L2ZkMzIyZWY3NjU3NTgxNDQwOWJhNmUyZjFkMTkwZmFlLnBuZyIsImVkaXRzIjp7InJlc2l6ZSI6eyJ3aWR0aCI6NDAwfSwid2VicCI6eyJxdWFsaXR5Ijo1MH19fQ==,/sneakers/air-jordan/jordan-adg-3-golf-grey-green-glow-cw7242-002-ka/92749?from=search
Puma Rise Nitro Neymar Jr Ultra Orange,990000,https://d5ibtax54de3q.cloudfront.net/eyJidWNrZXQiOiJraWNrYXZlbnVlLWFzc2V0cyIsImtleSI6InByb2R1Y3RzLzc5NDI2L2NmNzYzZGY3NjQwMWE5YmI4NDQ0MjY4OGI2NGExNjVkLnBuZyIsImVkaXRzIjp7InJlc2l6ZSI6eyJ3aWR0aCI6NDAwfSwid2VicCI6eyJxdWFsaXR5Ijo1MH19fQ==,/sneakers/puma/puma-rise-nitro-neymar-jr-ultra-orange-378947-01-ka/79426?from=search
Nike Air Max Uptempo 97 Black Anthracite,14870000,https://d5ibtax54de3q.cloudfront.net/eyJidWNrZXQiOiJraWNrYXZlbnVlLWFzc2V0cyIsImtleSI6InByb2R1Y3RzLzgxNzM5L2M5NWIzNjM3MWNlZWI2YjZkODllNTg2NTBiZWM3ODgyLnBuZyIsImVkaXRzIjp7InJlc2l6ZSI6eyJ3aWR0aCI6NDAwfSwid2VicCI6eyJxdWFsaXR5Ijo1MH19fQ==,/sneakers/nike/nike-air-max-uptempo-97-black-anthracite-399207-005-ka/81739?from=search
Nike Air Max 97 Wheat (Women's),1690000,https://d5ibtax54de3q.cloudfront.net/eyJidWNrZXQiOiJraWNrYXZlbnVlLWFzc2V0cyIsImtleSI6InByb2R1Y3RzLzgxMDM0LzdiOTJkMDMxMzBlNTQ5YjQ1MmMyMjA4NWI3ZTFjYmQ5LnBuZyIsImVkaXRzIjp7InJlc2l6ZSI6eyJ3aWR0aCI6NDAwfSwid2VicCI6eyJxdWFsaXR5Ijo1MH19fQ==,/sneakers/nike/nike-wmns-air-max-97-wheat-921733-702-ka/81034?from=search
Nike Air Darwin White Teal Black,5160000,https://d5ibtax54de3q.cloudfront.net/eyJidWNrZXQiOiJraWNrYXZlbnVlLWFzc2V0cyIsImtleSI6InByb2R1Y3RzLzgxMDQ1L2E3NzQzYTAwYjk3N2Q4YzQ4NTY0NWQyNWQ2N2IwMTQ0LnBuZyIsImVkaXRzIjp7InJlc2l6ZSI6eyJ3aWR0aCI6NDAwfSwid2VicCI6eyJxdWFsaXR5Ijo1MH19fQ==,/sneakers/nike/nike-air-darwin-white-teal-black-aj9710-100-ka/81045?from=search
Air Jordan Apex React Triple Black,3630000,https://d5ibtax54de3q.cloudfront.net/eyJidWNrZXQiOiJraWNrYXZlbnVlLWFzc2V0cyIsImtleSI6InByb2R1Y3RzLzkzNTk0L2Y3YjVjNmYyZjNkMGM2ZTUzYTc1Yzc2M2MwZTQ3NTRkLnBuZyIsImVkaXRzIjp7InJlc2l6ZSI6eyJ3aWR0aCI6NDAwfSwid2VicCI6eyJxdWFsaXR5Ijo1MH19fQ==,/sneakers/air-jordan/air-jordan-apex-react-triple-black-bq1311-002-ka/93594?from=search
Nike LeBron 15 EP Ashes,5090000,https://d5ibtax54de3q.cloudfront.net/eyJidWNrZXQiOiJraWNrYXZlbnVlLWFzc2V0cyIsImtleSI6InByb2R1Y3RzLzgzNzM4LzMwNTFhODIyMzA1ZDViN2U3YzlkYjAwNGZjODMxMDNmLnBuZyIsImVkaXRzIjp7InJlc2l6ZSI6eyJ3aWR0aCI6NDAwfSwid2VicCI6eyJxdWFsaXR5Ijo1MH19fQ==,/sneakers/nike/nike-lebron-15-ep-ashes-897649-002-ka-2/83738?from=search
Nike LeBron 15 Lifestyle KITH King's Crown,33110000,https://d5ibtax54de3q.cloudfront.net/eyJidWNrZXQiOiJraWNrYXZlbnVlLWFzc2V0cyIsImtleSI6InByb2R1Y3RzLzgzNzQ0LzBhYmM2YjVlZjQ1YWE2OGNlZmZlMzRmMzU4NWU4ZWQwLnBuZyIsImVkaXRzIjp7InJlc2l6ZSI6eyJ3aWR0aCI6NDAwfSwid2VicCI6eyJxdWFsaXR5Ijo1MH19fQ==,/sneakers/nike/nike-lebron-15-lifestyle-kith-kings-crown-ao1068-001-ka/83744?from=search
Nike Kyrie 2 Australia,4250000,https://d5ibtax54de3q.cloudfront.net/eyJidWNrZXQiOiJraWNrYXZlbnVlLWFzc2V0cyIsImtleSI6InByb2R1Y3RzLzgyMTU5LzkyOTZhYzgzNzcwY2MzYmI4M2IyM2Y0MWUxMWEwZjI2LnBuZyIsImVkaXRzIjp7InJlc2l6ZSI6eyJ3aWR0aCI6NDAwfSwid2VicCI6eyJxdWFsaXR5Ijo1MH19fQ==,/sneakers/nike/nike-kyrie-2-australia-819583-701-ka/82159?from=search
Nike Kobe 11 Elite Low Mark Parker,6360000,https://d5ibtax54de3q.cloudfront.net/eyJidWNrZXQiOiJraWNrYXZlbnVlLWFzc2V0cyIsImtleSI6InByb2R1Y3RzLzgzMjYzL2FmNzUxMmExMzIwYmY0YjUyOTRhOGIyOTY3ZTQ5MzRlLnBuZyIsImVkaXRzIjp7InJlc2l6ZSI6eyJ3aWR0aCI6NDAwfSwid2VicCI6eyJxdWFsaXR5Ijo1MH19fQ==,/sneakers/nike/nike-kobe-11-elite-low-mark-parker-822675-014-ka/83263?from=search
Nike Air Max 95 Patch OG Neon,5990000,https://d5ibtax54de3q.cloudfront.net/eyJidWNrZXQiOiJraWNrYXZlbnVlLWFzc2V0cyIsImtleSI6InByb2R1Y3RzLzgwODY3L2I3NDEzYmE3Zjk2NGE3ZTZlMzdjOTFiMmVmNGYwMjJkLnBuZyIsImVkaXRzIjp7InJlc2l6ZSI6eyJ3aWR0aCI6NDAwfSwid2VicCI6eyJxdWFsaXR5Ijo1MH19fQ==,/sneakers/nike/nike-air-max-95-patch-og-neon-747137-170-ka/80867?from=search
Nike Benassi JDI Print Slide White,790000,https://d5ibtax54de3q.cloudfront.net/eyJidWNrZXQiOiJraWNrYXZlbnVlLWFzc2V0cyIsImtleSI6InByb2R1Y3RzLzgxODk3L2M5MzQxNDJjNzkwYzVkYmEyM2YzNWUwMjViYWUwNTA2LnBuZyIsImVkaXRzIjp7InJlc2l6ZSI6eyJ3aWR0aCI6NDAwfSwid2VicCI6eyJxdWFsaXR5Ijo1MH19fQ==,/sneakers/nike/nike-benassi-jdi-print-slide-white-631261-024-ka/81897?from=search
Nike LeBron Witness 7 Lakers,900000,https://d5ibtax54de3q.cloudfront.net/eyJidWNrZXQiOiJraWNrYXZlbnVlLWFzc2V0cyIsImtleSI6InByb2R1Y3RzLzg0MDM5LzU0NzU3ZWNmZTU5YjY0MmFlNmNhY2IzZGE0N2I0YzQ1LnBuZyIsImVkaXRzIjp7InJlc2l6ZSI6eyJ3aWR0aCI6NDAwfSwid2VicCI6eyJxdWFsaXR5Ijo1MH19fQ==,/sneakers/nike/nike-lebron-witness-7-lakers-dm1123-002-ka/84039?from=search
ASICS Gel Sonoma 15-50 Mantle Green,1530000,https://d5ibtax54de3q.cloudfront.net/eyJidWNrZXQiOiJraWNrYXZlbnVlLWFzc2V0cyIsImtleSI6InByb2R1Y3RzLzEwMDk4Ny9hNGI2YjhlNzY3N2M2OGFjZTZhOTQ1NTg3ZjY4ZjQ0My5wbmciLCJlZGl0cyI6eyJyZXNpemUiOnsid2lkdGgiOjQwMH0sIndlYnAiOnsicXVhbGl0eSI6NTB9fX0=,/sneakers/asics/asics-gel-sonoma-15-50-mantle-green-1201a438-302-ka-2/100987?from=search
ANTA KT Splash 2 'White Blue',830000,https://d5ibtax54de3q.cloudfront.net/eyJidWNrZXQiOiJraWNrYXZlbnVlLWFzc2V0cyIsImtleSI6InByb2R1Y3RzLzk5NDkwLzE0OTY2ZTMyODUwNTU2MTM0MDM2MzZlODg0NTJhNzFmLnBuZyIsImVkaXRzIjp7InJlc2l6ZSI6eyJ3aWR0aCI6NDAwfSwid2VicCI6eyJxdWFsaXR5Ijo1MH19fQ==,/sneakers/anta/anta-kt-splash-2-white-blue-112021602-1-ka/99490?from=search
ANTA KT4 Sneakerhead,1990000,https://d5ibtax54de3q.cloudfront.net/eyJidWNrZXQiOiJraWNrYXZlbnVlLWFzc2V0cyIsImtleSI6InByb2R1Y3RzLzk5NTA4L2NiZGZiNmNlZGI3OWQyNzhiZGE0Y2E0ZThlOWFiZjBhLnBuZyIsImVkaXRzIjp7InJlc2l6ZSI6eyJ3aWR0aCI6NDAwfSwid2VicCI6eyJxdWFsaXR5Ijo1MH19fQ==,/sneakers/anta/anta-kt4-sneakerhead-11941104s-3-ka-2/99508?from=search
Nike Kyrie 3 TS EP,5090000,https://d5ibtax54de3q.cloudfront.net/eyJidWNrZXQiOiJraWNrYXZlbnVlLWFzc2V0cyIsImtleSI6InByb2R1Y3RzLzgyMjA3LzI2MGQ5NGE2NDQ4NzRjODU1ZTUzNDkxYjM3ZDdmNmIyLnBuZyIsImVkaXRzIjp7InJlc2l6ZSI6eyJ3aWR0aCI6NDAwfSwid2VicCI6eyJxdWFsaXR5Ijo1MH19fQ==,/sneakers/nike/nike-kyrie-3-ts-ep-white-852414-001-ka/82207?from=search
Nike Uninterrupted x Air Force 1 Low QS CB More Than,1060000,https://d5ibtax54de3q.cloudfront.net/eyJidWNrZXQiOiJraWNrYXZlbnVlLWFzc2V0cyIsImtleSI6InByb2R1Y3RzLzg1ODcxLzQ3NDUxYjQ1YjNiNmI5NWJhZjI3NTljZDA5NTc5MzJiLnBuZyIsImVkaXRzIjp7InJlc2l6ZSI6eyJ3aWR0aCI6NDAwfSwid2VicCI6eyJxdWFsaXR5Ijo1MH19fQ==,/sneakers/nike/nike-uninterrupted-x-air-force-1-low-qs-cb-more-than-cq4564-100-ka-2/85871?from=search
Nike Uninterrupted x LeBron 17 EP More Than An Athlete,1310000,https://d5ibtax54de3q.cloudfront.net/eyJidWNrZXQiOiJraWNrYXZlbnVlLWFzc2V0cyIsImtleSI6InByb2R1Y3RzLzg1ODcyLzZiNDQ5MmZjNWUzZWEwYWYxMTI5NDgxZjkyNzM4Zjg2LnBuZyIsImVkaXRzIjp7InJlc2l6ZSI6eyJ3aWR0aCI6NDAwfSwid2VicCI6eyJxdWFsaXR5Ijo1MH19fQ==,/sneakers/nike/nike-uninterrupted-x-lebron-17-ep-more-than-an-athlete-ct3465-400-ka-2/85872?from=search
ANTA Shock Wave 5 Decomposition,1780000,https://d5ibtax54de3q.cloudfront.net/eyJidWNrZXQiOiJraWNrYXZlbnVlLWFzc2V0cyIsImtleSI6InByb2R1Y3RzLzk5NTU5LzE0M2U5YzQ2NjNlNDJiZGJkMjZjODY2MTRiZTg3ZDEyLnBuZyIsImVkaXRzIjp7InJlc2l6ZSI6eyJ3aWR0aCI6NDAwfSwid2VicCI6eyJxdWFsaXR5Ijo1MH19fQ==,/sneakers/anta/anta-shock-wave-5-decomposition-112331106-3-ka-2/99559?from=search
New Balance Malbon Golf x 997G White Green,5090000,https://d5ibtax54de3q.cloudfront.net/eyJidWNrZXQiOiJraWNrYXZlbnVlLWFzc2V0cyIsImtleSI6InByb2R1Y3RzLzk5MDg3L2QwOThjYmFkMDViZTllNjdiNzdjMzY4NTM5NDRhNjlkLnBuZyIsImVkaXRzIjp7InJlc2l6ZSI6eyJ3aWR0aCI6NDAwfSwid2VicCI6eyJxdWFsaXR5Ijo1MH19fQ==,/sneakers/new-balance/new-balance-malbon-golf-x-997g-white-green-nbg997gwg-ka/99087?from=search
Nike Air Zoom Huarache 2K5 Kobe Laser LA Map,18580000,https://d5ibtax54de3q.cloudfront.net/eyJidWNrZXQiOiJraWNrYXZlbnVlLWFzc2V0cyIsImtleSI6InByb2R1Y3RzLzkwMzY3Lzg0ZTBjOTQ0ZjQwYTQ2ZDIyMzQ5OTUwZWU4YzFkZjUzLnBuZyIsImVkaXRzIjp7InJlc2l6ZSI6eyJ3aWR0aCI6NDAwfSwid2VicCI6eyJxdWFsaXR5Ijo1MH19fQ==,/sneakers/nike/nike-air-zoom-huarache-2k5-kobe-laser-la-map-314165-111-ka/90367?from=search
Nike Tanjun BR TDE Black,510000,https://d5ibtax54de3q.cloudfront.net/eyJidWNrZXQiOiJraWNrYXZlbnVlLWFzc2V0cyIsImtleSI6InByb2R1Y3RzLzg1NzE5L2RiMTIyMzEwMGE4M2FkZmM4MjU0Mjc1YjFhNWQ1ZDA4LnBuZyIsImVkaXRzIjp7InJlc2l6ZSI6eyJ3aWR0aCI6NDAwfSwid2VicCI6eyJxdWFsaXR5Ijo1MH19fQ==,/sneakers/nike/nike-tanjun-br-tde-black-ao9605-001-ka-2/85719?from=search
Nike Kobe 5 Big Stage Away,41090000,https://d5ibtax54de3q.cloudfront.net/eyJidWNrZXQiOiJraWNrYXZlbnVlLWFzc2V0cyIsImtleSI6InByb2R1Y3RzLzgzMjg4L2Q3Yzg2YjRiMTJkZDRkOTQzZmIwZWY2ZmQwNzZjYjM0LnBuZyIsImVkaXRzIjp7InJlc2l6ZSI6eyJ3aWR0aCI6NDAwfSwid2VicCI6eyJxdWFsaXR5Ijo1MH19fQ==,/sneakers/nike/nike-kobe-5-big-stage-away-386429-008-ka/83288?from=search
Nike Quest 5 Midnight Navy,500000,https://d5ibtax54de3q.cloudfront.net/eyJidWNrZXQiOiJraWNrYXZlbnVlLWFzc2V0cyIsImtleSI6InByb2R1Y3RzLzg1MTM5L2UzN2EyMzQzYjZmYzk3YzA1ZGNjZjg5NzAzY2Y0ZWY0LnBuZyIsImVkaXRzIjp7InJlc2l6ZSI6eyJ3aWR0aCI6NDAwfSwid2VicCI6eyJxdWFsaXR5Ijo1MH19fQ==,/sneakers/nike/nike-quest-5-midnight-navy-dd0204-400-ka/85139?from=search
Air Jordan Zion 1 PF Marion,1390000,https://d5ibtax54de3q.cloudfront.net/eyJidWNrZXQiOiJraWNrYXZlbnVlLWFzc2V0cyIsImtleSI6InByb2R1Y3RzLzk0NDIxLzVkMjYzYmIxMzViN2VhY2I5YWZkMTRhYmY4MGFhMjRkLnBuZyIsImVkaXRzIjp7InJlc2l6ZSI6eyJ3aWR0aCI6NDAwfSwid2VicCI6eyJxdWFsaXR5Ijo1MH19fQ==,/sneakers/air-jordan/air-jordan-zion-1-pf-marion-da3129-100-ka/94421?from=search
Air Jordan Zoom Trunner Ultimate Black Metallic Gold,1140000,https://d5ibtax54de3q.cloudfront.net/eyJidWNrZXQiOiJraWNrYXZlbnVlLWFzc2V0cyIsImtleSI6InByb2R1Y3RzLzk0NDMzLzFhNTkzZTZkOGZhZTgyMGQzNjdhMDI4NTI5YzhkMDcwLnBuZyIsImVkaXRzIjp7InJlc2l6ZSI6eyJ3aWR0aCI6NDAwfSwid2VicCI6eyJxdWFsaXR5Ijo1MH19fQ==,/sneakers/air-jordan/air-jordan-zoom-trunner-ultimate-black-metallic-gold-cj1495-007-ka/94433?from=search
Nike Air Terra Humara Undefeated Black,5490000,https://d5ibtax54de3q.cloudfront.net/eyJidWNrZXQiOiJraWNrYXZlbnVlLWFzc2V0cyIsImtleSI6InByb2R1Y3RzLzg4MzYxLzc3M2IxMTdiNzA0NGVkZTQyNGJmY2Y3NWM3ZDEwYTcxLnBuZyIsImVkaXRzIjp7InJlc2l6ZSI6eyJ3aWR0aCI6NDAwfSwid2VicCI6eyJxdWFsaXR5Ijo1MH19fQ==,/sneakers/nike/nike-air-terra-humara-undefeated-black-fn7546-002-ka/88361?from=search
Nike KD 7 Easter,4570000,https://d5ibtax54de3q.cloudfront.net/eyJidWNrZXQiOiJraWNrYXZlbnVlLWFzc2V0cyIsImtleSI6InByb2R1Y3RzLzgzMTY4LzE2NmRkM2QzODgzMmIwY2MwNjBmMGQ1YWY4ZmY0OTIyLnBuZyIsImVkaXRzIjp7InJlc2l6ZSI6eyJ3aWR0aCI6NDAwfSwid2VicCI6eyJxdWFsaXR5Ijo1MH19fQ==,/sneakers/nike/nike-kd-7-easter-653996-304-ka/83168?from=search
Air Jordan Tatum 2 Vortex,2420000,https://d5ibtax54de3q.cloudfront.net/eyJidWNrZXQiOiJraWNrYXZlbnVlLWFzc2V0cyIsImtleSI6InByb2R1Y3RzLzEwMzQxNy80OTYzNmNjZWRmMDcyM2Y4MzBkMjc4MmU4Y2NkYzEzMy5wbmciLCJlZGl0cyI6eyJyZXNpemUiOnsid2lkdGgiOjQwMH0sIndlYnAiOnsicXVhbGl0eSI6NTB9fX0=,/sneakers/air-jordan/air-jordan-tatum-2-vortex-fj6457-300-ka/103417?from=search
Nike Zoom Fly 3 'Aurora Green',1810000,https://d5ibtax54de3q.cloudfront.net/eyJidWNrZXQiOiJraWNrYXZlbnVlLWFzc2V0cyIsImtleSI6InByb2R1Y3RzLzkwMDgwL2IyMzEzYjM5N2NhNTY5MzA0MmNlYmRhMTQ2OGNiZGU5LnBuZyIsImVkaXRzIjp7InJlc2l6ZSI6eyJ3aWR0aCI6NDAwfSwid2VicCI6eyJxdWFsaXR5Ijo1MH19fQ==,/sneakers/nike/nike-zoom-fly-3-aurora-green-at8240-305-ka/90080?from=search
Nike Air VaporMax Run Utility Wolf Grey Amarillo,23040000,https://d5ibtax54de3q.cloudfront.net/eyJidWNrZXQiOiJraWNrYXZlbnVlLWFzc2V0cyIsImtleSI6InByb2R1Y3RzLzg4NTQ4L2MzM2YwOWYwODE2YmU5NzdmNDFhYzBlOTM0N2Q2Y2I0LnBuZyIsImVkaXRzIjp7InJlc2l6ZSI6eyJ3aWR0aCI6NDAwfSwid2VicCI6eyJxdWFsaXR5Ijo1MH19fQ==,/sneakers/nike/nike-air-vapormax-run-utility-wolf-grey-amarillo-aq8810-010-ka/88548?from=search
Nike On Deck Flip Flop Black,940000,https://d5ibtax54de3q.cloudfront.net/eyJidWNrZXQiOiJraWNrYXZlbnVlLWFzc2V0cyIsImtleSI6InByb2R1Y3RzLzg0NzI0L2JjMDllYmQ3ZmM0ZDQxZjI5MzRiYjU5ZDIwYWU5NWY5LnBuZyIsImVkaXRzIjp7InJlc2l6ZSI6eyJ3aWR0aCI6NDAwfSwid2VicCI6eyJxdWFsaXR5Ijo1MH19fQ==,/sneakers/nike/nike-on-deck-flip-flop-black-cu3958-002-ka/84724?from=search
Nike P-6000 China Space Exploration Pack,2010000,https://d5ibtax54de3q.cloudfront.net/eyJidWNrZXQiOiJraWNrYXZlbnVlLWFzc2V0cyIsImtleSI6InByb2R1Y3RzLzg0NzMzLzcyYThhYTAxMDU3ZmY4NDljY2IzYjZkZmMzOTc3NmJjLnBuZyIsImVkaXRzIjp7InJlc2l6ZSI6eyJ3aWR0aCI6NDAwfSwid2VicCI6eyJxdWFsaXR5Ijo1MH19fQ==,/sneakers/nike/nike-p-6000-china-space-exploration-pack-cj8011-061-ka-2/84733?from=search
Air Jordan LS Slide Smoke Grey,680000,https://d5ibtax54de3q.cloudfront.net/eyJidWNrZXQiOiJraWNrYXZlbnVlLWFzc2V0cyIsImtleSI6InByb2R1Y3RzLzkzNzIwLzU1NGUxM2RkYjIyYTYwNmUzODFhZGUxYmMzYmI3YTMwLnBuZyIsImVkaXRzIjp7InJlc2l6ZSI6eyJ3aWR0aCI6NDAwfSwid2VicCI6eyJxdWFsaXR5Ijo1MH19fQ==,/sneakers/air-jordan/air-jordan-ls-slide-smoke-grey-cz0791-001-ka/93720?from=search
Jordan 1 Mid White Mystic Green,3070000,https://d5ibtax54de3q.cloudfront.net/eyJidWNrZXQiOiJraWNrYXZlbnVlLWFzc2V0cyIsImtleSI6InByb2R1Y3RzLzkyMzY5LzNlZTI4NGU5YmQ0MWZjYmRmYWY4YTE4YjY2NDljNjZhLnBuZyIsImVkaXRzIjp7InJlc2l6ZSI6eyJ3aWR0aCI6NDAwfSwid2VicCI6eyJxdWFsaXR5Ijo1MH19fQ==,/sneakers/air-jordan/jordan-1-mid-white-mystic-green-cd6759-103-ka/92369?from=search
Air Jordan Jumpman 2021 PF Bred,1070000,https://d5ibtax54de3q.cloudfront.net/eyJidWNrZXQiOiJraWNrYXZlbnVlLWFzc2V0cyIsImtleSI6InByb2R1Y3RzLzkzNjg0LzhjNzBkY2QyMzdiOGYyMTk1ZWZhMjVlYjI3ZTBmZGNjLnBuZyIsImVkaXRzIjp7InJlc2l6ZSI6eyJ3aWR0aCI6NDAwfSwid2VicCI6eyJxdWFsaXR5Ijo1MH19fQ==,/sneakers/air-jordan/air-jordan-jumpman-2021-pf-bred-cq4229-006-ka/93684?from=search
Nike Renew Elevate 3 Barely Green Volt,910000,https://d5ibtax54de3q.cloudfront.net/eyJidWNrZXQiOiJraWNrYXZlbnVlLWFzc2V0cyIsImtleSI6InByb2R1Y3RzLzg1MzQxLzE1MDQzZTQyOTIxYTMyZTRhMWU1YTRhZDEwZWVmYzRiLnBuZyIsImVkaXRzIjp7InJlc2l6ZSI6eyJ3aWR0aCI6NDAwfSwid2VicCI6eyJxdWFsaXR5Ijo1MH19fQ==,/sneakers/nike/nike-renew-elevate-3-barely-green-volt-dd9304-300-ka/85341?from=search
New Balance 550 size? Cordura Pack Sand Brown,3590000,https://d5ibtax54de3q.cloudfront.net/eyJidWNrZXQiOiJraWNrYXZlbnVlLWFzc2V0cyIsImtleSI6InByb2R1Y3RzLzk0ODg2L2Q0NDY2ZjRkOGFkYzhmNjMxOTRjZjI1ZDNjOGU2OWM5LnBuZyIsImVkaXRzIjp7InJlc2l6ZSI6eyJ3aWR0aCI6NDAwfSwid2VicCI6eyJxdWFsaXR5Ijo1MH19fQ==,/sneakers/new-balance/jordan-jordan-why-not-zer01-tb-hyper-royal-bb550si1-ka/94886?from=search
Nike Free Metcon 3 Dark Smoke Grey,1410000,https://d5ibtax54de3q.cloudfront.net/eyJidWNrZXQiOiJraWNrYXZlbnVlLWFzc2V0cyIsImtleSI6InByb2R1Y3RzLzg5MTgzLzU0MWI1MTI1NjQ1YTJhZDcyZjQxZjc5Y2VkMGFiYjY1LnBuZyIsImVkaXRzIjp7InJlc2l6ZSI6eyJ3aWR0aCI6NDAwfSwid2VicCI6eyJxdWFsaXR5Ijo1MH19fQ==,/sneakers/nike/nike-free-metcon-3-dark-smoke-grey-cj0861-060-ka/89183?from=search
Nike Air VaporMax Run Utility Black Reflect Silver,9890000,https://d5ibtax54de3q.cloudfront.net/eyJidWNrZXQiOiJraWNrYXZlbnVlLWFzc2V0cyIsImtleSI6InByb2R1Y3RzLzg4NTQxL2E2NDFhY2E5YjRiYTdlMDExN2ZmZjg2MjQ3MGYzMmU2LnBuZyIsImVkaXRzIjp7InJlc2l6ZSI6eyJ3aWR0aCI6NDAwfSwid2VicCI6eyJxdWFsaXR5Ijo1MH19fQ==,/sneakers/nike/nike-air-vapormax-run-utility-black-reflect-silver-aq8810-003-ka/88541?from=search
Converse Chuck Taylor All Star Hi Dungeons & Dragons Black Green,1180000,https://d5ibtax54de3q.cloudfront.net/eyJidWNrZXQiOiJraWNrYXZlbnVlLWFzc2V0cyIsImtleSI6InByb2R1Y3RzLzEwMzgzNS84YmNlMzEyYTAyZWIwZDdhOTA5ODRmN2E4NjY5MzQxMC5wbmciLCJlZGl0cyI6eyJyZXNpemUiOnsid2lkdGgiOjQwMH0sIndlYnAiOnsicXVhbGl0eSI6NTB9fX0=,/sneakers/converse/converse-chuck-taylor-all-star-hi-dungeons-dragons-black-green-a09885c-ka/103835?from=search
New Balance 574 Grey White Navy,2060000,https://d5ibtax54de3q.cloudfront.net/eyJidWNrZXQiOiJraWNrYXZlbnVlLWFzc2V0cyIsImtleSI6InByb2R1Y3RzLzk1MDYxLzI2OTEzYzYzYjNiNmVhOTBlNDMwNmMyOTJlOTU5NTlhLnBuZyIsImVkaXRzIjp7InJlc2l6ZSI6eyJ3aWR0aCI6NDAwfSwid2VicCI6eyJxdWFsaXR5Ijo1MH19fQ==,/sneakers/new-balance/jordan-max-aura-2-grey-royal-blue-ml574eag-ka/95061?from=search
New Balance 574 Magnet Sea Salt,1500000,https://d5ibtax54de3q.cloudfront.net/eyJidWNrZXQiOiJraWNrYXZlbnVlLWFzc2V0cyIsImtleSI6InByb2R1Y3RzLzk1MDg5L2RlMTA4ZjUxMjBmYmE1MDYwZjI4MzUxMjQxMmNiY2FjLnBuZyIsImVkaXRzIjp7InJlc2l6ZSI6eyJ3aWR0aCI6NDAwfSwid2VicCI6eyJxdWFsaXR5Ijo1MH19fQ==,/sneakers/new-balance/jordan-mvp-678-black-varsity-royal-womens-ml574hd2-ka/95089?from=search
Air Jordan 1 Retro High BG Soar,4400000,https://d5ibtax54de3q.cloudfront.net/eyJidWNrZXQiOiJraWNrYXZlbnVlLWFzc2V0cyIsImtleSI6InByb2R1Y3RzLzkzMjc1LzRhZThjMTgyMWNlY2FiMmQ1OTExZDI4MTBkMzVhNDRkLnBuZyIsImVkaXRzIjp7InJlc2l6ZSI6eyJ3aWR0aCI6NDAwfSwid2VicCI6eyJxdWFsaXR5Ijo1MH19fQ==,/sneakers/air-jordan/air-jordan-1-retro-high-bg-soar-705300-400-ka/93275?from=search
New Balance 327 Oak Leaf Green (Women's),1320000,https://d5ibtax54de3q.cloudfront.net/eyJidWNrZXQiOiJraWNrYXZlbnVlLWFzc2V0cyIsImtleSI6InByb2R1Y3RzLzk0NzE3LzFhMDQwZjcxZjEzMjFiMjkwYWNlMWFlN2NiYTQ2NTkyLnBuZyIsImVkaXRzIjp7InJlc2l6ZSI6eyJ3aWR0aCI6NDAwfSwid2VicCI6eyJxdWFsaXR5Ijo1MH19fQ==,/sneakers/new-balance/jordan-jordan-lift-off-laser-orange-ws327cob-ka/94717?from=search
New Balance 574 Marblehead Varsity Orange,1240000,https://d5ibtax54de3q.cloudfront.net/eyJidWNrZXQiOiJraWNrYXZlbnVlLWFzc2V0cyIsImtleSI6InByb2R1Y3RzLzk1MDk1LzJiNWUyMGU1ZGFmOTllOGNhMjM2Mjk0MzAxYjg5NTY4LnBuZyIsImVkaXRzIjp7InJlc2l6ZSI6eyJ3aWR0aCI6NDAwfSwid2VicCI6eyJxdWFsaXR5Ijo1MH19fQ==,/sneakers/new-balance/jordan-naruto-x-jordan-zion-1-sp-pf-nine-tails-ml574jhv-ka/95095?from=search
New Balance 574 Rain Cloud,2430000,https://d5ibtax54de3q.cloudfront.net/eyJidWNrZXQiOiJraWNrYXZlbnVlLWFzc2V0cyIsImtleSI6InByb2R1Y3RzLzk1MTIzL2EwMDFkZWM0MzI5MzdhZmVjN2MxMTIzZGY1OWIyNWY4LnBuZyIsImVkaXRzIjp7InJlc2l6ZSI6eyJ3aWR0aCI6NDAwfSwid2VicCI6eyJxdWFsaXR5Ijo1MH19fQ==,/sneakers/new-balance/jordan-pro-strong-white-royal-grey-ml574rc2-ka/95123?from=search
Nike ACG Air Deschutz+ Light Bone,1050000,https://d5ibtax54de3q.cloudfront.net/eyJidWNrZXQiOiJraWNrYXZlbnVlLWFzc2V0cyIsImtleSI6InByb2R1Y3RzLzEwNjE0NC8yYTE1N2YzOTdiYzRjZmIxMjBlNDhiYzdiMWY3ZGYzNS5wbmciLCJlZGl0cyI6eyJyZXNpemUiOnsid2lkdGgiOjQwMH0sIndlYnAiOnsicXVhbGl0eSI6NTB9fX0=,/sneakers/nike/nike-acg-air-deschutz-light-bone-fn5201-001-ka/106144?from=search
Nike Mercurial Superfly 360 What the Mercurial (Black),4580000,https://d5ibtax54de3q.cloudfront.net/eyJidWNrZXQiOiJraWNrYXZlbnVlLWFzc2V0cyIsImtleSI6InByb2R1Y3RzLzg5NDE4LzYxNDFhZWM5YzE5YzIzZTViZDljODFmZDA5MzIyYzI3LnBuZyIsImVkaXRzIjp7InJlc2l6ZSI6eyJ3aWR0aCI6NDAwfSwid2VicCI6eyJxdWFsaXR5Ijo1MH19fQ==,/sneakers/nike/nike-mercurial-superfly-360-what-the-mercurial-black-ar2079-001-ka/89418?from=search
Nike Mercurial SuperFly 5 CR7 FG Cut to Brilliance,7990000,https://d5ibtax54de3q.cloudfront.net/eyJidWNrZXQiOiJraWNrYXZlbnVlLWFzc2V0cyIsImtleSI6InByb2R1Y3RzLzg5NDIyLzM0Yzk5NGZiNWMzNTk0YjQ4YTM1NjMxYjYwYTg0NmRmLnBuZyIsImVkaXRzIjp7InJlc2l6ZSI6eyJ3aWR0aCI6NDAwfSwid2VicCI6eyJxdWFsaXR5Ijo1MH19fQ==,/sneakers/nike/nike-mercurial-superfly-5-cr7-fg-cut-to-brilliance-852511-401-ka/89422?from=search
Nike Air Zoom Pegasus 37 Minnesota Vikings,3490000,https://d5ibtax54de3q.cloudfront.net/eyJidWNrZXQiOiJraWNrYXZlbnVlLWFzc2V0cyIsImtleSI6InByb2R1Y3RzLzkwNTE4LzBkZjBlMDI2M2Y0ZjY0ZDY3MWE2MTliZmM3ZWRhM2NiLnBuZyIsImVkaXRzIjp7InJlc2l6ZSI6eyJ3aWR0aCI6NDAwfSwid2VicCI6eyJxdWFsaXR5Ijo1MH19fQ==,/sneakers/nike/nike-air-zoom-pegasus-37-minnesota-vikings-cz5466-100-ka/90518?from=search
On Running Cloud 5 Olive Alloy,3560000,https://d5ibtax54de3q.cloudfront.net/eyJidWNrZXQiOiJraWNrYXZlbnVlLWFzc2V0cyIsImtleSI6InByb2R1Y3RzLzk2ODg4LzRkNmE2YmExMjBhMWY4ZWE2MGU2M2I0YTEwYzFkYjI1LnBuZyIsImVkaXRzIjp7InJlc2l6ZSI6eyJ3aWR0aCI6NDAwfSwid2VicCI6eyJxdWFsaXR5Ijo1MH19fQ==,/sneakers/on-running/on-running-cloud-5-olive-alloy-5998364-ka-2/96888?from=search
ASICS Gel Kayano 5 OG Retro Tokyo Pack White Classic Red,2430000,https://d5ibtax54de3q.cloudfront.net/eyJidWNrZXQiOiJraWNrYXZlbnVlLWFzc2V0cyIsImtleSI6InByb2R1Y3RzLzEwMTI0Mi9mYTAwYTI3ZjlhMTZjYWFlMTYzYThiM2Y3Nzk5MTdhYS5wbmciLCJlZGl0cyI6eyJyZXNpemUiOnsid2lkdGgiOjQwMH0sIndlYnAiOnsicXVhbGl0eSI6NTB9fX0=,/sneakers/asics/asics-gel-kayano-5-og-retro-tokyo-pack-white-classic-red-1021a388-100-ka-2/101242?from=search
Jordan 1 Retro KO Shadow (2015),3650000,https://d5ibtax54de3q.cloudfront.net/eyJidWNrZXQiOiJraWNrYXZlbnVlLWFzc2V0cyIsImtleSI6InByb2R1Y3RzLzkyNDQyLzNhZGMxMDFhZmU2MzNhZTI2OTI1OGJkZGQ1NDE0N2M5LnBuZyIsImVkaXRzIjp7InJlc2l6ZSI6eyJ3aWR0aCI6NDAwfSwid2VicCI6eyJxdWFsaXR5Ijo1MH19fQ==,/sneakers/air-jordan/jordan-1-retro-ko-shadow-2015-638471-003-ka/92442?from=search
Jordan 1 Retro Nouveau Snakeskin,5070000,https://d5ibtax54de3q.cloudfront.net/eyJidWNrZXQiOiJraWNrYXZlbnVlLWFzc2V0cyIsImtleSI6InByb2R1Y3RzLzkyNDY0L2ZlYTA4NTcyNGFkZGI5ZjE3ODU2ZTcxNDcxMTI5YTBiLnBuZyIsImVkaXRzIjp7InJlc2l6ZSI6eyJ3aWR0aCI6NDAwfSwid2VicCI6eyJxdWFsaXR5Ijo1MH19fQ==,/sneakers/air-jordan/jordan-1-retro-nouveau-snakeskin-819176-001-ka/92464?from=search
New Balance Fresh Foam 700 Brighton Grey,1030000,https://d5ibtax54de3q.cloudfront.net/eyJidWNrZXQiOiJraWNrYXZlbnVlLWFzc2V0cyIsImtleSI6InByb2R1Y3RzLzk4ODY3L2FkZTQxMzY0ZDI5YTI0Nzk4YjIzZDJlNDcwMmM1NzgzLnBuZyIsImVkaXRzIjp7InJlc2l6ZSI6eyJ3aWR0aCI6NDAwfSwid2VicCI6eyJxdWFsaXR5Ijo1MH19fQ==,/sneakers/new-balance/new-balance-fresh-foam-700-brighton-grey-ua700gr1-ka-2/98867?from=search
Converse Chuck 70 Low Letterman ‑ Natural Ivory,600000,https://d5ibtax54de3q.cloudfront.net/eyJidWNrZXQiOiJraWNrYXZlbnVlLWFzc2V0cyIsImtleSI6InByb2R1Y3RzLzk2NjM3LzcxODE0ZDQ1NjI1NGM3NWEwZTc5MWRkZjlmZjQ2YjQzLnBuZyIsImVkaXRzIjp7InJlc2l6ZSI6eyJ3aWR0aCI6NDAwfSwid2VicCI6eyJxdWFsaXR5Ijo1MH19fQ==,/sneakers/converse/converse-chuck-70-low-letterman-natural-ivory-a06203c-ka/96637?from=search
Air Jordan 32 Low PF Banned,4720000,https://d5ibtax54de3q.cloudfront.net/eyJidWNrZXQiOiJraWNrYXZlbnVlLWFzc2V0cyIsImtleSI6InByb2R1Y3RzLzkzMzEwLzA4MTczY2VlN2ZlMDI0NTg5ODRiMmJlMDU3MzI0ZTQ1LnBuZyIsImVkaXRzIjp7InJlc2l6ZSI6eyJ3aWR0aCI6NDAwfSwid2VicCI6eyJxdWFsaXR5Ijo1MH19fQ==,/sneakers/air-jordan/air-jordan-32-low-pf-banned-ah3347-001-ka/93310?from=search
ASICS EX89 White Midnight Navy Yellow,1460000,https://d5ibtax54de3q.cloudfront.net/eyJidWNrZXQiOiJraWNrYXZlbnVlLWFzc2V0cyIsImtleSI6InByb2R1Y3RzLzEwMDAwMC9lMzhiYjM0YTBjZDJmMTY4Y2RlOTM3NDIzMmY4OGFhOC5wbmciLCJlZGl0cyI6eyJyZXNpemUiOnsid2lkdGgiOjQwMH0sIndlYnAiOnsicXVhbGl0eSI6NTB9fX0=,/sneakers/asics/asics-ex89-white-midnight-navy-yellow-1201a476-112-ka/100000?from=search
Adidas Gazelle White Beige,2800000,https://d5ibtax54de3q.cloudfront.net/eyJidWNrZXQiOiJraWNrYXZlbnVlLWFzc2V0cyIsImtleSI6InByb2R1Y3RzLzEwOTE5Ni9lMGE0YzBlMzc0Yjk1ZjQzYjYxZmE3NTc1ODZlMDllNC5wbmciLCJlZGl0cyI6eyJyZXNpemUiOnsid2lkdGgiOjQwMH0sIndlYnAiOnsicXVhbGl0eSI6NTB9fX0=,/sneakers/adidas/adidas-gazelle-white-beige-ih3822-ka/109196?from=search
Air Jordan Hydro Slide Retro 12 OVO,8110000,https://d5ibtax54de3q.cloudfront.net/eyJidWNrZXQiOiJraWNrYXZlbnVlLWFzc2V0cyIsImtleSI6InByb2R1Y3RzLzkzNTc2LzJkZDMxNWU5ODVmM2MxZWI2MDlmMWViNDY2MGYwNDdjLnBuZyIsImVkaXRzIjp7InJlc2l6ZSI6eyJ3aWR0aCI6NDAwfSwid2VicCI6eyJxdWFsaXR5Ijo1MH19fQ==,/sneakers/air-jordan/air-jordan-hydro-slide-retro-12-ovo-873907-102-ka/93576?from=search
On Running Cloudultra Limelight Eclipse,3350000,https://d5ibtax54de3q.cloudfront.net/eyJidWNrZXQiOiJraWNrYXZlbnVlLWFzc2V0cyIsImtleSI6InByb2R1Y3RzLzk3MjUzLzdkYzE5ODM1NzFkZmNhYzkwNjg1MzhmZjM2NjZmMDYxLnBuZyIsImVkaXRzIjp7InJlc2l6ZSI6eyJ3aWR0aCI6NDAwfSwid2VicCI6eyJxdWFsaXR5Ijo1MH19fQ==,/sneakers/on-running/on-running-cloudultra-limelight-eclipse-4499542-ka/97253?from=search
New Balance 1906R Action Bronson Rosewater,6000000,https://d5ibtax54de3q.cloudfront.net/eyJidWNrZXQiOiJraWNrYXZlbnVlLWFzc2V0cyIsImtleSI6InByb2R1Y3RzLzEwNjgwNy9lZjljZTc0ZmIzNmJhOWFlZGVmZTkzMTNhOWNhNTQ1OS5wbmciLCJlZGl0cyI6eyJyZXNpemUiOnsid2lkdGgiOjQwMH0sIndlYnAiOnsicXVhbGl0eSI6NTB9fX0=,/sneakers/new-balance/new-balance-1906r-action-bronson-rosewater-m1906rkl-ka/106807?from=search
Converse Chuck Taylor All Star Move Platform Seasonal Dunescape White,450000,https://d5ibtax54de3q.cloudfront.net/eyJidWNrZXQiOiJraWNrYXZlbnVlLWFzc2V0cyIsImtleSI6InByb2R1Y3RzLzEwMzc0NC9hNjViMTg1YTUzZDZhMmViZjUyYTEwM2M0MjgxZmIzNy5wbmciLCJlZGl0cyI6eyJyZXNpemUiOnsid2lkdGgiOjQwMH0sIndlYnAiOnsicXVhbGl0eSI6NTB9fX0=,/sneakers/converse/converse-chuck-taylor-all-star-move-platform-seasonal-dunescape-white-a0687c-ka/103744?from=search
Converse Chuck Taylor All Star 70 OX x Undercover Black White,2260000,https://d5ibtax54de3q.cloudfront.net/eyJidWNrZXQiOiJraWNrYXZlbnVlLWFzc2V0cyIsImtleSI6InByb2R1Y3RzLzEwMzc0Ny84ZTFiYjNiNTNjMGM2MTJhODljNTYxYTAyZDIyNzY2Yi5wbmciLCJlZGl0cyI6eyJyZXNpemUiOnsid2lkdGgiOjQwMH0sIndlYnAiOnsicXVhbGl0eSI6NTB9fX0=,/sneakers/converse/converse-chuck-taylor-all-star-70-ox-x-undercover-black-white-163010c-ka/103747?from=search
Hoka One One Bondi X 'Pink Yarrow',2030000,https://d5ibtax54de3q.cloudfront.net/eyJidWNrZXQiOiJraWNrYXZlbnVlLWFzc2V0cyIsImtleSI6InByb2R1Y3RzLzk3MzgyLzcwNjRiODg4ZjhiZTBiOTUzZjI2MGZmMmY0Zjc5MDNkLnBuZyIsImVkaXRzIjp7InJlc2l6ZSI6eyJ3aWR0aCI6NDAwfSwid2VicCI6eyJxdWFsaXR5Ijo1MH19fQ==,/sneakers/hoka/hoka-one-one-bondi-x-pink-yarrow-1113513-bdbpy-ka/97382?from=search
Hoka One One Hopara Sandal 'Black Fusion Coral',2500000,https://d5ibtax54de3q.cloudfront.net/eyJidWNrZXQiOiJraWNrYXZlbnVlLWFzc2V0cyIsImtleSI6InByb2R1Y3RzLzk3NDAzLzc2YzM2ZDMwYzkxMDA1M2FkZTFkNTJlYmNmOWIzM2Q5LnBuZyIsImVkaXRzIjp7InJlc2l6ZSI6eyJ3aWR0aCI6NDAwfSwid2VicCI6eyJxdWFsaXR5Ijo1MH19fQ==,/sneakers/hoka/hoka-one-one-hopara-sandal-black-fusion-coral-1106535-bfcr-ka/97403?from=search
Air Jordan Why Not Zer0.4 PF Washington Wizards,1330000,https://d5ibtax54de3q.cloudfront.net/eyJidWNrZXQiOiJraWNrYXZlbnVlLWFzc2V0cyIsImtleSI6InByb2R1Y3RzLzkzOTE0LzBhYjI0OTlkMmY2YTdlZDRjNWZmMGRhZjQ5MGI0MjhmLnBuZyIsImVkaXRzIjp7InJlc2l6ZSI6eyJ3aWR0aCI6NDAwfSwid2VicCI6eyJxdWFsaXR5Ijo1MH19fQ==,/sneakers/nike/jordan-jordan-why-not-zer04-pf-washington-wizards-dd4886-400-ka/93914?from=search
ASICS Court FF 3 White Gris Blue,2630000,https://d5ibtax54de3q.cloudfront.net/eyJidWNrZXQiOiJraWNrYXZlbnVlLWFzc2V0cyIsImtleSI6InByb2R1Y3RzLzk5OTQ5LzdlZjczOTE1YTFmNzhmM2ViNjFmYjc2OGY0ZGVhNzY4LnBuZyIsImVkaXRzIjp7InJlc2l6ZSI6eyJ3aWR0aCI6NDAwfSwid2VicCI6eyJxdWFsaXR5Ijo1MH19fQ==,/sneakers/asics/asics-court-ff-3-white-gris-blue-1041a370-101-ka-2/99949?from=search
New Balance 247 Leather Black,770000,https://d5ibtax54de3q.cloudfront.net/eyJidWNrZXQiOiJraWNrYXZlbnVlLWFzc2V0cyIsImtleSI6InByb2R1Y3RzLzk0NTgwL2EwMjkzZTllMTg2OTI0ZDNiYjUxY2QyMGJkOTM1NzAyLnBuZyIsImVkaXRzIjp7InJlc2l6ZSI6eyJ3aWR0aCI6NDAwfSwid2VicCI6eyJxdWFsaXR5Ijo1MH19fQ==,/sneakers/new-balance/jordan-hydro-xi-retro-white-university-red-mrl247ve-ka/94580?from=search
New Balance 574 Black Bone,1470000,https://d5ibtax54de3q.cloudfront.net/eyJidWNrZXQiOiJraWNrYXZlbnVlLWFzc2V0cyIsImtleSI6InByb2R1Y3RzLzk1MDA1L2JlYjVjNDU1MjUyNjI3YTU1ZTljOWY3ZTY1OWY0YmI2LnBuZyIsImVkaXRzIjp7InJlc2l6ZSI6eyJ3aWR0aCI6NDAwfSwid2VicCI6eyJxdWFsaXR5Ijo1MH19fQ==,/sneakers/new-balance/jordan-legacy-312-low-golden-moss-alligator-ml574gyf-ka/95005?from=search
New Balance 996 Grey Orange,1140000,https://d5ibtax54de3q.cloudfront.net/eyJidWNrZXQiOiJraWNrYXZlbnVlLWFzc2V0cyIsImtleSI6InByb2R1Y3RzLzk4NzA5LzY4ZTBiOTNlNGU2MWNjMjhjODhlZDU1YzdmN2IwNWM5LnBuZyIsImVkaXRzIjp7InJlc2l6ZSI6eyJ3aWR0aCI6NDAwfSwid2VicCI6eyJxdWFsaXR5Ijo1MH19fQ==,/sneakers/new-balance/new-balance-996-grey-orange-cm996sha-ka-2/98709?from=search
Vans Sk8-Hi Skate Blue Navy White,2680000,https://d5ibtax54de3q.cloudfront.net/eyJidWNrZXQiOiJraWNrYXZlbnVlLWFzc2V0cyIsImtleSI6InByb2R1Y3RzLzExMzQ1Ny9lODk3NmQzZTMxMDNlNmE1NWJkMDMxODFlMjM5ZWQ5YS5wbmciLCJlZGl0cyI6eyJyZXNpemUiOnsid2lkdGgiOjQwMH0sIndlYnAiOnsicXVhbGl0eSI6NTB9fX0=,/sneakers/vans/vans-sk8-hi-skate-blue-navy-white-vn0a5fccnav-ka/113457?from=search
ON Running Cloudmonster 2 Distance White Lapis,5000000,https://d5ibtax54de3q.cloudfront.net/eyJidWNrZXQiOiJraWNrYXZlbnVlLWFzc2V0cyIsImtleSI6InByb2R1Y3RzLzExMzQ2MS8zMWJmOGU5YTI4YjgxNDBlZGE2ZTM4NTZhNmE5YTgxYi5wbmciLCJlZGl0cyI6eyJyZXNpemUiOnsid2lkdGgiOjQwMH0sIndlYnAiOnsicXVhbGl0eSI6NTB9fX0=,/sneakers/on-running/on-running-cloudmonster-2-distance-white-lapis-3me10671087-ka/113461?from=search
Onitsuka Tiger Mexico 66 White Slate (Women's),2560000,https://d5ibtax54de3q.cloudfront.net/eyJidWNrZXQiOiJraWNrYXZlbnVlLWFzc2V0cyIsImtleSI6InByb2R1Y3RzLzEwODQ2NC9jNGRiM2I3ZThiNTAwMGFjOTQ5OTQ0YzU3OGY2YmZlMC5wbmciLCJlZGl0cyI6eyJyZXNpemUiOnsid2lkdGgiOjQwMH0sIndlYnAiOnsicXVhbGl0eSI6NTB9fX0=,/sneakers/onitsuka-tiger/onitsuka-tiger-mexico-66-white-slate-w-1182a078-111-ka/108464?from=search
Nike Cortez White Black,1510000,https://d5ibtax54de3q.cloudfront.net/eyJidWNrZXQiOiJraWNrYXZlbnVlLWFzc2V0cyIsImtleSI6InByb2R1Y3RzLzEwODE1OC9iOTdjMWJhMGM2ZTIzNmUwNDJiOTM3YTk2NmI0ZTA5Zi5wbmciLCJlZGl0cyI6eyJyZXNpemUiOnsid2lkdGgiOjQwMH0sIndlYnAiOnsicXVhbGl0eSI6NTB9fX0=,/sneakers/nike/nike-cortez-white-black-dm4044-105-ka/108158?from=search
New Balance 530 Dark Olivine,1200000,https://d5ibtax54de3q.cloudfront.net/eyJidWNrZXQiOiJraWNrYXZlbnVlLWFzc2V0cyIsImtleSI6InByb2R1Y3RzLzEwNTQ2Ny8yMDI3NGI0OTY5ZjM3OWI4MjRhNjJmZjIwYjAyMjQ4NC5wbmciLCJlZGl0cyI6eyJyZXNpemUiOnsid2lkdGgiOjQwMH0sIndlYnAiOnsicXVhbGl0eSI6NTB9fX0=,/sneakers/new-balance/new-balance-530-dark-olivine-mr530ga-ka/105467?from=search
ASICS Tarther Japan Tokyo 2020 Marathon,8500000,https://d5ibtax54de3q.cloudfront.net/eyJidWNrZXQiOiJraWNrYXZlbnVlLWFzc2V0cyIsImtleSI6InByb2R1Y3RzLzEwMjMxMy80YjQ3NjJiZDEyYmFmNDJiNDNhOTAyZTExNDlhMDE0Ni5wbmciLCJlZGl0cyI6eyJyZXNpemUiOnsid2lkdGgiOjQwMH0sIndlYnAiOnsicXVhbGl0eSI6NTB9fX0=,/sneakers/asics/asics-tarther-japan-tokyo-2020-marathon-1013a085-600-ka-2/102313?from=search
New Balance 550 Vintage Pack Pecan,1340000,https://d5ibtax54de3q.cloudfront.net/eyJidWNrZXQiOiJraWNrYXZlbnVlLWFzc2V0cyIsImtleSI6InByb2R1Y3RzLzEwNzI4Ny8zNTk4YjdlM2Q3ZTBiOGM1NGNmZDliYzc2MGM0NTE0NC5wbmciLCJlZGl0cyI6eyJyZXNpemUiOnsid2lkdGgiOjQwMH0sIndlYnAiOnsicXVhbGl0eSI6NTB9fX0=,/sneakers/new-balance/new-balance-550-vintage-pack-pecan-bb550vgc-ka/107287?from=search
Nike Air Force 1 Low '07 Lv8 Summit White Khaki,1570000,https://d5ibtax54de3q.cloudfront.net/eyJidWNrZXQiOiJraWNrYXZlbnVlLWFzc2V0cyIsImtleSI6InByb2R1Y3RzLzExNDk1Ni8xYjEzMzYwNTA1OTNkNDcyNjc1YWMzZGU1ODZkODFmOC5wbmciLCJlZGl0cyI6eyJyZXNpemUiOnsid2lkdGgiOjQwMH0sIndlYnAiOnsicXVhbGl0eSI6NTB9fX0=,/sneakers/nike/nike-air-force-1-low-07-lv8-summit-white-khaki-fz5225-100-ka/114956?from=search
Nike Air Zoom Pegasus 41 Pure Platinum,2500000,https://d5ibtax54de3q.cloudfront.net/eyJidWNrZXQiOiJraWNrYXZlbnVlLWFzc2V0cyIsImtleSI6InByb2R1Y3RzLzEwNjIwMi8zODI5OWQ4MWFlNzg1NDUyYWY1MzcxZDUwMDZmZGRlMy5wbmciLCJlZGl0cyI6eyJyZXNpemUiOnsid2lkdGgiOjQwMH0sIndlYnAiOnsicXVhbGl0eSI6NTB9fX0=,/sneakers/nike/nike-air-zoom-pegasus-41-pure-platinum-fd2722-102-ka/106202?from=search
Nike Renew Elevate 3 Light Carbon,1000000,https://d5ibtax54de3q.cloudfront.net/eyJidWNrZXQiOiJraWNrYXZlbnVlLWFzc2V0cyIsImtleSI6InByb2R1Y3RzLzEwODk4NC81NmUxMDFhNmE2NDE0YzU5NjFlNjY1OGUzYjM5MGE5MS5wbmciLCJlZGl0cyI6eyJyZXNpemUiOnsid2lkdGgiOjQwMH0sIndlYnAiOnsicXVhbGl0eSI6NTB9fX0=,/sneakers/nike/nike-renew-elevate-3-light-carbon-dd9304-010-ka/108984?from=search
Nike Pegasus Trail 5 Navy Grape Frost,850000,https://d5ibtax54de3q.cloudfront.net/eyJidWNrZXQiOiJraWNrYXZlbnVlLWFzc2V0cyIsImtleSI6InByb2R1Y3RzLzEwOTc0OC81ZGE4M2UwYWU1ZDE0MzgwNjEzY2Q2Nzc4NGFhNGUxOC5wbmciLCJlZGl0cyI6eyJyZXNpemUiOnsid2lkdGgiOjQwMH0sIndlYnAiOnsicXVhbGl0eSI6NTB9fX0=,/sneakers/nike/nike-pegasus-trail-5-navy-grape-frost-dv3864-401-ka/109748?from=search
Nike Dunk Low Retro SE Leather,2100000,https://d5ibtax54de3q.cloudfront.net/eyJidWNrZXQiOiJraWNrYXZlbnVlLWFzc2V0cyIsImtleSI6InByb2R1Y3RzLzExNTAzMC9hM2Y4MGIxYTZjYjYyM2I1ZGUyN2ZhYzMwNGZlZDBhNC5wbmciLCJlZGl0cyI6eyJyZXNpemUiOnsid2lkdGgiOjQwMH0sIndlYnAiOnsicXVhbGl0eSI6NTB9fX0=,/sneakers/nike/nike-dunk-low-retro-se-leather-fq8249-102-ka/115030?from=search
ASICS Gel-Nandi 360 Grey Mission Yellow,1720000,https://d5ibtax54de3q.cloudfront.net/eyJidWNrZXQiOiJraWNrYXZlbnVlLWFzc2V0cyIsImtleSI6InByb2R1Y3RzLzEwMDU4Ni9hYmZjZWExNTZkNTE5MzVhNzFlOTkxZGRiMmZlYzliMi5wbmciLCJlZGl0cyI6eyJyZXNpemUiOnsid2lkdGgiOjQwMH0sIndlYnAiOnsicXVhbGl0eSI6NTB9fX0=,/sneakers/asics/asics-gel-nandi-360-grey-mission-yellow-1021a325-020-ka-2/100586?from=search
Scuderia Ferrari x Puma Speedcat Black White,1240000,https://d5ibtax54de3q.cloudfront.net/eyJidWNrZXQiOiJraWNrYXZlbnVlLWFzc2V0cyIsImtleSI6InByb2R1Y3RzLzExMDI3Mi85NTkzNjYxNGU3MTNkNGEzZmM4NmRjNGViOWE0M2M5ZS5wbmciLCJlZGl0cyI6eyJyZXNpemUiOnsid2lkdGgiOjQwMH0sIndlYnAiOnsicXVhbGl0eSI6NTB9fX0=,/sneakers/puma/scuderia-ferrari-x-puma-speedcat-black-white-307514-01-ka/110272?from=search
Diadora N9000 Sicilia Italia,1500000,https://d5ibtax54de3q.cloudfront.net/eyJidWNrZXQiOiJraWNrYXZlbnVlLWFzc2V0cyIsImtleSI6InByb2R1Y3RzLzExMDI5NS82NTA2NjFlMGNjNTIyZTU3NzNiODYyYjFiYjAyNzllNC5wbmciLCJlZGl0cyI6eyJyZXNpemUiOnsid2lkdGgiOjQwMH0sIndlYnAiOnsicXVhbGl0eSI6NTB9fX0=,/sneakers/diadora/diadora-n9000-sicilia-italia-201179679-40040-ka/110295?from=search
Vans Old Skool White Tie Dye White,540000,https://d5ibtax54de3q.cloudfront.net/eyJidWNrZXQiOiJraWNrYXZlbnVlLWFzc2V0cyIsImtleSI6InByb2R1Y3RzLzExMDU5NS9jMDIzMzhhMmViZjdhYjliNGFmYmIwNmVhNWM3OTVlNC5wbmciLCJlZGl0cyI6eyJyZXNpemUiOnsid2lkdGgiOjQwMH0sIndlYnAiOnsicXVhbGl0eSI6NTB9fX0=,/sneakers/vans/vans-old-skool-white-tie-dye-white-vn0a4u3b21r-ka/110595?from=search
Adidas Gazelle Night Indigo Crew Yellow,1410000,https://d5ibtax54de3q.cloudfront.net/eyJidWNrZXQiOiJraWNrYXZlbnVlLWFzc2V0cyIsImtleSI6InByb2R1Y3RzLzExMDg5Ni80NmVjNTczZDg3NjFlN2Y3NTIzNWU2ZDY2ZWQ4NTAyOS5wbmciLCJlZGl0cyI6eyJyZXNpemUiOnsid2lkdGgiOjQwMH0sIndlYnAiOnsicXVhbGl0eSI6NTB9fX0=,/sneakers/adidas/adidas-gazelle-night-indigo-crew-yellow-ig2094-ka/110896?from=search
Li-Ning Yushuai 13 High Blue,3040000,https://d5ibtax54de3q.cloudfront.net/eyJidWNrZXQiOiJraWNrYXZlbnVlLWFzc2V0cyIsImtleSI6InByb2R1Y3RzLzEwMzAwNC81YTE4ZjFiYzdiNDY4NzE0NDI1MmUwNWE5NjQ1NTk3ZS5wbmciLCJlZGl0cyI6eyJyZXNpemUiOnsid2lkdGgiOjQwMH0sIndlYnAiOnsicXVhbGl0eSI6NTB9fX0=,/sneakers/li-ning/li-ning-yushuai-13-high-blue-abap065-13-ka/103004?from=search
Puma Clyde Vintage Black Orange,800000,https://d5ibtax54de3q.cloudfront.net/eyJidWNrZXQiOiJraWNrYXZlbnVlLWFzc2V0cyIsImtleSI6InByb2R1Y3RzLzEwNDI5MC81ZjQzZmI2MzZkNDM4NDc0OGYwMmZjNjNjYTFhMzc4Ny5wbmciLCJlZGl0cyI6eyJyZXNpemUiOnsid2lkdGgiOjQwMH0sIndlYnAiOnsicXVhbGl0eSI6NTB9fX0=,/sneakers/puma/puma-clyde-vintage-black-orange-394687-02-ka/104290?from=search
ASICS Jolt 2 Black,1200000,https://d5ibtax54de3q.cloudfront.net/eyJidWNrZXQiOiJraWNrYXZlbnVlLWFzc2V0cyIsImtleSI6InByb2R1Y3RzLzEwMTg2MC9kZjk0NDg0OGNjN2RhNjA0NTk2MjY4Njk0ZDI4OGZmZi5wbmciLCJlZGl0cyI6eyJyZXNpemUiOnsid2lkdGgiOjQwMH0sIndlYnAiOnsicXVhbGl0eSI6NTB9fX0=,/sneakers/asics/asics-jolt-2-black-1011a167-003-ka-2/101860?from=search
Converse Chuck Taylor 70 Vintage Canvas High Tawny Owl,700000,https://d5ibtax54de3q.cloudfront.net/eyJidWNrZXQiOiJraWNrYXZlbnVlLWFzc2V0cyIsImtleSI6InByb2R1Y3RzLzEwODA4MS83ZmZmN2U3OWFhMWFkNmIwZTNjOWM1NWUyYzdmOWEwZC5wbmciLCJlZGl0cyI6eyJyZXNpemUiOnsid2lkdGgiOjQwMH0sIndlYnAiOnsicXVhbGl0eSI6NTB9fX0=,/sneakers/converse/converse-chuck-taylor-70-vintage-canvas-high-tawny-owl-a04588c-ka/108081?from=search
Adidas Handball Spezial White Arctic Night,1440000,https://d5ibtax54de3q.cloudfront.net/eyJidWNrZXQiOiJraWNrYXZlbnVlLWFzc2V0cyIsImtleSI6InByb2R1Y3RzLzEwODA5MS9hZmZiMmQ4ZWMwMzE2NDQyMjJhOWQ1YzJkYjg1MGM1NS5wbmciLCJlZGl0cyI6eyJyZXNpemUiOnsid2lkdGgiOjQwMH0sIndlYnAiOnsicXVhbGl0eSI6NTB9fX0=,/sneakers/adidas/adidas-handball-spezial-white-arctic-night-if3742-ka/108091?from=search
Puma Suede Classic 21 Royal Sapphire,800000,https://d5ibtax54de3q.cloudfront.net/eyJidWNrZXQiOiJraWNrYXZlbnVlLWFzc2V0cyIsImtleSI6InByb2R1Y3RzLzEwODUyOC9hZWVmYzBlM2IyZTM3ZTkwYjZjYTg0ZDRiMTFiOWNhNi5wbmciLCJlZGl0cyI6eyJyZXNpemUiOnsid2lkdGgiOjQwMH0sIndlYnAiOnsicXVhbGl0eSI6NTB9fX0=,/sneakers/puma/puma-suede-classic-21-royal-sapphire-374915-68-ka/108528?from=search
Air Jordan One Take 4 PF Pink Blast,1950000,https://d5ibtax54de3q.cloudfront.net/eyJidWNrZXQiOiJraWNrYXZlbnVlLWFzc2V0cyIsImtleSI6InByb2R1Y3RzLzkzNzg0LzgwOWQzOTBjNmY4ZGQyMTQxY2EwMWZkZWQ4M2U2YTJhLnBuZyIsImVkaXRzIjp7InJlc2l6ZSI6eyJ3aWR0aCI6NDAwfSwid2VicCI6eyJxdWFsaXR5Ijo1MH19fQ==,/sneakers/air-jordan/air-jordan-one-take-4-pf-pink-blast-do7192-104-ka/93784?from=search
Nike E-Series AD 'Iron Grey',1080000,https://d5ibtax54de3q.cloudfront.net/eyJidWNrZXQiOiJraWNrYXZlbnVlLWFzc2V0cyIsImtleSI6InByb2R1Y3RzLzg4OTYwL2MxZGJlZmRjZWU3MjA3NzVjMjAyMWFhZDNmN2M4Mjk0LnBuZyIsImVkaXRzIjp7InJlc2l6ZSI6eyJ3aWR0aCI6NDAwfSwid2VicCI6eyJxdWFsaXR5Ijo1MH19fQ==,/sneakers/nike/nike-e-series-ad-iron-grey-dv2436-004-ka/88960?from=search
Crocs Classic Clog Pringles Blue Green,1400000,https://d5ibtax54de3q.cloudfront.net/eyJidWNrZXQiOiJraWNrYXZlbnVlLWFzc2V0cyIsImtleSI6InByb2R1Y3RzLzEwNTQxMS9kYmRmYjE3MDY1MjhiMzU5N2JkNTczMDkwMjE3MWIxMi5wbmciLCJlZGl0cyI6eyJyZXNpemUiOnsid2lkdGgiOjQwMH0sIndlYnAiOnsicXVhbGl0eSI6NTB9fX0=,/sneakers/crocs/crocs-classic-clog-pringles-blue-green-209642-90h-ka/105411?from=search
New Balance XC-72 Black White,1570000,https://d5ibtax54de3q.cloudfront.net/eyJidWNrZXQiOiJraWNrYXZlbnVlLWFzc2V0cyIsImtleSI6InByb2R1Y3RzLzU3OTk4LzM0YWNjMWI4NjFmMWIyODA4MzE3ZTQwN2RiNzc1Y2NmLmpwZWciLCJlZGl0cyI6eyJyZXNpemUiOnsid2lkdGgiOjQwMH0sIndlYnAiOnsicXVhbGl0eSI6NTB9fX0=,/sneakers/new-balance/new-balance-xc-72-black-white-uxc72lb-ka/57998?from=search
ASICS Novablast 3 LE 'Aquamarine Palace Purple' (Women's),2130000,https://d5ibtax54de3q.cloudfront.net/eyJidWNrZXQiOiJraWNrYXZlbnVlLWFzc2V0cyIsImtleSI6InByb2R1Y3RzLzEwMjE0Ny80NjE2ZTk2ZDU2ZWVmY2U5ZWNhZDcxNTAzZTczNTViNC5wbmciLCJlZGl0cyI6eyJyZXNpemUiOnsid2lkdGgiOjQwMH0sIndlYnAiOnsicXVhbGl0eSI6NTB9fX0=,/sneakers/asics/asics-novablast-3-le-aquamarine-palace-purple-w-1012b410-402-ka/102147?from=search
New Balance 574 Rugged 'Cordura Pack - Grey',1100000,https://d5ibtax54de3q.cloudfront.net/eyJidWNrZXQiOiJraWNrYXZlbnVlLWFzc2V0cyIsImtleSI6InByb2R1Y3RzLzk1MTMxLzMxNjVjODFmNjMzODdmYTljMWEzOTRhMjQ1NTI2NjNiLnBuZyIsImVkaXRzIjp7InJlc2l6ZSI6eyJ3aWR0aCI6NDAwfSwid2VicCI6eyJxdWFsaXR5Ijo1MH19fQ==,/sneakers/new-balance/jordan-proto-react-metallic-silver-ml574do2-ka/95131?from=search
Nike E-Series AD 'Black Anthracite',830000,https://d5ibtax54de3q.cloudfront.net/eyJidWNrZXQiOiJraWNrYXZlbnVlLWFzc2V0cyIsImtleSI6InByb2R1Y3RzLzg4OTU5LzI5OTMzZGU5ZjRkNTY1NGYwODVhNTAxNmI3YjJjZDdmLnBuZyIsImVkaXRzIjp7InJlc2l6ZSI6eyJ3aWR0aCI6NDAwfSwid2VicCI6eyJxdWFsaXR5Ijo1MH19fQ==,/sneakers/nike/nike-e-series-ad-black-anthracite-dv2436-003-ka/88959?from=search
ASICS Gel Quantum 360 Black Metropolis,5010000,https://d5ibtax54de3q.cloudfront.net/eyJidWNrZXQiOiJraWNrYXZlbnVlLWFzc2V0cyIsImtleSI6InByb2R1Y3RzLzEwMDg0OC80OGZkMjMyMzc1YThhZTE4YWM0NTBiNGVjNTY3ZjM3MS5wbmciLCJlZGl0cyI6eyJyZXNpemUiOnsid2lkdGgiOjQwMH0sIndlYnAiOnsicXVhbGl0eSI6NTB9fX0=,/sneakers/asics/asics-gel-quantum-360-black-metropolis-1201a536-001-ka-2/100848?from=search
Vans Skate Sk8-Hi One Piece Nami,830000,https://d5ibtax54de3q.cloudfront.net/eyJidWNrZXQiOiJraWNrYXZlbnVlLWFzc2V0cyIsImtleSI6InByb2R1Y3RzLzU3NTg4LzE4YjlmZjRjMTE3ODU2OWE5YTdiNDkxNzhjODk4NDI5LmpwZWciLCJlZGl0cyI6eyJyZXNpemUiOnsid2lkdGgiOjQwMH0sIndlYnAiOnsicXVhbGl0eSI6NTB9fX0=,/sneakers/vans/vans-skate-sk8-hi-one-piece-nami-vn0a5fccora-ka/57588?from=search
ASICS Gel-Sonoma™ 15-50 Black Carrier Grey,1410000,https://d5ibtax54de3q.cloudfront.net/eyJidWNrZXQiOiJraWNrYXZlbnVlLWFzc2V0cyIsImtleSI6InByb2R1Y3RzLzExMjMyNC9mZTU2MmYzNzdiZGM4NzIyODJhZDU3ZDQ5YzQ2NTMwYS5wbmciLCJlZGl0cyI6eyJyZXNpemUiOnsid2lkdGgiOjQwMH0sIndlYnAiOnsicXVhbGl0eSI6NTB9fX0=,/sneakers/asics/asics-gel-sonomatm-15-50-black-carrier-grey-1203a488-001-ka/112324?from=search
ASICS Gel-Nimbus 24 9 Black Gunmetal,1710000,https://d5ibtax54de3q.cloudfront.net/eyJidWNrZXQiOiJraWNrYXZlbnVlLWFzc2V0cyIsImtleSI6InByb2R1Y3RzLzEwMDcwMC9jOTUwZmVlNDk2M2JmYzhjYWQxMGFlMmJiZGI5NDcyOC5wbmciLCJlZGl0cyI6eyJyZXNpemUiOnsid2lkdGgiOjQwMH0sIndlYnAiOnsicXVhbGl0eSI6NTB9fX0=,/sneakers/asics/asics-gel-nimbus-24-9-black-gunmetal-1201a424-002-ka-2/100700?from=search
ASICS Gel-1130 Faded Ash Rock (Women's),2530000,https://d5ibtax54de3q.cloudfront.net/eyJidWNrZXQiOiJraWNrYXZlbnVlLWFzc2V0cyIsImtleSI6InByb2R1Y3RzLzExMTE1Ni9jNTBkNjMzOGRiYTkyNzM3OWNlZmIzOTFjYjc2ZjAzNC5wbmciLCJlZGl0cyI6eyJyZXNpemUiOnsid2lkdGgiOjQwMH0sIndlYnAiOnsicXVhbGl0eSI6NTB9fX0=,/sneakers/asics/asics-gel-1130-faded-ash-rock-w-1202a164-113-ka/111156?from=search
Air Jordan Luka 2 PF Tropical Twist,1180000,https://d5ibtax54de3q.cloudfront.net/eyJidWNrZXQiOiJraWNrYXZlbnVlLWFzc2V0cyIsImtleSI6InByb2R1Y3RzLzkzNzQ5LzE2ODg4YjdiZDhlZGI4MTYxODMyYmZmOWFmZjg0NmIwLnBuZyIsImVkaXRzIjp7InJlc2l6ZSI6eyJ3aWR0aCI6NDAwfSwid2VicCI6eyJxdWFsaXR5Ijo1MH19fQ==,/sneakers/air-jordan/air-jordan-luka-2-pf-tropical-twist-dx9012-300-ka/93749?from=search
Puma Mostro Perforated Leather White Black,1970000,https://d5ibtax54de3q.cloudfront.net/eyJidWNrZXQiOiJraWNrYXZlbnVlLWFzc2V0cyIsImtleSI6InByb2R1Y3RzLzEwOTEzMS9lNzBlYmFhNDcxNDc3YzJhZjAzNWI2NmM1ZGFhNGU1Yi5wbmciLCJlZGl0cyI6eyJyZXNpemUiOnsid2lkdGgiOjQwMH0sIndlYnAiOnsicXVhbGl0eSI6NTB9fX0=,/sneakers/puma/puma-mostro-perforated-leather-white-black-397331-01-ka/109131?from=search
Nike Blazer Mid 77 Remastered Photo Blue,770000,https://d5ibtax54de3q.cloudfront.net/eyJidWNrZXQiOiJraWNrYXZlbnVlLWFzc2V0cyIsImtleSI6InByb2R1Y3RzLzY2NTM1LzQ4OTVmODE1MGRkZDQ2ZWQyYzRkMjhkYjc2OTFmM2RhLnBuZyIsImVkaXRzIjp7InJlc2l6ZSI6eyJ3aWR0aCI6NDAwfSwid2VicCI6eyJxdWFsaXR5Ijo1MH19fQ==,/sneakers/nike/nike-blazer-mid-77-remastered-photo-blue-dq7673-102-ka/66535?from=search
New Balance 993 Triple Black,3940000,https://d5ibtax54de3q.cloudfront.net/eyJidWNrZXQiOiJraWNrYXZlbnVlLWFzc2V0cyIsImtleSI6InByb2R1Y3RzLzcwOTUxL2YxNzQ5OWRiOTBlNGVmODI0ZmFkMzkwY2I1ZmE5Yzk5LnBuZyIsImVkaXRzIjp7InJlc2l6ZSI6eyJ3aWR0aCI6NDAwfSwid2VicCI6eyJxdWFsaXR5Ijo1MH19fQ==,/sneakers/new-balance/new-balance-993-triple-black-mr993tb-ka/70951?from=search
Vans Slip On Comfycush One Checkerboard Blue Marshmallow,770000,https://d5ibtax54de3q.cloudfront.net/eyJidWNrZXQiOiJraWNrYXZlbnVlLWFzc2V0cyIsImtleSI6InByb2R1Y3RzLzYyNTQ1LzI5YjY0Y2YwMmE4MmM2ODExYTZkMzNjMDkzYjY2ZDUyLmpwZWciLCJlZGl0cyI6eyJyZXNpemUiOnsid2lkdGgiOjQwMH0sIndlYnAiOnsicXVhbGl0eSI6NTB9fX0=,/sneakers/vans/vans-slip-on-comfycush-one-checkerboard-blue-marshmallow-vn0a45j57z2-ka/62545?from=search
Nike Air Max 2013 Black,1950000,https://d5ibtax54de3q.cloudfront.net/eyJidWNrZXQiOiJraWNrYXZlbnVlLWFzc2V0cyIsImtleSI6InByb2R1Y3RzLzc1MTgxLzkxMmZjZWNmYmZmYzM1MWFmYzkwZmMzZmQ4MzQyMzI1LnBuZyIsImVkaXRzIjp7InJlc2l6ZSI6eyJ3aWR0aCI6NDAwfSwid2VicCI6eyJxdWFsaXR5Ijo1MH19fQ==,/sneakers/nike/nike-air-max-2013-black-fz3156-010-ka/75181?from=search
ASICS Novablast 3 Black Amber,2290000,https://d5ibtax54de3q.cloudfront.net/eyJidWNrZXQiOiJraWNrYXZlbnVlLWFzc2V0cyIsImtleSI6InByb2R1Y3RzLzEwMjE0NS8yZThhNmU1NWY5NDE2YmQ3OTZiNWJmNGFhZTcxOGQ5MC5wbmciLCJlZGl0cyI6eyJyZXNpemUiOnsid2lkdGgiOjQwMH0sIndlYnAiOnsicXVhbGl0eSI6NTB9fX0=,/sneakers/asics/asics-novablast-3-black-amber-1011b458-001-ka/102145?from=search
Nike Infinity Golf NN White Pure Platinum,1060000,https://d5ibtax54de3q.cloudfront.net/eyJidWNrZXQiOiJraWNrYXZlbnVlLWFzc2V0cyIsImtleSI6InByb2R1Y3RzLzEwMzg4Ny8yMGFkZTRlMzQ3NmZlOWYwOGI5NmY2ODAzZjM2ZjllMy5wbmciLCJlZGl0cyI6eyJyZXNpemUiOnsid2lkdGgiOjQwMH0sIndlYnAiOnsicXVhbGl0eSI6NTB9fX0=,/sneakers/nike/nike-infinity-golf-nn-white-pure-platinum-fn0565-100-ka/103887?from=search
Nike Zoom Vomero 5 Vapor Green,1600000,https://d5ibtax54de3q.cloudfront.net/eyJidWNrZXQiOiJraWNrYXZlbnVlLWFzc2V0cyIsImtleSI6InByb2R1Y3RzLzEwODAwNS9iNjA4YWJiNjVlMzFjYTg5NmQ5MjBkYWM3MmNlZGQyYy5wbmciLCJlZGl0cyI6eyJyZXNpemUiOnsid2lkdGgiOjQwMH0sIndlYnAiOnsicXVhbGl0eSI6NTB9fX0=,/sneakers/nike/nike-zoom-vomero-5-vapor-green-hf5493-301-ka/108005?from=search
Nike Precision 7 Barely Grape,930000,https://d5ibtax54de3q.cloudfront.net/eyJidWNrZXQiOiJraWNrYXZlbnVlLWFzc2V0cyIsImtleSI6InByb2R1Y3RzLzExNjAzOC9jYWY3ZGM4ZTEwMjE0NmZjYTNlY2ZhNTliMTVlMzI0OS5wbmciLCJlZGl0cyI6eyJyZXNpemUiOnsid2lkdGgiOjQwMH0sIndlYnAiOnsicXVhbGl0eSI6NTB9fX0=,/sneakers/nike/nike-precision-7-barely-grape-fn4322-500-ka/116038?from=search
ASICS Gel Kayano 28 Platinum Black,2460000,https://d5ibtax54de3q.cloudfront.net/eyJidWNrZXQiOiJraWNrYXZlbnVlLWFzc2V0cyIsImtleSI6InByb2R1Y3RzLzEwMTIwMS8zYjU0NjAzZDQwZTQ1NTY5ODQyM2YyNTE0OTAwOTBlMy5wbmciLCJlZGl0cyI6eyJyZXNpemUiOnsid2lkdGgiOjQwMH0sIndlYnAiOnsicXVhbGl0eSI6NTB9fX0=,/sneakers/asics/asics-gel-kayano-28-platinum-black-1011b342-020-ka-2/101201?from=search
ASICS Magic Speed 2 Amber,2250000,https://d5ibtax54de3q.cloudfront.net/eyJidWNrZXQiOiJraWNrYXZlbnVlLWFzc2V0cyIsImtleSI6InByb2R1Y3RzLzEwMTkxNy84ZTY4ZTgwMGQzNDRmZTNlZWQ1MTU4NDIwMTI3ZTNhYS5wbmciLCJlZGl0cyI6eyJyZXNpemUiOnsid2lkdGgiOjQwMH0sIndlYnAiOnsicXVhbGl0eSI6NTB9fX0=,/sneakers/asics/asics-magic-speed-2-amber-1011b443-800-ka-2/101917?from=search
Li-Ning Yushuai 15 White Purple Turquoise,1000000,https://d5ibtax54de3q.cloudfront.net/eyJidWNrZXQiOiJraWNrYXZlbnVlLWFzc2V0cyIsImtleSI6InByb2R1Y3RzLzEwMzAxNS80NTI2NmYwZjQwZTg3NWZjMThjZTIwMjZhN2QzMDA4MC5wbmciLCJlZGl0cyI6eyJyZXNpemUiOnsid2lkdGgiOjQwMH0sIndlYnAiOnsicXVhbGl0eSI6NTB9fX0=,/sneakers/li-ning/li-ning-yushuai-15-white-purple-turquoise-abar043-1-ka-2/103015?from=search
Nike Air More Uptempo Animal Instinct,2800000,https://d5ibtax54de3q.cloudfront.net/eyJidWNrZXQiOiJraWNrYXZlbnVlLWFzc2V0cyIsImtleSI6InByb2R1Y3RzLzgxODI4LzJiMzU3YWYxYTBkNzMxMmZhMDZkZjZjMmFjN2IyOTE1LnBuZyIsImVkaXRzIjp7InJlc2l6ZSI6eyJ3aWR0aCI6NDAwfSwid2VicCI6eyJxdWFsaXR5Ijo1MH19fQ==,/sneakers/nike/nike-air-more-uptempo-animal-instinct-dz4838-100-ka/81828?from=search
New Balance 610 Dark Camo Ripstop,1150000,https://d5ibtax54de3q.cloudfront.net/eyJidWNrZXQiOiJraWNrYXZlbnVlLWFzc2V0cyIsImtleSI6InByb2R1Y3RzLzk4NTI1LzhlMmY3Y2E0YTkyYmZkZTAyM2ZmZmZjNWI5MGEyYWM2LnBuZyIsImVkaXRzIjp7InJlc2l6ZSI6eyJ3aWR0aCI6NDAwfSwid2VicCI6eyJxdWFsaXR5Ijo1MH19fQ==,/sneakers/new-balance/new-balance-610-dark-camo-ripstop-ml610tnm-ka-2/98525?from=search
New Balance Two WXY Iridescent,1530000,https://d5ibtax54de3q.cloudfront.net/eyJidWNrZXQiOiJraWNrYXZlbnVlLWFzc2V0cyIsImtleSI6InByb2R1Y3RzLzk5MjI4LzFlMjkyMzg5YmExYjYzOTU2MWQwY2MzMTI2Y2EzNzFhLnBuZyIsImVkaXRzIjp7InJlc2l6ZSI6eyJ3aWR0aCI6NDAwfSwid2VicCI6eyJxdWFsaXR5Ijo1MH19fQ==,/sneakers/new-balance/new-balance-two-wxy-iridescent-bb2wxycs-ka/99228?from=search
New Balance 57/40 57/40 Grey Khaki,1080000,https://d5ibtax54de3q.cloudfront.net/eyJidWNrZXQiOiJraWNrYXZlbnVlLWFzc2V0cyIsImtleSI6InByb2R1Y3RzLzk0OTIyL2EwOTIwZGRkNmYxMTc4YjFkZDc3NjQ5ZWNmNThhZjA2LnBuZyIsImVkaXRzIjp7InJlc2l6ZSI6eyJ3aWR0aCI6NDAwfSwid2VicCI6eyJxdWFsaXR5Ijo1MH19fQ==,/sneakers/new-balance/new-balance-5740-5740-grey-khaki-m5740llg-ka/94922?from=search
ASICS Jolt 4 Steel Blue Black,1240000,https://d5ibtax54de3q.cloudfront.net/eyJidWNrZXQiOiJraWNrYXZlbnVlLWFzc2V0cyIsImtleSI6InByb2R1Y3RzLzEwMTg3My9kNDU4OGE1Njg2Y2U1YjljMzYzNzFiMWFlNDQ1YzM3NC5wbmciLCJlZGl0cyI6eyJyZXNpemUiOnsid2lkdGgiOjQwMH0sIndlYnAiOnsicXVhbGl0eSI6NTB9fX0=,/sneakers/asics/asics-jolt-4-steel-blue-black-1011b603-402-ka-2/101873?from=search
Jordan 11 CMFT Low White Varsity Red,1080000,https://d5ibtax54de3q.cloudfront.net/eyJidWNrZXQiOiJraWNrYXZlbnVlLWFzc2V0cyIsImtleSI6InByb2R1Y3RzLzkyNTA0Lzc3NjU2MzU2NmZhM2JkNzBmYmI5NjQwYWExZDdkYWEzLnBuZyIsImVkaXRzIjp7InJlc2l6ZSI6eyJ3aWR0aCI6NDAwfSwid2VicCI6eyJxdWFsaXR5Ijo1MH19fQ==,/sneakers/air-jordan/jordan-11-cmft-low-white-varsity-red-cw0784-161-ka/92504?from=search
Puma LaMelo Ball MB.03 Chino Hills,1750000,https://d5ibtax54de3q.cloudfront.net/eyJidWNrZXQiOiJraWNrYXZlbnVlLWFzc2V0cyIsImtleSI6InByb2R1Y3RzLzc5Mjk3LzgwM2VjYTVkMWExMzU4NmZiZTlhYjA4ZmI5N2FmM2ZjLnBuZyIsImVkaXRzIjp7InJlc2l6ZSI6eyJ3aWR0aCI6NDAwfSwid2VicCI6eyJxdWFsaXR5Ijo1MH19fQ==,/sneakers/puma/puma-lamelo-ball-mb03-chino-hills-379235-01-ka/79297?from=search
Vans x AAPE Authentic Bolt Grey Blue,940000,https://d5ibtax54de3q.cloudfront.net/eyJidWNrZXQiOiJraWNrYXZlbnVlLWFzc2V0cyIsImtleSI6InByb2R1Y3RzLzcyMjg3LzVkNzZmNmIzNmNmNjdkN2IyODAxNTMxNTZhYjEzN2FjLnBuZyIsImVkaXRzIjp7InJlc2l6ZSI6eyJ3aWR0aCI6NDAwfSwid2VicCI6eyJxdWFsaXR5Ijo1MH19fQ==,/sneakers/vans/vans-x-aape-authentic-bolt-grey-blue-vn000bwcy31-ka/72287?from=search
Hoka Kaha Low GTX Oat Milk Vaporous,3400000,https://d5ibtax54de3q.cloudfront.net/eyJidWNrZXQiOiJraWNrYXZlbnVlLWFzc2V0cyIsImtleSI6InByb2R1Y3RzLzEwOTQyNS9hNzM1OGU5NjA3NmViMTZlMzUwOGFjMjRlZjhjMDIzNC5wbmciLCJlZGl0cyI6eyJyZXNpemUiOnsid2lkdGgiOjQwMH0sIndlYnAiOnsicXVhbGl0eSI6NTB9fX0=,/sneakers/hoka/hoka-kaha-low-gtx-oat-milk-vaporous-1123114-opr-ka/109425?from=search
Puma Shuffle Trainer White,770000,https://d5ibtax54de3q.cloudfront.net/eyJidWNrZXQiOiJraWNrYXZlbnVlLWFzc2V0cyIsImtleSI6InByb2R1Y3RzLzEwNDI3OS9hNGE2Mzg2Y2I2MGM0NDE2YjFjOThlOWRhNDZkNGRkYi5wbmciLCJlZGl0cyI6eyJyZXNpemUiOnsid2lkdGgiOjQwMH0sIndlYnAiOnsicXVhbGl0eSI6NTB9fX0=,/sneakers/puma/puma-shuffle-trainer-white-309668-27-ka/104279?from=search
Onitsuka Tiger Mexico 66 SD Graphite Carrier Grey,3830000,https://d5ibtax54de3q.cloudfront.net/eyJidWNrZXQiOiJraWNrYXZlbnVlLWFzc2V0cyIsImtleSI6InByb2R1Y3RzLzEwODMzNS9mYmJhY2ZhZGZhMzE1YWFiM2U3NmY3YjRjODRiMGJhZi5wbmciLCJlZGl0cyI6eyJyZXNpemUiOnsid2lkdGgiOjQwMH0sIndlYnAiOnsicXVhbGl0eSI6NTB9fX0=,/sneakers/onitsuka-tiger/onitsuka-tiger-mexico-66-sd-graphite-carrier-grey-1183b500-020-ka/108335?from=search
Nike Alleyoop SB Particle Grey Geode Teal,1050000,https://d5ibtax54de3q.cloudfront.net/eyJidWNrZXQiOiJraWNrYXZlbnVlLWFzc2V0cyIsImtleSI6InByb2R1Y3RzLzg4NTg5LzU3YzJkN2NiYTkwZDY1MzhmOTVkMWU3ODk0NWQ0YjMwLnBuZyIsImVkaXRzIjp7InJlc2l6ZSI6eyJ3aWR0aCI6NDAwfSwid2VicCI6eyJxdWFsaXR5Ijo1MH19fQ==,/sneakers/nike/nike-alleyoop-sb-particle-grey-geode-teal-cj0882-003-ka/88589?from=search
Nike Dunk Low Retro Premium Deep Jungle,1430000,https://d5ibtax54de3q.cloudfront.net/eyJidWNrZXQiOiJraWNrYXZlbnVlLWFzc2V0cyIsImtleSI6InByb2R1Y3RzLzc1Mzc2LzFmMjM1NmU1MDNmOTU4NjA3MDJlYjNmYTMxZWJmMjFhLnBuZyIsImVkaXRzIjp7InJlc2l6ZSI6eyJ3aWR0aCI6NDAwfSwid2VicCI6eyJxdWFsaXR5Ijo1MH19fQ==,/sneakers/nike/nike-dunk-low-retro-premium-deep-jungle-fb8896-300-ka/75376?from=search
Nike ZoomX Vaporfly NEXT% 2 University Gold,1890000,https://d5ibtax54de3q.cloudfront.net/eyJidWNrZXQiOiJraWNrYXZlbnVlLWFzc2V0cyIsImtleSI6InByb2R1Y3RzLzI4ODY3LzRmYWMwY2FmY2M1YWQ5MTYwODJmOTNiMmJlZjY3MDA5LnBuZyIsImVkaXRzIjp7InJlc2l6ZSI6eyJ3aWR0aCI6NDAwfSwid2VicCI6eyJxdWFsaXR5Ijo1MH19fQ==,/sneakers/nike/nike-zoomx-vaporfly-next-2-university-gold-do2408-739-ka/28867?from=search
New Balance 990v3 Joe Freshgoods Outside Clothes,3760000,https://d5ibtax54de3q.cloudfront.net/eyJidWNrZXQiOiJraWNrYXZlbnVlLWFzc2V0cyIsImtleSI6InByb2R1Y3RzLzI2MDc3LzRjZDQwZWM1MDU3YTQ0OWI1Zjk4NzA1ZDQwYTc1MmE0LnBuZyIsImVkaXRzIjp7InJlc2l6ZSI6eyJ3aWR0aCI6NDAwfSwid2VicCI6eyJxdWFsaXR5Ijo1MH19fQ==,/sneakers/new-balance/new-balance-990v3-joe-freshgoods-outside-clothes-m990jg3-ka-2/26077?from=search
Adidas Adizero Adios Pro 2.0 Legacy Indigo,1710000,https://d5ibtax54de3q.cloudfront.net/eyJidWNrZXQiOiJraWNrYXZlbnVlLWFzc2V0cyIsImtleSI6InByb2R1Y3RzLzcyMTc0LzUyYzA5MmZhODA4NTI1MzRjYTFlNzliYjUxNWNkMTJmLnBuZyIsImVkaXRzIjp7InJlc2l6ZSI6eyJ3aWR0aCI6NDAwfSwid2VicCI6eyJxdWFsaXR5Ijo1MH19fQ==,/sneakers/adidas/adidas-adizero-adios-pro-20-legacy-indigo-gx3117-ka/72174?from=search
Adidas Terrex Voyager 21 Travel,1360000,https://d5ibtax54de3q.cloudfront.net/eyJidWNrZXQiOiJraWNrYXZlbnVlLWFzc2V0cyIsImtleSI6InByb2R1Y3RzLzY0Mjg4L2U1ZGYxZGY2OWRiYjk5YzA5MDg1YTdhZGIwMjc3ZTI4LmpwZWciLCJlZGl0cyI6eyJyZXNpemUiOnsid2lkdGgiOjQwMH0sIndlYnAiOnsicXVhbGl0eSI6NTB9fX0=,/sneakers/adidas/adidas-terrex-voyager-21-travel-fz2225-ka/64288?from=search
New Balance XC-72 Ivory Aluminum,1640000,https://d5ibtax54de3q.cloudfront.net/eyJidWNrZXQiOiJraWNrYXZlbnVlLWFzc2V0cyIsImtleSI6InByb2R1Y3RzLzI2NzEzLzQyODBmODliYmQ2ZWI0Y2NmNTgxOGU2Mzc3ODVlYjAxLnBuZyIsImVkaXRzIjp7InJlc2l6ZSI6eyJ3aWR0aCI6NDAwfSwid2VicCI6eyJxdWFsaXR5Ijo1MH19fQ==,/sneakers/new-balance/new-balance-xc-72-ivory-aluminum-uxc72cb1-ka-2/26713?from=search
New Balance 57/40 Joshua Vides,2860000,https://d5ibtax54de3q.cloudfront.net/eyJidWNrZXQiOiJraWNrYXZlbnVlLWFzc2V0cyIsImtleSI6InByb2R1Y3RzLzI3NzA5LzU3MDk4NGNkNTNkYzgxYWM2MDY1ZTBhZDQyN2EwMGQ1LnBuZyIsImVkaXRzIjp7InJlc2l6ZSI6eyJ3aWR0aCI6NDAwfSwid2VicCI6eyJxdWFsaXR5Ijo1MH19fQ==,/sneakers/new-balance/new-balance-5740-joshua-vides-m5740jsv-ka-2/27709?from=search
Saucony Endorphin Pro 2 Hot Streak,1880000,https://d5ibtax54de3q.cloudfront.net/eyJidWNrZXQiOiJraWNrYXZlbnVlLWFzc2V0cyIsImtleSI6InByb2R1Y3RzLzM0MTE1L2FmNjM1YjE3MTNkODlkZDU0ZmQzODY2MWIwNGM1Nzc2LnBuZyIsImVkaXRzIjp7InJlc2l6ZSI6eyJ3aWR0aCI6NDAwfSwid2VicCI6eyJxdWFsaXR5Ijo1MH19fQ==,/sneakers/saucony/saucony-endorphin-pro-2-hot-streak-s20687-116-ka/34115?from=search
Nike Vapor Edge Pro 360 Dark Smoke Grey,1920000,https://d5ibtax54de3q.cloudfront.net/eyJidWNrZXQiOiJraWNrYXZlbnVlLWFzc2V0cyIsImtleSI6InByb2R1Y3RzLzg1OTI0LzkwMjJlNzllNWVkMWMyN2U0NmNlNDkzZWQ2NDAxNGMxLnBuZyIsImVkaXRzIjp7InJlc2l6ZSI6eyJ3aWR0aCI6NDAwfSwid2VicCI6eyJxdWFsaXR5Ijo1MH19fQ==,/sneakers/nike/nike-vapor-edge-pro-360-dark-smoke-grey-dq3670-001-ka/85924?from=search
New Balance 991 Aime Leon Dore MiUK Grey,7030000,https://d5ibtax54de3q.cloudfront.net/eyJidWNrZXQiOiJraWNrYXZlbnVlLWFzc2V0cyIsImtleSI6InByb2R1Y3RzLzcwNTcxL2Q2MDJlYWU2MTUyOTU5MzU5ZTQyOTI2YzJkZDg5MmJiLnBuZyIsImVkaXRzIjp7InJlc2l6ZSI6eyJ3aWR0aCI6NDAwfSwid2VicCI6eyJxdWFsaXR5Ijo1MH19fQ==,/sneakers/new-balance/new-balance-991-aime-leon-dore-miuk-grey-m991crs-ka/70571?from=search
New Balance 993 Joe Freshgoods Performance Art Sage,5160000,https://d5ibtax54de3q.cloudfront.net/eyJidWNrZXQiOiJraWNrYXZlbnVlLWFzc2V0cyIsImtleSI6InByb2R1Y3RzLzQwMDg5LzljOTkyZWE2Yzc3M2E3YTMyNjU1YTkwNThhODRjMzUwLnBuZyIsImVkaXRzIjp7InJlc2l6ZSI6eyJ3aWR0aCI6NDAwfSwid2VicCI6eyJxdWFsaXR5Ijo1MH19fQ==,/sneakers/new-balance/new-balance-993-joe-freshgoods-performance-art-sage-mr993jg1-ka-2/40089?from=search
Nike ZoomX Invincible Run Flyknit 2 Light Smoke Grey Hyper Pink,1900000,https://d5ibtax54de3q.cloudfront.net/eyJidWNrZXQiOiJraWNrYXZlbnVlLWFzc2V0cyIsImtleSI6InByb2R1Y3RzLzkzMTQ2LzNjZmM2ODBlNGZmNmQwNzhkOGZlZWM2YWUwZGE5ODAxLnBuZyIsImVkaXRzIjp7InJlc2l6ZSI6eyJ3aWR0aCI6NDAwfSwid2VicCI6eyJxdWFsaXR5Ijo1MH19fQ==,/sneakers/nike/nike-zoomx-invincible-run-flyknit-2-light-smoke-grey-hyper-pink-dh5425-101-ka/93146?from=search
Nike ZoomX Vaporfly Next% 2 Total Orange,2460000,https://d5ibtax54de3q.cloudfront.net/eyJidWNrZXQiOiJraWNrYXZlbnVlLWFzc2V0cyIsImtleSI6InByb2R1Y3RzLzkzMjE4LzBkNDdjNjUxMzFjZGJiZmIyNmU5NTdlMjYxMDEwMjQxLnBuZyIsImVkaXRzIjp7InJlc2l6ZSI6eyJ3aWR0aCI6NDAwfSwid2VicCI6eyJxdWFsaXR5Ijo1MH19fQ==,/sneakers/nike/nike-zoomx-vaporfly-next-2-total-orange-cu4111-800-ka/93218?from=search
Nike Air Max 97 Comme des Garcons Homme Plus Black,4580000,https://d5ibtax54de3q.cloudfront.net/eyJidWNrZXQiOiJraWNrYXZlbnVlLWFzc2V0cyIsImtleSI6InByb2R1Y3RzLzgwOTMzL2ZjNzkxY2YxNjAxYzhmYTFhM2U2YWU2YzFhZTFlN2ZmLnBuZyIsImVkaXRzIjp7InJlc2l6ZSI6eyJ3aWR0aCI6NDAwfSwid2VicCI6eyJxdWFsaXR5Ijo1MH19fQ==,/sneakers/nike/nike-air-max-97-comme-des-garcons-homme-plus-black-dx6932-002-ka/80933?from=search
Nike Blazer Low '77 Vintage White University Gold,950000,https://d5ibtax54de3q.cloudfront.net/eyJidWNrZXQiOiJraWNrYXZlbnVlLWFzc2V0cyIsImtleSI6InByb2R1Y3RzLzExMTY3OS8yYzIwYjEwYzRlZDRhMGViNTFhNTFlYjI2MDM4NjJkZS5wbmciLCJlZGl0cyI6eyJyZXNpemUiOnsid2lkdGgiOjQwMH0sIndlYnAiOnsicXVhbGl0eSI6NTB9fX0=,/sneakers/nike/nike-blazer-low-77-vintage-white-university-gold-da6364-112-ka/111679?from=search
ASICS EX89 Boston Celtics,1670000,https://d5ibtax54de3q.cloudfront.net/eyJidWNrZXQiOiJraWNrYXZlbnVlLWFzc2V0cyIsImtleSI6InByb2R1Y3RzLzU4ODE3LzJlZTA2NWY0MTY0MmM0ZjQ1ZjlhNTY5OGI1NmUxNjhkLmpwZWciLCJlZGl0cyI6eyJyZXNpemUiOnsid2lkdGgiOjQwMH0sIndlYnAiOnsicXVhbGl0eSI6NTB9fX0=,/sneakers/asics/asics-ex89-boston-celtics-1201a476-106-ka/58817?from=search
Nike SB Zoom Blazer Mid Phantom Cave Purple Phantom Cave Purple,1040000,https://d5ibtax54de3q.cloudfront.net/eyJidWNrZXQiOiJraWNrYXZlbnVlLWFzc2V0cyIsImtleSI6InByb2R1Y3RzLzc2MjQ5L2UxMGU4NDc5MTE5YTlmYTcwNDQ5ZGFkY2VjN2Q1ZWE0LnBuZyIsImVkaXRzIjp7InJlc2l6ZSI6eyJ3aWR0aCI6NDAwfSwid2VicCI6eyJxdWFsaXR5Ijo1MH19fQ==,/sneakers/nike/nike-sb-zoom-blazer-mid-phantom-cave-purple-phantom-cave-purple-864349-011-ka/76249?from=search
Nike KD 15 The Ground Up,3440000,https://d5ibtax54de3q.cloudfront.net/eyJidWNrZXQiOiJraWNrYXZlbnVlLWFzc2V0cyIsImtleSI6InByb2R1Y3RzLzgzMTIyLzgwZGI5ZjE2OThiYzJhNDllMjE5NTNmYTg1ZWJhMzJhLnBuZyIsImVkaXRzIjp7InJlc2l6ZSI6eyJ3aWR0aCI6NDAwfSwid2VicCI6eyJxdWFsaXR5Ijo1MH19fQ==,/sneakers/nike/nike-kd-15-the-ground-up-dc1975-200-ka/83122?from=search
Air Jordan Guo Ailun x Air Jordan 37 Low PF Silver Island Green,1290000,https://d5ibtax54de3q.cloudfront.net/eyJidWNrZXQiOiJraWNrYXZlbnVlLWFzc2V0cyIsImtleSI6InByb2R1Y3RzLzkzNTI4LzVjOThlYTdjZWQ0ODRiNGI2NjQ0MTIxMDc4ZjY1N2MxLnBuZyIsImVkaXRzIjp7InJlc2l6ZSI6eyJ3aWR0aCI6NDAwfSwid2VicCI6eyJxdWFsaXR5Ijo1MH19fQ==,/sneakers/air-jordan/air-jordan-guo-ailun-x-air-jordan-37-low-pf-silver-island-green-fb8486-130-ka/93528?from=search
Nike SB Dunk Low Pro ISO Orange Label Court Purple,3380000,https://d5ibtax54de3q.cloudfront.net/eyJidWNrZXQiOiJraWNrYXZlbnVlLWFzc2V0cyIsImtleSI6InByb2R1Y3RzLzcwOTI4L2JiMTBkMDEyMTg0Njg2ZmI3ZWNkMTYzYWU4OGZkN2M5LnBuZyIsImVkaXRzIjp7InJlc2l6ZSI6eyJ3aWR0aCI6NDAwfSwid2VicCI6eyJxdWFsaXR5Ijo1MH19fQ==,/sneakers/nike/nike-sb-dunk-low-pro-iso-orange-label-court-purple-dv5464-500-ka/70928?from=search
Nike Air Zoom Vomero 16 White Black,2970000,https://d5ibtax54de3q.cloudfront.net/eyJidWNrZXQiOiJraWNrYXZlbnVlLWFzc2V0cyIsImtleSI6InByb2R1Y3RzLzkwMDEzLzI0ZTFlZDgwNDg0OWIzMDM2MTk3ZTMwNmFjMzc5ODJjLnBuZyIsImVkaXRzIjp7InJlc2l6ZSI6eyJ3aWR0aCI6NDAwfSwid2VicCI6eyJxdWFsaXR5Ijo1MH19fQ==,/sneakers/nike/nike-air-zoom-vomero-16-white-black-da7245-100-ka/90013?from=search
New Balance 860V2 Rain Cloud Magnet,1280000,https://d5ibtax54de3q.cloudfront.net/eyJidWNrZXQiOiJraWNrYXZlbnVlLWFzc2V0cyIsImtleSI6InByb2R1Y3RzLzcyMDc2LzQ5NDMyM2I2NzJjNWUwODFjNmM2ODFiMGYzYjlmOWI3LnBuZyIsImVkaXRzIjp7InJlc2l6ZSI6eyJ3aWR0aCI6NDAwfSwid2VicCI6eyJxdWFsaXR5Ijo1MH19fQ==,/sneakers/new-balance/new-balance-860v2-rain-cloud-magnet-ml860kr2-ka/72076?from=search
Reebok LX2200 Cold Black,900000,https://d5ibtax54de3q.cloudfront.net/eyJidWNrZXQiOiJraWNrYXZlbnVlLWFzc2V0cyIsImtleSI6InByb2R1Y3RzLzM3NDUwLzJiMTFkNTA3ZDQ4MWRiZmFiY2E2YTVjN2Q4ODcxZTU1LnBuZyIsImVkaXRzIjp7InJlc2l6ZSI6eyJ3aWR0aCI6NDAwfSwid2VicCI6eyJxdWFsaXR5Ijo1MH19fQ==,/sneakers/reebok/reebok-lx2200-cold-black-gy1532-ka/37450?from=search
Nike SB Nyjah 3 White Black,1480000,https://d5ibtax54de3q.cloudfront.net/eyJidWNrZXQiOiJraWNrYXZlbnVlLWFzc2V0cyIsImtleSI6InByb2R1Y3RzLzg5OTAxL2QxYmYzMjZlOGFlNTQ4YjQyMjQ2MTlkZDE4YTMwY2Q0LnBuZyIsImVkaXRzIjp7InJlc2l6ZSI6eyJ3aWR0aCI6NDAwfSwid2VicCI6eyJxdWFsaXR5Ijo1MH19fQ==,/sneakers/nike/nike-sb-nyjah-3-white-black-dj6130-100-ka/89901?from=search
Adidas Gazelle 85 Preloved Red,1720000,https://d5ibtax54de3q.cloudfront.net/eyJidWNrZXQiOiJraWNrYXZlbnVlLWFzc2V0cyIsImtleSI6InByb2R1Y3RzLzExMDg2NC85Yzk1NTE3MWNhNGE1MTQxNzAxNzlmMjdlOTVmMzYwYy5wbmciLCJlZGl0cyI6eyJyZXNpemUiOnsid2lkdGgiOjQwMH0sIndlYnAiOnsicXVhbGl0eSI6NTB9fX0=,/sneakers/adidas/adidas-gazelle-85-preloved-red-gy2529-ka/110864?from=search
New Balance 550 Lunar New Year Sea Salt,1320000,https://d5ibtax54de3q.cloudfront.net/eyJidWNrZXQiOiJraWNrYXZlbnVlLWFzc2V0cyIsImtleSI6InByb2R1Y3RzLzQyMTY0LzdkZTEzNzkwNmU3ODE4YWY5NDViZjZjZDgyZjk1Y2EyLmpwZWciLCJlZGl0cyI6eyJyZXNpemUiOnsid2lkdGgiOjQwMH0sIndlYnAiOnsicXVhbGl0eSI6NTB9fX0=,/sneakers/new-balance/new-balance-550-lunar-new-year-sea-salt-bb550ln1-ka-2/42164?from=search
ASICS Gel-Nimbus 25 Triple Black,2140000,https://d5ibtax54de3q.cloudfront.net/eyJidWNrZXQiOiJraWNrYXZlbnVlLWFzc2V0cyIsImtleSI6InByb2R1Y3RzLzEwMDc1My83NDM5OTJhZTVjYWM5NTVjZjdhYjg0Y2UxMzIzYjE5Mi5wbmciLCJlZGl0cyI6eyJyZXNpemUiOnsid2lkdGgiOjQwMH0sIndlYnAiOnsicXVhbGl0eSI6NTB9fX0=,/sneakers/asics/asics-gel-nimbus-25-triple-black-1011b547-002-ka-2/100753?from=search
Adidas Superstar 82 Cloud White Core Black,1400000,https://d5ibtax54de3q.cloudfront.net/eyJidWNrZXQiOiJraWNrYXZlbnVlLWFzc2V0cyIsImtleSI6InByb2R1Y3RzLzcyMDcyL2I3YTM0MGVjMDRmM2JhN2M5NDlkMTkzNjFjYTA5ZWI3LnBuZyIsImVkaXRzIjp7InJlc2l6ZSI6eyJ3aWR0aCI6NDAwfSwid2VicCI6eyJxdWFsaXR5Ijo1MH19fQ==,/sneakers/adidas/adidas-superstar-82-cloud-white-core-black-h06258-ka/72072?from=search
New Balance FuelCell RC Elite V2 Pale Blue,1870000,https://d5ibtax54de3q.cloudfront.net/eyJidWNrZXQiOiJraWNrYXZlbnVlLWFzc2V0cyIsImtleSI6InByb2R1Y3RzLzk4OTk0L2YwMTg1MmNlYWEyZjk4MjBjZDQwZWRkYWE4NGEzNjBjLnBuZyIsImVkaXRzIjp7InJlc2l6ZSI6eyJ3aWR0aCI6NDAwfSwid2VicCI6eyJxdWFsaXR5Ijo1MH19fQ==,/sneakers/new-balance/new-balance-fuelcell-rc-elite-v2-pale-blue-mrcelsv2-ka-2/98994?from=search
Nike ACG Air Deschutz+ Black Grey Fog,820000,https://d5ibtax54de3q.cloudfront.net/eyJidWNrZXQiOiJraWNrYXZlbnVlLWFzc2V0cyIsImtleSI6InByb2R1Y3RzLzc1NzUxLzkwMjgyOWExZDFlZWVjZTliNTQ5YWI5ODU2MGQ1OTc0LnBuZyIsImVkaXRzIjp7InJlc2l6ZSI6eyJ3aWR0aCI6NDAwfSwid2VicCI6eyJxdWFsaXR5Ijo1MH19fQ==,/sneakers/nike/nike-acg-air-deschutz-black-grey-fog-do8951-001-ka/75751?from=search
New Balance 650R White Interstellar,940000,https://d5ibtax54de3q.cloudfront.net/eyJidWNrZXQiOiJraWNrYXZlbnVlLWFzc2V0cyIsImtleSI6InByb2R1Y3RzLzU3MzQ3L2FjYmFhMzE5YmQ5MjE3YjIxOTQzZjRmZWE0OTg4Yzc0LnBuZyIsImVkaXRzIjp7InJlc2l6ZSI6eyJ3aWR0aCI6NDAwfSwid2VicCI6eyJxdWFsaXR5Ijo1MH19fQ==,/sneakers/new-balance/new-balance-650r-white-interstellar-bb650rcf-ka/57347?from=search
ASICS Metaspeed Sky+ Hazard Green Sky,2570000,https://d5ibtax54de3q.cloudfront.net/eyJidWNrZXQiOiJraWNrYXZlbnVlLWFzc2V0cyIsImtleSI6InByb2R1Y3RzLzEwMjAxMS80YjMwZGI1Zjk0N2U5YzM2YTY0MGE0YmNlOGU0MmRhYi5wbmciLCJlZGl0cyI6eyJyZXNpemUiOnsid2lkdGgiOjQwMH0sIndlYnAiOnsicXVhbGl0eSI6NTB9fX0=,/sneakers/asics/asics-metaspeed-sky-hazard-green-sky-1013a115-301-ka-2/102011?from=search
Li-Ning AAPE x Way Of Wade X 10th Anniversary,10270000,https://d5ibtax54de3q.cloudfront.net/eyJidWNrZXQiOiJraWNrYXZlbnVlLWFzc2V0cyIsImtleSI6InByb2R1Y3RzLzEwMjUyOS9mZTJlODQ3YzYyZWRiNmY4NzMwODk5OGExYWY2ZmM4My5wbmciLCJlZGl0cyI6eyJyZXNpemUiOnsid2lkdGgiOjQwMH0sIndlYnAiOnsicXVhbGl0eSI6NTB9fX0=,/sneakers/li-ning/li-ning-aape-x-way-of-wade-x-10th-anniversary-abas175-1-ka/102529?from=search
Hoka One One Tor Ultra High Gore Tex Pale Mauve,4340000,https://d5ibtax54de3q.cloudfront.net/eyJidWNrZXQiOiJraWNrYXZlbnVlLWFzc2V0cyIsImtleSI6InByb2R1Y3RzLzk4MDA0L2FkZWQ3ZWVmMGE1YzhmN2Y2NDI4OWEzOTZhNDRhMDMzLnBuZyIsImVkaXRzIjp7InJlc2l6ZSI6eyJ3aWR0aCI6NDAwfSwid2VicCI6eyJxdWFsaXR5Ijo1MH19fQ==,/sneakers/hoka/hoka-one-one-tor-ultra-high-gore-tex-pale-mauve-1129958-pmpw-ka-2/98004?from=search
Onitsuka Tiger Mexico 66 Birch Rust Red,1940000,https://d5ibtax54de3q.cloudfront.net/eyJidWNrZXQiOiJraWNrYXZlbnVlLWFzc2V0cyIsImtleSI6InByb2R1Y3RzLzEwODQ1NS8xNzFkYjQ2YzM5MTAwOGE0NTBkODIyMDg4ODQxYTYwMC5wbmciLCJlZGl0cyI6eyJyZXNpemUiOnsid2lkdGgiOjQwMH0sIndlYnAiOnsicXVhbGl0eSI6NTB9fX0=,/sneakers/onitsuka-tiger/onitsuka-tiger-mexico-66-birch-rust-red-1183a201-206-ka/108455?from=search
Nike KD 15 EP What The,2670000,https://d5ibtax54de3q.cloudfront.net/eyJidWNrZXQiOiJraWNrYXZlbnVlLWFzc2V0cyIsImtleSI6InByb2R1Y3RzLzgzMTA5LzUwMjk1Y2NmZjEyM2Y3ZjBiMjIxYjcyYjA1OGZmMmYwLnBuZyIsImVkaXRzIjp7InJlc2l6ZSI6eyJ3aWR0aCI6NDAwfSwid2VicCI6eyJxdWFsaXR5Ijo1MH19fQ==,/sneakers/nike/nike-kd-15-ep-what-the-fn8011-500-ka/83109?from=search
Reebok LT Court SNEEZE Viper Green,990000,https://d5ibtax54de3q.cloudfront.net/eyJidWNrZXQiOiJraWNrYXZlbnVlLWFzc2V0cyIsImtleSI6InByb2R1Y3RzLzM2Mjc4LzEzZjAxN2JhNzNjNGNkN2EwM2M0YzJjNThlNjMwYmNlLnBuZyIsImVkaXRzIjp7InJlc2l6ZSI6eyJ3aWR0aCI6NDAwfSwid2VicCI6eyJxdWFsaXR5Ijo1MH19fQ==,/sneakers/reebok/reebok-lt-court-sneeze-viper-green-gw9514-ka/36278?from=search
Nike LeBron 20 FAMU Peach Cream,3660000,https://d5ibtax54de3q.cloudfront.net/eyJidWNrZXQiOiJraWNrYXZlbnVlLWFzc2V0cyIsImtleSI6InByb2R1Y3RzLzYxODgxLzIzNWE1MjViMzllNmUxN2FjNjliOTEyNTE3ZjA3ZDExLmpwZWciLCJlZGl0cyI6eyJyZXNpemUiOnsid2lkdGgiOjQwMH0sIndlYnAiOnsicXVhbGl0eSI6NTB9fX0=,/sneakers/nike/nike-lebron-20-famu-peach-cream-fn8263-800-ka/61881?from=search
Adidas Y-3 4D Runner FWD Black White,4830000,https://d5ibtax54de3q.cloudfront.net/eyJidWNrZXQiOiJraWNrYXZlbnVlLWFzc2V0cyIsImtleSI6InByb2R1Y3RzLzYyMDM4LzdjZGFkYWE5N2NmZGY0ZDFhMWY0MmZkYzAwM2QxZDNmLmpwZWciLCJlZGl0cyI6eyJyZXNpemUiOnsid2lkdGgiOjQwMH0sIndlYnAiOnsicXVhbGl0eSI6NTB9fX0=,/sneakers/adidas/adidas-y-3-4d-runner-fwd-black-white-ie9396-ka/62038?from=search
New Balance 996 MiUSA Teddy Santis Marblehead Vintage Indigo,2075000,https://d5ibtax54de3q.cloudfront.net/eyJidWNrZXQiOiJraWNrYXZlbnVlLWFzc2V0cyIsImtleSI6InByb2R1Y3RzLzYwMDM5LzVkZTUzZjgxOWIyM2I5MWI1ZTQ0ZDNjYmIwN2ViOWM0LmpwZWciLCJlZGl0cyI6eyJyZXNpemUiOnsid2lkdGgiOjQwMH0sIndlYnAiOnsicXVhbGl0eSI6NTB9fX0=,/sneakers/new-balance/new-balance-996-miusa-teddy-santis-marblehead-vintage-indigo-u996te-ka/60039?from=search
Nike Court Vision Mid Next Nature Leap High,1290000,https://d5ibtax54de3q.cloudfront.net/eyJidWNrZXQiOiJraWNrYXZlbnVlLWFzc2V0cyIsImtleSI6InByb2R1Y3RzLzg4Nzk5LzJhZGRiZjQzNmNiYTIxM2Q3Y2FkZGZmMTdlNTY4M2FmLnBuZyIsImVkaXRzIjp7InJlc2l6ZSI6eyJ3aWR0aCI6NDAwfSwid2VicCI6eyJxdWFsaXR5Ijo1MH19fQ==,/sneakers/nike/nike-court-vision-mid-next-nature-leap-high-fd9926-161-ka-2/88799?from=search
New Balance 5740 Castlerock,1170000,https://d5ibtax54de3q.cloudfront.net/eyJidWNrZXQiOiJraWNrYXZlbnVlLWFzc2V0cyIsImtleSI6InByb2R1Y3RzLzU4MTIyLzdkMjlhMzVjNDBmOTMzMDYyMjE1OWJjYTk3YjllZWQ4LmpwZWciLCJlZGl0cyI6eyJyZXNpemUiOnsid2lkdGgiOjQwMH0sIndlYnAiOnsicXVhbGl0eSI6NTB9fX0=,/sneakers/new-balance/new-balance-5740-castlerock-m5740vpb-ka/58122?from=search
Nike Burrow Slipper Pilgrim Limestone,730000,https://d5ibtax54de3q.cloudfront.net/eyJidWNrZXQiOiJraWNrYXZlbnVlLWFzc2V0cyIsImtleSI6InByb2R1Y3RzLzYxNjk1LzRmZjNlMjEzZTM1YmUyMjY5OTg5MjM0NWZkNDViMzU4LmpwZWciLCJlZGl0cyI6eyJyZXNpemUiOnsid2lkdGgiOjQwMH0sIndlYnAiOnsicXVhbGl0eSI6NTB9fX0=,/sneakers/nike/nike-burrow-slipper-pilgrim-limestone-dr8885-300-ka/61695?from=search
Hoka One One Challenger ATR 7 GTX Black Black,2380000,https://d5ibtax54de3q.cloudfront.net/eyJidWNrZXQiOiJraWNrYXZlbnVlLWFzc2V0cyIsImtleSI6InByb2R1Y3RzLzk3NzA3Lzg2MGNmZjIxMzEyNjRlYTQ3YTZiNWRhNTEzOWQ5NzE2LnBuZyIsImVkaXRzIjp7InJlc2l6ZSI6eyJ3aWR0aCI6NDAwfSwid2VicCI6eyJxdWFsaXR5Ijo1MH19fQ==,/sneakers/hoka/hoka-one-one-challenger-atr-7-gtx-black-black-1134501-bblc-ka/97707?from=search
Hoka One One Trail Code GTX Black Raven,3030000,https://d5ibtax54de3q.cloudfront.net/eyJidWNrZXQiOiJraWNrYXZlbnVlLWFzc2V0cyIsImtleSI6InByb2R1Y3RzLzk4MDE5LzlhMmIwMDQ5YTE2YWJkNGI5NGU5NjQ3NDk5OGI3YzAwLnBuZyIsImVkaXRzIjp7InJlc2l6ZSI6eyJ3aWR0aCI6NDAwfSwid2VicCI6eyJxdWFsaXR5Ijo1MH19fQ==,/sneakers/hoka/hoka-one-one-trail-code-gtx-black-raven-1123165-brvn-ka/98019?from=search
New Balance 991v1 MiUK Elm Brown Rice,2550000,https://d5ibtax54de3q.cloudfront.net/eyJidWNrZXQiOiJraWNrYXZlbnVlLWFzc2V0cyIsImtleSI6InByb2R1Y3RzLzcwODU3L2YyMWM3MjZmOTU1NDU4NzQyNjQwMGUyNzczNWMxMzQ1LnBuZyIsImVkaXRzIjp7InJlc2l6ZSI6eyJ3aWR0aCI6NDAwfSwid2VicCI6eyJxdWFsaXR5Ijo1MH19fQ==,/sneakers/new-balance/new-balance-991v1-miuk-elm-brown-rice-m991btn-ka/70857?from=search
Nike Air Force 1 Mid Off-White Graffiti White,2500000,https://d5ibtax54de3q.cloudfront.net/eyJidWNrZXQiOiJraWNrYXZlbnVlLWFzc2V0cyIsImtleSI6InByb2R1Y3RzLzY4ODQwL2YxZDBjYzEyNzljMGRmNjAwMDJkMDM3MGJlNmYyNTExLnBuZyIsImVkaXRzIjp7InJlc2l6ZSI6eyJ3aWR0aCI6NDAwfSwid2VicCI6eyJxdWFsaXR5Ijo1MH19fQ==,/sneakers/nike/nike-air-force-1-mid-off-white-graffiti-white-dr0500-100-ka/68840?from=search
Nike Air Force 1 Low '07 LV8 Split Light Silver,1550000,https://d5ibtax54de3q.cloudfront.net/eyJidWNrZXQiOiJraWNrYXZlbnVlLWFzc2V0cyIsImtleSI6InByb2R1Y3RzLzY0NjUzLzhlOWNiODBhY2U4NmUwOTk4YjZjNWFmNWI2Y2JkMzY0LmpwZWciLCJlZGl0cyI6eyJyZXNpemUiOnsid2lkdGgiOjQwMH0sIndlYnAiOnsicXVhbGl0eSI6NTB9fX0=,/sneakers/nike/nike-air-force-1-low-07-lv8-split-light-silver-dz2522-001-ka/64653?from=search
Air Jordan 1 Low SE Team Gold (Women's),1730000,https://d5ibtax54de3q.cloudfront.net/eyJidWNrZXQiOiJraWNrYXZlbnVlLWFzc2V0cyIsImtleSI6InByb2R1Y3RzLzc0MzYyL2U5ZTI0ZTIyMDYyZTJjZmJkNDE3ZWE5NjcxNWNkZDkyLnBuZyIsImVkaXRzIjp7InJlc2l6ZSI6eyJ3aWR0aCI6NDAwfSwid2VicCI6eyJxdWFsaXR5Ijo1MH19fQ==,/sneakers/air-jordan/air-jordan-1-low-se-team-gold-w-fn3722-701-ka/74362?from=search
ASICS GT-2160 Cecilie Bahnsen Mary Jane Black,6000000,https://d5ibtax54de3q.cloudfront.net/eyJidWNrZXQiOiJraWNrYXZlbnVlLWFzc2V0cyIsImtleSI6InByb2R1Y3RzLzY1NDUyL2JmMGYwNzE0NjU3MTJmMDZmNThkNjg1NTcyMjUyNzI1LnBuZyIsImVkaXRzIjp7InJlc2l6ZSI6eyJ3aWR0aCI6NDAwfSwid2VicCI6eyJxdWFsaXR5Ijo1MH19fQ==,/sneakers/asics/asics-gt-2160-cecilie-bahnsen-mary-jane-black-1203a321-001-ka/65452?from=search
Nike Dunk Low Disrupt x Serena Williams Design Crew (Women's),1360000,https://d5ibtax54de3q.cloudfront.net/eyJidWNrZXQiOiJraWNrYXZlbnVlLWFzc2V0cyIsImtleSI6InByb2R1Y3RzLzc0MzYxLzQ0YjE1YjRkM2U4MTlkYmU1NjY2NmQ2MDNhMDYzOWNlLnBuZyIsImVkaXRzIjp7InJlc2l6ZSI6eyJ3aWR0aCI6NDAwfSwid2VicCI6eyJxdWFsaXR5Ijo1MH19fQ==,/sneakers/nike/nike-dunk-low-disrupt-x-serena-williams-design-crew-w-dx4220-100-ka/74361?from=search
Converse Chuck Taylor All-Star 70 Hi Ader Error Create Next: The New Is Not New,2030000,https://d5ibtax54de3q.cloudfront.net/eyJidWNrZXQiOiJraWNrYXZlbnVlLWFzc2V0cyIsImtleSI6InByb2R1Y3RzLzY2OTA2LzcyYzBiYzU5NTBiZWQ3MmRmZjRhNzk3ZTExNTQ5ZDdjLnBuZyIsImVkaXRzIjp7InJlc2l6ZSI6eyJ3aWR0aCI6NDAwfSwid2VicCI6eyJxdWFsaXR5Ijo1MH19fQ==,/sneakers/converse/converse-chuck-taylor-all-star-70-hi-ader-error-create-next-the-new-is-not-new-a05351c-ka/66906?from=search
Nike Ja 1 EYBL Peach Jam,7730000,https://d5ibtax54de3q.cloudfront.net/eyJidWNrZXQiOiJraWNrYXZlbnVlLWFzc2V0cyIsImtleSI6InByb2R1Y3RzLzgyMTI5LzBlMjY3MmJhNDdmMDdlZjkyZWEwMDk4NWY1MGNlZjE1LnBuZyIsImVkaXRzIjp7InJlc2l6ZSI6eyJ3aWR0aCI6NDAwfSwid2VicCI6eyJxdWFsaXR5Ijo1MH19fQ==,/sneakers/nike/nike-ja-1-eybl-peach-jam-fn6615-900-ka/82129?from=search
Nike Air Force 1 Mid Off-White Sheed,4040000,https://d5ibtax54de3q.cloudfront.net/eyJidWNrZXQiOiJraWNrYXZlbnVlLWFzc2V0cyIsImtleSI6InByb2R1Y3RzLzY2NzUxLzllOWYyYzUyYmUyZDg2NDQ5NWIyMzVmYTBhNjNiYTc2LnBuZyIsImVkaXRzIjp7InJlc2l6ZSI6eyJ3aWR0aCI6NDAwfSwid2VicCI6eyJxdWFsaXR5Ijo1MH19fQ==,/sneakers/nike/nike-air-force-1-mid-off-white-sheed-dr0500-001-ka/66751?from=search
Air Jordan Max Aura 5 Black Anthracite,2340000,https://d5ibtax54de3q.cloudfront.net/eyJidWNrZXQiOiJraWNrYXZlbnVlLWFzc2V0cyIsImtleSI6InByb2R1Y3RzLzkzNzU1LzBjNDdlZDFhNDk2OGYwNGMyYzVmMGRmYTc1ZjU4MGRlLnBuZyIsImVkaXRzIjp7InJlc2l6ZSI6eyJ3aWR0aCI6NDAwfSwid2VicCI6eyJxdWFsaXR5Ijo1MH19fQ==,/sneakers/air-jordan/air-jordan-max-aura-5-black-anthracite-dz4353-001-ka/93755?from=search
Adidas UltraBoost Light Black Lucid Lime,1630000,https://d5ibtax54de3q.cloudfront.net/eyJidWNrZXQiOiJraWNrYXZlbnVlLWFzc2V0cyIsImtleSI6InByb2R1Y3RzLzEwODk0Ni9iNDVjMjZlMzE4YTc4MGM1YTAwY2UzZTY2M2IxNzZiNy5wbmciLCJlZGl0cyI6eyJyZXNpemUiOnsid2lkdGgiOjQwMH0sIndlYnAiOnsicXVhbGl0eSI6NTB9fX0=,/sneakers/adidas/adidas-ultraboost-light-black-lucid-lime-if2414-ka/108946?from=search
Adidas Gazelle Indoor Collegiate Burgundy Arctic Fuchsia,1610000,https://d5ibtax54de3q.cloudfront.net/eyJidWNrZXQiOiJraWNrYXZlbnVlLWFzc2V0cyIsImtleSI6InByb2R1Y3RzLzY4Njk5LzdjMThlMjdmZWIzNjBjOGQ0ZGNlNzE2ZGZlMDQwZjJhLnBuZyIsImVkaXRzIjp7InJlc2l6ZSI6eyJ3aWR0aCI6NDAwfSwid2VicCI6eyJxdWFsaXR5Ijo1MH19fQ==,/sneakers/adidas/adidas-gazelle-indoor-collegiate-burgundy-arctic-fuchsia-ig4996-ka/68699?from=search
Nike Dunk Low Denim Turquoise,1200000,https://d5ibtax54de3q.cloudfront.net/eyJidWNrZXQiOiJraWNrYXZlbnVlLWFzc2V0cyIsImtleSI6InByb2R1Y3RzLzExMjQzMC8yMWE2YWE5OGM3ZGIzOTNjYmYyM2U1MDkxNDE1ODkxNC5wbmciLCJlZGl0cyI6eyJyZXNpemUiOnsid2lkdGgiOjQwMH0sIndlYnAiOnsicXVhbGl0eSI6NTB9fX0=,/sneakers/nike/nike-dunk-low-denim-turquoise-dv0833-106-ka/112430?from=search
New Balance Stone Island x Tokyo Design Studio x FuelCell RC Elite V2 Red,3500000,https://d5ibtax54de3q.cloudfront.net/eyJidWNrZXQiOiJraWNrYXZlbnVlLWFzc2V0cyIsImtleSI6InByb2R1Y3RzLzk4OTk5LzgzNDRkN2Q5NTBkNDAzM2VmNGQ2NjdlNzBjZWRhN2Y2LnBuZyIsImVkaXRzIjp7InJlc2l6ZSI6eyJ3aWR0aCI6NDAwfSwid2VicCI6eyJxdWFsaXR5Ijo1MH19fQ==,/sneakers/new-balance/new-balance-stone-island-x-tokyo-design-studio-x-fuelcell-rc-elite-v2-red-msrcelst-ka/98999?from=search
Nike Air Force 1 '07 LV8 Phantom Khaki,1750000,https://d5ibtax54de3q.cloudfront.net/eyJidWNrZXQiOiJraWNrYXZlbnVlLWFzc2V0cyIsImtleSI6InByb2R1Y3RzLzczNTUzL2EzMmM4NzYyNWJkOWZhMzJkMTk0ZmYzNGQyNDExZGU5LnBuZyIsImVkaXRzIjp7InJlc2l6ZSI6eyJ3aWR0aCI6NDAwfSwid2VicCI6eyJxdWFsaXR5Ijo1MH19fQ==,/sneakers/nike/nike-air-force-1-07-lv8-phantom-khaki-fb8877-001-ka/73553?from=search
Puma Palermo Special Pink Delight Green,1250000,https://d5ibtax54de3q.cloudfront.net/eyJidWNrZXQiOiJraWNrYXZlbnVlLWFzc2V0cyIsImtleSI6InByb2R1Y3RzLzEwNzIyOC9kNWNmMzMyN2RlYzUzZGNhNmIxY2Y3MmQ5ZGFlODI1MS5wbmciLCJlZGl0cyI6eyJyZXNpemUiOnsid2lkdGgiOjQwMH0sIndlYnAiOnsicXVhbGl0eSI6NTB9fX0=,/sneakers/puma/puma-palermo-special-pink-delight-green-397549-01-ka/107228?from=search
Hoka One One Kaha 2 Low GORE-TEX 'Summer Song Harbor Mist',3280000,https://d5ibtax54de3q.cloudfront.net/eyJidWNrZXQiOiJraWNrYXZlbnVlLWFzc2V0cyIsImtleSI6InByb2R1Y3RzLzk3NDA5L2EyOWJlOWU2N2EzZDliYmE5N2YwOTk0ZDFjNzhjN2YzLnBuZyIsImVkaXRzIjp7InJlc2l6ZSI6eyJ3aWR0aCI6NDAwfSwid2VicCI6eyJxdWFsaXR5Ijo1MH19fQ==,/sneakers/hoka/hoka-one-one-kaha-2-low-gore-tex-summer-song-harbor-mist-1123191-sshm-ka/97409?from=search
Adidas Campus 80's Song for the Mute Bliss,2520000,https://d5ibtax54de3q.cloudfront.net/eyJidWNrZXQiOiJraWNrYXZlbnVlLWFzc2V0cyIsImtleSI6InByb2R1Y3RzLzc0MDMwLzEyZGRhNzNmNTcyZjNlZjY2NmJmNDZhNzc5MDI0NTgzLnBuZyIsImVkaXRzIjp7InJlc2l6ZSI6eyJ3aWR0aCI6NDAwfSwid2VicCI6eyJxdWFsaXR5Ijo1MH19fQ==,/sneakers/adidas/adidas-campus-80s-song-for-the-mute-bliss-id4818-ka/74030?from=search
On Running On The Roger Pro White Acai,3360000,https://d5ibtax54de3q.cloudfront.net/eyJidWNrZXQiOiJraWNrYXZlbnVlLWFzc2V0cyIsImtleSI6InByb2R1Y3RzLzEwNTI5MC81ZDExZGI5NGM1YTdiNjJhOWJlNWU1MWFjNDE0ZjI1Yi5wbmciLCJlZGl0cyI6eyJyZXNpemUiOnsid2lkdGgiOjQwMH0sIndlYnAiOnsicXVhbGl0eSI6NTB9fX0=,/sneakers/on-running/on-running-on-the-roger-pro-white-acai-4898028-ka/105290?from=search
Cloudtilt Lime Ivory (Women's),3590000,https://d5ibtax54de3q.cloudfront.net/eyJidWNrZXQiOiJraWNrYXZlbnVlLWFzc2V0cyIsImtleSI6InByb2R1Y3RzLzEwOTM2Ni9mNDIzZDk2ZWI5NmE0OWQ2Y2M1YzMwODA3YjRhMTE4Yy5wbmciLCJlZGl0cyI6eyJyZXNpemUiOnsid2lkdGgiOjQwMH0sIndlYnAiOnsicXVhbGl0eSI6NTB9fX0=,/sneakers/on-running/cloudtilt-lime-ivory-w-3we10052348-ka/109366?from=search
Adidas Campus 00's Black Carbon,1820000,https://d5ibtax54de3q.cloudfront.net/eyJidWNrZXQiOiJraWNrYXZlbnVlLWFzc2V0cyIsImtleSI6InByb2R1Y3RzLzc0MjU0L2IyZTdjOWQyNTliMmY0OWJhNWFhZGI2ZjU3MGIxZDIzLnBuZyIsImVkaXRzIjp7InJlc2l6ZSI6eyJ3aWR0aCI6NDAwfSwid2VicCI6eyJxdWFsaXR5Ijo1MH19fQ==,/sneakers/adidas/adidas-campus-00s-black-carbon-id2064-ka/74254?from=search
Air Jordan 6 Retro Olympic Midnight Navy (2024),2210000,https://d5ibtax54de3q.cloudfront.net/eyJidWNrZXQiOiJraWNrYXZlbnVlLWFzc2V0cyIsImtleSI6InByb2R1Y3RzLzEwNzk1MS8wOTdmN2NkMzNmNzgwNTE1YzA4NjU1ZDM3ZWU0ZmMyOC5wbmciLCJlZGl0cyI6eyJyZXNpemUiOnsid2lkdGgiOjQwMH0sIndlYnAiOnsicXVhbGl0eSI6NTB9fX0=,/sneakers/air-jordan/air-jordan-6-retro-olympic-midnight-navy-2024-ct8529-164-ka/107951?from=search
Anta Shock Wave 5 Pro Heterochromia,2440000,https://d5ibtax54de3q.cloudfront.net/eyJidWNrZXQiOiJraWNrYXZlbnVlLWFzc2V0cyIsImtleSI6InByb2R1Y3RzLzEwOTU3NC9jN2ExMWJmMDUwNTA4ZTdiODE0Mzk1MjY2NWJhMWRiNy5wbmciLCJlZGl0cyI6eyJyZXNpemUiOnsid2lkdGgiOjQwMH0sIndlYnAiOnsicXVhbGl0eSI6NTB9fX0=,/sneakers/anta/anta-shock-wave-5-pro-heterochromia-112411111-1-ka/109574?from=search
New Balance 610 Phantom Blacktop,1710000,https://d5ibtax54de3q.cloudfront.net/eyJidWNrZXQiOiJraWNrYXZlbnVlLWFzc2V0cyIsImtleSI6InByb2R1Y3RzLzk4NTM1LzdiMTQzNjM1N2RkZmIyNzgyMzExNjIzNTRiZGNjYjM5LnBuZyIsImVkaXRzIjp7InJlc2l6ZSI6eyJ3aWR0aCI6NDAwfSwid2VicCI6eyJxdWFsaXR5Ijo1MH19fQ==,/sneakers/new-balance/new-balance-610-phantom-blacktop-ml610tp-ka/98535?from=search
New Balance 650 White Dark Grey,1240000,https://d5ibtax54de3q.cloudfront.net/eyJidWNrZXQiOiJraWNrYXZlbnVlLWFzc2V0cyIsImtleSI6InByb2R1Y3RzLzk4MDgxL2NjM2FiNzdjNTliYzdkNzNhNWIzMjY4Yjk5YzI2M2FmLnBuZyIsImVkaXRzIjp7InJlc2l6ZSI6eyJ3aWR0aCI6NDAwfSwid2VicCI6eyJxdWFsaXR5Ijo1MH19fQ==,/sneakers/new-balance/new-balance-650-white-dark-grey-bb650rwe-ka/98081?from=search
ASICS Magic Speed 3 White Sunrise Red,1990000,https://d5ibtax54de3q.cloudfront.net/eyJidWNrZXQiOiJraWNrYXZlbnVlLWFzc2V0cyIsImtleSI6InByb2R1Y3RzLzEwMTk0MS80ZjZmNDdiZDBiZTUyM2RlMjkxN2YwOTYwN2ExMTNkYi5wbmciLCJlZGl0cyI6eyJyZXNpemUiOnsid2lkdGgiOjQwMH0sIndlYnAiOnsicXVhbGl0eSI6NTB9fX0=,/sneakers/asics/asics-magic-speed-3-white-sunrise-red-1011b848-100-ka-2/101941?from=search
Adidas Fear of God Athletics '86 Lo Clay,2570000,https://d5ibtax54de3q.cloudfront.net/eyJidWNrZXQiOiJraWNrYXZlbnVlLWFzc2V0cyIsImtleSI6InByb2R1Y3RzLzc4NDA5L2QwMmVmMjM0YTkwNTQzOTkwMDE3OWE0NjIxZGU2YTYzLnBuZyIsImVkaXRzIjp7InJlc2l6ZSI6eyJ3aWR0aCI6NDAwfSwid2VicCI6eyJxdWFsaXR5Ijo1MH19fQ==,/sneakers/adidas/adidas-fear-of-god-athletics-86-lo-clay-ie6213-ka/78409?from=search
Nike Metcon 9 University Red,2290000,https://d5ibtax54de3q.cloudfront.net/eyJidWNrZXQiOiJraWNrYXZlbnVlLWFzc2V0cyIsImtleSI6InByb2R1Y3RzLzg0NDY1Lzg5MzZiZjNjOWU5YWE0ZThjOGZkMTk5ZDJkY2IzNjI2LnBuZyIsImVkaXRzIjp7InJlc2l6ZSI6eyJ3aWR0aCI6NDAwfSwid2VicCI6eyJxdWFsaXR5Ijo1MH19fQ==,/sneakers/nike/nike-metcon-9-university-red-dz2617-600-ka/84465?from=search
Li-Ning Yushuai 15 White Black Red,1140000,https://d5ibtax54de3q.cloudfront.net/eyJidWNrZXQiOiJraWNrYXZlbnVlLWFzc2V0cyIsImtleSI6InByb2R1Y3RzLzEwMzAxNC8zZmQzYmFkOGE5ZTI1NTg4Njk5MTM2MDVjYzlhZjQwYy5wbmciLCJlZGl0cyI6eyJyZXNpemUiOnsid2lkdGgiOjQwMH0sIndlYnAiOnsicXVhbGl0eSI6NTB9fX0=,/sneakers/li-ning/li-ning-yushuai-15-white-black-red-abar043-10-ka-2/103014?from=search
Adidas Superstar SST Clear Brown,2010000,https://d5ibtax54de3q.cloudfront.net/eyJidWNrZXQiOiJraWNrYXZlbnVlLWFzc2V0cyIsImtleSI6InByb2R1Y3RzLzcyMTA0LzZmMjM4MmUxOWVhMzNiNDVmYjlmN2UyYWE1NzIxNzRkLnBuZyIsImVkaXRzIjp7InJlc2l6ZSI6eyJ3aWR0aCI6NDAwfSwid2VicCI6eyJxdWFsaXR5Ijo1MH19fQ==,/sneakers/adidas/adidas-superstar-sst-clear-brown-fz6540-ka/72104?from=search
Nike Giannis Immortality 3 EP 'Fossil Stone Desert Berry',1190000,https://d5ibtax54de3q.cloudfront.net/eyJidWNrZXQiOiJraWNrYXZlbnVlLWFzc2V0cyIsImtleSI6InByb2R1Y3RzLzgxOTk3Lzg1NGQzNDhlZWYzZmIzMjUzZDU4NDAzNTQyMGIxNzZlLnBuZyIsImVkaXRzIjp7InJlc2l6ZSI6eyJ3aWR0aCI6NDAwfSwid2VicCI6eyJxdWFsaXR5Ijo1MH19fQ==,/sneakers/nike/nike-giannis-immortality-3-ep-fossil-stone-desert-berry-dz7534-200-ka/81997?from=search
New Balance 990v1 MiUSA Navy,3550000,https://d5ibtax54de3q.cloudfront.net/eyJidWNrZXQiOiJraWNrYXZlbnVlLWFzc2V0cyIsImtleSI6InByb2R1Y3RzLzY5MTk5LzllNmQyZTRmMTRmY2UyZjdhMmQ5NmZkMTQ5OWI1MmUyLnBuZyIsImVkaXRzIjp7InJlc2l6ZSI6eyJ3aWR0aCI6NDAwfSwid2VicCI6eyJxdWFsaXR5Ijo1MH19fQ==,/sneakers/new-balance/new-balance-990v1-miusa-navy-m990nv1-ka/69199?from=search
Nike Book 1 Premium Hike,2050000,https://d5ibtax54de3q.cloudfront.net/eyJidWNrZXQiOiJraWNrYXZlbnVlLWFzc2V0cyIsImtleSI6InByb2R1Y3RzLzEwMzQyNS9iNjVhYjAzMzQxZjBiMjJiZmRhMDE5NmIwNWNjOTA2Mi5wbmciLCJlZGl0cyI6eyJyZXNpemUiOnsid2lkdGgiOjQwMH0sIndlYnAiOnsicXVhbGl0eSI6NTB9fX0=,/sneakers/nike/nike-book-1-premium-hike-hf6236-002-ka/103425?from=search
Adidas Atmos x Gazelle 85 Patchwork,1880000,https://d5ibtax54de3q.cloudfront.net/eyJidWNrZXQiOiJraWNrYXZlbnVlLWFzc2V0cyIsImtleSI6InByb2R1Y3RzLzEwNDA0OS84MzdmMzNjOTY5MmE1NDYxMGM2MzgzOTI0M2E3MWNkNi5wbmciLCJlZGl0cyI6eyJyZXNpemUiOnsid2lkdGgiOjQwMH0sIndlYnAiOnsicXVhbGl0eSI6NTB9fX0=,/sneakers/adidas/adidas-atmos-x-gazelle-85-patchwork-ii0002-ka/104049?from=search
Adidas Handball Spezial Wonder Clay,1950000,https://d5ibtax54de3q.cloudfront.net/eyJidWNrZXQiOiJraWNrYXZlbnVlLWFzc2V0cyIsImtleSI6InByb2R1Y3RzLzEwNDA4MS9iNWRiYmRiYTE0Yzk0Nzk3MTMxOWU2NGQwZDcwYjc1OC5wbmciLCJlZGl0cyI6eyJyZXNpemUiOnsid2lkdGgiOjQwMH0sIndlYnAiOnsicXVhbGl0eSI6NTB9fX0=,/sneakers/adidas/adidas-handball-spezial-wonder-clay-ig6275-ka/104081?from=search
Adidas Dropset 3 Lucid Pink Cobalt Blue,1780000,https://d5ibtax54de3q.cloudfront.net/eyJidWNrZXQiOiJraWNrYXZlbnVlLWFzc2V0cyIsImtleSI6InByb2R1Y3RzLzEwNzMzMi84MmUzODAwYTdiZmMyZTAzZmVjODBiMWEwZTE4MTc5Ny5wbmciLCJlZGl0cyI6eyJyZXNpemUiOnsid2lkdGgiOjQwMH0sIndlYnAiOnsicXVhbGl0eSI6NTB9fX0=,/sneakers/adidas/adidas-dropset-3-lucid-pink-cobalt-blue-ji2074-ka/107332?from=search
ASICS Gel Kayano 12.1 X Ronnie Fieg Cream Pure Aqua,4240000,https://d5ibtax54de3q.cloudfront.net/eyJidWNrZXQiOiJraWNrYXZlbnVlLWFzc2V0cyIsImtleSI6InByb2R1Y3RzLzEwNzk4NS9mYzRlYzliMTg5MDY1NzNlZTMzMzQ5NDE1NDU1YWE2Mi5wbmciLCJlZGl0cyI6eyJyZXNpemUiOnsid2lkdGgiOjQwMH0sIndlYnAiOnsicXVhbGl0eSI6NTB9fX0=,/sneakers/asics/asics-gel-kayano-121-x-ronnie-fieg-cream-pure-aqua-1203a555-100-ka/107985?from=search
Nike ReactX Infinity Run 4 Gore Tex Black White,1730000,https://d5ibtax54de3q.cloudfront.net/eyJidWNrZXQiOiJraWNrYXZlbnVlLWFzc2V0cyIsImtleSI6InByb2R1Y3RzLzg1MzE4LzFhN2RlMWM5YWNmZmU4NjhmOWZjY2U4YTVkZDQ1MThjLnBuZyIsImVkaXRzIjp7InJlc2l6ZSI6eyJ3aWR0aCI6NDAwfSwid2VicCI6eyJxdWFsaXR5Ijo1MH19fQ==,/sneakers/nike/nike-reactx-infinity-run-4-gore-tex-black-white-fb2204-001-ka-2/85318?from=search
ASICS Gel-Nimbus 26 Paris,2150000,/static/media/kick_avenue_empty_image.cf172573.png,/sneakers/asics/asics-gel-nimbus-26-paris-1011b928-750-ka/115648?from=search
New Balance 550 Syracuse,970000,https://d5ibtax54de3q.cloudfront.net/eyJidWNrZXQiOiJraWNrYXZlbnVlLWFzc2V0cyIsImtleSI6InByb2R1Y3RzLzI2MTkxL2M0MjVlOTdhMDJkNTVkYjI5YTI5NDA2ZGRiOTNmYWFiLnBuZyIsImVkaXRzIjp7InJlc2l6ZSI6eyJ3aWR0aCI6NDAwfSwid2VicCI6eyJxdWFsaXR5Ijo1MH19fQ==,/sneakers/new-balance/new-balance-550-syracuse-bb550hg1-ka-2/26191?from=search
Adidas Superstar Mule Putty Grey,820000,https://d5ibtax54de3q.cloudfront.net/eyJidWNrZXQiOiJraWNrYXZlbnVlLWFzc2V0cyIsImtleSI6InByb2R1Y3RzLzEwNDk4MS82ZDE0NTZkZTA2MTRjNGNhNTc3OGRhZmIxYTI5YjY2MS5wbmciLCJlZGl0cyI6eyJyZXNpemUiOnsid2lkdGgiOjQwMH0sIndlYnAiOnsicXVhbGl0eSI6NTB9fX0=,/sneakers/adidas/adidas-superstar-mule-putty-grey-ie0757-ka/104981?from=search
Nike ACG Air Exploraid White University Red,1270000,https://d5ibtax54de3q.cloudfront.net/eyJidWNrZXQiOiJraWNrYXZlbnVlLWFzc2V0cyIsImtleSI6InByb2R1Y3RzLzEwNjEwNy8wMzlmY2I5OTBmZTkyYTc1ZmUxOWUyM2IxZWQ5MDNjZi5wbmciLCJlZGl0cyI6eyJyZXNpemUiOnsid2lkdGgiOjQwMH0sIndlYnAiOnsicXVhbGl0eSI6NTB9fX0=,/sneakers/nike/nike-acg-air-exploraid-white-university-red-fj1920-101-ka/106107?from=search
Li-Ning Wade Fission 8 Latte,1620000,https://d5ibtax54de3q.cloudfront.net/eyJidWNrZXQiOiJraWNrYXZlbnVlLWFzc2V0cyIsImtleSI6InByb2R1Y3RzLzEwMjgxMS8wMTI5NjMxZWZlNmE0ZmQ3OTk1MTZmOTYxNzI1YjdlYy5wbmciLCJlZGl0cyI6eyJyZXNpemUiOnsid2lkdGgiOjQwMH0sIndlYnAiOnsicXVhbGl0eSI6NTB9fX0=,/sneakers/li-ning/li-ning-wade-fission-8-latte-abpt029-7-ka-2/102811?from=search
ASICS Novablast 4 TR Red Snapper,2300000,/static/media/kick_avenue_empty_image.cf172573.png,/sneakers/asics/asics-novablast-4-tr-red-snapper-1011b850-300-ka/115676?from=search
Air Jordan Legacy 312 Low Black Sail University Red,3310000,https://d5ibtax54de3q.cloudfront.net/eyJidWNrZXQiOiJraWNrYXZlbnVlLWFzc2V0cyIsImtleSI6InByb2R1Y3RzLzExMTYxNC9lZDdkOTU2MjNhZTc3NzBiYzEyZTI4ZGU0YWI3YWFmOC5wbmciLCJlZGl0cyI6eyJyZXNpemUiOnsid2lkdGgiOjQwMH0sIndlYnAiOnsicXVhbGl0eSI6NTB9fX0=,/sneakers/air-jordan/air-jordan-legacy-312-low-black-sail-university-red-hj9029-010-ka/111614?from=search
Adidas Copa Mundial Spezial F.C. FG Black White Red,6070000,https://d5ibtax54de3q.cloudfront.net/eyJidWNrZXQiOiJraWNrYXZlbnVlLWFzc2V0cyIsImtleSI6InByb2R1Y3RzLzExMzExMC8xMWE0OGY5YThjN2FiMjU3MDNmZjQ2MDIzODllOGY3Ni5wbmciLCJlZGl0cyI6eyJyZXNpemUiOnsid2lkdGgiOjQwMH0sIndlYnAiOnsicXVhbGl0eSI6NTB9fX0=,/sneakers/adidas/adidas-copa-mundial-spezial-fc-fg-black-white-red-ie9096-ka/113110?from=search
Adidas Dingyun Zhang Kouza Black,7170000,https://d5ibtax54de3q.cloudfront.net/eyJidWNrZXQiOiJraWNrYXZlbnVlLWFzc2V0cyIsImtleSI6InByb2R1Y3RzLzExMzgyNy8xMWUxNjMxMTY4NzM5NzBkMTdlYTBhNDQyMjE4YThhYi5wbmciLCJlZGl0cyI6eyJyZXNpemUiOnsid2lkdGgiOjQwMH0sIndlYnAiOnsicXVhbGl0eSI6NTB9fX0=,/sneakers/adidas/adidas-dingyun-zhang-kouza-black-if9705-ka/113827?from=search
New Balance 1906R Black Magnet,3650000,/static/media/kick_avenue_empty_image.cf172573.png,/sneakers/new-balance/new-balance-1906r-black-magnet-m1906rnb-ka/116360?from=search
ASICS Gel-Kayano 14 Unaffected Infinite Wonders Pack Black Silver,4000000,https://d5ibtax54de3q.cloudfront.net/eyJidWNrZXQiOiJraWNrYXZlbnVlLWFzc2V0cyIsImtleSI6InByb2R1Y3RzLzc1OTQ3L2U5YWE0NmNhOGExNDdlYzhmMjkxMTk0Mjg2OWE0MGZiLnBuZyIsImVkaXRzIjp7InJlc2l6ZSI6eyJ3aWR0aCI6NDAwfSwid2VicCI6eyJxdWFsaXR5Ijo1MH19fQ==,/sneakers/asics/asics-gel-kayano-14-unaffected-infinite-wonders-pack-black-silver-1201a922-020-ka/75947?from=search
Adidas Harden Vol. 7 Basketball Semi Impact Orange,2050000,https://d5ibtax54de3q.cloudfront.net/eyJidWNrZXQiOiJraWNrYXZlbnVlLWFzc2V0cyIsImtleSI6InByb2R1Y3RzLzc0ODc5LzFhZGM0OTY3YTQyOTA1YTY5NjRkMWEzMjg0MmE0ZTczLnBuZyIsImVkaXRzIjp7InJlc2l6ZSI6eyJ3aWR0aCI6NDAwfSwid2VicCI6eyJxdWFsaXR5Ijo1MH19fQ==,/sneakers/adidas/adidas-harden-vol-7-basketball-semi-impact-orange-ig1623-ka/74879?from=search
New Balance 550 Navy Blue,3040000,https://d5ibtax54de3q.cloudfront.net/eyJidWNrZXQiOiJraWNrYXZlbnVlLWFzc2V0cyIsImtleSI6InByb2R1Y3RzLzI0NjU5L2M5YTlmMjM2ZjFjODM3MWNlZTJlYTIyODBkZDc2NzBhLnBuZyIsImVkaXRzIjp7InJlc2l6ZSI6eyJ3aWR0aCI6NDAwfSwid2VicCI6eyJxdWFsaXR5Ijo1MH19fQ==,/sneakers/new-balance/new-balance-550-navy-blue-bb550wa1-ka-2/24659?from=search
Nike Sue Bird x Kyrie Low 4 EP Keep Sue Fresh,4490000,https://d5ibtax54de3q.cloudfront.net/eyJidWNrZXQiOiJraWNrYXZlbnVlLWFzc2V0cyIsImtleSI6InByb2R1Y3RzLzg1NjgwL2Y3NzQ0MDc5YTVmMjRlMjE0Y2Q5ZTI4OGQyMWQxMjQ3LnBuZyIsImVkaXRzIjp7InJlc2l6ZSI6eyJ3aWR0aCI6NDAwfSwid2VicCI6eyJxdWFsaXR5Ijo1MH19fQ==,/sneakers/nike/nike-sue-bird-x-kyrie-low-4-ep-keep-sue-fresh-cz0105-300-ka-2/85680?from=search
Air Jordan FACETASM x Jordan Why Not Zer0.4 Premium PF Smokey Blue,1420000,https://d5ibtax54de3q.cloudfront.net/eyJidWNrZXQiOiJraWNrYXZlbnVlLWFzc2V0cyIsImtleSI6InByb2R1Y3RzLzkzNDg0LzU1MmMzNTc1N2I1Y2JmMGFjMjVlNzUwNzI4YWU5YTY5LnBuZyIsImVkaXRzIjp7InJlc2l6ZSI6eyJ3aWR0aCI6NDAwfSwid2VicCI6eyJxdWFsaXR5Ijo1MH19fQ==,/sneakers/air-jordan/air-jordan-facetasm-x-jordan-why-not-zer04-premium-pf-smokey-blue-dc3664-001-ka/93484?from=search
Air Jordan 3 Retro Wings White Fire Red,4590000,https://d5ibtax54de3q.cloudfront.net/eyJidWNrZXQiOiJraWNrYXZlbnVlLWFzc2V0cyIsImtleSI6InByb2R1Y3RzLzEwODY5NC80NmZlNTA0MGZmODdkNjg0YTdkNTk5YmI0ZDZmMTBhZi5wbmciLCJlZGl0cyI6eyJyZXNpemUiOnsid2lkdGgiOjQwMH0sIndlYnAiOnsicXVhbGl0eSI6NTB9fX0=,/sneakers/air-jordan/air-jordan-3-retro-wings-white-fire-red-hm6993-100-ka/108694?from=search
Nike Air Zoom GT Hustle 3 EP Blueprint Pack,1850000,https://d5ibtax54de3q.cloudfront.net/eyJidWNrZXQiOiJraWNrYXZlbnVlLWFzc2V0cyIsImtleSI6InByb2R1Y3RzLzExMTMyNC9jNTE5MTc2Nzg4MTI1ZmFiYTZjOGE2N2E1Yjc1NGRhNy5wbmciLCJlZGl0cyI6eyJyZXNpemUiOnsid2lkdGgiOjQwMH0sIndlYnAiOnsicXVhbGl0eSI6NTB9fX0=,/sneakers/nike/nike-air-zoom-gt-hustle-3-ep-blueprint-pack-hj9084-100-ka/111324?from=search
Nike Zoom Mercurial Vapor 15 Elite AG Pro 'Ready Pack',2950000,https://d5ibtax54de3q.cloudfront.net/eyJidWNrZXQiOiJraWNrYXZlbnVlLWFzc2V0cyIsImtleSI6InByb2R1Y3RzLzg2MzYxL2YyNGExMjU5M2NlYWQ0NGFjM2E1ZmU3M2YzMTM3ZDNlLnBuZyIsImVkaXRzIjp7InJlc2l6ZSI6eyJ3aWR0aCI6NDAwfSwid2VicCI6eyJxdWFsaXR5Ijo1MH19fQ==,/sneakers/nike/nike-zoom-mercurial-vapor-15-elite-ag-pro-ready-pack-dj5167-600-ka/86361?from=search
Nike Air Max 96 II Blackened Blue,1940000,https://d5ibtax54de3q.cloudfront.net/eyJidWNrZXQiOiJraWNrYXZlbnVlLWFzc2V0cyIsImtleSI6InByb2R1Y3RzLzgxMjYyLzExMGQzYTk0MTVmZjhmZjA0ZDVlMGY0NGI4NzRiYTJhLnBuZyIsImVkaXRzIjp7InJlc2l6ZSI6eyJ3aWR0aCI6NDAwfSwid2VicCI6eyJxdWFsaXR5Ijo1MH19fQ==,/sneakers/nike/nike-air-max-96-ii-blackened-blue-dj6742-400-ka/81262?from=search
Reebok The Answer IV OG NBA Finals White Black,2690000,https://d5ibtax54de3q.cloudfront.net/eyJidWNrZXQiOiJraWNrYXZlbnVlLWFzc2V0cyIsImtleSI6InByb2R1Y3RzLzM1NTkxLzk0NDQ3MzdlZDAwNjkxNzhjZGUzY2FhYzFkYWFmM2JmLnBuZyIsImVkaXRzIjp7InJlc2l6ZSI6eyJ3aWR0aCI6NDAwfSwid2VicCI6eyJxdWFsaXR5Ijo1MH19fQ==,/sneakers/reebok/reebok-the-answer-iv-og-nba-finals-white-black-fy9691-ka/35591?from=search
Adidas SL 72 RS Core Black Shadow Olive Night Indigo,1200000,https://d5ibtax54de3q.cloudfront.net/eyJidWNrZXQiOiJraWNrYXZlbnVlLWFzc2V0cyIsImtleSI6InByb2R1Y3RzLzExMzMzMi8yZGMwYzUxODdjYmZlNDIxZWE4M2IzMTgxODA0MzY0Yi5wbmciLCJlZGl0cyI6eyJyZXNpemUiOnsid2lkdGgiOjQwMH0sIndlYnAiOnsicXVhbGl0eSI6NTB9fX0=,/sneakers/adidas/adidas-sl-72-rs-core-black-shadow-olive-night-indigo-ig4646-ka/113332?from=search
ASICS Gel-Kayano 14 Field Trip Recordings Fern Green,2160000,https://d5ibtax54de3q.cloudfront.net/eyJidWNrZXQiOiJraWNrYXZlbnVlLWFzc2V0cyIsImtleSI6InByb2R1Y3RzLzEwNjk4MC8zYjc5MDZlOGYxYTQyMGRkY2Y2NjQyMTQ3NTc5OTVhNC5wbmciLCJlZGl0cyI6eyJyZXNpemUiOnsid2lkdGgiOjQwMH0sIndlYnAiOnsicXVhbGl0eSI6NTB9fX0=,/sneakers/asics/asics-gel-kayano-14-field-trip-recordings-fern-green-1203a620-300-ka/106980?from=search
Nike Kyrie Flytrap 4 EP Black Cool Grey,950000,https://d5ibtax54de3q.cloudfront.net/eyJidWNrZXQiOiJraWNrYXZlbnVlLWFzc2V0cyIsImtleSI6InByb2R1Y3RzLzgyNDAwLzc5NzBiODVkYTVlYzRkYzdjYWZmZjIxNzRkZmUzN2YxLnBuZyIsImVkaXRzIjp7InJlc2l6ZSI6eyJ3aWR0aCI6NDAwfSwid2VicCI6eyJxdWFsaXR5Ijo1MH19fQ==,/sneakers/nike/nike-kyrie-flytrap-4-ep-black-cool-grey-ct1973-006-ka-2/82400?from=search
Nike ACG Air Deschutz Black Iron Grey,800000,https://d5ibtax54de3q.cloudfront.net/eyJidWNrZXQiOiJraWNrYXZlbnVlLWFzc2V0cyIsImtleSI6InByb2R1Y3RzLzc1NzU3Lzg0YTMyMzJiYTY0ZWJjOGY0MDMwMDdhY2QyNTUwNmQzLnBuZyIsImVkaXRzIjp7InJlc2l6ZSI6eyJ3aWR0aCI6NDAwfSwid2VicCI6eyJxdWFsaXR5Ijo1MH19fQ==,/sneakers/nike/nike-acg-air-deschutz-black-iron-grey-dc9093-001-ka/75757?from=search
Air Jordan 1 Low Emerald Toe,12690000,https://d5ibtax54de3q.cloudfront.net/eyJidWNrZXQiOiJraWNrYXZlbnVlLWFzc2V0cyIsImtleSI6InByb2R1Y3RzLzkyMzA5LzBlM2UzNDQyN2JlZWIxY2ZiM2Q5OTg5YzE0ZDczYmI0LnBuZyIsImVkaXRzIjp7InJlc2l6ZSI6eyJ3aWR0aCI6NDAwfSwid2VicCI6eyJxdWFsaXR5Ijo1MH19fQ==,/sneakers/air-jordan/air-jordan-1-low-emerald-toe-553558-117-ka/92309?from=search
Nike Kyrie Low 4 Kay Yow,8040000,https://d5ibtax54de3q.cloudfront.net/eyJidWNrZXQiOiJraWNrYXZlbnVlLWFzc2V0cyIsImtleSI6InByb2R1Y3RzLzgyNTE3L2IxNmEzMDNjNGQyOWE1ODk2MDc4YTE1YTYxNWRjMmI2LnBuZyIsImVkaXRzIjp7InJlc2l6ZSI6eyJ3aWR0aCI6NDAwfSwid2VicCI6eyJxdWFsaXR5Ijo1MH19fQ==,/sneakers/nike/nike-kyrie-low-4-kay-yow-dv2496-600-ka-2/82517?from=search
Hoka One One Zinal Evening Primrose Blue Coral,3010000,https://d5ibtax54de3q.cloudfront.net/eyJidWNrZXQiOiJraWNrYXZlbnVlLWFzc2V0cyIsImtleSI6InByb2R1Y3RzLzk4MDIxLzU5NmZjN2I0YzQ3MDhkYzkzNGFkOWVkZTIxOWNmMjQ0LnBuZyIsImVkaXRzIjp7InJlc2l6ZSI6eyJ3aWR0aCI6NDAwfSwid2VicCI6eyJxdWFsaXR5Ijo1MH19fQ==,/sneakers/hoka/hoka-one-one-zinal-evening-primrose-blue-coral-1119399-epbc-ka/98021?from=search
Nike Zoom Mercurial Vapor 15 Pro FG Lucent Pack,3570000,https://d5ibtax54de3q.cloudfront.net/eyJidWNrZXQiOiJraWNrYXZlbnVlLWFzc2V0cyIsImtleSI6InByb2R1Y3RzLzg2Mzg5LzU3NmZkMmU1MmM2OGE5ZGU5ZTFjOTRhMDZmYWY4ZGMxLnBuZyIsImVkaXRzIjp7InJlc2l6ZSI6eyJ3aWR0aCI6NDAwfSwid2VicCI6eyJxdWFsaXR5Ijo1MH19fQ==,/sneakers/nike/nike-zoom-mercurial-vapor-15-pro-fg-lucent-pack-dj5603-780-ka/86389?from=search
ASICS Gel Kayano 5 360 Black Blue Cream,2680000,https://d5ibtax54de3q.cloudfront.net/eyJidWNrZXQiOiJraWNrYXZlbnVlLWFzc2V0cyIsImtleSI6InByb2R1Y3RzLzEwMDQ1NC8wOTAxNjNkYjM1M2FkODdjYzNmMWFmNzE4YzhhMzIxZS5wbmciLCJlZGl0cyI6eyJyZXNpemUiOnsid2lkdGgiOjQwMH0sIndlYnAiOnsicXVhbGl0eSI6NTB9fX0=,/sneakers/asics/asics-gel-kayano-5-360-black-blue-cream-1021a160-001-ka-2/100454?from=search
Nike Dunk Low SE Phantom Khaki,1550000,https://d5ibtax54de3q.cloudfront.net/eyJidWNrZXQiOiJraWNrYXZlbnVlLWFzc2V0cyIsImtleSI6InByb2R1Y3RzLzEwMzYyMy82NzBlZTU1OTEwNzhmNzdkOGVmZTYxNTg1YTUzZmQ0ZS5wbmciLCJlZGl0cyI6eyJyZXNpemUiOnsid2lkdGgiOjQwMH0sIndlYnAiOnsicXVhbGl0eSI6NTB9fX0=,/sneakers/nike/nike-dunk-low-se-phantom-khaki-fj4188-001-ka/103623?from=search
Onitsuka Tiger Mexico 66 Monument Blue,2470000,https://d5ibtax54de3q.cloudfront.net/eyJidWNrZXQiOiJraWNrYXZlbnVlLWFzc2V0cyIsImtleSI6InByb2R1Y3RzLzEwODI5My8xNjJkZWYzODhhYmM4YzAzNmE1NGEwZDkyODFiZGRiNC5wbmciLCJlZGl0cyI6eyJyZXNpemUiOnsid2lkdGgiOjQwMH0sIndlYnAiOnsicXVhbGl0eSI6NTB9fX0=,/sneakers/onitsuka-tiger/onitsuka-tiger-mexico-66-monument-blue-1183a201-406-ka/108293?from=search
Adidas Rivalry Low X Marvel Deadpool,2850000,https://d5ibtax54de3q.cloudfront.net/eyJidWNrZXQiOiJraWNrYXZlbnVlLWFzc2V0cyIsImtleSI6InByb2R1Y3RzLzEwOTkxMS81YzY0YzlmZGE3MDI5ZDIxN2M2ZjQ5NWFkMzZjZGUzMS5wbmciLCJlZGl0cyI6eyJyZXNpemUiOnsid2lkdGgiOjQwMH0sIndlYnAiOnsicXVhbGl0eSI6NTB9fX0=,/sneakers/adidas/adidas-rivalry-low-x-marvel-deadpool-jr2480-ka/109911?from=search
Li-Ning Wade All City 11 Sunrise,1320000,https://d5ibtax54de3q.cloudfront.net/eyJidWNrZXQiOiJraWNrYXZlbnVlLWFzc2V0cyIsImtleSI6InByb2R1Y3RzLzEwMjc3MC81MTQ5M2Y5N2QzYjMzMjI4NWZiODg4Y2Y5ZDUzOGNmYS5wbmciLCJlZGl0cyI6eyJyZXNpemUiOnsid2lkdGgiOjQwMH0sIndlYnAiOnsicXVhbGl0eSI6NTB9fX0=,/sneakers/li-ning/li-ning-wade-all-city-11-sunrise-abat005-6-ka/102770?from=search
Compass Vintage Hi Maroon,900000,https://d5ibtax54de3q.cloudfront.net/eyJidWNrZXQiOiJraWNrYXZlbnVlLWFzc2V0cyIsImtleSI6InByb2R1Y3RzLzcxNDMvNDE5ZTBiMTEtNWZiOC00YmJkLWFmOTMtMGQ2ZGI3ZDhjMjBjLnBuZyIsImVkaXRzIjp7InJlc2l6ZSI6eyJ3aWR0aCI6NDAwfSwid2VicCI6eyJxdWFsaXR5Ijo1MH19fQ==,/sneakers/compass/compass-vintage-hi-maroon-kg-129-ka/7143?from=search
Reebok Zig Kinetica Concept Type 1 Grey,3230000,https://d5ibtax54de3q.cloudfront.net/eyJidWNrZXQiOiJraWNrYXZlbnVlLWFzc2V0cyIsImtleSI6InByb2R1Y3RzLzgwMjkvMWYwZDY3NWMtZmM1MS00OGIxLTg3ZmYtYzkyZDYxODQ0YWYwLnBuZyIsImVkaXRzIjp7InJlc2l6ZSI6eyJ3aWR0aCI6NDAwfSwid2VicCI6eyJxdWFsaXR5Ijo1MH19fQ==,/sneakers/reebok/reebok-zig-kinetica-concept-type-1-grey-eg8915-ka/8029?from=search
Reebok Npc Uk Chalk Pap White,750000,/static/media/kick_avenue_empty_image.cf172573.png,/sneakers/reebok/reebok-npc-uk-chalk-pap-white-eh1023-ka/15024?from=search
Converse One Star Low Sunbaked Field Surplus,1460000,https://d5ibtax54de3q.cloudfront.net/eyJidWNrZXQiOiJraWNrYXZlbnVlLWFzc2V0cyIsImtleSI6InByb2R1Y3RzLzE4NDUxLzA2NmE0NWE3MGEzYjc2OTZmODcwYzg2ZDUzY2NiNjMxLnBuZyIsImVkaXRzIjp7InJlc2l6ZSI6eyJ3aWR0aCI6NDAwfSwid2VicCI6eyJxdWFsaXR5Ijo1MH19fQ==,/sneakers/converse/converse-one-star-low-sunbaked-field-surplus-164361c-ka/18451?from=search
Asics Gel-Kenun Lyte Dark Forest,800000,https://d5ibtax54de3q.cloudfront.net/eyJidWNrZXQiOiJraWNrYXZlbnVlLWFzc2V0cyIsImtleSI6InByb2R1Y3RzLzIxMzUzL2EzYWIxZTlkYzhhMmY1MzU4OWY5NzgzNjI4YjljMDYyLnBuZyIsImVkaXRzIjp7InJlc2l6ZSI6eyJ3aWR0aCI6NDAwfSwid2VicCI6eyJxdWFsaXR5Ijo1MH19fQ==,/sneakers/asics/asics-gel-kenun-lyte-dark-forest-t83on-8281-ka/21353?from=search
Nike Air Zoom Alphafly Next% Mango,2720000,https://d5ibtax54de3q.cloudfront.net/eyJidWNrZXQiOiJraWNrYXZlbnVlLWFzc2V0cyIsImtleSI6InByb2R1Y3RzLzE0MzYzLzgyZWFmZGE2MzRhZjlkNzNiOGQwODE2YjU4MzRjNDk2LnBuZyIsImVkaXRzIjp7InJlc2l6ZSI6eyJ3aWR0aCI6NDAwfSwid2VicCI6eyJxdWFsaXR5Ijo1MH19fQ==,/sneakers/nike/nike-air-zoom-alphafly-next-mango-ci9925-800-ka/14363?from=search
New Balance 991 Grey White,2840000,https://d5ibtax54de3q.cloudfront.net/eyJidWNrZXQiOiJraWNrYXZlbnVlLWFzc2V0cyIsImtleSI6InByb2R1Y3RzLzE3OTIwLzNlNjNkNGMwNDIzNmNlNjAzZGYxNjIzODM0OWEzNTY2LnBuZyIsImVkaXRzIjp7InJlc2l6ZSI6eyJ3aWR0aCI6NDAwfSwid2VicCI6eyJxdWFsaXR5Ijo1MH19fQ==,/sneakers/new-balance/new-balance-991-grey-white-m991gl-ka-2/17920?from=search
Saucony Shadow 6000 Food Fight,3760000,https://d5ibtax54de3q.cloudfront.net/eyJidWNrZXQiOiJraWNrYXZlbnVlLWFzc2V0cyIsImtleSI6InByb2R1Y3RzLzM0MDIxLzdiN2Y1MjE0Nzc2MzU5NGM5OGNiMjdkMWY5ZTIyYmU2LnBuZyIsImVkaXRzIjp7InJlc2l6ZSI6eyJ3aWR0aCI6NDAwfSwid2VicCI6eyJxdWFsaXR5Ijo1MH19fQ==,/sneakers/saucony/saucony-shadow-6000-food-fight-s70595-1-ka/34021?from=search
New Balance 550 Triple Black (Grade School),1400000,https://d5ibtax54de3q.cloudfront.net/eyJidWNrZXQiOiJraWNrYXZlbnVlLWFzc2V0cyIsImtleSI6InByb2R1Y3RzLzM3NzQ3LzlhOTNmNTJhZjQxOGM2MTE5Nzg1NDZjM2M4OTg5ZGExLnBuZyIsImVkaXRzIjp7InJlc2l6ZSI6eyJ3aWR0aCI6NDAwfSwid2VicCI6eyJxdWFsaXR5Ijo1MH19fQ==,/sneakers/new-balance/new-balance-550-triple-black-gs-gsb550bb-ka-2/37747?from=search
Reebok LX2200 Chalk,880000,https://d5ibtax54de3q.cloudfront.net/eyJidWNrZXQiOiJraWNrYXZlbnVlLWFzc2V0cyIsImtleSI6InByb2R1Y3RzLzM3NDQ4LzU4NDU0NDcxM2JmMGFhM2MwODA1MWYwNDVhNGM5YjYzLnBuZyIsImVkaXRzIjp7InJlc2l6ZSI6eyJ3aWR0aCI6NDAwfSwid2VicCI6eyJxdWFsaXR5Ijo1MH19fQ==,/sneakers/reebok/reebok-lx2200-chalk-gw3804-ka/37448?from=search
New Balance 990v3 MiUSA Grey Blue Olive,3200000,https://d5ibtax54de3q.cloudfront.net/eyJidWNrZXQiOiJraWNrYXZlbnVlLWFzc2V0cyIsImtleSI6InByb2R1Y3RzLzM5Mzk2LzQ2NzVhNGI1MTA2MDI2ZDBiZWVlNWFkM2YwNjZiZWRlLnBuZyIsImVkaXRzIjp7InJlc2l6ZSI6eyJ3aWR0aCI6NDAwfSwid2VicCI6eyJxdWFsaXR5Ijo1MH19fQ==,/sneakers/new-balance/new-balance-990v3-miusa-grey-blue-olive-m990to3-ka-2/39396?from=search
Puma Suede Bloc Black Paradise Pink,800000,https://d5ibtax54de3q.cloudfront.net/eyJidWNrZXQiOiJraWNrYXZlbnVlLWFzc2V0cyIsImtleSI6InByb2R1Y3RzLzQyNDI0LzcyY2Q3NGVlNTQxNzc1ZjdmMjBiMDg5NjA4YTJkZTkwLmpwZWciLCJlZGl0cyI6eyJyZXNpemUiOnsid2lkdGgiOjQwMH0sIndlYnAiOnsicXVhbGl0eSI6NTB9fX0=,/sneakers/puma/puma-suede-bloc-black-paradise-pink-381183-03-ka/42424?from=search
New Balance 990v3 MiUSA YCMC,5700000,https://d5ibtax54de3q.cloudfront.net/eyJidWNrZXQiOiJraWNrYXZlbnVlLWFzc2V0cyIsImtleSI6InByb2R1Y3RzLzU3NTU5LzgzYmIwZTgzODVkODNjZmRkNWEzZDhhZmRjYzcwZjc1LmpwZWciLCJlZGl0cyI6eyJyZXNpemUiOnsid2lkdGgiOjQwMH0sIndlYnAiOnsicXVhbGl0eSI6NTB9fX0=,/sneakers/new-balance/new-balance-990v3-miusa-ycmc-m990s03-ka/57559?from=search
Reebok Classic Leather White Pure Grey,500000,https://d5ibtax54de3q.cloudfront.net/eyJidWNrZXQiOiJraWNrYXZlbnVlLWFzc2V0cyIsImtleSI6InByb2R1Y3RzLzU5MTgxLzBjYTAwZGZhMzNjNjg0YzRlNGI0YWZlODQzNGUxMDc3LmpwZWciLCJlZGl0cyI6eyJyZXNpemUiOnsid2lkdGgiOjQwMH0sIndlYnAiOnsicXVhbGl0eSI6NTB9fX0=,/sneakers/rebook-(x)/reebok-classic-leather-white-pure-grey-gy3558-ka/59181?from=search
New Balance 327 Black White Gum (Women's),2160000,https://d5ibtax54de3q.cloudfront.net/eyJidWNrZXQiOiJraWNrYXZlbnVlLWFzc2V0cyIsImtleSI6InByb2R1Y3RzLzY0Nzc4LzVmMTZmOGIxOTE2YTNhNTZjNzA0ODgxODNjYmIzMGM2LmpwZWciLCJlZGl0cyI6eyJyZXNpemUiOnsid2lkdGgiOjQwMH0sIndlYnAiOnsicXVhbGl0eSI6NTB9fX0=,/sneakers/new-balance/new-balance-327-black-white-gum-w-ws327bl-ka/64778?from=search
Vans x Justin Henry Wayvee Coffee Bean,1060000,https://d5ibtax54de3q.cloudfront.net/eyJidWNrZXQiOiJraWNrYXZlbnVlLWFzc2V0cyIsImtleSI6InByb2R1Y3RzLzcyMjY4LzE2YjRjOTNlNmQ4ZGFhZDc1MjFlMmQ0YTRkYThjOWY2LnBuZyIsImVkaXRzIjp7InJlc2l6ZSI6eyJ3aWR0aCI6NDAwfSwid2VicCI6eyJxdWFsaXR5Ijo1MH19fQ==,/sneakers/vans/vans-x-justin-henry-wayvee-coffee-bean-vn0a5jia8ac-ka/72268?from=search
New Balance 990v2 9'X Series Pack,3450000,https://d5ibtax54de3q.cloudfront.net/eyJidWNrZXQiOiJraWNrYXZlbnVlLWFzc2V0cyIsImtleSI6InByb2R1Y3RzLzY5MjE2LzMzY2FlMGZmMzY2Y2Q2ZDFlNTVmYjIyM2VmYTVhYjFjLnBuZyIsImVkaXRzIjp7InJlc2l6ZSI6eyJ3aWR0aCI6NDAwfSwid2VicCI6eyJxdWFsaXR5Ijo1MH19fQ==,/sneakers/new-balance/new-balance-990v2-9x-series-pack-m990n2-ka/69216?from=search
Nike ACG Air Nasu Blue Void,1840000,https://d5ibtax54de3q.cloudfront.net/eyJidWNrZXQiOiJraWNrYXZlbnVlLWFzc2V0cyIsImtleSI6InByb2R1Y3RzLzc1OTAyL2Q1ZjFhMGNjNmFhYTYzNDJmMzc2YTQ1ODMxM2E5MGQ1LnBuZyIsImVkaXRzIjp7InJlc2l6ZSI6eyJ3aWR0aCI6NDAwfSwid2VicCI6eyJxdWFsaXR5Ijo1MH19fQ==,/sneakers/nike/nike-acg-air-nasu-blue-void-cv1779-400-ka/75902?from=search
Nike ACG Moc 3 Cargo Khaki,1220000,https://d5ibtax54de3q.cloudfront.net/eyJidWNrZXQiOiJraWNrYXZlbnVlLWFzc2V0cyIsImtleSI6InByb2R1Y3RzLzc1OTEyLzkxYzYyMjk1OTljNTBhZmQ5MTk4MzNmNzNkYTI1ODI0LnBuZyIsImVkaXRzIjp7InJlc2l6ZSI6eyJ3aWR0aCI6NDAwfSwid2VicCI6eyJxdWFsaXR5Ijo1MH19fQ==,/sneakers/nike/nike-acg-moc-3-cargo-khaki-ci9367-301-ka/75912?from=search
Nike ACG Angels Rest Black,1980000,https://d5ibtax54de3q.cloudfront.net/eyJidWNrZXQiOiJraWNrYXZlbnVlLWFzc2V0cyIsImtleSI6InByb2R1Y3RzLzc1OTE4L2QxOWE5NjUwZDAwNTk4ZmU3NDAwN2EwNTFlMWJjYWRkLnBuZyIsImVkaXRzIjp7InJlc2l6ZSI6eyJ3aWR0aCI6NDAwfSwid2VicCI6eyJxdWFsaXR5Ijo1MH19fQ==,/sneakers/nike/nike-acg-angels-rest-black-aq0917-001-ka/75918?from=search
ASICS Gel-NYC Birch Pure Silver,3250000,https://d5ibtax54de3q.cloudfront.net/eyJidWNrZXQiOiJraWNrYXZlbnVlLWFzc2V0cyIsImtleSI6InByb2R1Y3RzLzcxNjAxLzRkNmExMDFiNmQyYjU2YTY1MDZhOWI2MzlmMmFhMDJkLnBuZyIsImVkaXRzIjp7InJlc2l6ZSI6eyJ3aWR0aCI6NDAwfSwid2VicCI6eyJxdWFsaXR5Ijo1MH19fQ==,/sneakers/asics/asics-gel-nyc-birch-pure-silver-1201a971-200-ka/71601?from=search
Nike Precision 6 Black Iron Grey,1010000,https://d5ibtax54de3q.cloudfront.net/eyJidWNrZXQiOiJraWNrYXZlbnVlLWFzc2V0cyIsImtleSI6InByb2R1Y3RzLzg1MDk4L2U1MGMzZDhmMzg4MzA4MDZkODNlNjY2MTljOTk3ZGFmLnBuZyIsImVkaXRzIjp7InJlc2l6ZSI6eyJ3aWR0aCI6NDAwfSwid2VicCI6eyJxdWFsaXR5Ijo1MH19fQ==,/sneakers/nike/nike-precision-6-black-iron-grey-dd9535-003-ka/85098?from=search
Nike Blazer Low Chinese New Year (2019),1900000,https://d5ibtax54de3q.cloudfront.net/eyJidWNrZXQiOiJraWNrYXZlbnVlLWFzc2V0cyIsImtleSI6InByb2R1Y3RzLzgxOTQzLzJkZjk1YjAwOGMzYzMxNmJjMWM0NjVmZmRkNWM1M2FlLnBuZyIsImVkaXRzIjp7InJlc2l6ZSI6eyJ3aWR0aCI6NDAwfSwid2VicCI6eyJxdWFsaXR5Ijo1MH19fQ==,/sneakers/nike/nike-blazer-low-chinese-new-year-2019-bv6651-011-ka/81943?from=search
Nike KD 5 Trey LX Smoke Grey,1000000,https://d5ibtax54de3q.cloudfront.net/eyJidWNrZXQiOiJraWNrYXZlbnVlLWFzc2V0cyIsImtleSI6InByb2R1Y3RzLzczNDQ4LzhkYjRkMTlkMzUzMTRkNjhiNDM1MTBjZDM1ZjNlNjkwLnBuZyIsImVkaXRzIjp7InJlc2l6ZSI6eyJ3aWR0aCI6NDAwfSwid2VicCI6eyJxdWFsaXR5Ijo1MH19fQ==,/sneakers/nike/nike-kd-5-trey-lx-smoke-grey-cw3402-003-ka/73448?from=search
Nike Hyperdunk 2015 Think Pink,6260000,https://d5ibtax54de3q.cloudfront.net/eyJidWNrZXQiOiJraWNrYXZlbnVlLWFzc2V0cyIsImtleSI6InByb2R1Y3RzLzgyMDMwL2VkMjg0MTIyMWI5MjU0NDJkMjY2YzIxOGViMzhhNzdmLnBuZyIsImVkaXRzIjp7InJlc2l6ZSI6eyJ3aWR0aCI6NDAwfSwid2VicCI6eyJxdWFsaXR5Ijo1MH19fQ==,/sneakers/nike/nike-hyperdunk-2015-think-pink-749561-606-ka-2/82030?from=search
Nike SB Blazer Vintage Black Sail,1250000,https://d5ibtax54de3q.cloudfront.net/eyJidWNrZXQiOiJraWNrYXZlbnVlLWFzc2V0cyIsImtleSI6InByb2R1Y3RzLzc3ODM5L2QxOWIzODE3MWQ1MDk0MDAwNDBiYzM4YTIyZjQxMjc3LnBuZyIsImVkaXRzIjp7InJlc2l6ZSI6eyJ3aWR0aCI6NDAwfSwid2VicCI6eyJxdWFsaXR5Ijo1MH19fQ==,/sneakers/nike/nike-sb-blazer-vintage-black-sail-638261-014-ka/77839?from=search
Adidas Dame Certified Extply 2.0 Red,750000,https://d5ibtax54de3q.cloudfront.net/eyJidWNrZXQiOiJraWNrYXZlbnVlLWFzc2V0cyIsImtleSI6InByb2R1Y3RzLzcwNzM5LzBlMjQ5Mjk2ZmE2NzQ1YzdmMDNiN2Y2MjQ0OWUwNmI1LnBuZyIsImVkaXRzIjp7InJlc2l6ZSI6eyJ3aWR0aCI6NDAwfSwid2VicCI6eyJxdWFsaXR5Ijo1MH19fQ==,/sneakers/adidas/adidas-dame-certified-extply-20-red-gy2443-ka/70739?from=search
Nike Air Force 1 Low Supreme Year Of The Dragon,5080000,https://d5ibtax54de3q.cloudfront.net/eyJidWNrZXQiOiJraWNrYXZlbnVlLWFzc2V0cyIsImtleSI6InByb2R1Y3RzLzgwMjc1L2Y1NGYxZWJlNjQwYzRiZGI5ZDk5NThhYWE2MTYyNjE1LnBuZyIsImVkaXRzIjp7InJlc2l6ZSI6eyJ3aWR0aCI6NDAwfSwid2VicCI6eyJxdWFsaXR5Ijo1MH19fQ==,/sneakers/nike/nike-air-force-1-low-supreme-year-of-the-dragon-516630-090-ka/80275?from=search
Nike Tiempo Legend 9 Club IC Blast Pack,1130000,https://d5ibtax54de3q.cloudfront.net/eyJidWNrZXQiOiJraWNrYXZlbnVlLWFzc2V0cyIsImtleSI6InByb2R1Y3RzLzg1ODIwL2MxNzk4M2JmNGQ5ODc4NmFjMTVkNGIzNzRlYzQzMDkwLnBuZyIsImVkaXRzIjp7InJlc2l6ZSI6eyJ3aWR0aCI6NDAwfSwid2VicCI6eyJxdWFsaXR5Ijo1MH19fQ==,/sneakers/nike/nike-tiempo-legend-9-club-ic-blast-pack-da1189-146-ka-2/85820?from=search
Nike Air Force 1 Low Crest Logo Black,14870000,https://d5ibtax54de3q.cloudfront.net/eyJidWNrZXQiOiJraWNrYXZlbnVlLWFzc2V0cyIsImtleSI6InByb2R1Y3RzLzc5OTI1L2JlNTk1ZjI0YTk4M2MzYjFhZGI5OGM2ZDYyYzNmNjZlLnBuZyIsImVkaXRzIjp7InJlc2l6ZSI6eyJ3aWR0aCI6NDAwfSwid2VicCI6eyJxdWFsaXR5Ijo1MH19fQ==,/sneakers/nike/nike-air-force-1-low-crest-logo-black-aa4083-014-ka/79925?from=search
Nike Kyrie 8 Circle Of Life,1920000,https://d5ibtax54de3q.cloudfront.net/eyJidWNrZXQiOiJraWNrYXZlbnVlLWFzc2V0cyIsImtleSI6InByb2R1Y3RzLzgyMzYzL2VkZWQ1ZDBhMzAwYjczMTg3NmUzYmNiZjQyNGZlYWE3LnBuZyIsImVkaXRzIjp7InJlc2l6ZSI6eyJ3aWR0aCI6NDAwfSwid2VicCI6eyJxdWFsaXR5Ijo1MH19fQ==,/sneakers/nike/nike-kyrie-8-circle-of-life-dq3840-001-ka-2/82363?from=search
Nike SB Dunk Low Dark Grey Black Gum,9840000,https://d5ibtax54de3q.cloudfront.net/eyJidWNrZXQiOiJraWNrYXZlbnVlLWFzc2V0cyIsImtleSI6InByb2R1Y3RzLzg5NzcwL2VlYzViYmVmOTU5YWIwYTczZmMzNjhjMTU0NGFhMWNiLnBuZyIsImVkaXRzIjp7InJlc2l6ZSI6eyJ3aWR0aCI6NDAwfSwid2VicCI6eyJxdWFsaXR5Ijo1MH19fQ==,/sneakers/nike/nike-sb-dunk-low-dark-grey-black-gum-ar0778-001-ka/89770?from=search
Nike Sb Alleyoop White,870000,https://d5ibtax54de3q.cloudfront.net/eyJidWNrZXQiOiJraWNrYXZlbnVlLWFzc2V0cyIsImtleSI6InByb2R1Y3RzLzg5NjA5LzU1M2ZlNWRhZjA3MjIyYWNjMzRkYTlmY2Q5MTZiMjk0LnBuZyIsImVkaXRzIjp7InJlc2l6ZSI6eyJ3aWR0aCI6NDAwfSwid2VicCI6eyJxdWFsaXR5Ijo1MH19fQ==,/sneakers/nike/nike-sb-alleyoop-white-cj0882-100-ka/89609?from=search
Nike KD 3 Redskins,4420000,https://d5ibtax54de3q.cloudfront.net/eyJidWNrZXQiOiJraWNrYXZlbnVlLWFzc2V0cyIsImtleSI6InByb2R1Y3RzLzg0MTI3LzllM2Q3OWRhNzU0NmJiMGNlZDdlOTk2MWFkNDlmZGE3LnBuZyIsImVkaXRzIjp7InJlc2l6ZSI6eyJ3aWR0aCI6NDAwfSwid2VicCI6eyJxdWFsaXR5Ijo1MH19fQ==,/sneakers/nike/nike-kd-3-redskins-417279-600-ka/84127?from=search
Nike Air Force 1 CMFT Lux Low Ostrich Red,9520000,https://d5ibtax54de3q.cloudfront.net/eyJidWNrZXQiOiJraWNrYXZlbnVlLWFzc2V0cyIsImtleSI6InByb2R1Y3RzLzc5NDk2LzUzOWY1MTlkOGMzM2RlODk1MGE0MzgyNDJjNDcxOTM3LnBuZyIsImVkaXRzIjp7InJlc2l6ZSI6eyJ3aWR0aCI6NDAwfSwid2VicCI6eyJxdWFsaXR5Ijo1MH19fQ==,/sneakers/nike/nike-air-force-1-cmft-lux-low-ostrich-red-805300-600-ka/79496?from=search
Adidas Ultra 4D Marvel Spider-Man 2,3460000,https://d5ibtax54de3q.cloudfront.net/eyJidWNrZXQiOiJraWNrYXZlbnVlLWFzc2V0cyIsImtleSI6InByb2R1Y3RzLzc3ODk5Lzg3YWE3OTdjMjM4NTExMDc3ZTFjMmIzYTc0NDcyMmI2LnBuZyIsImVkaXRzIjp7InJlc2l6ZSI6eyJ3aWR0aCI6NDAwfSwid2VicCI6eyJxdWFsaXR5Ijo1MH19fQ==,/sneakers/adidas/adidas-ultra-4d-marvel-spider-man-2-ig5337-ka/77899?from=search
Nike SF Air Force 1 Mid Black Gum,2640000,https://d5ibtax54de3q.cloudfront.net/eyJidWNrZXQiOiJraWNrYXZlbnVlLWFzc2V0cyIsImtleSI6InByb2R1Y3RzLzg1NTEyL2VkMDg2MWFhZTc1NGFiNTJkM2IzN2U0ZGUwMWU0ZTE5LnBuZyIsImVkaXRzIjp7InJlc2l6ZSI6eyJ3aWR0aCI6NDAwfSwid2VicCI6eyJxdWFsaXR5Ijo1MH19fQ==,/sneakers/nike/nike-sf-air-force-1-mid-black-gum-917753-003-ka/85512?from=search
Puma LaMelo Ball MB.01 Lo Disco,4300000,https://d5ibtax54de3q.cloudfront.net/eyJidWNrZXQiOiJraWNrYXZlbnVlLWFzc2V0cyIsImtleSI6InByb2R1Y3RzLzc5NDI5LzFiNjkzY2UxYzcyYTg0MjIyZTExNTQ3MTMxZTk2MWNkLnBuZyIsImVkaXRzIjp7InJlc2l6ZSI6eyJ3aWR0aCI6NDAwfSwid2VicCI6eyJxdWFsaXR5Ijo1MH19fQ==,/sneakers/puma/puma-lamelo-ball-mb01-lo-disco-378030-01-ka/79429?from=search
Nike Adapt Huarache 'Hyper Jade' Korea Charger,4440000,https://d5ibtax54de3q.cloudfront.net/eyJidWNrZXQiOiJraWNrYXZlbnVlLWFzc2V0cyIsImtleSI6InByb2R1Y3RzLzc5NDU1LzdiMTVmNmMxYzUxZGVjOTRjNTFlYzU5ZTkyMmM4Mzc5LnBuZyIsImVkaXRzIjp7InJlc2l6ZSI6eyJ3aWR0aCI6NDAwfSwid2VicCI6eyJxdWFsaXR5Ijo1MH19fQ==,/sneakers/nike/nike-adapt-huarache-hyper-jade-korea-charger-ct4142-300-ka/79455?from=search
Nike Air Max Triax LE Black Suede,1990000,https://d5ibtax54de3q.cloudfront.net/eyJidWNrZXQiOiJraWNrYXZlbnVlLWFzc2V0cyIsImtleSI6InByb2R1Y3RzLzgxNzEzLzI2Mzc1OWVmZTJkZTViNzhhOTljOTdlM2NlYjRlNjIzLnBuZyIsImVkaXRzIjp7InJlc2l6ZSI6eyJ3aWR0aCI6NDAwfSwid2VicCI6eyJxdWFsaXR5Ijo1MH19fQ==,/sneakers/nike/nike-air-max-triax-le-black-suede-ct0171-002-ka/81713?from=search
Nike LeBron Soldier 14 EP White University Red,2070000,https://d5ibtax54de3q.cloudfront.net/eyJidWNrZXQiOiJraWNrYXZlbnVlLWFzc2V0cyIsImtleSI6InByb2R1Y3RzLzgzOTkzLzIzYTllY2NjN2U1ZjNkM2QyYzk5Y2UxZmFjZTliNWFiLnBuZyIsImVkaXRzIjp7InJlc2l6ZSI6eyJ3aWR0aCI6NDAwfSwid2VicCI6eyJxdWFsaXR5Ijo1MH19fQ==,/sneakers/nike/nike-lebron-soldier-14-ep-white-university-red-ck6047-100-ka/83993?from=search
Nike Air Max 95 Sequoia Dusty Sage,3340000,https://d5ibtax54de3q.cloudfront.net/eyJidWNrZXQiOiJraWNrYXZlbnVlLWFzc2V0cyIsImtleSI6InByb2R1Y3RzLzgwODgxLzJjZjMxMTg4N2I3MWQ0MmJhMzYyZDI3M2ZlZjg4M2JmLnBuZyIsImVkaXRzIjp7InJlc2l6ZSI6eyJ3aWR0aCI6NDAwfSwid2VicCI6eyJxdWFsaXR5Ijo1MH19fQ==,/sneakers/nike/nike-air-max-95-sequoia-dusty-sage-dq9468-355-ka/80881?from=search
Nike Air Max Bolt Triple Black,2090000,https://d5ibtax54de3q.cloudfront.net/eyJidWNrZXQiOiJraWNrYXZlbnVlLWFzc2V0cyIsImtleSI6InByb2R1Y3RzLzgxMzc5LzE5ZTAxNWQwYmVhMWU4ZGRhNzQwMzRkNWY2NGNkOTBkLnBuZyIsImVkaXRzIjp7InJlc2l6ZSI6eyJ3aWR0aCI6NDAwfSwid2VicCI6eyJxdWFsaXR5Ijo1MH19fQ==,/sneakers/nike/nike-air-max-bolt-triple-black-cu4151-001-ka/81379?from=search
Nike Vapor Edge Elite 360 Flyknit Black Dark Smoke Grey,2970000,https://d5ibtax54de3q.cloudfront.net/eyJidWNrZXQiOiJraWNrYXZlbnVlLWFzc2V0cyIsImtleSI6InByb2R1Y3RzLzg1OTA4LzM0NDFlYzBkOTZiNGFmMzhlMGY1MWI2M2VjMTQ2NGIzLnBuZyIsImVkaXRzIjp7InJlc2l6ZSI6eyJ3aWR0aCI6NDAwfSwid2VicCI6eyJxdWFsaXR5Ijo1MH19fQ==,/sneakers/nike/nike-vapor-edge-elite-360-flyknit-black-dark-smoke-grey-dq3558-001-ka-2/85908?from=search
Nike BRSB Blue Ribbon Sports,1240000,https://d5ibtax54de3q.cloudfront.net/eyJidWNrZXQiOiJraWNrYXZlbnVlLWFzc2V0cyIsImtleSI6InByb2R1Y3RzLzgzNDQ1LzlmY2NlOWNiODQ2ODM4MWIyMzFhNmFhM2QyMjg4MGViLnBuZyIsImVkaXRzIjp7InJlc2l6ZSI6eyJ3aWR0aCI6NDAwfSwid2VicCI6eyJxdWFsaXR5Ijo1MH19fQ==,/sneakers/nike/nike-brsb-blue-ribbon-sports-dh9227-100-ka/83445?from=search
New Balance 2002R J. Crew Rain Cloud,1710000,https://d5ibtax54de3q.cloudfront.net/eyJidWNrZXQiOiJraWNrYXZlbnVlLWFzc2V0cyIsImtleSI6InByb2R1Y3RzLzU2NzE5Lzk3OTVlZGY1MmRhNGIwZWZhNTk2OGQ4YjVhODlkNGRlLmpwZWciLCJlZGl0cyI6eyJyZXNpemUiOnsid2lkdGgiOjQwMH0sIndlYnAiOnsicXVhbGl0eSI6NTB9fX0=,/sneakers/new-balance/new-balance-2002r-j-crew-rain-cloud-m2002rwb-ka/56719?from=search
Converse Chuck Taylor All Star CX Flyease Heel Pop,840000,https://d5ibtax54de3q.cloudfront.net/eyJidWNrZXQiOiJraWNrYXZlbnVlLWFzc2V0cyIsImtleSI6InByb2R1Y3RzLzU2NzM5L2I0ZDhmNGE3NzRmNTU4NGJhODE1NjczY2NjOGYzMjcxLmpwZWciLCJlZGl0cyI6eyJyZXNpemUiOnsid2lkdGgiOjQwMH0sIndlYnAiOnsicXVhbGl0eSI6NTB9fX0=,/sneakers/converse/converse-chuck-taylor-all-star-cx-flyease-heel-pop-a00814c-ka/56739?from=search
Vans Old Skool Anaheim Factory 36 DX Multicolor,770000,https://d5ibtax54de3q.cloudfront.net/eyJidWNrZXQiOiJraWNrYXZlbnVlLWFzc2V0cyIsImtleSI6InByb2R1Y3RzLzU3NzE4LzdhMGIwM2ZlMWU1YWYxMmM4NGVhOTQ4ZTlkMjQ2MzgzLmpwZWciLCJlZGl0cyI6eyJyZXNpemUiOnsid2lkdGgiOjQwMH0sIndlYnAiOnsicXVhbGl0eSI6NTB9fX0=,/sneakers/vans/vans-old-skool-anaheim-factory-36-dx-multicolor-vn0a54f396m-ka/57718?from=search
Nike ACG Moc Premium Croc Cacao Wow,1050000,https://d5ibtax54de3q.cloudfront.net/eyJidWNrZXQiOiJraWNrYXZlbnVlLWFzc2V0cyIsImtleSI6InByb2R1Y3RzLzc4MTA1LzFmYzA0ZDc1MGZiYTljY2YyZjkyZDY0MGY4ZWE4YTBkLnBuZyIsImVkaXRzIjp7InJlc2l6ZSI6eyJ3aWR0aCI6NDAwfSwid2VicCI6eyJxdWFsaXR5Ijo1MH19fQ==,/sneakers/nike/nike-acg-moc-premium-croc-cacao-wow-fv4571-200-ka/78105?from=search
Converse Chuck Taylor All Star Vintage White,880000,https://d5ibtax54de3q.cloudfront.net/eyJidWNrZXQiOiJraWNrYXZlbnVlLWFzc2V0cyIsImtleSI6InByb2R1Y3RzLzcyMjkwL2NhOWI0YTVhMTI1MDRlMTUxZjJjZjMxZjA4YTg2ZWM0LnBuZyIsImVkaXRzIjp7InJlc2l6ZSI6eyJ3aWR0aCI6NDAwfSwid2VicCI6eyJxdWFsaXR5Ijo1MH19fQ==,/sneakers/converse/converse-chuck-taylor-all-star-vintage-white-a06104c-ka/72290?from=search
New Balance Two WXY v3 Twilight,1450000,https://d5ibtax54de3q.cloudfront.net/eyJidWNrZXQiOiJraWNrYXZlbnVlLWFzc2V0cyIsImtleSI6InByb2R1Y3RzLzY5OTU0LzdiY2JjZGUxMjU0ZDM0MjlhYWRmZmU3N2JkYzJhZThiLnBuZyIsImVkaXRzIjp7InJlc2l6ZSI6eyJ3aWR0aCI6NDAwfSwid2VicCI6eyJxdWFsaXR5Ijo1MH19fQ==,/sneakers/new-balance/new-balance-two-wxy-v3-bb2wyoc3-ka/69954?from=search
Nike Invincible 3 White Blue Tint (Women's),1700000,https://d5ibtax54de3q.cloudfront.net/eyJidWNrZXQiOiJraWNrYXZlbnVlLWFzc2V0cyIsImtleSI6InByb2R1Y3RzLzc1MzY3LzQ1ZjgwZTBhODg5ZGI0YzY5MzBjNDI1Y2Y1NmY3MTI5LnBuZyIsImVkaXRzIjp7InJlc2l6ZSI6eyJ3aWR0aCI6NDAwfSwid2VicCI6eyJxdWFsaXR5Ijo1MH19fQ==,/sneakers/nike/nike-invincible-3-white-blue-tint-w-dr2660-100-ka/75367?from=search
Nike Air Force 1 Low Gore Tex Dynamic Yellow,4930000,https://d5ibtax54de3q.cloudfront.net/eyJidWNrZXQiOiJraWNrYXZlbnVlLWFzc2V0cyIsImtleSI6InByb2R1Y3RzLzc5OTcyLzY2MTc1OGM5Y2FkM2E3MWIwOTE1N2Q5NWZmOTIxOGI3LnBuZyIsImVkaXRzIjp7InJlc2l6ZSI6eyJ3aWR0aCI6NDAwfSwid2VicCI6eyJxdWFsaXR5Ijo1MH19fQ==,/sneakers/nike/nike-air-force-1-low-gore-tex-dynamic-yellow-ck2630-701-ka-2/79972?from=search
Nike Air Force 1 Low Hufquake,13110000,https://d5ibtax54de3q.cloudfront.net/eyJidWNrZXQiOiJraWNrYXZlbnVlLWFzc2V0cyIsImtleSI6InByb2R1Y3RzLzc5OTg4L2ZkYjIzOWIwNGViMjgzY2YwNzZiOWY2NTZiYzQ0NDcwLnBuZyIsImVkaXRzIjp7InJlc2l6ZSI6eyJ3aWR0aCI6NDAwfSwid2VicCI6eyJxdWFsaXR5Ijo1MH19fQ==,/sneakers/nike/nike-air-force-1-low-hufquake-315206-301-ka/79988?from=search
New Balance 2002R Sweet Caramel,2080000,https://d5ibtax54de3q.cloudfront.net/eyJidWNrZXQiOiJraWNrYXZlbnVlLWFzc2V0cyIsImtleSI6InByb2R1Y3RzLzM3MjQwLzlhZDdjMDYwM2UxYWQ3ZThmMGI2NzExODk3ODcwNTRkLnBuZyIsImVkaXRzIjp7InJlc2l6ZSI6eyJ3aWR0aCI6NDAwfSwid2VicCI6eyJxdWFsaXR5Ijo1MH19fQ==,/sneakers/new-balance/new-balance-2002r-sweet-caramel-m2002rhm-ka-2/37240?from=search
Nike Dunk Low CL Denim,14050000,https://d5ibtax54de3q.cloudfront.net/eyJidWNrZXQiOiJraWNrYXZlbnVlLWFzc2V0cyIsImtleSI6InByb2R1Y3RzLzY1MTY5LzgyZDQ1OWFlZDk3OTg0NzQzYjI1Yjk1NDJjOGJkZTc5LmpwZWciLCJlZGl0cyI6eyJyZXNpemUiOnsid2lkdGgiOjQwMH0sIndlYnAiOnsicXVhbGl0eSI6NTB9fX0=,/sneakers/nike/nike-dunk-low-cl-denim-304714-441-ka/65169?from=search
Adidas Nizza Multicolor,950000,https://d5ibtax54de3q.cloudfront.net/eyJidWNrZXQiOiJraWNrYXZlbnVlLWFzc2V0cyIsImtleSI6InByb2R1Y3RzLzcyMTk5L2JjNDhhYWRhMmMwMjhhNmIzYTY1NTQ1MjFiOTc2ODcwLnBuZyIsImVkaXRzIjp7InJlc2l6ZSI6eyJ3aWR0aCI6NDAwfSwid2VicCI6eyJxdWFsaXR5Ijo1MH19fQ==,/sneakers/adidas/adidas-nizza-multicolor-hq6763-ka/72199?from=search
New Balance 1400 Made In USA Marblehead,5150000,https://d5ibtax54de3q.cloudfront.net/eyJidWNrZXQiOiJraWNrYXZlbnVlLWFzc2V0cyIsImtleSI6InByb2R1Y3RzLzk0NDQ5LzlkNTc3ZmY5NTQ1NjNlYjExMDE3NGEzM2I3OGEyZjM2LnBuZyIsImVkaXRzIjp7InJlc2l6ZSI6eyJ3aWR0aCI6NDAwfSwid2VicCI6eyJxdWFsaXR5Ijo1MH19fQ==,/sneakers/new-balance/new-balance-1400-made-in-usa-marblehead-m1400wa-ka/94449?from=search
Nike Air Max 1 Bronze,1500000,https://d5ibtax54de3q.cloudfront.net/eyJidWNrZXQiOiJraWNrYXZlbnVlLWFzc2V0cyIsImtleSI6InByb2R1Y3RzLzY4NjQ0L2FhYjQxOTAzYWUzODJmMTQ5N2M1MGU5Yjk4ZjgzMGYyLnBuZyIsImVkaXRzIjp7InJlc2l6ZSI6eyJ3aWR0aCI6NDAwfSwid2VicCI6eyJxdWFsaXR5Ijo1MH19fQ==,/sneakers/nike/nike-air-max-1-bronze-dz4549-110-ka/68644?from=search
ASICS EX89 White Grand Shark,1660000,https://d5ibtax54de3q.cloudfront.net/eyJidWNrZXQiOiJraWNrYXZlbnVlLWFzc2V0cyIsImtleSI6InByb2R1Y3RzLzYxMDYwLzgxOTVmYWIyNTY0NjkwODgzMzgzNjFjNGNlNTE0ZDJmLmpwZWciLCJlZGl0cyI6eyJyZXNpemUiOnsid2lkdGgiOjQwMH0sIndlYnAiOnsicXVhbGl0eSI6NTB9fX0=,/sneakers/asics/asics-ex89-white-grand-shark-1201a476-108-ka/61060?from=search
New Balance 1300 JPJ Made In Japan (2020),34430000,https://d5ibtax54de3q.cloudfront.net/eyJidWNrZXQiOiJraWNrYXZlbnVlLWFzc2V0cyIsImtleSI6InByb2R1Y3RzLzc0Mjk4LzA0ZTA5ODc2Y2ZkM2E1ZjdiZWE3NjhmNzk5ZDkxZmUwLnBuZyIsImVkaXRzIjp7InJlc2l6ZSI6eyJ3aWR0aCI6NDAwfSwid2VicCI6eyJxdWFsaXR5Ijo1MH19fQ==,/sneakers/new-balance/new-balance-1300-jpj-made-in-japan-2020-m1300jpj-ka/74298?from=search
ASICS Gel-1130 White Black,2650000,https://d5ibtax54de3q.cloudfront.net/eyJidWNrZXQiOiJraWNrYXZlbnVlLWFzc2V0cyIsImtleSI6InByb2R1Y3RzLzc5MzgwL2ZlOGM3NmMxZGYwYzU4ZTYwZDdkNGUxYTE3YTg1NmFmLnBuZyIsImVkaXRzIjp7InJlc2l6ZSI6eyJ3aWR0aCI6NDAwfSwid2VicCI6eyJxdWFsaXR5Ijo1MH19fQ==,/sneakers/asics/asics-gel-1130-white-black-1201b019-100-ka/79380?from=search
Nike Air Max 270 React Black White,1920000,https://d5ibtax54de3q.cloudfront.net/eyJidWNrZXQiOiJraWNrYXZlbnVlLWFzc2V0cyIsImtleSI6InByb2R1Y3RzLzgwNTcxLzgxODVjOGNkNzM3ODJiNDQ5ODM0Zjk0NmI0ODA3OTZiLnBuZyIsImVkaXRzIjp7InJlc2l6ZSI6eyJ3aWR0aCI6NDAwfSwid2VicCI6eyJxdWFsaXR5Ijo1MH19fQ==,/sneakers/nike/nike-air-max-270-react-black-white-dj0032-011-ka/80571?from=search
Nike Air Max 95 Atmos We Love Nike,8200000,https://d5ibtax54de3q.cloudfront.net/eyJidWNrZXQiOiJraWNrYXZlbnVlLWFzc2V0cyIsImtleSI6InByb2R1Y3RzLzgwODIwLzM5Y2I5MWY5YTQ5Y2MzMDJhNGY3ZWNiMzdjMWUwYzk5LnBuZyIsImVkaXRzIjp7InJlc2l6ZSI6eyJ3aWR0aCI6NDAwfSwid2VicCI6eyJxdWFsaXR5Ijo1MH19fQ==,/sneakers/nike/nike-air-max-95-atmos-we-love-nike-aq0925-001-ka/80820?from=search
Nike Air Max 95 Grey Fog Pink Foam,2240000,https://d5ibtax54de3q.cloudfront.net/eyJidWNrZXQiOiJraWNrYXZlbnVlLWFzc2V0cyIsImtleSI6InByb2R1Y3RzLzgwODQ0L2Q3N2E2ODNkZDJjNDExN2ZkOWM1NmZmMDI5ZDkyNGI1LnBuZyIsImVkaXRzIjp7InJlc2l6ZSI6eyJ3aWR0aCI6NDAwfSwid2VicCI6eyJxdWFsaXR5Ijo1MH19fQ==,/sneakers/nike/nike-air-max-95-grey-fog-pink-foam-dx2670-001-ka/80844?from=search
Nike Roshe Golf Tour Wide 'Summit White Black',1660000,https://d5ibtax54de3q.cloudfront.net/eyJidWNrZXQiOiJraWNrYXZlbnVlLWFzc2V0cyIsImtleSI6InByb2R1Y3RzLzg1NDM5LzdkM2NkZGZhOGE4ZjdjOTYxM2M1ODA2NTZlM2YwNGQ1LnBuZyIsImVkaXRzIjp7InJlc2l6ZSI6eyJ3aWR0aCI6NDAwfSwid2VicCI6eyJxdWFsaXR5Ijo1MH19fQ==,/sneakers/nike/nike-roshe-golf-tour-wide-summit-white-black-ar5579-100-ka/85439?from=search
Air Jordan 1 Tatum Home Team PF Green Strike,950000,https://d5ibtax54de3q.cloudfront.net/eyJidWNrZXQiOiJraWNrYXZlbnVlLWFzc2V0cyIsImtleSI6InByb2R1Y3RzLzcyNjM0LzZiYjE5YmYwOTc0MTQxMTQ4YWYzYTE0MTczMjdkMWM3LnBuZyIsImVkaXRzIjp7InJlc2l6ZSI6eyJ3aWR0aCI6NDAwfSwid2VicCI6eyJxdWFsaXR5Ijo1MH19fQ==,/sneakers/air-jordan/air-jordan-1-tatum-home-team-pf-green-strike-dz3330-108-ka/72634?from=search
Nike PG 1 Flip the Switch,4180000,https://image.goat.com/750/attachments/product_template_pictures/images/078/461/000/original/137594_00.png.png,/sneakers/nike/nike-pg-1-flip-the-switch-878627-003-ka/84778?from=search
Nike Mercurial Superfly 7 Elite Mbappe Rose FG Pink Blast,7470000,https://d5ibtax54de3q.cloudfront.net/eyJidWNrZXQiOiJraWNrYXZlbnVlLWFzc2V0cyIsImtleSI6InByb2R1Y3RzLzg5NDU0LzNhZjk4NzdhZmI5NDI5MDU0NzNkN2U5Yjc1YWVmMmM4LnBuZyIsImVkaXRzIjp7InJlc2l6ZSI6eyJ3aWR0aCI6NDAwfSwid2VicCI6eyJxdWFsaXR5Ijo1MH19fQ==,/sneakers/nike/nike-mercurial-superfly-7-elite-mbappe-rose-fg-pink-blast-db5604-611-ka/89454?from=search
On Running Cloudrunner Undyed White Flame,3180000,https://d5ibtax54de3q.cloudfront.net/eyJidWNrZXQiOiJraWNrYXZlbnVlLWFzc2V0cyIsImtleSI6InByb2R1Y3RzLzk2OTQyLzgzNWZiMGQyNjkyZjJhMjU4NmVlMDdjZDkxMWZjY2Y5LnBuZyIsImVkaXRzIjp7InJlc2l6ZSI6eyJ3aWR0aCI6NDAwfSwid2VicCI6eyJxdWFsaXR5Ijo1MH19fQ==,/sneakers/on-running/on-running-cloudrunner-undyed-white-flame-4698199-ka/96942?from=search
Nike Owaysis Sandal White Platinum (Women's),14870000,https://d5ibtax54de3q.cloudfront.net/eyJidWNrZXQiOiJraWNrYXZlbnVlLWFzc2V0cyIsImtleSI6InByb2R1Y3RzLzg2NjY5LzZiZTVjZjc5ZGFkMjc5YjUxZDc3MDA3ZTI0MDE0Mzk4LnBuZyIsImVkaXRzIjp7InJlc2l6ZSI6eyJ3aWR0aCI6NDAwfSwid2VicCI6eyJxdWFsaXR5Ijo1MH19fQ==,/sneakers/nike/nike-owaysis-sandal-white-platinum-womens-ck9283-100-ka/86669?from=search
New Balance N.HOOLYWOOD x 996,4870000,https://d5ibtax54de3q.cloudfront.net/eyJidWNrZXQiOiJraWNrYXZlbnVlLWFzc2V0cyIsImtleSI6InByb2R1Y3RzLzk5MTAyLzdlNjQ4MTQ0MTliMzJhYTBkZDYzOTA0NDliMjRhMDgxLnBuZyIsImVkaXRzIjp7InJlc2l6ZSI6eyJ3aWR0aCI6NDAwfSwid2VicCI6eyJxdWFsaXR5Ijo1MH19fQ==,/sneakers/new-balance/new-balance-nhoolywood-x-996-cm996nhb-ka/99102?from=search
Nike Zoom Mercurial Superfly 9 Academy MDS TF 'Dream Speed - Light Crimson',1020000,https://d5ibtax54de3q.cloudfront.net/eyJidWNrZXQiOiJraWNrYXZlbnVlLWFzc2V0cyIsImtleSI6InByb2R1Y3RzLzg2Mjg4L2JkYWExMjNhNjA0M2UwNzgzYzRiY2ZiYmI3NTYxZjEzLnBuZyIsImVkaXRzIjp7InJlc2l6ZSI6eyJ3aWR0aCI6NDAwfSwid2VicCI6eyJxdWFsaXR5Ijo1MH19fQ==,/sneakers/nike/nike-zoom-mercurial-superfly-9-academy-mds-tf-dream-speed-light-crimson-fd1166-600-ka/86288?from=search
Nike Free Run 2 White Light Bone (Women's),770000,https://d5ibtax54de3q.cloudfront.net/eyJidWNrZXQiOiJraWNrYXZlbnVlLWFzc2V0cyIsImtleSI6InByb2R1Y3RzLzg5MzA0LzA3OTg2NGI3MDQ2Y2U5ZTUzYzMxMmZkYTY1MTQ4YWZlLnBuZyIsImVkaXRzIjp7InJlc2l6ZSI6eyJ3aWR0aCI6NDAwfSwid2VicCI6eyJxdWFsaXR5Ijo1MH19fQ==,/sneakers/nike/nike-free-run-2-white-light-bone-womens-dm8915-101-ka/89304?from=search
Water The Plant Thunder Thunder Blue Black,2250000,https://d5ibtax54de3q.cloudfront.net/eyJidWNrZXQiOiJraWNrYXZlbnVlLWFzc2V0cyIsImtleSI6InByb2R1Y3RzLzEwNTMzMi81NTdlNTY5NDMxYWFkNDhkMDA0MmYwNjg0OWU3NTQ5MC5wbmciLCJlZGl0cyI6eyJyZXNpemUiOnsid2lkdGgiOjQwMH0sIndlYnAiOnsicXVhbGl0eSI6NTB9fX0=,/sneakers/water-the-plant/water-the-plant-thunder-thunder-blue-black-wtps1123-93-010-ka/105332?from=search
Nike Kwazi Black White,2130000,https://d5ibtax54de3q.cloudfront.net/eyJidWNrZXQiOiJraWNrYXZlbnVlLWFzc2V0cyIsImtleSI6InByb2R1Y3RzLzg0MTg0Lzc0YmUwMTg5NzFhNzA1YjlkMGEzYWUxZDI0OWU0OGYwLnBuZyIsImVkaXRzIjp7InJlc2l6ZSI6eyJ3aWR0aCI6NDAwfSwid2VicCI6eyJxdWFsaXR5Ijo1MH19fQ==,/sneakers/nike/nike-kwazi-black-white-844839-002-ka/84184?from=search
Nike Free RN 2018 Wolf Grey,650000,https://d5ibtax54de3q.cloudfront.net/eyJidWNrZXQiOiJraWNrYXZlbnVlLWFzc2V0cyIsImtleSI6InByb2R1Y3RzLzg5MjQxL2U3MzkzYWMyOGY1MGY3Y2IzMzNmNWRiYjYxODg0Y2FiLnBuZyIsImVkaXRzIjp7InJlc2l6ZSI6eyJ3aWR0aCI6NDAwfSwid2VicCI6eyJxdWFsaXR5Ijo1MH19fQ==,/sneakers/nike/nike-free-rn-2018-wolf-grey-942836-003-ka/89241?from=search
Nike Air More Uptempo Black Clear,750000,https://d5ibtax54de3q.cloudfront.net/eyJidWNrZXQiOiJraWNrYXZlbnVlLWFzc2V0cyIsImtleSI6InByb2R1Y3RzLzk2Mjg2LzAyZWUzMmM5YzVmZGQwYjZhNTViZGU1YzY2NzJkYTViLnBuZyIsImVkaXRzIjp7InJlc2l6ZSI6eyJ3aWR0aCI6NDAwfSwid2VicCI6eyJxdWFsaXR5Ijo1MH19fQ==,/sneakers/nike/nike-air-more-uptempo-black-clear-fj2707-001-ka/96286?from=search
Air Jordan Grind 2 UNC,1800000,https://d5ibtax54de3q.cloudfront.net/eyJidWNrZXQiOiJraWNrYXZlbnVlLWFzc2V0cyIsImtleSI6InByb2R1Y3RzLzkzNjQyLzdhMzE1Zjk0YzI0OGYxMDU2MjY3YjdhZjY5MmVmN2NkLnBuZyIsImVkaXRzIjp7InJlc2l6ZSI6eyJ3aWR0aCI6NDAwfSwid2VicCI6eyJxdWFsaXR5Ijo1MH19fQ==,/sneakers/air-jordan/air-jordan-grind-2-unc-at8013-401-ka/93642?from=search
Air Jordan Hydro 6 Slide BG Black,510000,https://d5ibtax54de3q.cloudfront.net/eyJidWNrZXQiOiJraWNrYXZlbnVlLWFzc2V0cyIsImtleSI6InByb2R1Y3RzLzkzNjY0LzhlNDkxMGEzYzMxZTVjNzA1OTgwMGViZDljOWIxYzAyLnBuZyIsImVkaXRzIjp7InJlc2l6ZSI6eyJ3aWR0aCI6NDAwfSwid2VicCI6eyJxdWFsaXR5Ijo1MH19fQ==,/sneakers/air-jordan/air-jordan-hydro-6-slide-bg-black-881474-011-ka/93664?from=search
Air Jordan Jumpman 2021 PF Grape,1140000,https://d5ibtax54de3q.cloudfront.net/eyJidWNrZXQiOiJraWNrYXZlbnVlLWFzc2V0cyIsImtleSI6InByb2R1Y3RzLzkzNjg1L2VhMDRiZWM1M2VlYzdjYTIzMmVkNTVhMzg4NWJjMzA5LnBuZyIsImVkaXRzIjp7InJlc2l6ZSI6eyJ3aWR0aCI6NDAwfSwid2VicCI6eyJxdWFsaXR5Ijo1MH19fQ==,/sneakers/air-jordan/air-jordan-jumpman-2021-pf-grape-cq4229-101-ka/93685?from=search
Nike Shox NZ White University Red,3910000,https://d5ibtax54de3q.cloudfront.net/eyJidWNrZXQiOiJraWNrYXZlbnVlLWFzc2V0cyIsImtleSI6InByb2R1Y3RzLzg1NTUyL2NlN2NjMDIyOGIwNmY2ZTM0ZjYxNzA2MWQwODFmMzY5LnBuZyIsImVkaXRzIjp7InJlc2l6ZSI6eyJ3aWR0aCI6NDAwfSwid2VicCI6eyJxdWFsaXR5Ijo1MH19fQ==,/sneakers/nike/nike-shox-nz-white-university-red-378341-110-ka/85552?from=search
Nike Shox R4 Triple Black,2730000,https://d5ibtax54de3q.cloudfront.net/eyJidWNrZXQiOiJraWNrYXZlbnVlLWFzc2V0cyIsImtleSI6InByb2R1Y3RzLzg1NTU3L2NmMjIyNGRmODhiMjg4NmQ0NmZjNTc1NjA1NzhkNmFkLnBuZyIsImVkaXRzIjp7InJlc2l6ZSI6eyJ3aWR0aCI6NDAwfSwid2VicCI6eyJxdWFsaXR5Ijo1MH19fQ==,/sneakers/nike/nike-shox-r4-triple-black-bv1111-001-ka/85557?from=search
Nike Force 58 SB Yellow Toe,1040000,https://d5ibtax54de3q.cloudfront.net/eyJidWNrZXQiOiJraWNrYXZlbnVlLWFzc2V0cyIsImtleSI6InByb2R1Y3RzLzg5MTU5LzdmYzI1ODRmZjRlMWU0NDEyMWZhOWRiMjEzOWI4ZmQyLnBuZyIsImVkaXRzIjp7InJlc2l6ZSI6eyJ3aWR0aCI6NDAwfSwid2VicCI6eyJxdWFsaXR5Ijo1MH19fQ==,/sneakers/nike/nike-force-58-sb-yellow-toe-dv5477-700-ka-2/89159?from=search
Nike Air VaporMax 2019 Dark Team Red University Red,4170000,https://d5ibtax54de3q.cloudfront.net/eyJidWNrZXQiOiJraWNrYXZlbnVlLWFzc2V0cyIsImtleSI6InByb2R1Y3RzLzg4NDE2Lzg0NmM2ZTY4N2M3NTc3Yjg1ODJmOGYzMWE4OGI3MGJiLnBuZyIsImVkaXRzIjp7InJlc2l6ZSI6eyJ3aWR0aCI6NDAwfSwid2VicCI6eyJxdWFsaXR5Ijo1MH19fQ==,/sneakers/nike/nike-air-vapormax-2019-dark-team-red-university-red-ar6631-601-ka/88416?from=search
On Running Cloud 5 Zinc Grey Shell (Women's),2690000,https://d5ibtax54de3q.cloudfront.net/eyJidWNrZXQiOiJraWNrYXZlbnVlLWFzc2V0cyIsImtleSI6InByb2R1Y3RzLzk2OTEwLzljNmRlYmFlZmIxZTE2OGVkMzI4Mjk4ZWY1MjA3MWVmLnBuZyIsImVkaXRzIjp7InJlc2l6ZSI6eyJ3aWR0aCI6NDAwfSwid2VicCI6eyJxdWFsaXR5Ijo1MH19fQ==,/sneakers/on-running/on-running-cloud-5-zinc-grey-shell-w-5998883-ka/96910?from=search
Nike Kobe 4 Protro Philly (2024),3230000,https://d5ibtax54de3q.cloudfront.net/eyJidWNrZXQiOiJraWNrYXZlbnVlLWFzc2V0cyIsImtleSI6InByb2R1Y3RzLzEwMzU0Ny8xOTNlNmIyZDhhODVjOTg3MjI3NjhlZGQ5OWRhZmViNy5wbmciLCJlZGl0cyI6eyJyZXNpemUiOnsid2lkdGgiOjQwMH0sIndlYnAiOnsicXVhbGl0eSI6NTB9fX0=,/sneakers/nike/nike-kobe-4-protro-philly-2024-fq3545-400-ka/103547?from=search
Air Jordan AJF 4 Black Laser,7530000,https://d5ibtax54de3q.cloudfront.net/eyJidWNrZXQiOiJraWNrYXZlbnVlLWFzc2V0cyIsImtleSI6InByb2R1Y3RzLzkzNDA2L2QxZTdmNDQ5Y2M5ZWU2NjQ3YzM3MjRmMmE1M2I2ZTJkLnBuZyIsImVkaXRzIjp7InJlc2l6ZSI6eyJ3aWR0aCI6NDAwfSwid2VicCI6eyJxdWFsaXR5Ijo1MH19fQ==,/sneakers/nike/air-jordan-fusion-4-premiere-black-laser-384393-001-ka/93406?from=search
New Balance 330 Slides Black,660000,https://d5ibtax54de3q.cloudfront.net/eyJidWNrZXQiOiJraWNrYXZlbnVlLWFzc2V0cyIsImtleSI6InByb2R1Y3RzLzk0Nzc0L2UzNjI4Zjg2MDU2Y2Q3ZmVhMjM3NjkwNjVjY2MwMjJlLnBuZyIsImVkaXRzIjp7InJlc2l6ZSI6eyJ3aWR0aCI6NDAwfSwid2VicCI6eyJxdWFsaXR5Ijo1MH19fQ==,/sneakers/new-balance/new-balance-330-slides-black-sdl330bk-ka/94774?from=search
New Balance 992 Made in USA Tidepool Pink,2260000,https://d5ibtax54de3q.cloudfront.net/eyJidWNrZXQiOiJraWNrYXZlbnVlLWFzc2V0cyIsImtleSI6InByb2R1Y3RzLzk4NzAzL2UzODIwMTM3NjZmZmE1NjQ4ZmZhMzc4YWY5ZTg4MzlmLnBuZyIsImVkaXRzIjp7InJlc2l6ZSI6eyJ3aWR0aCI6NDAwfSwid2VicCI6eyJxdWFsaXR5Ijo1MH19fQ==,/sneakers/new-balance/new-balance-992-made-in-usa-tidepool-pink-m992re-ka/98703?from=search
Nike ReactX Infinity Run 4 White Light Lemon Twist,1500000,https://d5ibtax54de3q.cloudfront.net/eyJidWNrZXQiOiJraWNrYXZlbnVlLWFzc2V0cyIsImtleSI6InByb2R1Y3RzLzg1MzIyLzE4OTM4ZDljNmJmZjgxNjZkOWU2MjFkZGRlNjVhOWNjLnBuZyIsImVkaXRzIjp7InJlc2l6ZSI6eyJ3aWR0aCI6NDAwfSwid2VicCI6eyJxdWFsaXR5Ijo1MH19fQ==,/sneakers/nike/nike-reactx-infinity-run-4-white-light-lemon-twist-dr2665-101-ka/85322?from=search
Nike Kyrie Infinity TB Gorge Green,2560000,https://d5ibtax54de3q.cloudfront.net/eyJidWNrZXQiOiJraWNrYXZlbnVlLWFzc2V0cyIsImtleSI6InByb2R1Y3RzLzgyNDczL2IzNzgxZWI3OWQ1YTY4NzU0ZDlhNDcyM2RkOGEzNDRkLnBuZyIsImVkaXRzIjp7InJlc2l6ZSI6eyJ3aWR0aCI6NDAwfSwid2VicCI6eyJxdWFsaXR5Ijo1MH19fQ==,/sneakers/nike/nike-kyrie-infinity-tb-gorge-green-do9616-300-ka/82473?from=search
Nike Air Max 90 Golf Iron Grey Infra Red 23,1070000,https://d5ibtax54de3q.cloudfront.net/eyJidWNrZXQiOiJraWNrYXZlbnVlLWFzc2V0cyIsImtleSI6InByb2R1Y3RzLzgwNzI1L2NjNDdlZDNjZjVlY2YzMWZjZGUyOTViMGE5ZDBlYzkxLnBuZyIsImVkaXRzIjp7InJlc2l6ZSI6eyJ3aWR0aCI6NDAwfSwid2VicCI6eyJxdWFsaXR5Ijo1MH19fQ==,/sneakers/nike/nike-air-max-90-golf-iron-grey-infra-red-23-cu9978-010-ka/80725?from=search
Nike Kyrie 3 Luck,63900000,https://d5ibtax54de3q.cloudfront.net/eyJidWNrZXQiOiJraWNrYXZlbnVlLWFzc2V0cyIsImtleSI6InByb2R1Y3RzLzgyMjAyLzVhNWJhYjhkZWM0ZjQ5YTZmZWJkNTllMDMzNGUzOTY3LnBuZyIsImVkaXRzIjp7InJlc2l6ZSI6eyJ3aWR0aCI6NDAwfSwid2VicCI6eyJxdWFsaXR5Ijo1MH19fQ==,/sneakers/nike/nike-kyrie-3-luck-ar4566-700-ka/82202?from=search
Nike Kyrie 4 Obsidian,4080000,https://d5ibtax54de3q.cloudfront.net/eyJidWNrZXQiOiJraWNrYXZlbnVlLWFzc2V0cyIsImtleSI6InByb2R1Y3RzLzgyMjA5LzkyMmE3YWM4MTk1ZDU1OGNjYjQ1Nzk0N2IyZDI2NzFkLnBuZyIsImVkaXRzIjp7InJlc2l6ZSI6eyJ3aWR0aCI6NDAwfSwid2VicCI6eyJxdWFsaXR5Ijo1MH19fQ==,/sneakers/nike/nike-kyrie-4-obsidian-943806-401-ka-2/82209?from=search
Nike PG 2 EP The Bait II,14870000,https://d5ibtax54de3q.cloudfront.net/eyJidWNrZXQiOiJraWNrYXZlbnVlLWFzc2V0cyIsImtleSI6InByb2R1Y3RzLzg0ODAxL2M5YzU2YmEyMjY5MGM1ZGVmYzFkN2QwMmEzOTY2Y2M5LnBuZyIsImVkaXRzIjp7InJlc2l6ZSI6eyJ3aWR0aCI6NDAwfSwid2VicCI6eyJxdWFsaXR5Ijo1MH19fQ==,/sneakers/nike/nike-pg-2-ep-the-bait-ii-ao2984-100-ka/84801?from=search
Nike PG 2.5 Black Photo Blue,4820000,https://d5ibtax54de3q.cloudfront.net/eyJidWNrZXQiOiJraWNrYXZlbnVlLWFzc2V0cyIsImtleSI6InByb2R1Y3RzLzg0ODA0LzIyNTM3NGNjYmJkOGEzMjVkZTkwNGYyZWE2NDZhMDAwLnBuZyIsImVkaXRzIjp7InJlc2l6ZSI6eyJ3aWR0aCI6NDAwfSwid2VicCI6eyJxdWFsaXR5Ijo1MH19fQ==,/sneakers/nike/nike-pg-25-black-photo-blue-bq8452-006-ka/84804?from=search
Nike Mercurial Superfly VI Elite CR7 FG Black Clear Jade,8330000,https://d5ibtax54de3q.cloudfront.net/eyJidWNrZXQiOiJraWNrYXZlbnVlLWFzc2V0cyIsImtleSI6InByb2R1Y3RzLzg5NTAxLzEyMGJkZGY2NmNjN2UxMDlhOGM5ZDJlNTFjOWVkOGEyLnBuZyIsImVkaXRzIjp7InJlc2l6ZSI6eyJ3aWR0aCI6NDAwfSwid2VicCI6eyJxdWFsaXR5Ijo1MH19fQ==,/sneakers/nike/nike-mercurial-superfly-vi-elite-cr7-fg-black-clear-jade-aj3547-390-ka/89501?from=search
Air Jordan 1 Retro High GG Wolf Grey (Grade School),4050000,https://d5ibtax54de3q.cloudfront.net/eyJidWNrZXQiOiJraWNrYXZlbnVlLWFzc2V0cyIsImtleSI6InByb2R1Y3RzLzkzMjgxL2I5M2IxNmM1OGJhODMzZjk1MTc5Zjc3NjUxMmU5NTZkLnBuZyIsImVkaXRzIjp7InJlc2l6ZSI6eyJ3aWR0aCI6NDAwfSwid2VicCI6eyJxdWFsaXR5Ijo1MH19fQ==,/sneakers/nike/air-jordan-1-retro-high-gg-wolf-grey-gs-332148-009-ka/93281?from=search
Puma Suede Classic 75th Anniversary - Red,830000,https://d5ibtax54de3q.cloudfront.net/eyJidWNrZXQiOiJraWNrYXZlbnVlLWFzc2V0cyIsImtleSI6InByb2R1Y3RzLzEwODcxMy9jMjNlYmI1Y2YwMGM0MGU2YjgwM2ZlNTA3YjYwYzViMi5wbmciLCJlZGl0cyI6eyJyZXNpemUiOnsid2lkdGgiOjQwMH0sIndlYnAiOnsicXVhbGl0eSI6NTB9fX0=,/sneakers/puma/puma-suede-classic-75th-anniversary-red-393325-03-ka/108713?from=search
Nike Mercurial Superfly 7 Elite FG Korea (2020),6030000,https://d5ibtax54de3q.cloudfront.net/eyJidWNrZXQiOiJraWNrYXZlbnVlLWFzc2V0cyIsImtleSI6InByb2R1Y3RzLzg5NDQ4Lzk4NDc0NTM3OGI3NDQ3OTE3OGYyNTJmNjU4Zjc5MDhhLnBuZyIsImVkaXRzIjp7InJlc2l6ZSI6eyJ3aWR0aCI6NDAwfSwid2VicCI6eyJxdWFsaXR5Ijo1MH19fQ==,/sneakers/nike/nike-mercurial-superfly-7-elite-fg-korea-2020-cw4846-160-ka/89448?from=search
Air Jordan 1 Retro AJKO Laney,4000000,https://d5ibtax54de3q.cloudfront.net/eyJidWNrZXQiOiJraWNrYXZlbnVlLWFzc2V0cyIsImtleSI6InByb2R1Y3RzLzkyMzkzLzlhYzhlNzlmYTI0OWE1MWVhMDJiOTM3NjI0NzEzMzViLnBuZyIsImVkaXRzIjp7InJlc2l6ZSI6eyJ3aWR0aCI6NDAwfSwid2VicCI6eyJxdWFsaXR5Ijo1MH19fQ==,/sneakers/air-jordan/air-jordan-1-retro-ajko-laney-do5047-407-ka/92393?from=search
Jordan 1 Retro High Golf NRG 2 Michelle Wie West Aloha,4040000,https://d5ibtax54de3q.cloudfront.net/eyJidWNrZXQiOiJraWNrYXZlbnVlLWFzc2V0cyIsImtleSI6InByb2R1Y3RzLzkyNDE3L2YyZDZkZWFkNjdjYTA4NDk4ZGE2NGEwYzc0ZWUxZjU5LnBuZyIsImVkaXRzIjp7InJlc2l6ZSI6eyJ3aWR0aCI6NDAwfSwid2VicCI6eyJxdWFsaXR5Ijo1MH19fQ==,/sneakers/air-jordan/jordan-1-retro-high-golf-nrg-2-michelle-wie-west-aloha-fv3565-100-ka/92417?from=search
ASICS DS Light Club TF White Black,930000,https://d5ibtax54de3q.cloudfront.net/eyJidWNrZXQiOiJraWNrYXZlbnVlLWFzc2V0cyIsImtleSI6InByb2R1Y3RzLzk5OTY5LzE3NzM5ODgwZjBiZGU5NGQ4N2EyY2E0ZjI4ZjFhNjdjLnBuZyIsImVkaXRzIjp7InJlc2l6ZSI6eyJ3aWR0aCI6NDAwfSwid2VicCI6eyJxdWFsaXR5Ijo1MH19fQ==,/sneakers/asics/asics-ds-light-club-tf-white-black-1103a076-100-ka-2/99969?from=search
ASICS Gel Kayano Trainer Knit Triple White,1020000,https://d5ibtax54de3q.cloudfront.net/eyJidWNrZXQiOiJraWNrYXZlbnVlLWFzc2V0cyIsImtleSI6InByb2R1Y3RzLzEwMDQ4OS8zZDg4ZTUxM2M4YTgzYjUzM2I0ZjIzYmJjN2Q0MTNkYi5wbmciLCJlZGl0cyI6eyJyZXNpemUiOnsid2lkdGgiOjQwMH0sIndlYnAiOnsicXVhbGl0eSI6NTB9fX0=,/sneakers/asics/asics-gel-kayano-trainer-knit-triple-white-h705n-0101-ka-2/100489?from=search
New Balance 574 Black Reflection,1730000,https://d5ibtax54de3q.cloudfront.net/eyJidWNrZXQiOiJraWNrYXZlbnVlLWFzc2V0cyIsImtleSI6InByb2R1Y3RzLzk1MDA5LzhiYWQzMzJkOTYzYjBiZGZjZDBmOWM4Y2VkYmI0ZWE5LnBuZyIsImVkaXRzIjp7InJlc2l6ZSI6eyJ3aWR0aCI6NDAwfSwid2VicCI6eyJxdWFsaXR5Ijo1MH19fQ==,/sneakers/new-balance/jordan-legacy-312-low-lucky-green-ml574hf2-ka/95009?from=search
New Balance NB 996 V2 Gray,1620000,https://d5ibtax54de3q.cloudfront.net/eyJidWNrZXQiOiJraWNrYXZlbnVlLWFzc2V0cyIsImtleSI6InByb2R1Y3RzLzk4NzI2LzFjMGVmY2MzM2I4Y2ZkYjJlYWEwOWU5YzZlZWU4MzAwLnBuZyIsImVkaXRzIjp7InJlc2l6ZSI6eyJ3aWR0aCI6NDAwfSwid2VicCI6eyJxdWFsaXR5Ijo1MH19fQ==,/sneakers/new-balance/new-balance-nb-996-v2-gray-cm996og-ka/98726?from=search
ASICS Gel Venture 6 IAB-Studio,5280000,https://d5ibtax54de3q.cloudfront.net/eyJidWNrZXQiOiJraWNrYXZlbnVlLWFzc2V0cyIsImtleSI6InByb2R1Y3RzLzEwMTQ3OC81YTMyYjA3MjE0NjdmYzI3ODgwNjIwMDIzODIyZWMzOC5wbmciLCJlZGl0cyI6eyJyZXNpemUiOnsid2lkdGgiOjQwMH0sIndlYnAiOnsicXVhbGl0eSI6NTB9fX0=,/sneakers/asics/asics-gel-venture-6-iab-studio-1023a068-021-ka-2/101478?from=search
Adidas Gazelle Scarlet/White/Gold Metallic,2430000,https://d5ibtax54de3q.cloudfront.net/eyJidWNrZXQiOiJraWNrYXZlbnVlLWFzc2V0cyIsImtleSI6InByb2R1Y3RzLzExMDg4NS85NjIwMTQxOTNlNGYyZDU0YTYwZDJlNTgyZjM5MmYwZi5wbmciLCJlZGl0cyI6eyJyZXNpemUiOnsid2lkdGgiOjQwMH0sIndlYnAiOnsicXVhbGl0eSI6NTB9fX0=,/sneakers/adidas/adidas-gazelle-scarletwhitegold-metallic-s76228-ka/110885?from=search
Vans Half Cab 33 DX Blue White,910000,https://d5ibtax54de3q.cloudfront.net/eyJidWNrZXQiOiJraWNrYXZlbnVlLWFzc2V0cyIsImtleSI6InByb2R1Y3RzLzExNDgyNS9iODQ4YmM1ZTEwODhiYTYxNTYzZDg1YmRiNTYwNjM1ZS5wbmciLCJlZGl0cyI6eyJyZXNpemUiOnsid2lkdGgiOjQwMH0sIndlYnAiOnsicXVhbGl0eSI6NTB9fX0=,/sneakers/vans/vans-half-cab-33-dx-blue-white-vn0a5kx6bes-ka/114825?from=search
Puma Suede Classic XXI Trainers Putty,940000,https://d5ibtax54de3q.cloudfront.net/eyJidWNrZXQiOiJraWNrYXZlbnVlLWFzc2V0cyIsImtleSI6InByb2R1Y3RzLzExMjc4Ny84ODFjODBmZTlkYzBjN2M1NGY0ZDRhMWFmNjE4NDdiZC5wbmciLCJlZGl0cyI6eyJyZXNpemUiOnsid2lkdGgiOjQwMH0sIndlYnAiOnsicXVhbGl0eSI6NTB9fX0=,/sneakers/puma/puma-suede-classic-xxi-trainers-putty-374915-95-ka/112787?from=search
Reebok BB4000 2 Radiant Ochre,800000,https://d5ibtax54de3q.cloudfront.net/eyJidWNrZXQiOiJraWNrYXZlbnVlLWFzc2V0cyIsImtleSI6InByb2R1Y3RzLzEwODgxMy82N2IyZDAyZjQ2OWIzMDFjYmRkMDhlZGRhZDg2ZWI5Yi5wbmciLCJlZGl0cyI6eyJyZXNpemUiOnsid2lkdGgiOjQwMH0sIndlYnAiOnsicXVhbGl0eSI6NTB9fX0=,/sneakers/reebok/reebok-bb4000-2-radiant-ochre-100033432-ka/108813?from=search
ANTA KT6 Floating Clouds and Flowing Water,970000,https://d5ibtax54de3q.cloudfront.net/eyJidWNrZXQiOiJraWNrYXZlbnVlLWFzc2V0cyIsImtleSI6InByb2R1Y3RzLzk5NTE5LzdlMDk4MTEyZTRkYmI0MmQ4OWVjZDQ3MzcyMzczMmQwLnBuZyIsImVkaXRzIjp7InJlc2l6ZSI6eyJ3aWR0aCI6NDAwfSwid2VicCI6eyJxdWFsaXR5Ijo1MH19fQ==,/sneakers/anta/anta-kt6-floating-clouds-and-flowing-water-112121102-1-ka-2/99519?from=search
Nike ACG Air Deschutz Mt. Fuji,730000,https://d5ibtax54de3q.cloudfront.net/eyJidWNrZXQiOiJraWNrYXZlbnVlLWFzc2V0cyIsImtleSI6InByb2R1Y3RzLzg0NTA5L2RiNzk0ZDhmOWEwMmI3YjY2NmU0YzYyMDY2MzY4NTY3LnBuZyIsImVkaXRzIjp7InJlc2l6ZSI6eyJ3aWR0aCI6NDAwfSwid2VicCI6eyJxdWFsaXR5Ijo1MH19fQ==,/sneakers/nike/nike-acg-air-deschutz-mt-fuji-cz3776-001-ka/84509?from=search
Nike Tailwind 79 Pacific Orange,2440000,https://d5ibtax54de3q.cloudfront.net/eyJidWNrZXQiOiJraWNrYXZlbnVlLWFzc2V0cyIsImtleSI6InByb2R1Y3RzLzg1NzE0L2NkYWMwODNhZTIzYjNlMjg4ZWIzZjMzNmEwMmQyNTI3LnBuZyIsImVkaXRzIjp7InJlc2l6ZSI6eyJ3aWR0aCI6NDAwfSwid2VicCI6eyJxdWFsaXR5Ijo1MH19fQ==,/sneakers/nike/nike-tailwind-79-pacific-orange-487754-408-ka/85714?from=search
Nike Vandal High Supreme Black Metallic Gold,1690000,https://d5ibtax54de3q.cloudfront.net/eyJidWNrZXQiOiJraWNrYXZlbnVlLWFzc2V0cyIsImtleSI6InByb2R1Y3RzLzg1ODgwL2QwOTRiNDA0YjJhZTZlMjUyMDlkZTU0M2M5NjM4Yzk4LnBuZyIsImVkaXRzIjp7InJlc2l6ZSI6eyJ3aWR0aCI6NDAwfSwid2VicCI6eyJxdWFsaXR5Ijo1MH19fQ==,/sneakers/nike/nike-vandal-high-supreme-black-metallic-gold-ah8652-002-ka/85880?from=search
Air Jordan Nu Retro 1 Low Varsity Red Black,1190000,https://d5ibtax54de3q.cloudfront.net/eyJidWNrZXQiOiJraWNrYXZlbnVlLWFzc2V0cyIsImtleSI6InByb2R1Y3RzLzk0MTA0LzcyMDU3NDUxZjRjMDZhNzJjNjY0YzcyMDNmMTYxZWM5LnBuZyIsImVkaXRzIjp7InJlc2l6ZSI6eyJ3aWR0aCI6NDAwfSwid2VicCI6eyJxdWFsaXR5Ijo1MH19fQ==,/sneakers/air-jordan/air-jordan-nu-retro-1-low-varsity-red-black-dv5141-601-ka/94104?from=search
New Balance 247 Luxe Black (Women's),480000,https://d5ibtax54de3q.cloudfront.net/eyJidWNrZXQiOiJraWNrYXZlbnVlLWFzc2V0cyIsImtleSI6InByb2R1Y3RzLzk0NTg2L2QyMDFhNWM1YzcwYjg5MDZhZGEyMzE1ZDBlNmEwMTU0LnBuZyIsImVkaXRzIjp7InJlc2l6ZSI6eyJ3aWR0aCI6NDAwfSwid2VicCI6eyJxdWFsaXR5Ijo1MH19fQ==,/sneakers/new-balance/jordan-jordan-3-retro-bp-wolf-grey-wrl247wn-ka/94586?from=search
Salomon XT 6 Adv Mineral Grey,5000000,https://d5ibtax54de3q.cloudfront.net/eyJidWNrZXQiOiJraWNrYXZlbnVlLWFzc2V0cyIsImtleSI6InByb2R1Y3RzLzEwMjQ4Ny8wMDUxMzZiZjMyZGJjMjU3MjNmYzZmYjk5NDQ0Y2ZjNi5wbmciLCJlZGl0cyI6eyJyZXNpemUiOnsid2lkdGgiOjQwMH0sIndlYnAiOnsicXVhbGl0eSI6NTB9fX0=,/sneakers/salomon/salomon-xt-6-adv-mineral-grey-410863-ka-2/102487?from=search
ASICS Gel-1130 Oyster Grey,1990000,https://d5ibtax54de3q.cloudfront.net/eyJidWNrZXQiOiJraWNrYXZlbnVlLWFzc2V0cyIsImtleSI6InByb2R1Y3RzLzEwMTA5OC80OWM4NjJlZTNkNTA5YTYzZDA5NzMwOWY0YjI5MjYxMC5wbmciLCJlZGl0cyI6eyJyZXNpemUiOnsid2lkdGgiOjQwMH0sIndlYnAiOnsicXVhbGl0eSI6NTB9fX0=,/sneakers/asics/asics-gel-1130-oyster-grey-1201a256-025-ka/101098?from=search
Dr. Martens 1461 Tiger Camo Camel X Wacko Maria,4000000,https://d5ibtax54de3q.cloudfront.net/eyJidWNrZXQiOiJraWNrYXZlbnVlLWFzc2V0cyIsImtleSI6InByb2R1Y3RzLzEwOTYyNC80ZTYxZWZmZDlmMDE3YTFiMzNkNzY1MGM0OTNkMTI0Yy5wbmciLCJlZGl0cyI6eyJyZXNpemUiOnsid2lkdGgiOjQwMH0sIndlYnAiOnsicXVhbGl0eSI6NTB9fX0=,/sneakers/dr.-martens/dr-martens-1461-tiger-camo-camel-x-wacko-maria-31371372-ka/109624?from=search
ASICS Gel Resolution 8 LE White Classic Red,3170000,https://d5ibtax54de3q.cloudfront.net/eyJidWNrZXQiOiJraWNrYXZlbnVlLWFzc2V0cyIsImtleSI6InByb2R1Y3RzLzEwMDkyOC84MzdhOTM1MDAzZWNlZmQ5OGY4ZGJiN2U4NzkzOWI4OC5wbmciLCJlZGl0cyI6eyJyZXNpemUiOnsid2lkdGgiOjQwMH0sIndlYnAiOnsicXVhbGl0eSI6NTB9fX0=,/sneakers/asics/asics-gel-resolution-8-le-white-classic-red-1041a292-110-ka-2/100928?from=search
Reebok Energen Lite Black White,360000,https://d5ibtax54de3q.cloudfront.net/eyJidWNrZXQiOiJraWNrYXZlbnVlLWFzc2V0cyIsImtleSI6InByb2R1Y3RzLzEwNDI0OC80N2IxZGE4ZDNmZmE3Y2RiZGI4NjA0MjZmNzM1NWU3MC5wbmciLCJlZGl0cyI6eyJyZXNpemUiOnsid2lkdGgiOjQwMH0sIndlYnAiOnsicXVhbGl0eSI6NTB9fX0=,/sneakers/reebok/reebok-energen-lite-black-white-10046079-ka/104248?from=search
Vans Era SF V66 Black Multicolor,840000,https://d5ibtax54de3q.cloudfront.net/eyJidWNrZXQiOiJraWNrYXZlbnVlLWFzc2V0cyIsImtleSI6InByb2R1Y3RzLzExMDYwNS9kMjg4YjVkMmE5NzE2NjFlYzFkZDBlYTY2ZjQzN2MyMS5wbmciLCJlZGl0cyI6eyJyZXNpemUiOnsid2lkdGgiOjQwMH0sIndlYnAiOnsicXVhbGl0eSI6NTB9fX0=,/sneakers/vans/vans-era-sf-v66-black-multicolor-vn0a3muhw95-ka/110605?from=search
ASICS Jolt 3 4E Wide White,990000,https://d5ibtax54de3q.cloudfront.net/eyJidWNrZXQiOiJraWNrYXZlbnVlLWFzc2V0cyIsImtleSI6InByb2R1Y3RzLzEwMTg3Mi85NjEyODQyMWIzNTFkZDUwY2U1YzlmZTMzY2E3MTdmNi5wbmciLCJlZGl0cyI6eyJyZXNpemUiOnsid2lkdGgiOjQwMH0sIndlYnAiOnsicXVhbGl0eSI6NTB9fX0=,/sneakers/asics/asics-jolt-3-4e-wide-white-1011b041-101-ka-2/101872?from=search
Adidas Hamburg Tech Purple Aqua,2100000,https://d5ibtax54de3q.cloudfront.net/eyJidWNrZXQiOiJraWNrYXZlbnVlLWFzc2V0cyIsImtleSI6InByb2R1Y3RzLzEwNDEwMC9jMzk2NWU3Yjc4ZjIxNTk4NDYyYjhmN2Y3MDcxYjRlYS5wbmciLCJlZGl0cyI6eyJyZXNpemUiOnsid2lkdGgiOjQwMH0sIndlYnAiOnsicXVhbGl0eSI6NTB9fX0=,/sneakers/adidas/adidas-hamburg-tech-purple-aqua-fv1204-ka/104100?from=search
Adidas SL 72 RS Brown Blue Azur,2200000,https://d5ibtax54de3q.cloudfront.net/eyJidWNrZXQiOiJraWNrYXZlbnVlLWFzc2V0cyIsImtleSI6InByb2R1Y3RzLzExMzMzMy9mNDUxMGNjMDYzZDNiNWRlMWY5NWNiMmZmOTFiNWE1NC5wbmciLCJlZGl0cyI6eyJyZXNpemUiOnsid2lkdGgiOjQwMH0sIndlYnAiOnsicXVhbGl0eSI6NTB9fX0=,/sneakers/adidas/adidas-sl-72-rs-brown-blue-azur-ji1325-ka/113333?from=search
ASICS Serrano 'Mako Blue Cream',1730000,/static/media/kick_avenue_empty_image.cf172573.png,/sneakers/asics/asics-serrano-mako-blue-cream-1183b400-406-ka/102224?from=search
ASICS GT 2000 8 Lite-Show Black Blue,2760000,https://d5ibtax54de3q.cloudfront.net/eyJidWNrZXQiOiJraWNrYXZlbnVlLWFzc2V0cyIsImtleSI6InByb2R1Y3RzLzEwMTcwOS8zMGEzNWEwMDJiNGI0MjQxNDkyMmJjOTEzZmIzMmY1My5wbmciLCJlZGl0cyI6eyJyZXNpemUiOnsid2lkdGgiOjQwMH0sIndlYnAiOnsicXVhbGl0eSI6NTB9fX0=,/sneakers/asics/asics-gt-2000-8-lite-show-black-blue-1011b091-001-ka-2/101709?from=search
ASICS Hyper MD 8 Black Gunmetal,750000,https://d5ibtax54de3q.cloudfront.net/eyJidWNrZXQiOiJraWNrYXZlbnVlLWFzc2V0cyIsImtleSI6InByb2R1Y3RzLzEwMTc4MC9iZDg3NTEyYjExMDNhZWQ4NjMxMTI3NDJmZWJkODQ1MS5wbmciLCJlZGl0cyI6eyJyZXNpemUiOnsid2lkdGgiOjQwMH0sIndlYnAiOnsicXVhbGl0eSI6NTB9fX0=,/sneakers/asics/asics-hyper-md-8-black-gunmetal-1093a198-001-ka-2/101780?from=search
ASICS Hyper MD 8 White Black,750000,https://d5ibtax54de3q.cloudfront.net/eyJidWNrZXQiOiJraWNrYXZlbnVlLWFzc2V0cyIsImtleSI6InByb2R1Y3RzLzEwMTc4MS83ODAyZTIzYjYzYWZlMjMyNTVjMDAwYmQzNDc1ZGIzMS5wbmciLCJlZGl0cyI6eyJyZXNpemUiOnsid2lkdGgiOjQwMH0sIndlYnAiOnsicXVhbGl0eSI6NTB9fX0=,/sneakers/asics/asics-hyper-md-8-white-black-1093a198-100-ka-2/101781?from=search
New Balance 1500 MiUK Cilantro,5990000,/static/media/kick_avenue_empty_image.cf172573.png,/sneakers/new-balance/new-balance-1500-miuk-cilantro-u1500whg-ka/116395?from=search
Adidas Gazelle Glory Red Off White,2720000,https://d5ibtax54de3q.cloudfront.net/eyJidWNrZXQiOiJraWNrYXZlbnVlLWFzc2V0cyIsImtleSI6InByb2R1Y3RzLzExMDkzOS8wMDk3NzlkODJhODljMWE0Y2Y0MDc2OTkwZGMwZTFhNy5wbmciLCJlZGl0cyI6eyJyZXNpemUiOnsid2lkdGgiOjQwMH0sIndlYnAiOnsicXVhbGl0eSI6NTB9fX0=,/sneakers/adidas/adidas-gazelle-glory-red-off-white-ig1062-ka/110939?from=search
Puma Suede Classic+ Ignite Pink Black (Women's),1130000,https://d5ibtax54de3q.cloudfront.net/eyJidWNrZXQiOiJraWNrYXZlbnVlLWFzc2V0cyIsImtleSI6InByb2R1Y3RzLzEwOTI0MC9hYjFlNDhjMzI0NWIyNDc0YmRkYjg2NzAwOTZhMWJmNy5wbmciLCJlZGl0cyI6eyJyZXNpemUiOnsid2lkdGgiOjQwMH0sIndlYnAiOnsicXVhbGl0eSI6NTB9fX0=,/sneakers/puma/puma-suede-classic-ignite-pink-black-w-372093-04-ka/109240?from=search
On Running Cloudmonster Cinder Fog,3300000,https://d5ibtax54de3q.cloudfront.net/eyJidWNrZXQiOiJraWNrYXZlbnVlLWFzc2V0cyIsImtleSI6InByb2R1Y3RzLzExMTU0MC84M2Q1NTkyM2Q2NWVkYTE1ZmNhYWQ5YWJiMWZmNjI4MC5wbmciLCJlZGl0cyI6eyJyZXNpemUiOnsid2lkdGgiOjQwMH0sIndlYnAiOnsicXVhbGl0eSI6NTB9fX0=,/sneakers/on-running/on-running-cloudmonster-cinder-fog-6197729-ka/111540?from=search
New Balance 610 Black Phantom,1150000,https://d5ibtax54de3q.cloudfront.net/eyJidWNrZXQiOiJraWNrYXZlbnVlLWFzc2V0cyIsImtleSI6InByb2R1Y3RzLzU3OTEyLzZiZTI3NGZmN2JhZTYyNGI3OGZiZDFhOTY3YTE2NGQ0LmpwZWciLCJlZGl0cyI6eyJyZXNpemUiOnsid2lkdGgiOjQwMH0sIndlYnAiOnsicXVhbGl0eSI6NTB9fX0=,/sneakers/new-balance/new-balance-610-black-phantom-ml610tbb-ka/57912?from=search
Nike Air Force 1 Low Waterproof Triple Black,1730000,https://d5ibtax54de3q.cloudfront.net/eyJidWNrZXQiOiJraWNrYXZlbnVlLWFzc2V0cyIsImtleSI6InByb2R1Y3RzLzc3MjgyLzU1ZmE0M2ExOWRhMjUzZjA4ODMzYmRlM2ZkNzEwNGZmLnBuZyIsImVkaXRzIjp7InJlc2l6ZSI6eyJ3aWR0aCI6NDAwfSwid2VicCI6eyJxdWFsaXR5Ijo1MH19fQ==,/sneakers/nike/nike-air-force-1-low-waterproof-triple-black-fb8875-001-ka/77282?from=search
Nike SB Portmore Ultralight Canvas Black Dark Grey White,810000,https://d5ibtax54de3q.cloudfront.net/eyJidWNrZXQiOiJraWNrYXZlbnVlLWFzc2V0cyIsImtleSI6InByb2R1Y3RzLzg5OTE0LzdiNTIxZWVkZWM4YzZkZGZmYTkzNWY4Y2M3ZGRkZjkzLnBuZyIsImVkaXRzIjp7InJlc2l6ZSI6eyJ3aWR0aCI6NDAwfSwid2VicCI6eyJxdWFsaXR5Ijo1MH19fQ==,/sneakers/nike/nike-sb-portmore-ultralight-canvas-black-dark-grey-white-844445-001-ka/89914?from=search
On Running Cloud X 3 Ivory Alloy (Women's),2480000,https://d5ibtax54de3q.cloudfront.net/eyJidWNrZXQiOiJraWNrYXZlbnVlLWFzc2V0cyIsImtleSI6InByb2R1Y3RzLzk2OTE3LzNkYzI0NWZmMDc2MWUyOGI2NjI0MTgyYzI2YTFjYjQyLnBuZyIsImVkaXRzIjp7InJlc2l6ZSI6eyJ3aWR0aCI6NDAwfSwid2VicCI6eyJxdWFsaXR5Ijo1MH19fQ==,/sneakers/on-running/on-running-cloud-x-3-ivory-alloy-w-6098252-ka/96917?from=search
New Balance WRPD Runner Sea Salt Sandstone Blacktop,1400000,https://d5ibtax54de3q.cloudfront.net/eyJidWNrZXQiOiJraWNrYXZlbnVlLWFzc2V0cyIsImtleSI6InByb2R1Y3RzLzY4NDUwLzYwZTc1ZjM1YWY3YTE1OGFjNDM1MWZiYjhhNTJlMmQzLnBuZyIsImVkaXRzIjp7InJlc2l6ZSI6eyJ3aWR0aCI6NDAwfSwid2VicCI6eyJxdWFsaXR5Ijo1MH19fQ==,/sneakers/new-balance/new-balance-wrpd-runner-sea-salt-sandstone-blacktop-uwrpdmob-ka/68450?from=search
Anta Shock Wave 5 Pro Strength,2060000,https://d5ibtax54de3q.cloudfront.net/eyJidWNrZXQiOiJraWNrYXZlbnVlLWFzc2V0cyIsImtleSI6InByb2R1Y3RzLzEwOTU3MC85ZmEzYjUzMDg3MzU1NDFmOWI4NWI0MDc1YjQxYzk2Mi5wbmciLCJlZGl0cyI6eyJyZXNpemUiOnsid2lkdGgiOjQwMH0sIndlYnAiOnsicXVhbGl0eSI6NTB9fX0=,/sneakers/anta/anta-shock-wave-5-pro-strength-112411111s-3-ka/109570?from=search
New Balance 610 Arctic Grey,1060000,https://d5ibtax54de3q.cloudfront.net/eyJidWNrZXQiOiJraWNrYXZlbnVlLWFzc2V0cyIsImtleSI6InByb2R1Y3RzLzk4NTMwLzU3NWYxNzE0NWFlYzQ1MDkwMGNlODhhYmEzNTc2NGJhLnBuZyIsImVkaXRzIjp7InJlc2l6ZSI6eyJ3aWR0aCI6NDAwfSwid2VicCI6eyJxdWFsaXR5Ijo1MH19fQ==,/sneakers/new-balance/new-balance-610-arctic-grey-ml610tc-ka/98530?from=search
Converse Chuck Taylor All-Star 70 Hi Desert Cargo,830000,https://d5ibtax54de3q.cloudfront.net/eyJidWNrZXQiOiJraWNrYXZlbnVlLWFzc2V0cyIsImtleSI6InByb2R1Y3RzLzYwMzI5LzNmNWVjNGMyZDk4OTFlMWRiYmVmZmMxNDYzZWJmNDBkLmpwZWciLCJlZGl0cyI6eyJyZXNpemUiOnsid2lkdGgiOjQwMH0sIndlYnAiOnsicXVhbGl0eSI6NTB9fX0=,/sneakers/converse/converse-chuck-taylor-all-star-70-hi-desert-cargo-a00753c-ka/60329?from=search
New Balance 57/40 BAPE Green,3270000,https://d5ibtax54de3q.cloudfront.net/eyJidWNrZXQiOiJraWNrYXZlbnVlLWFzc2V0cyIsImtleSI6InByb2R1Y3RzLzk0OTAwLzM4MjNmNGFkYzUxMjAyNmE2ODQxNThlOGViZWNkYzlkLnBuZyIsImVkaXRzIjp7InJlc2l6ZSI6eyJ3aWR0aCI6NDAwfSwid2VicCI6eyJxdWFsaXR5Ijo1MH19fQ==,/sneakers/new-balance/jordan-jordan-why-not-zer03-pf-triple-white-m5740bae-ka/94900?from=search
New Balance 2002R Protection Pack Vintage Orange,5020000,https://d5ibtax54de3q.cloudfront.net/eyJidWNrZXQiOiJraWNrYXZlbnVlLWFzc2V0cyIsImtleSI6InByb2R1Y3RzLzMzMzkzL2FiYjRiMmJjZjE3ZTExOWE5MTI2NDM2MmVjNjg4MDIyLnBuZyIsImVkaXRzIjp7InJlc2l6ZSI6eyJ3aWR0aCI6NDAwfSwid2VicCI6eyJxdWFsaXR5Ijo1MH19fQ==,/sneakers/new-balance/new-balance-2002r-protection-pack-vintage-orange-m2002rde-ka-2/33393?from=search
New Balance 996 Shoes Red White,1720000,https://d5ibtax54de3q.cloudfront.net/eyJidWNrZXQiOiJraWNrYXZlbnVlLWFzc2V0cyIsImtleSI6InByb2R1Y3RzLzk4NzM2L2EwNzc4ZGJhYjYwMjNhM2MwMjNkZjM0MjBmNjQ2NTlmLnBuZyIsImVkaXRzIjp7InJlc2l6ZSI6eyJ3aWR0aCI6NDAwfSwid2VicCI6eyJxdWFsaXR5Ijo1MH19fQ==,/sneakers/new-balance/new-balance-996-shoes-red-white-cm996rk2-ka/98736?from=search
Adidas AdiFom Q Grey,1410000,https://d5ibtax54de3q.cloudfront.net/eyJidWNrZXQiOiJraWNrYXZlbnVlLWFzc2V0cyIsImtleSI6InByb2R1Y3RzLzEwODA4MC9hMGZmNTM4ZGZiZDA0MGJjODAwZjM1ZGNiNDMzZWY4Yy5wbmciLCJlZGl0cyI6eyJyZXNpemUiOnsid2lkdGgiOjQwMH0sIndlYnAiOnsicXVhbGl0eSI6NTB9fX0=,/sneakers/adidas/adidas-adifom-q-grey-ie7448-ka/108080?from=search
New Balance 998 MiUSA Concepts C-Note 10th Anniversary (2023),3610000,https://d5ibtax54de3q.cloudfront.net/eyJidWNrZXQiOiJraWNrYXZlbnVlLWFzc2V0cyIsImtleSI6InByb2R1Y3RzLzcyODExLzFiZjg3MDI1ZmY2OTE4OTU5MGVhNDg0MTAwMTI3YmY4LnBuZyIsImVkaXRzIjp7InJlc2l6ZSI6eyJ3aWR0aCI6NDAwfSwid2VicCI6eyJxdWFsaXR5Ijo1MH19fQ==,/sneakers/new-balance/new-balance-998-miusa-concepts-c-note-10th-anniversary-2023-u998cn-ka/72811?from=search
Nike Terminator Low Georgetown,1670000,https://d5ibtax54de3q.cloudfront.net/eyJidWNrZXQiOiJraWNrYXZlbnVlLWFzc2V0cyIsImtleSI6InByb2R1Y3RzLzY4NjQ3L2IxMGQ4Zjg5MmNkZjkwYzExYjM0YjAyM2RjNzAwMDQyLnBuZyIsImVkaXRzIjp7InJlc2l6ZSI6eyJ3aWR0aCI6NDAwfSwid2VicCI6eyJxdWFsaXR5Ijo1MH19fQ==,/sneakers/nike/nike-terminator-low-georgetown-fn6830-001-ka/68647?from=search
Adidas Ultra Boost 1.0 DNA Triple White,1840000,https://d5ibtax54de3q.cloudfront.net/eyJidWNrZXQiOiJraWNrYXZlbnVlLWFzc2V0cyIsImtleSI6InByb2R1Y3RzLzYzMDMzLzEwZGYwYmQ3YzVhMjNmZjNhYTY1YmI4MDYzODgwZjhhLmpwZWciLCJlZGl0cyI6eyJyZXNpemUiOnsid2lkdGgiOjQwMH0sIndlYnAiOnsicXVhbGl0eSI6NTB9fX0=,/sneakers/adidas/adidas-ultra-boost-10-dna-triple-white-hq4202-ka/63033?from=search
Li-Ning Wade All City 11 V2 Chemical Reaction,1480000,https://d5ibtax54de3q.cloudfront.net/eyJidWNrZXQiOiJraWNrYXZlbnVlLWFzc2V0cyIsImtleSI6InByb2R1Y3RzLzEwMjc3NC81N2Q0OTQ2OTYyZDJlOWU4M2VkMmUzNGZkOTBiMjZiMC5wbmciLCJlZGl0cyI6eyJyZXNpemUiOnsid2lkdGgiOjQwMH0sIndlYnAiOnsicXVhbGl0eSI6NTB9fX0=,/sneakers/li-ning/li-ning-wade-all-city-11-v2-chemical-reaction-abat053-5-ka/102774?from=search
Nike Air Force 1 Low Gore-Tex Escape,2530000,https://d5ibtax54de3q.cloudfront.net/eyJidWNrZXQiOiJraWNrYXZlbnVlLWFzc2V0cyIsImtleSI6InByb2R1Y3RzLzczNjkzLzZjMjY2YzE3ZDcyZTQyNTU3OTAyMjA4ZmVmZTEyYjhiLnBuZyIsImVkaXRzIjp7InJlc2l6ZSI6eyJ3aWR0aCI6NDAwfSwid2VicCI6eyJxdWFsaXR5Ijo1MH19fQ==,/sneakers/nike/nike-air-force-1-low-gore-tex-escape-dm6435-222-ka/73693?from=search
Converse Chuck Taylor All-Star Hi Space Jam,750000,https://d5ibtax54de3q.cloudfront.net/eyJidWNrZXQiOiJraWNrYXZlbnVlLWFzc2V0cyIsImtleSI6InByb2R1Y3RzLzU3MzEyLzE1OGNiNzI4MzQ3Nzk5NWViMzUyNzM4OWQ1NDM1NDAzLmpwZWciLCJlZGl0cyI6eyJyZXNpemUiOnsid2lkdGgiOjQwMH0sIndlYnAiOnsicXVhbGl0eSI6NTB9fX0=,/sneakers/converse/converse-chuck-taylor-all-star-hi-space-jam-172485c-ka/57312?from=search
Nike Air Huarache Crater Premium Light Bone White,800000,https://d5ibtax54de3q.cloudfront.net/eyJidWNrZXQiOiJraWNrYXZlbnVlLWFzc2V0cyIsImtleSI6InByb2R1Y3RzLzM1MzM2L2RhOWRmY2JjMzViYzljY2E2OGY5Y2YxOWUxNWE5YjhmLnBuZyIsImVkaXRzIjp7InJlc2l6ZSI6eyJ3aWR0aCI6NDAwfSwid2VicCI6eyJxdWFsaXR5Ijo1MH19fQ==,/sneakers/nike/nike-air-huarache-crater-premium-light-bone-white-dm0863-001-ka/35336?from=search
ASICS Gel Kayano 29 Midnight Lime Zest,1100000,https://d5ibtax54de3q.cloudfront.net/eyJidWNrZXQiOiJraWNrYXZlbnVlLWFzc2V0cyIsImtleSI6InByb2R1Y3RzLzEwMTIyMC81Y2Y2MGYxYzEzMjFmMDI2NGQ5MTI3YWNkMTViOGZlYS5wbmciLCJlZGl0cyI6eyJyZXNpemUiOnsid2lkdGgiOjQwMH0sIndlYnAiOnsicXVhbGl0eSI6NTB9fX0=,/sneakers/asics/asics-gel-kayano-29-midnight-lime-zest-1011b440-404-ka-2/101220?from=search
Nike Devin Booker x Air Zoom GT Cut 2 Hike,3200000,https://d5ibtax54de3q.cloudfront.net/eyJidWNrZXQiOiJraWNrYXZlbnVlLWFzc2V0cyIsImtleSI6InByb2R1Y3RzLzg4ODczLzVlYjQ2MDFmNmFlZDBmMmQ4YmY5MDBmMzkzNzlhNzQ1LnBuZyIsImVkaXRzIjp7InJlc2l6ZSI6eyJ3aWR0aCI6NDAwfSwid2VicCI6eyJxdWFsaXR5Ijo1MH19fQ==,/sneakers/nike/nike-devin-booker-x-air-zoom-gt-cut-2-hike-dj6015-301-ka-2/88873?from=search
On Running Cloudvista Waterproof Eclipse Black,3250000,https://d5ibtax54de3q.cloudfront.net/eyJidWNrZXQiOiJraWNrYXZlbnVlLWFzc2V0cyIsImtleSI6InByb2R1Y3RzLzk3MDE4LzNlMjRkOTI2YTNmMjljNTU0ZTllNzQ4ZDVhYWM3Njg1LnBuZyIsImVkaXRzIjp7InJlc2l6ZSI6eyJ3aWR0aCI6NDAwfSwid2VicCI6eyJxdWFsaXR5Ijo1MH19fQ==,/sneakers/on-running/on-running-cloudvista-waterproof-eclipse-black-7498571-ka/97018?from=search
Nike Dunk Low LPL League of Legends,2430000,https://d5ibtax54de3q.cloudfront.net/eyJidWNrZXQiOiJraWNrYXZlbnVlLWFzc2V0cyIsImtleSI6InByb2R1Y3RzLzgyNzU2LzhiYTFhNzIzMjhmOTk2NWFlOWY5MmEyMTA3MDY0ZjdiLnBuZyIsImVkaXRzIjp7InJlc2l6ZSI6eyJ3aWR0aCI6NDAwfSwid2VicCI6eyJxdWFsaXR5Ijo1MH19fQ==,/sneakers/nike/nike-dunk-low-lpl-league-of-legends-do2327-011-ka/82756?from=search
New Balance 408 White Silver,1150000,https://d5ibtax54de3q.cloudfront.net/eyJidWNrZXQiOiJraWNrYXZlbnVlLWFzc2V0cyIsImtleSI6InByb2R1Y3RzLzYwMjA0LzUyMTNjMDc1NGY3MmEwYjk0MTNkY2JlNTQxNGFkZTcxLmpwZWciLCJlZGl0cyI6eyJyZXNpemUiOnsid2lkdGgiOjQwMH0sIndlYnAiOnsicXVhbGl0eSI6NTB9fX0=,/sneakers/new-balance/new-balance-408-white-silver-ml408w-ka/60204?from=search
Adidas D.O.N Issue 4 Triple Black,750000,https://d5ibtax54de3q.cloudfront.net/eyJidWNrZXQiOiJraWNrYXZlbnVlLWFzc2V0cyIsImtleSI6InByb2R1Y3RzLzc2MzM2LzZjZjE0NTExNmMzN2U1MDcyY2JiNmMyNjllNzA0MDBkLnBuZyIsImVkaXRzIjp7InJlc2l6ZSI6eyJ3aWR0aCI6NDAwfSwid2VicCI6eyJxdWFsaXR5Ijo1MH19fQ==,/sneakers/adidas/adidas-don-issue-4-triple-black-gy6511-ka/76336?from=search
Air Jordan One Take 3 PF Black Grey Fog,1120000,https://d5ibtax54de3q.cloudfront.net/eyJidWNrZXQiOiJraWNrYXZlbnVlLWFzc2V0cyIsImtleSI6InByb2R1Y3RzLzkzNzc1L2YwNmFkZWZhYjBkMTNmZWVjM2E4OGEyNTBkZTgyYTE0LnBuZyIsImVkaXRzIjp7InJlc2l6ZSI6eyJ3aWR0aCI6NDAwfSwid2VicCI6eyJxdWFsaXR5Ijo1MH19fQ==,/sneakers/air-jordan/air-jordan-one-take-3-pf-black-grey-fog-dc7700-001-ka/93775?from=search
Nike Kyrie Low 5 Precious Stones,2300000,https://d5ibtax54de3q.cloudfront.net/eyJidWNrZXQiOiJraWNrYXZlbnVlLWFzc2V0cyIsImtleSI6InByb2R1Y3RzLzgyNTM2LzU5MDBlZDE5ODI1MWRiYmEzMGJjYjMxMDk3NzZmZjBkLnBuZyIsImVkaXRzIjp7InJlc2l6ZSI6eyJ3aWR0aCI6NDAwfSwid2VicCI6eyJxdWFsaXR5Ijo1MH19fQ==,/sneakers/nike/nike-kyrie-low-5-precious-stones-dj6012-400-ka-2/82536?from=search
ASICS Gel Spotlyte V2 Low Grey,1670000,https://d5ibtax54de3q.cloudfront.net/eyJidWNrZXQiOiJraWNrYXZlbnVlLWFzc2V0cyIsImtleSI6InByb2R1Y3RzLzEwMTAxMC83YmQ1OTAwNWNkNDIyZmZkMWQ0ZmM0ZDAwZjk2YjdhMS5wbmciLCJlZGl0cyI6eyJyZXNpemUiOnsid2lkdGgiOjQwMH0sIndlYnAiOnsicXVhbGl0eSI6NTB9fX0=,/sneakers/asics/asics-gel-spotlyte-v2-low-grey-1203a258-021-ka-2/101010?from=search
Li-Ning Wade All City 11 Blossom,990000,https://d5ibtax54de3q.cloudfront.net/eyJidWNrZXQiOiJraWNrYXZlbnVlLWFzc2V0cyIsImtleSI6InByb2R1Y3RzLzEwMjc2OC85Mzc4NmI2N2RiMzRjNDU2NzhhZGY0NDI0MGU1YWNlOC5wbmciLCJlZGl0cyI6eyJyZXNpemUiOnsid2lkdGgiOjQwMH0sIndlYnAiOnsicXVhbGl0eSI6NTB9fX0=,/sneakers/li-ning/li-ning-wade-all-city-11-blossom-abat005-4-ka/102768?from=search
Adidas Samba OG Silver Green (Women's),1310000,https://d5ibtax54de3q.cloudfront.net/eyJidWNrZXQiOiJraWNrYXZlbnVlLWFzc2V0cyIsImtleSI6InByb2R1Y3RzLzczNDc5LzEwMDA2ZDVjMmQzNGQxNzIyODUxZmMxZGYzZDY2OWZkLnBuZyIsImVkaXRzIjp7InJlc2l6ZSI6eyJ3aWR0aCI6NDAwfSwid2VicCI6eyJxdWFsaXR5Ijo1MH19fQ==,/sneakers/adidas/adidas-samba-og-silver-green-w-ie7011-ka/73479?from=search
Nike Blazer Mid 77 White Diffused Blue (Women's),880000,https://d5ibtax54de3q.cloudfront.net/eyJidWNrZXQiOiJraWNrYXZlbnVlLWFzc2V0cyIsImtleSI6InByb2R1Y3RzLzg3MzIyLzBhZDhlNmI4MDQ2MTljOTliZTg0YjdiZmUwZjMxYTY0LnBuZyIsImVkaXRzIjp7InJlc2l6ZSI6eyJ3aWR0aCI6NDAwfSwid2VicCI6eyJxdWFsaXR5Ijo1MH19fQ==,/sneakers/nike/nike-wmns-blazer-mid-77-white-diffused-blue-cz1055-125-ka/87322?from=search
Nike Lebron 21 EP Dragon Pearl,1360000,https://d5ibtax54de3q.cloudfront.net/eyJidWNrZXQiOiJraWNrYXZlbnVlLWFzc2V0cyIsImtleSI6InByb2R1Y3RzLzgzODk0L2RlNTQ1NmZhODYzZDExNjJhOWVkNzRiM2NjNjQ4Y2JkLnBuZyIsImVkaXRzIjp7InJlc2l6ZSI6eyJ3aWR0aCI6NDAwfSwid2VicCI6eyJxdWFsaXR5Ijo1MH19fQ==,/sneakers/nike/nike-lebron-21-ep-dragon-pearl-fv2346-800-ka/83894?from=search
ASICS Gel Kayano 30 Extra Wide Black Glow Yellow,2250000,https://d5ibtax54de3q.cloudfront.net/eyJidWNrZXQiOiJraWNrYXZlbnVlLWFzc2V0cyIsImtleSI6InByb2R1Y3RzLzEwMDQ0MS9iMDk1OTM2ZDdlZWQyYWMwN2VhMzM5YzE0ZjNlNTU4YS5wbmciLCJlZGl0cyI6eyJyZXNpemUiOnsid2lkdGgiOjQwMH0sIndlYnAiOnsicXVhbGl0eSI6NTB9fX0=,/sneakers/asics/asics-gel-kayano-30-extra-wide-black-glow-yellow-1011b690-003-ka-2/100441?from=search
ASICS GT-2160 Above The Clouds,3300000,https://d5ibtax54de3q.cloudfront.net/eyJidWNrZXQiOiJraWNrYXZlbnVlLWFzc2V0cyIsImtleSI6InByb2R1Y3RzLzcyODMwLzc1Y2I3MDE2MjgyNmEyZDkxZDFhMDQ5ZDliYjU5NzRhLnBuZyIsImVkaXRzIjp7InJlc2l6ZSI6eyJ3aWR0aCI6NDAwfSwid2VicCI6eyJxdWFsaXR5Ijo1MH19fQ==,/sneakers/asics/asics-gt-2160-above-the-clouds-1203a361-100-ka/72830?from=search
Nike Air Max Alpha Trainer 6 Particle Grey,1080000,https://d5ibtax54de3q.cloudfront.net/eyJidWNrZXQiOiJraWNrYXZlbnVlLWFzc2V0cyIsImtleSI6InByb2R1Y3RzLzEwNzg0OC8wZWYxMGE5OTAwYWRjZmVkNDExN2RhNGMzNzhjNmIxYy5wbmciLCJlZGl0cyI6eyJyZXNpemUiOnsid2lkdGgiOjQwMH0sIndlYnAiOnsicXVhbGl0eSI6NTB9fX0=,/sneakers/nike/nike-air-max-alpha-trainer-6-particle-grey-fq1833-006-ka/107848?from=search
Nike Air Humara Oil Green Malachite,1520000,https://d5ibtax54de3q.cloudfront.net/eyJidWNrZXQiOiJraWNrYXZlbnVlLWFzc2V0cyIsImtleSI6InByb2R1Y3RzLzY4NjQxLzQ5MGY1OTQ5NWQ5NzI4NmVhMzIzYWQyYzk0YTg1OWJkLnBuZyIsImVkaXRzIjp7InJlc2l6ZSI6eyJ3aWR0aCI6NDAwfSwid2VicCI6eyJxdWFsaXR5Ijo1MH19fQ==,/sneakers/nike/nike-air-humara-oil-green-malachite-fj7098-301-ka/68641?from=search
Nike Air Force 3 Low SP Nigo Blue Void,5490000,https://d5ibtax54de3q.cloudfront.net/eyJidWNrZXQiOiJraWNrYXZlbnVlLWFzc2V0cyIsImtleSI6InByb2R1Y3RzLzExMzM1My8yMGRjZGJmODQxZjdlMjhhMThmN2M1YzRjZWMzMDQ1Mi5wbmciLCJlZGl0cyI6eyJyZXNpemUiOnsid2lkdGgiOjQwMH0sIndlYnAiOnsicXVhbGl0eSI6NTB9fX0=,/sneakers/nike/nike-air-force-3-low-sp-nigo-blue-void-hq1458-400-ka/113353?from=search
New Balance Numeric 480 Kith Madison Square Garden Tan Orange,5100000,https://d5ibtax54de3q.cloudfront.net/eyJidWNrZXQiOiJraWNrYXZlbnVlLWFzc2V0cyIsImtleSI6InByb2R1Y3RzLzExNDk2NS9jYjFkNzhjMmM2NDIyNmEyODA0MzI4N2RjYTg1NTNjZS5wbmciLCJlZGl0cyI6eyJyZXNpemUiOnsid2lkdGgiOjQwMH0sIndlYnAiOnsicXVhbGl0eSI6NTB9fX0=,/sneakers/new-balance/new-balance-numeric-480-kith-madison-square-garden-tan-orange-nm480nyc-ka/114965?from=search
Air Jordan Why Not Zer0.5 PF Hype Music,1250000,https://d5ibtax54de3q.cloudfront.net/eyJidWNrZXQiOiJraWNrYXZlbnVlLWFzc2V0cyIsImtleSI6InByb2R1Y3RzLzkzOTIxL2Y4YmI1YTQzOWMzZDU4Y2ZmOGE3Zjc0NDZlZmI4ZGRkLnBuZyIsImVkaXRzIjp7InJlc2l6ZSI6eyJ3aWR0aCI6NDAwfSwid2VicCI6eyJxdWFsaXR5Ijo1MH19fQ==,/sneakers/nike/jordan-jordan-why-not-zer05-pf-hype-music-dc3638-001-ka/93921?from=search
New Balance 550 White Royal Black,1340000,https://d5ibtax54de3q.cloudfront.net/eyJidWNrZXQiOiJraWNrYXZlbnVlLWFzc2V0cyIsImtleSI6InByb2R1Y3RzLzMwMDQ5L2I4MjMxYTU3YzcwMzcxZjFlNmM0MzYwMGY4ODFjODAzLnBuZyIsImVkaXRzIjp7InJlc2l6ZSI6eyJ3aWR0aCI6NDAwfSwid2VicCI6eyJxdWFsaXR5Ijo1MH19fQ==,/sneakers/new-balance/new-balance-550-white-royal-black-bb550hn1-ka-2/30049?from=search
Nike Air Zoom Pegasus 38 Running Club,2600000,https://d5ibtax54de3q.cloudfront.net/eyJidWNrZXQiOiJraWNrYXZlbnVlLWFzc2V0cyIsImtleSI6InByb2R1Y3RzLzkwNTg2LzZhYTdmZTg4YWRmYWEwYTU0NTUzM2JhMjQyYmE3OTc5LnBuZyIsImVkaXRzIjp7InJlc2l6ZSI6eyJ3aWR0aCI6NDAwfSwid2VicCI6eyJxdWFsaXR5Ijo1MH19fQ==,/sneakers/nike/nike-air-zoom-pegasus-38-running-club-do2337-100-ka/90586?from=search
New Balance 550 Joe Freshgoods Conversations Amongst Us,2620000,https://d5ibtax54de3q.cloudfront.net/eyJidWNrZXQiOiJraWNrYXZlbnVlLWFzc2V0cyIsImtleSI6InByb2R1Y3RzLzMxNzY5LzM3ZDE4MTc0ZmM0NDE5YmZiZmMwZjA0NjViNWQ2Njc2LnBuZyIsImVkaXRzIjp7InJlc2l6ZSI6eyJ3aWR0aCI6NDAwfSwid2VicCI6eyJxdWFsaXR5Ijo1MH19fQ==,/sneakers/new-balance/new-balance-550-joe-freshgoods-conversations-amongst-us-bb550bh1-ka-2/31769?from=search
Nike KD 14 Kay Yow,3830000,https://d5ibtax54de3q.cloudfront.net/eyJidWNrZXQiOiJraWNrYXZlbnVlLWFzc2V0cyIsImtleSI6InByb2R1Y3RzLzgzMDY3LzNhOWE0MjU0OWM5ZDkzODQxMWIyYzUxNmEzMWJjMjc3LnBuZyIsImVkaXRzIjp7InJlc2l6ZSI6eyJ3aWR0aCI6NDAwfSwid2VicCI6eyJxdWFsaXR5Ijo1MH19fQ==,/sneakers/nike/nike-kd-14-kay-yow-dv2497-600-ka/83067?from=search
New Balance 725 Radically Classic Pack Off White Gum,1020000,https://d5ibtax54de3q.cloudfront.net/eyJidWNrZXQiOiJraWNrYXZlbnVlLWFzc2V0cyIsImtleSI6InByb2R1Y3RzLzM4ODM1L2ZmZTA3MWYyNDk5OTBmOWQ5M2JkNzFjYjRjMjY5MGQ0LnBuZyIsImVkaXRzIjp7InJlc2l6ZSI6eyJ3aWR0aCI6NDAwfSwid2VicCI6eyJxdWFsaXR5Ijo1MH19fQ==,/sneakers/new-balance/new-balance-725-radically-classic-pack-off-white-gum-ml725t-ka-2/38835?from=search
Adidas Top Ten RB White Black,1100000,https://d5ibtax54de3q.cloudfront.net/eyJidWNrZXQiOiJraWNrYXZlbnVlLWFzc2V0cyIsImtleSI6InByb2R1Y3RzLzExMjc2OC81YjhkZmMzYzM4MjVkZmZmNTcxYjVkN2E1ZDBmYmFlYy5wbmciLCJlZGl0cyI6eyJyZXNpemUiOnsid2lkdGgiOjQwMH0sIndlYnAiOnsicXVhbGl0eSI6NTB9fX0=,/sneakers/adidas/adidas-top-ten-rb-white-black-gx0741-ka/112768?from=search
Nike Vomero 17 Pure Platinum White,1710000,https://d5ibtax54de3q.cloudfront.net/eyJidWNrZXQiOiJraWNrYXZlbnVlLWFzc2V0cyIsImtleSI6InByb2R1Y3RzLzEwNzg1NS8wNDYzNmZkZGM3MjgzNjMwODkzYjYwNWViNTk5NDZjNy5wbmciLCJlZGl0cyI6eyJyZXNpemUiOnsid2lkdGgiOjQwMH0sIndlYnAiOnsicXVhbGl0eSI6NTB9fX0=,/sneakers/nike/nike-vomero-17-pure-platinum-white-fb1309-104-ka/107855?from=search
ASICS Gel MC Plus Grape Azure,2100000,https://d5ibtax54de3q.cloudfront.net/eyJidWNrZXQiOiJraWNrYXZlbnVlLWFzc2V0cyIsImtleSI6InByb2R1Y3RzLzEwMDU2OC8xOTIyMWRlMmFiMmZlMjkxNDVjYWQ0NTA3MTA0ZjMxZS5wbmciLCJlZGl0cyI6eyJyZXNpemUiOnsid2lkdGgiOjQwMH0sIndlYnAiOnsicXVhbGl0eSI6NTB9fX0=,/sneakers/asics/asics-gel-mc-plus-grape-azure-1201a021-500-ka-2/100568?from=search
Nike Precision 6 Phantom Light Iron Ore,1020000,https://d5ibtax54de3q.cloudfront.net/eyJidWNrZXQiOiJraWNrYXZlbnVlLWFzc2V0cyIsImtleSI6InByb2R1Y3RzLzg1MTAxLzExYWY5YzkyYTZjMTc4Y2VmNDQ2Y2FmZDIyYTMwOTYzLnBuZyIsImVkaXRzIjp7InJlc2l6ZSI6eyJ3aWR0aCI6NDAwfSwid2VicCI6eyJxdWFsaXR5Ijo1MH19fQ==,/sneakers/nike/nike-precision-6-phantom-light-iron-ore-dd9535-004-ka/85101?from=search
Nike Vapor Edge Elite 360 Flyknit Black Volt,2990000,https://d5ibtax54de3q.cloudfront.net/eyJidWNrZXQiOiJraWNrYXZlbnVlLWFzc2V0cyIsImtleSI6InByb2R1Y3RzLzg1OTEwL2ZhNmUxOTA3NDNlMDA1YWQ3MjEyNDAwN2RhZTY4YTc5LnBuZyIsImVkaXRzIjp7InJlc2l6ZSI6eyJ3aWR0aCI6NDAwfSwid2VicCI6eyJxdWFsaXR5Ijo1MH19fQ==,/sneakers/nike/nike-vapor-edge-elite-360-flyknit-black-volt-dq3558-071-ka/85910?from=search
Adidas Trae Young 1 Tie-Dye,1670000,https://d5ibtax54de3q.cloudfront.net/eyJidWNrZXQiOiJraWNrYXZlbnVlLWFzc2V0cyIsImtleSI6InByb2R1Y3RzLzU4NTk4L2FhNjczNDJkMDY0MWQyODU2ODRmOTU4NjVhNDgyZDAxLmpwZWciLCJlZGl0cyI6eyJyZXNpemUiOnsid2lkdGgiOjQwMH0sIndlYnAiOnsicXVhbGl0eSI6NTB9fX0=,/sneakers/adidas/adidas-trae-young-1-tie-dye-gy0295-ka/58598?from=search
New Balance Fresh Foam X 860v13 Black Phantom,1950000,https://d5ibtax54de3q.cloudfront.net/eyJidWNrZXQiOiJraWNrYXZlbnVlLWFzc2V0cyIsImtleSI6InByb2R1Y3RzLzk4OTIyL2U3ZTI3YTNlM2NmOWNjODM1Y2QyMDJhNTk0NDFiNTk0LnBuZyIsImVkaXRzIjp7InJlc2l6ZSI6eyJ3aWR0aCI6NDAwfSwid2VicCI6eyJxdWFsaXR5Ijo1MH19fQ==,/sneakers/new-balance/new-balance-fresh-foam-x-860v13-black-phantom-m860t13-ka/98922?from=search
New Balance 990v2 MiUSA Teddy Santis Navy Castlerock,2830000,https://d5ibtax54de3q.cloudfront.net/eyJidWNrZXQiOiJraWNrYXZlbnVlLWFzc2V0cyIsImtleSI6InByb2R1Y3RzLzM2OTY3L2IxMzZkNzM3ZTRiZGYwMmM4YjJhZjUwMTg2ZDlhZjNkLnBuZyIsImVkaXRzIjp7InJlc2l6ZSI6eyJ3aWR0aCI6NDAwfSwid2VicCI6eyJxdWFsaXR5Ijo1MH19fQ==,/sneakers/new-balance/new-balance-990v2-miusa-teddy-santis-navy-castlerock-m990tb2-ka-2/36967?from=search
ASICS Bespoke Gel-Keyano 14 Gore-Tex Beams Mosquito Net,2890000,https://d5ibtax54de3q.cloudfront.net/eyJidWNrZXQiOiJraWNrYXZlbnVlLWFzc2V0cyIsImtleSI6InByb2R1Y3RzLzk4MTY3LzE4MjVmMTYxZGJmZTk3OGM4NzQ3ZWMxZjQ0YzFiNjA4LnBuZyIsImVkaXRzIjp7InJlc2l6ZSI6eyJ3aWR0aCI6NDAwfSwid2VicCI6eyJxdWFsaXR5Ijo1MH19fQ==,/sneakers/asics/asics-bespoke-gel-keyano-14-gore-tex-beams-mosquito-net-1201a532-001-ka/98167?from=search
ASICS EX89 Los Angeles Lakers,1310000,https://d5ibtax54de3q.cloudfront.net/eyJidWNrZXQiOiJraWNrYXZlbnVlLWFzc2V0cyIsImtleSI6InByb2R1Y3RzLzU4ODE5LzFhNTEzYjIzZTU3Y2U5MGY0ZTgxYzY1MzhlYTc0NmRkLmpwZWciLCJlZGl0cyI6eyJyZXNpemUiOnsid2lkdGgiOjQwMH0sIndlYnAiOnsicXVhbGl0eSI6NTB9fX0=,/sneakers/asics/asics-ex89-los-angeles-lakers-1201a476-102-ka/58819?from=search
Nike Air Presto Mid Utility Baroque Brown Sesame,1020000,https://d5ibtax54de3q.cloudfront.net/eyJidWNrZXQiOiJraWNrYXZlbnVlLWFzc2V0cyIsImtleSI6InByb2R1Y3RzLzg4MjkxLzcyNDE1YzRjM2EwNmM2NmQxNjA5YmRhOWQ3OThmY2Y2LnBuZyIsImVkaXRzIjp7InJlc2l6ZSI6eyJ3aWR0aCI6NDAwfSwid2VicCI6eyJxdWFsaXR5Ijo1MH19fQ==,/sneakers/nike/nike-air-presto-mid-utility-baroque-brown-sesame-dc8751-200-ka/88291?from=search
Nike Atsuma Obsidian Laser Orange,1120000,https://d5ibtax54de3q.cloudfront.net/eyJidWNrZXQiOiJraWNrYXZlbnVlLWFzc2V0cyIsImtleSI6InByb2R1Y3RzLzg4NjQ3LzFlMDYzMjMwZWJiMGZlODZmOTczY2RlNTkzNjhjMjJmLnBuZyIsImVkaXRzIjp7InJlc2l6ZSI6eyJ3aWR0aCI6NDAwfSwid2VicCI6eyJxdWFsaXR5Ijo1MH19fQ==,/sneakers/nike/nike-atsuma-obsidian-laser-orange-cd5461-400-ka-2/88647?from=search
Nike Kyrie Infinity TB University Gold,2350000,https://d5ibtax54de3q.cloudfront.net/eyJidWNrZXQiOiJraWNrYXZlbnVlLWFzc2V0cyIsImtleSI6InByb2R1Y3RzLzgyNDcwL2FmNTNiMDI0ODRkYWU1NjIwYjVlZjQ5YmRjYThmZTYzLnBuZyIsImVkaXRzIjp7InJlc2l6ZSI6eyJ3aWR0aCI6NDAwfSwid2VicCI6eyJxdWFsaXR5Ijo1MH19fQ==,/sneakers/nike/nike-kyrie-infinity-tb-university-gold-do9616-701-ka-2/82470?from=search
New Balance 991 MiUK White Grey,2600000,https://d5ibtax54de3q.cloudfront.net/eyJidWNrZXQiOiJraWNrYXZlbnVlLWFzc2V0cyIsImtleSI6InByb2R1Y3RzLzcwNjAyL2UwMjc1ZDM4OWM1OTZjY2JkNjQ4NWNmODJiZGZlODM5LnBuZyIsImVkaXRzIjp7InJlc2l6ZSI6eyJ3aWR0aCI6NDAwfSwid2VicCI6eyJxdWFsaXR5Ijo1MH19fQ==,/sneakers/new-balance/new-balance-991-miuk-white-grey-m991tw-ka/70602?from=search
ASICS EX89 White Cream Light Blue,1580000,https://d5ibtax54de3q.cloudfront.net/eyJidWNrZXQiOiJraWNrYXZlbnVlLWFzc2V0cyIsImtleSI6InByb2R1Y3RzLzk5OTk5L2M4MWVmNGYwMDA2NjljMDExYWMzMGI4MmEwMDkzZGU0LnBuZyIsImVkaXRzIjp7InJlc2l6ZSI6eyJ3aWR0aCI6NDAwfSwid2VicCI6eyJxdWFsaXR5Ijo1MH19fQ==,/sneakers/asics/asics-ex89-white-cream-light-blue-1201a476-110-ka/99999?from=search
Nike Air Force 1 '07 Premium NAI-KE The One Line,1680000,https://d5ibtax54de3q.cloudfront.net/eyJidWNrZXQiOiJraWNrYXZlbnVlLWFzc2V0cyIsImtleSI6InByb2R1Y3RzLzc5NDg1LzhkNGQ0ZDA4ZWFmMGEwNjBhMjBiODY3NGJjNWI0MGI4LnBuZyIsImVkaXRzIjp7InJlc2l6ZSI6eyJ3aWR0aCI6NDAwfSwid2VicCI6eyJxdWFsaXR5Ijo1MH19fQ==,/sneakers/nike/nike-air-force-1-07-premium-nai-ke-the-one-line-dm8871-111-ka-2/79485?from=search
Nike Court Vision Low White Black Metallic Gold,1460000,https://d5ibtax54de3q.cloudfront.net/eyJidWNrZXQiOiJraWNrYXZlbnVlLWFzc2V0cyIsImtleSI6InByb2R1Y3RzLzg4Nzg5L2RlMDQ2M2NmMDZmNTY0NzY3NzU3OTA5MDgyOGViNTUzLnBuZyIsImVkaXRzIjp7InJlc2l6ZSI6eyJ3aWR0aCI6NDAwfSwid2VicCI6eyJxdWFsaXR5Ijo1MH19fQ==,/sneakers/nike/nike-court-vision-low-white-black-metallic-gold-dv1899-100-ka/88789?from=search
Air Jordan 1 Mid SE Valentine's Day Flowers,2310000,https://d5ibtax54de3q.cloudfront.net/eyJidWNrZXQiOiJraWNrYXZlbnVlLWFzc2V0cyIsImtleSI6InByb2R1Y3RzLzY1NDgzL2U1MjNhNmYwYjY1ZGViM2M5YmRlMzc1OTljN2ZkNGNlLnBuZyIsImVkaXRzIjp7InJlc2l6ZSI6eyJ3aWR0aCI6NDAwfSwid2VicCI6eyJxdWFsaXR5Ijo1MH19fQ==,/sneakers/air-jordan/air-jordan-1-mid-se-valentines-day-flowers-fd4330-101-ka/65483?from=search
Adidas Terrex Trail Rider Core Black,1100000,https://d5ibtax54de3q.cloudfront.net/eyJidWNrZXQiOiJraWNrYXZlbnVlLWFzc2V0cyIsImtleSI6InByb2R1Y3RzLzc0ODk4LzEzZjgzM2E0YjBkZWE2Mzk2MmI5MTAwYjM0MGI1NGE5LnBuZyIsImVkaXRzIjp7InJlc2l6ZSI6eyJ3aWR0aCI6NDAwfSwid2VicCI6eyJxdWFsaXR5Ijo1MH19fQ==,/sneakers/adidas/adidas-terrex-trail-rider-core-black-hr1160-ka/74898?from=search
Saucony Endorphin Elite Slime,3990000,https://d5ibtax54de3q.cloudfront.net/eyJidWNrZXQiOiJraWNrYXZlbnVlLWFzc2V0cyIsImtleSI6InByb2R1Y3RzLzEwNTEzMy8xMzBjMmFhYjE3YmIyNDRkNDIwZGQ1OWI1NDkwNjlmNi5wbmciLCJlZGl0cyI6eyJyZXNpemUiOnsid2lkdGgiOjQwMH0sIndlYnAiOnsicXVhbGl0eSI6NTB9fX0=,/sneakers/saucony/saucony-endorphin-elite-slime-s20768-30-ka-2/105133?from=search
Hoka One One Challenger ATR 7 2E Wide 'Black',2180000,https://d5ibtax54de3q.cloudfront.net/eyJidWNrZXQiOiJraWNrYXZlbnVlLWFzc2V0cyIsImtleSI6InByb2R1Y3RzLzk3NzA1L2FmMDg3NjgzZTlmYjZlYTU0MDBhZTNhNjNkNzU1N2VkLnBuZyIsImVkaXRzIjp7InJlc2l6ZSI6eyJ3aWR0aCI6NDAwfSwid2VicCI6eyJxdWFsaXR5Ijo1MH19fQ==,/sneakers/hoka/hoka-one-one-challenger-atr-7-2e-wide-black-1134499-bblc-ka/97705?from=search
New Balance 991 MiUK Leather Black Grey,3040000,https://d5ibtax54de3q.cloudfront.net/eyJidWNrZXQiOiJraWNrYXZlbnVlLWFzc2V0cyIsImtleSI6InByb2R1Y3RzLzcwNTk1LzUzMjFkOTUzYTdlYmY5OTI0NThiYjNkNmMzMDI4YTBlLnBuZyIsImVkaXRzIjp7InJlc2l6ZSI6eyJ3aWR0aCI6NDAwfSwid2VicCI6eyJxdWFsaXR5Ijo1MH19fQ==,/sneakers/new-balance/new-balance-991-miuk-leather-black-grey-m991tk-ka/70595?from=search
Onitsuka Tiger 66 White Light Sage,2550000,https://d5ibtax54de3q.cloudfront.net/eyJidWNrZXQiOiJraWNrYXZlbnVlLWFzc2V0cyIsImtleSI6InByb2R1Y3RzLzEwODQxOS9mN2U5YzNlMGJiMzViNzY2NzA4NjdhYmI4MWNiNDIzNy5wbmciLCJlZGl0cyI6eyJyZXNpemUiOnsid2lkdGgiOjQwMH0sIndlYnAiOnsicXVhbGl0eSI6NTB9fX0=,/sneakers/onitsuka-tiger/onitsuka-tiger-66-white-light-sage-1183a942-101-ka/108419?from=search
Nike Spike Flat 'Rawdacious',2310000,https://d5ibtax54de3q.cloudfront.net/eyJidWNrZXQiOiJraWNrYXZlbnVlLWFzc2V0cyIsImtleSI6InByb2R1Y3RzLzg1NjQxL2ViZDg2OGJmZTQzZjhhNjdhMjU1MTE2YzRlODRmYjhmLnBuZyIsImVkaXRzIjp7InJlc2l6ZSI6eyJ3aWR0aCI6NDAwfSwid2VicCI6eyJxdWFsaXR5Ijo1MH19fQ==,/sneakers/nike/nike-spike-flat-rawdacious-dn1699-100-ka/85641?from=search
Nike Free Metcon 5 Black White,1380000,https://d5ibtax54de3q.cloudfront.net/eyJidWNrZXQiOiJraWNrYXZlbnVlLWFzc2V0cyIsImtleSI6InByb2R1Y3RzLzg5MjIwLzQ4NDk3YjI4MmE3OGJlMDViMGM1NWQzYjUxYTdlYWJmLnBuZyIsImVkaXRzIjp7InJlc2l6ZSI6eyJ3aWR0aCI6NDAwfSwid2VicCI6eyJxdWFsaXR5Ijo1MH19fQ==,/sneakers/nike/nike-free-metcon-5-black-white-dv3949-001-ka/89220?from=search
New Balance 327 Blue Indigo White,1310000,https://d5ibtax54de3q.cloudfront.net/eyJidWNrZXQiOiJraWNrYXZlbnVlLWFzc2V0cyIsImtleSI6InByb2R1Y3RzLzYwODAyLzY1NDhjMzI3ZTIzMTcxYTM2ODUxZWY1ZTRmMGZlN2FhLmpwZWciLCJlZGl0cyI6eyJyZXNpemUiOnsid2lkdGgiOjQwMH0sIndlYnAiOnsicXVhbGl0eSI6NTB9fX0=,/sneakers/new-balance/new-balance-327-blue-indigo-white-ms327de-ka/60802?from=search
ANTA Kevon Looney x Shock The Game 5 Crazy Tide,1130000,https://d5ibtax54de3q.cloudfront.net/eyJidWNrZXQiOiJraWNrYXZlbnVlLWFzc2V0cyIsImtleSI6InByb2R1Y3RzLzk5NDgwLzNjNzU3YTY5MjhjMjAwZjEyMDE2ZmYyNzJhMjhhMTU1LnBuZyIsImVkaXRzIjp7InJlc2l6ZSI6eyJ3aWR0aCI6NDAwfSwid2VicCI6eyJxdWFsaXR5Ijo1MH19fQ==,/sneakers/anta/anta-kevon-looney-x-shock-the-game-5-crazy-tide-112131601-10-ka-2/99480?from=search
A Bathing Ape Bape Sta Heron Preston,4570000,https://d5ibtax54de3q.cloudfront.net/eyJidWNrZXQiOiJraWNrYXZlbnVlLWFzc2V0cyIsImtleSI6InByb2R1Y3RzLzMyMjEyLzdkNGY5YTI5YzM5MDU5MGExNTkzN2JiNDhiYmNiNTQwLnBuZyIsImVkaXRzIjp7InJlc2l6ZSI6eyJ3aWR0aCI6NDAwfSwid2VicCI6eyJxdWFsaXR5Ijo1MH19fQ==,/sneakers/bape-sta/a-bathing-ape-bape-sta-heron-preston-1i23-191-904-ka/32212?from=search
Li-Ning Wade All City 11 Year of the Rabbit,1220000,https://d5ibtax54de3q.cloudfront.net/eyJidWNrZXQiOiJraWNrYXZlbnVlLWFzc2V0cyIsImtleSI6InByb2R1Y3RzLzEwMjc2Ny84YjY5ODQ0ODMzYjE0YjM2MTFhMGMwNTg4MDA3OTVhNi5wbmciLCJlZGl0cyI6eyJyZXNpemUiOnsid2lkdGgiOjQwMH0sIndlYnAiOnsicXVhbGl0eSI6NTB9fX0=,/sneakers/li-ning/li-ning-wade-all-city-11-year-of-the-rabbit-abat005-7-ka-2/102767?from=search
Adidas Gazelle Indoor Sean Wotherspoon,2980000,https://d5ibtax54de3q.cloudfront.net/eyJidWNrZXQiOiJraWNrYXZlbnVlLWFzc2V0cyIsImtleSI6InByb2R1Y3RzLzYyMDEzLzkyMjc0NzkxN2Y1MDhiMzRkNDBmZDM0ODRmMzE4NjY3LmpwZWciLCJlZGl0cyI6eyJyZXNpemUiOnsid2lkdGgiOjQwMH0sIndlYnAiOnsicXVhbGl0eSI6NTB9fX0=,/sneakers/adidas/adidas-gazelle-indoor-sean-wotherspoon-ig2849-ka/62013?from=search
Adidas Adifom Climacool Lucid Blue,870000,https://d5ibtax54de3q.cloudfront.net/eyJidWNrZXQiOiJraWNrYXZlbnVlLWFzc2V0cyIsImtleSI6InByb2R1Y3RzLzc1NDkyLzliNGQ5ZjA0YTAwZjMxODQ4NmUzMDhlYTNkOTljYjA3LnBuZyIsImVkaXRzIjp7InJlc2l6ZSI6eyJ3aWR0aCI6NDAwfSwid2VicCI6eyJxdWFsaXR5Ijo1MH19fQ==,/sneakers/adidas/adidas-adifom-climacool-lucid-blue-if3899-ka/75492?from=search
Adidas Campus 00's Off White,1540000,https://d5ibtax54de3q.cloudfront.net/eyJidWNrZXQiOiJraWNrYXZlbnVlLWFzc2V0cyIsImtleSI6InByb2R1Y3RzLzc3MDUwL2FjZDMzNzFkOWQ0M2I2MzhiZDlhNjM5NjdhNzVlOWZhLnBuZyIsImVkaXRzIjp7InJlc2l6ZSI6eyJ3aWR0aCI6NDAwfSwid2VicCI6eyJxdWFsaXR5Ijo1MH19fQ==,/sneakers/adidas/adidas-campus-00s-off-white-id2070-ka/77050?from=search
Adidas Grand Court 2.0 White Shadow Navy,1490000,https://d5ibtax54de3q.cloudfront.net/eyJidWNrZXQiOiJraWNrYXZlbnVlLWFzc2V0cyIsImtleSI6InByb2R1Y3RzLzczMTcwL2ZmNDkyOGRjMWI1N2FmZDE3ZDM2ZTgzNDFlNmUwZmY1LnBuZyIsImVkaXRzIjp7InJlc2l6ZSI6eyJ3aWR0aCI6NDAwfSwid2VicCI6eyJxdWFsaXR5Ijo1MH19fQ==,/sneakers/adidas/adidas-grand-court-20-white-shadow-navy-id4469-ka/73170?from=search
Adidas Gazelle 85 Better Scarlet,2200000,https://d5ibtax54de3q.cloudfront.net/eyJidWNrZXQiOiJraWNrYXZlbnVlLWFzc2V0cyIsImtleSI6InByb2R1Y3RzLzExMDU3OS8zMjcxMmIwYTRkOGYzZmJlOGJlOTFjZmY5MzkwMDk3Ny5wbmciLCJlZGl0cyI6eyJyZXNpemUiOnsid2lkdGgiOjQwMH0sIndlYnAiOnsicXVhbGl0eSI6NTB9fX0=,/sneakers/adidas/adidas-gazelle-85-better-scarlet-ig0455-ka/110579?from=search
Nike ZoomX Zegama White Black Vivid Sulphur,1360000,https://d5ibtax54de3q.cloudfront.net/eyJidWNrZXQiOiJraWNrYXZlbnVlLWFzc2V0cyIsImtleSI6InByb2R1Y3RzLzkzMjM2L2EzZDI5MmY4MDkxYjgyYzJiYjQ5M2ZjYjdkM2VlNzA0LnBuZyIsImVkaXRzIjp7InJlc2l6ZSI6eyJ3aWR0aCI6NDAwfSwid2VicCI6eyJxdWFsaXR5Ijo1MH19fQ==,/sneakers/nike/nike-zoomx-zegama-white-black-vivid-sulphur-dh0623-100-ka/93236?from=search
Nike Giannis Immortality 3 EP Black White,1260000,https://d5ibtax54de3q.cloudfront.net/eyJidWNrZXQiOiJraWNrYXZlbnVlLWFzc2V0cyIsImtleSI6InByb2R1Y3RzLzcwODA2L2E3OWNkMGZlYzY4ZjllZjhhMDYzN2ViNjcwYTQxZGYwLnBuZyIsImVkaXRzIjp7InJlc2l6ZSI6eyJ3aWR0aCI6NDAwfSwid2VicCI6eyJxdWFsaXR5Ijo1MH19fQ==,/sneakers/nike/nike-giannis-immortality-3-ep-black-white-dz7534-003-ka/70806?from=search
Nike Air Force 1 Low NAI-KE Light Bone Gorge Green,1960000,https://d5ibtax54de3q.cloudfront.net/eyJidWNrZXQiOiJraWNrYXZlbnVlLWFzc2V0cyIsImtleSI6InByb2R1Y3RzLzc5Nzg3LzBlNGYwZWU5NDE5NTMxOTM2MjU2NTA5YjdhZDZiMTk4LnBuZyIsImVkaXRzIjp7InJlc2l6ZSI6eyJ3aWR0aCI6NDAwfSwid2VicCI6eyJxdWFsaXR5Ijo1MH19fQ==,/sneakers/nike/nike-air-force-1-low-nai-ke-light-bone-gorge-green-fn0369-100-ka/79787?from=search
Nike React Infinity Run Flyknit 3 Black White,2110000,https://d5ibtax54de3q.cloudfront.net/eyJidWNrZXQiOiJraWNrYXZlbnVlLWFzc2V0cyIsImtleSI6InByb2R1Y3RzLzc2MzM4Lzc0NzAxMTI0NzM5OWMyZDAzNGJkMjIwZjk4YzRmMTMxLnBuZyIsImVkaXRzIjp7InJlc2l6ZSI6eyJ3aWR0aCI6NDAwfSwid2VicCI6eyJxdWFsaXR5Ijo1MH19fQ==,/sneakers/nike/nike-react-infinity-run-flyknit-3-black-white-dh5392-001-ka/76338?from=search
Nike Dunk Low Be True Hyperflat,1550000,https://d5ibtax54de3q.cloudfront.net/eyJidWNrZXQiOiJraWNrYXZlbnVlLWFzc2V0cyIsImtleSI6InByb2R1Y3RzLzgyNzE0LzJmYWI5OTc1NmFkZGI2OTYzNzI1ZWE1MGQzM2EwYjA0LnBuZyIsImVkaXRzIjp7InJlc2l6ZSI6eyJ3aWR0aCI6NDAwfSwid2VicCI6eyJxdWFsaXR5Ijo1MH19fQ==,/sneakers/nike/nike-dunk-low-be-true-hyperflat-fn8882-001-ka/82714?from=search
Adidas Adimatic Mid Maite Steenhoudt,1430000,https://d5ibtax54de3q.cloudfront.net/eyJidWNrZXQiOiJraWNrYXZlbnVlLWFzc2V0cyIsImtleSI6InByb2R1Y3RzLzcyMDAzL2U5NTU5M2ZjY2JkZTBjNDc2ZmY4ODlhZjQyMmZmYWMzLnBuZyIsImVkaXRzIjp7InJlc2l6ZSI6eyJ3aWR0aCI6NDAwfSwid2VicCI6eyJxdWFsaXR5Ijo1MH19fQ==,/sneakers/adidas/adidas-adimatic-mid-maite-steenhoudt-ig8174-ka/72003?from=search
Converse Chuck 70 Low Rick Owens x DRKSHDW DBL DRKSTAR,2210000,https://d5ibtax54de3q.cloudfront.net/eyJidWNrZXQiOiJraWNrYXZlbnVlLWFzc2V0cyIsImtleSI6InByb2R1Y3RzLzEwMzU1OC8wMDc1NjUzYzhjNmQ2NzcyMjI5NmFjNmVlMzUzMjQ1MC5wbmciLCJlZGl0cyI6eyJyZXNpemUiOnsid2lkdGgiOjQwMH0sIndlYnAiOnsicXVhbGl0eSI6NTB9fX0=,/sneakers/converse/converse-chuck-70-low-rick-owens-x-drkshdw-dbl-drkstar-a04955c-ka/103558?from=search
Adidas Rivalry High The Simpsons Scratchy,840000,https://d5ibtax54de3q.cloudfront.net/eyJidWNrZXQiOiJraWNrYXZlbnVlLWFzc2V0cyIsImtleSI6InByb2R1Y3RzLzcyODI0L2UzMDgyOTJkZTc5ODEyN2Q2ZGE2MjViNjhmZDMwYWNlLnBuZyIsImVkaXRzIjp7InJlc2l6ZSI6eyJ3aWR0aCI6NDAwfSwid2VicCI6eyJxdWFsaXR5Ijo1MH19fQ==,/sneakers/adidas/adidas-rivalry-high-the-simpsons-scratchy-ie7565-ka/72824?from=search
ASICS Gel Hyper Speed 3 Wide Black White,1310000,https://d5ibtax54de3q.cloudfront.net/eyJidWNrZXQiOiJraWNrYXZlbnVlLWFzc2V0cyIsImtleSI6InByb2R1Y3RzLzEwMDI1Ny83YWU5ZDk5YjA3YzUxNjhiYThjNDkwMGI4MTMxMmYzZC5wbmciLCJlZGl0cyI6eyJyZXNpemUiOnsid2lkdGgiOjQwMH0sIndlYnAiOnsicXVhbGl0eSI6NTB9fX0=,/sneakers/asics/asics-gel-hyper-speed-3-wide-black-white-1011b702-001-ka-2/100257?from=search
Adidas Harden Vol. 7 Wonder Blue Impact Orange,1690000,https://d5ibtax54de3q.cloudfront.net/eyJidWNrZXQiOiJraWNrYXZlbnVlLWFzc2V0cyIsImtleSI6InByb2R1Y3RzLzcyNTUwLzU1NWVhNmY5N2ZmOThmNTVhOWM0ZjgxYzhlNDMzMjlhLnBuZyIsImVkaXRzIjp7InJlc2l6ZSI6eyJ3aWR0aCI6NDAwfSwid2VicCI6eyJxdWFsaXR5Ijo1MH19fQ==,/sneakers/adidas/adidas-harden-vol-7-wonder-blue-impact-orange-ie9249-ka/72550?from=search
New Balance Fresh Foam X 1080v13 Grey Matter,1590000,https://d5ibtax54de3q.cloudfront.net/eyJidWNrZXQiOiJraWNrYXZlbnVlLWFzc2V0cyIsImtleSI6InByb2R1Y3RzLzk4OTE0LzkxZDk0MGI3MzMzY2IyY2EwZWM1ZjQxNjNkNDIzZGY3LnBuZyIsImVkaXRzIjp7InJlc2l6ZSI6eyJ3aWR0aCI6NDAwfSwid2VicCI6eyJxdWFsaXR5Ijo1MH19fQ==,/sneakers/new-balance/new-balance-fresh-foam-x-1080v13-grey-matter-m1080i13-ka-2/98914?from=search
New Balance Kith x 1700 Canada Pack Marshmallow,2910000,https://d5ibtax54de3q.cloudfront.net/eyJidWNrZXQiOiJraWNrYXZlbnVlLWFzc2V0cyIsImtleSI6InByb2R1Y3RzLzk5MDc4Lzg3MzM2YTBlMTNhMTNlODFmMzZhZDdkN2ZmYzM4NDFhLnBuZyIsImVkaXRzIjp7InJlc2l6ZSI6eyJ3aWR0aCI6NDAwfSwid2VicCI6eyJxdWFsaXR5Ijo1MH19fQ==,/sneakers/new-balance/new-balance-kith-x-1700-canada-pack-marshmallow-cm1700km-ka-2/99078?from=search
Air Jordan Zoom Separate PF Black Sky Grey,1170000,https://d5ibtax54de3q.cloudfront.net/eyJidWNrZXQiOiJraWNrYXZlbnVlLWFzc2V0cyIsImtleSI6InByb2R1Y3RzLzkzOTYwL2Q0NWUzMWIzODg1Y2NiNzYyYzM2MDhhNzM4MjkyY2M0LnBuZyIsImVkaXRzIjp7InJlc2l6ZSI6eyJ3aWR0aCI6NDAwfSwid2VicCI6eyJxdWFsaXR5Ijo1MH19fQ==,/sneakers/nike/jordan-jordan-zoom-separate-pf-black-sky-grey-dh0248-001-ka/93960?from=search
ASICS Gel-NYC Shigen 2.0 White Blue,2000000,https://d5ibtax54de3q.cloudfront.net/eyJidWNrZXQiOiJraWNrYXZlbnVlLWFzc2V0cyIsImtleSI6InByb2R1Y3RzLzk2MjIxLzU1MTg1ZDc0NWU0NTVjNjJlNzdmNzNlOWU1ZmI1ODhhLnBuZyIsImVkaXRzIjp7InJlc2l6ZSI6eyJ3aWR0aCI6NDAwfSwid2VicCI6eyJxdWFsaXR5Ijo1MH19fQ==,/sneakers/asics/asics-gel-nyc-shigen-20-white-blue-1203a281-100-ka/96221?from=search
ASICS Gel-Terrain Gore-Tex Nonnative,5500000,https://d5ibtax54de3q.cloudfront.net/eyJidWNrZXQiOiJraWNrYXZlbnVlLWFzc2V0cyIsImtleSI6InByb2R1Y3RzLzExNTUzMy82MDcyNzM5MDk0OWVhZTgxYmRlYzNkOTlhMDczNDE4MS5wbmciLCJlZGl0cyI6eyJyZXNpemUiOnsid2lkdGgiOjQwMH0sIndlYnAiOnsicXVhbGl0eSI6NTB9fX0=,/sneakers/asics/asics-gel-terrain-gore-tex-nonnative-1203a584-200-ka/115533?from=search
Hoka One One Clifton LS Satisfy Celadon Tint,4300000,https://d5ibtax54de3q.cloudfront.net/eyJidWNrZXQiOiJraWNrYXZlbnVlLWFzc2V0cyIsImtleSI6InByb2R1Y3RzLzc1OTQyLzE2MGIzODkzMzIyODg4ZTE5NzY4MTdlNzdiOWRjNjBhLnBuZyIsImVkaXRzIjp7InJlc2l6ZSI6eyJ3aWR0aCI6NDAwfSwid2VicCI6eyJxdWFsaXR5Ijo1MH19fQ==,/sneakers/hoka/hoka-one-one-clifton-ls-satisfy-celadon-tint-1143450-ctww-ka/75942?from=search
New Balance 996 Gore-Tex Crazy Camo Beams,5760000,https://d5ibtax54de3q.cloudfront.net/eyJidWNrZXQiOiJraWNrYXZlbnVlLWFzc2V0cyIsImtleSI6InByb2R1Y3RzLzk2Mjg4L2U5NDQ2NDEzMWNjNmY4NjdiNGJhMzdhMWVmYzc1ODg0LnBuZyIsImVkaXRzIjp7InJlc2l6ZSI6eyJ3aWR0aCI6NDAwfSwid2VicCI6eyJxdWFsaXR5Ijo1MH19fQ==,/sneakers/new-balance/new-balance-996-gore-tex-crazy-camo-beams-cm996xg2-ka/96288?from=search
New Balance 408 White Green,930000,https://d5ibtax54de3q.cloudfront.net/eyJidWNrZXQiOiJraWNrYXZlbnVlLWFzc2V0cyIsImtleSI6InByb2R1Y3RzLzk0Nzg5LzI0ODkyN2EzZWJiYzQ2OWY3MzRjYmYyOWY3Mjk4MDQ1LnBuZyIsImVkaXRzIjp7InJlc2l6ZSI6eyJ3aWR0aCI6NDAwfSwid2VicCI6eyJxdWFsaXR5Ijo1MH19fQ==,/sneakers/new-balance/jordan-jordan-pro-rx-white-gym-red-ml408t-ka/94789?from=search
Nike Air Force 1 Low '07 Black Gum (2022),2440000,https://d5ibtax54de3q.cloudfront.net/eyJidWNrZXQiOiJraWNrYXZlbnVlLWFzc2V0cyIsImtleSI6InByb2R1Y3RzLzc5Njg1LzY4MTk3YTBjMmVmZTI4OWFkMzYzNDFmYmViOTNlM2U0LnBuZyIsImVkaXRzIjp7InJlc2l6ZSI6eyJ3aWR0aCI6NDAwfSwid2VicCI6eyJxdWFsaXR5Ijo1MH19fQ==,/sneakers/nike/nike-air-force-1-low-07-black-gum-2022-dz4404-001-ka/79685?from=search
Nike Air Terra Forma Off-White Mantra Orange,2280000,https://d5ibtax54de3q.cloudfront.net/eyJidWNrZXQiOiJraWNrYXZlbnVlLWFzc2V0cyIsImtleSI6InByb2R1Y3RzLzc3Mzk2LzAxZGRlNDBhNDhhN2UxYjAxMThiMGZkZTMzYTFhZDA5LnBuZyIsImVkaXRzIjp7InJlc2l6ZSI6eyJ3aWR0aCI6NDAwfSwid2VicCI6eyJxdWFsaXR5Ijo1MH19fQ==,/sneakers/nike/nike-air-terra-forma-off-white-mantra-orange-dq1615-800-ka/77396?from=search
Nike ACG Moc Premium Croc Olive Aura,1050000,https://d5ibtax54de3q.cloudfront.net/eyJidWNrZXQiOiJraWNrYXZlbnVlLWFzc2V0cyIsImtleSI6InByb2R1Y3RzLzc4MTA2L2Q5OTE1YjJkYzYwMTE4OWFmNmMyYjA2YzIwYzQyZGI1LnBuZyIsImVkaXRzIjp7InJlc2l6ZSI6eyJ3aWR0aCI6NDAwfSwid2VicCI6eyJxdWFsaXR5Ijo1MH19fQ==,/sneakers/nike/nike-acg-moc-premium-croc-olive-aura-fv4571-300-ka/78106?from=search
ASICS Gel-Nimbus 26 Wide French Blue Electric Lime,2300000,https://d5ibtax54de3q.cloudfront.net/eyJidWNrZXQiOiJraWNrYXZlbnVlLWFzc2V0cyIsImtleSI6InByb2R1Y3RzLzEwMDc4NC9hZDA0ZDE0NDY2M2VhZDJiNDk4MjIxYjZlZjAwNTc2MS5wbmciLCJlZGl0cyI6eyJyZXNpemUiOnsid2lkdGgiOjQwMH0sIndlYnAiOnsicXVhbGl0eSI6NTB9fX0=,/sneakers/asics/asics-gel-nimbus-26-wide-french-blue-electric-lime-1011b795-400-ka-2/100784?from=search
Nike Air Alpha Force 88 Medium Grey,1330000,https://d5ibtax54de3q.cloudfront.net/eyJidWNrZXQiOiJraWNrYXZlbnVlLWFzc2V0cyIsImtleSI6InByb2R1Y3RzLzc5MjA5Lzk2OGIzYjFkMGQyZGMxMzNlYzUyYTQ4NjhkNjhlNTgwLnBuZyIsImVkaXRzIjp7InJlc2l6ZSI6eyJ3aWR0aCI6NDAwfSwid2VicCI6eyJxdWFsaXR5Ijo1MH19fQ==,/sneakers/nike/nike-air-alpha-force-88-medium-grey-fj4184-001-ka/79209?from=search
Adidas NY 90  White Royal Blue,720000,https://d5ibtax54de3q.cloudfront.net/eyJidWNrZXQiOiJraWNrYXZlbnVlLWFzc2V0cyIsImtleSI6InByb2R1Y3RzLzk2MzAzL2VmZDBjNjVlODU0MTI1ZTE5YTgyODc4MmMxMjZiODE4LnBuZyIsImVkaXRzIjp7InJlc2l6ZSI6eyJ3aWR0aCI6NDAwfSwid2VicCI6eyJxdWFsaXR5Ijo1MH19fQ==,/sneakers/adidas/adidas-ny-90-white-royal-blue-h02170-ka/96303?from=search
ASICS Gel Resolution 8 2E Wide Dive Blue,2070000,https://d5ibtax54de3q.cloudfront.net/eyJidWNrZXQiOiJraWNrYXZlbnVlLWFzc2V0cyIsImtleSI6InByb2R1Y3RzLzEwMDkyNC9lZTc2NWYxYjYxNDc2NzgwMzI0OTZmMmViZGMwMTRiNi5wbmciLCJlZGl0cyI6eyJyZXNpemUiOnsid2lkdGgiOjQwMH0sIndlYnAiOnsicXVhbGl0eSI6NTB9fX0=,/sneakers/asics/asics-gel-resolution-8-2e-wide-dive-blue-1041a113-405-ka-2/100924?from=search
Adidas Supernova Stride Preloved Ink Spark,1570000,https://d5ibtax54de3q.cloudfront.net/eyJidWNrZXQiOiJraWNrYXZlbnVlLWFzc2V0cyIsImtleSI6InByb2R1Y3RzLzEwODkzOS82ODE5OTNlOTg0NzFhNjQwNzczZjUxYWE2OWQwZmUwZC5wbmciLCJlZGl0cyI6eyJyZXNpemUiOnsid2lkdGgiOjQwMH0sIndlYnAiOnsicXVhbGl0eSI6NTB9fX0=,/sneakers/adidas/adidas-supernova-stride-preloved-ink-spark-ig8311-ka/108939?from=search
Nike Jordan Air Ship PE SP Every Game Mystic Red,1120000,https://d5ibtax54de3q.cloudfront.net/eyJidWNrZXQiOiJraWNrYXZlbnVlLWFzc2V0cyIsImtleSI6InByb2R1Y3RzLzYwMDQyLzUwNWZhYTg1ODM4Yzg1MTQ4ZTIyYjk0OWEyN2I5NTRiLmpwZWciLCJlZGl0cyI6eyJyZXNpemUiOnsid2lkdGgiOjQwMH0sIndlYnAiOnsicXVhbGl0eSI6NTB9fX0=,/sneakers/nike/nike-jordan-air-ship-pe-sp-every-game-mystic-red-dz3497-106-ka/60042?from=search
Nike Victori One Slide 'Black White',530000,https://d5ibtax54de3q.cloudfront.net/eyJidWNrZXQiOiJraWNrYXZlbnVlLWFzc2V0cyIsImtleSI6InByb2R1Y3RzLzg1OTc0LzllNjdkZDVkMDFlM2JhZmNhNTUxYjJlMWYzZjM1MzMwLnBuZyIsImVkaXRzIjp7InJlc2l6ZSI6eyJ3aWR0aCI6NDAwfSwid2VicCI6eyJxdWFsaXR5Ijo1MH19fQ==,/sneakers/nike/nike-victori-one-slide-black-white-cn9675-002-ka/85974?from=search
Adidas Adizero Adios 8 Spark,1700000,https://d5ibtax54de3q.cloudfront.net/eyJidWNrZXQiOiJraWNrYXZlbnVlLWFzc2V0cyIsImtleSI6InByb2R1Y3RzLzEwODk0MC83NmFlMjIyYTRlOWUwNDM1MzYzM2FiZDE2N2IyZTMyNy5wbmciLCJlZGl0cyI6eyJyZXNpemUiOnsid2lkdGgiOjQwMH0sIndlYnAiOnsicXVhbGl0eSI6NTB9fX0=,/sneakers/adidas/adidas-adizero-adios-8-spark-ig5646-ka/108940?from=search
Nike SB Force 58 Team Red,1170000,https://d5ibtax54de3q.cloudfront.net/eyJidWNrZXQiOiJraWNrYXZlbnVlLWFzc2V0cyIsImtleSI6InByb2R1Y3RzLzEwNTgxNS8yYjk4NGIzMjg4MDM4MDE2OWQzZGNjYmI2OWNmZDAyMy5wbmciLCJlZGl0cyI6eyJyZXNpemUiOnsid2lkdGgiOjQwMH0sIndlYnAiOnsicXVhbGl0eSI6NTB9fX0=,/sneakers/nike/nike-sb-force-58-team-red-dv5477-601-ka/105815?from=search
New Balance 580 Ivory Green,1610000,https://d5ibtax54de3q.cloudfront.net/eyJidWNrZXQiOiJraWNrYXZlbnVlLWFzc2V0cyIsImtleSI6InByb2R1Y3RzLzk2MjgwLzQxNjczMDliZDQxODFlODQ3ZjU1NzQyMmFhNTBmM2QzLnBuZyIsImVkaXRzIjp7InJlc2l6ZSI6eyJ3aWR0aCI6NDAwfSwid2VicCI6eyJxdWFsaXR5Ijo1MH19fQ==,/sneakers/new-balance/new-balance-580-ivory-green-mt580eea-ka/96280?from=search
New Balance FuelCell Rebel v4 Magnet Black,1710000,https://d5ibtax54de3q.cloudfront.net/eyJidWNrZXQiOiJraWNrYXZlbnVlLWFzc2V0cyIsImtleSI6InByb2R1Y3RzLzEwOTk1Mi81ZjdmMzAwMjhmYzQzYmJmMGU2NDdkYTViZTc3ZmNjOS5wbmciLCJlZGl0cyI6eyJyZXNpemUiOnsid2lkdGgiOjQwMH0sIndlYnAiOnsicXVhbGl0eSI6NTB9fX0=,/sneakers/new-balance/new-balance-fuelcell-rebel-v4-magnet-black-mfcxlb4-ka/109952?from=search
adidas Handball Spezial Silver Green Magic Mauve,5330000,https://d5ibtax54de3q.cloudfront.net/eyJidWNrZXQiOiJraWNrYXZlbnVlLWFzc2V0cyIsImtleSI6InByb2R1Y3RzLzEwMzcwNC9lYWY1ZWEwZTI0NDUxZmUxNGMwYzU1YjUzNGYzNmZhZi5wbmciLCJlZGl0cyI6eyJyZXNpemUiOnsid2lkdGgiOjQwMH0sIndlYnAiOnsicXVhbGl0eSI6NTB9fX0=,/sneakers/adidas/adidas-handball-spezial-silver-green-magic-mauve-ih4891-ka/103704?from=search
adidas Samba Inter Miami CF Messi Pink,1640000,https://d5ibtax54de3q.cloudfront.net/eyJidWNrZXQiOiJraWNrYXZlbnVlLWFzc2V0cyIsImtleSI6InByb2R1Y3RzLzEwMzYxNC8wZmRjMTExMDIyMGM4NTZkZjZiNTljNDE5OGY5NTJkNi5wbmciLCJlZGl0cyI6eyJyZXNpemUiOnsid2lkdGgiOjQwMH0sIndlYnAiOnsicXVhbGl0eSI6NTB9fX0=,/sneakers/adidas/adidas-samba-inter-miami-cf-messi-pink-ih8158-ka/103614?from=search
Nike Dunk Low Tweed Midnight Navy Corduroy,1900000,https://d5ibtax54de3q.cloudfront.net/eyJidWNrZXQiOiJraWNrYXZlbnVlLWFzc2V0cyIsImtleSI6InByb2R1Y3RzLzcwNzMxL2Q2YmU2MjY1NWQ5NjYxMTc0MGIzNmVmYjQxMjBmNTc4LnBuZyIsImVkaXRzIjp7InJlc2l6ZSI6eyJ3aWR0aCI6NDAwfSwid2VicCI6eyJxdWFsaXR5Ijo1MH19fQ==,/sneakers/nike/nike-dunk-low-tweed-midnight-navy-corduroy-fq8746-410-ka/70731?from=search
Adidas London Blue Beige,1250000,https://d5ibtax54de3q.cloudfront.net/eyJidWNrZXQiOiJraWNrYXZlbnVlLWFzc2V0cyIsImtleSI6InByb2R1Y3RzLzEwNDg2Mi9jYTg1ODY4YmYyMWNkNTE3ZmYyMWNiNjhmNTA3YWRhMS5wbmciLCJlZGl0cyI6eyJyZXNpemUiOnsid2lkdGgiOjQwMH0sIndlYnAiOnsicXVhbGl0eSI6NTB9fX0=,/sneakers/adidas/adidas-london-blue-beige-ig6208-ka/104862?from=search
Adidas Superstar Teenage Mutant Ninja Turtles Shredder,3570000,https://d5ibtax54de3q.cloudfront.net/eyJidWNrZXQiOiJraWNrYXZlbnVlLWFzc2V0cyIsImtleSI6InByb2R1Y3RzLzEwNTMxNS8wMzgxNmEyODkzMGU0ODNiOGIwMzE3ZDgyMjZkMGE2Zi5wbmciLCJlZGl0cyI6eyJyZXNpemUiOnsid2lkdGgiOjQwMH0sIndlYnAiOnsicXVhbGl0eSI6NTB9fX0=,/sneakers/adidas/adidas-superstar-teenage-mutant-ninja-turtles-shredder-ih7767-ka/105315?from=search
Adidas Dropset 3 Shadow Olive Pink,1440000,https://d5ibtax54de3q.cloudfront.net/eyJidWNrZXQiOiJraWNrYXZlbnVlLWFzc2V0cyIsImtleSI6InByb2R1Y3RzLzEwNzMzMS84ZDk4ZTliNGQ5NDJjODBjMmE2YWI0YzQ4ZTgwYmMwNy5wbmciLCJlZGl0cyI6eyJyZXNpemUiOnsid2lkdGgiOjQwMH0sIndlYnAiOnsicXVhbGl0eSI6NTB9fX0=,/sneakers/adidas/adidas-dropset-3-shadow-olive-pink-id8630-ka/107331?from=search
Adidas Gazelle Indoor Bad Bunny San Juan,3730000,https://d5ibtax54de3q.cloudfront.net/eyJidWNrZXQiOiJraWNrYXZlbnVlLWFzc2V0cyIsImtleSI6InByb2R1Y3RzLzEwNjk4My9iMDk5ZjRlNDlhNzVkOTkxMDhiMjJkNGFhNTlmYmM5Ni5wbmciLCJlZGl0cyI6eyJyZXNpemUiOnsid2lkdGgiOjQwMH0sIndlYnAiOnsicXVhbGl0eSI6NTB9fX0=,/sneakers/adidas/adidas-gazelle-indoor-bad-bunny-san-juan-if9734-ka/106983?from=search
Adidas Rotterdam 00 White Blue Bird,1950000,https://d5ibtax54de3q.cloudfront.net/eyJidWNrZXQiOiJraWNrYXZlbnVlLWFzc2V0cyIsImtleSI6InByb2R1Y3RzLzEwODI1MS82YzJhOTg1OTUxNjJlZGFkYjc4MWMxM2Y4ZTg0MTViZi5wbmciLCJlZGl0cyI6eyJyZXNpemUiOnsid2lkdGgiOjQwMH0sIndlYnAiOnsicXVhbGl0eSI6NTB9fX0=,/sneakers/adidas/adidas-rotterdam-00-white-blue-bird-ih4776-ka/108251?from=search
Adidas Tischtennis Naked Copenhagen Silvery Daisy Lace Pack,2500000,https://d5ibtax54de3q.cloudfront.net/eyJidWNrZXQiOiJraWNrYXZlbnVlLWFzc2V0cyIsImtleSI6InByb2R1Y3RzLzExMDk5OC9kNGU0YzUwOTkwZmY1ZjU1ZTkxZGMzYjU3ZmUyMTdlMy5wbmciLCJlZGl0cyI6eyJyZXNpemUiOnsid2lkdGgiOjQwMH0sIndlYnAiOnsicXVhbGl0eSI6NTB9fX0=,/sneakers/adidas/adidas-tischtennis-naked-copenhagen-silvery-daisy-lace-pack-ji3995-ka/110998?from=search
Adidas Stan Smith Brain Dead Bliss,2520000,https://d5ibtax54de3q.cloudfront.net/eyJidWNrZXQiOiJraWNrYXZlbnVlLWFzc2V0cyIsImtleSI6InByb2R1Y3RzLzExMjYwOS85Yzg0OTMzNWY5ZDgwOWNjZTJkNDZiZjIzNTkxZjcwYi5wbmciLCJlZGl0cyI6eyJyZXNpemUiOnsid2lkdGgiOjQwMH0sIndlYnAiOnsicXVhbGl0eSI6NTB9fX0=,/sneakers/adidas/adidas-stan-smith-brain-dead-bliss-ih3432-ka/112609?from=search
Vans Authentic Reissue 44 LX FUCT x Slam Jam Blue Marshmallow,3800000,https://d5ibtax54de3q.cloudfront.net/eyJidWNrZXQiOiJraWNrYXZlbnVlLWFzc2V0cyIsImtleSI6InByb2R1Y3RzLzExMzE5Mi8wOTljYTM4MzdkYThkMWRkZTE4NTA5MjZmNzZjNGZiNi5wbmciLCJlZGl0cyI6eyJyZXNpemUiOnsid2lkdGgiOjQwMH0sIndlYnAiOnsicXVhbGl0eSI6NTB9fX0=,/sneakers/vans/vans-authentic-reissue-44-lx-fuct-x-slam-jam-blue-marshmallow-vn0007qzsvi1-ka/113192?from=search
Nike Killshot 2 Vintage Green Medium Gum,1470000,https://d5ibtax54de3q.cloudfront.net/eyJidWNrZXQiOiJraWNrYXZlbnVlLWFzc2V0cyIsImtleSI6InByb2R1Y3RzLzExNTI5NS81Y2Q4NmI2MWQwYmZmMThjNjRhZDY4N2RiMTk0NjgyNS5wbmciLCJlZGl0cyI6eyJyZXNpemUiOnsid2lkdGgiOjQwMH0sIndlYnAiOnsicXVhbGl0eSI6NTB9fX0=,/sneakers/nike/nike-killshot-2-vintage-green-medium-gum-fq8903-300-ka/115295?from=search
ASICS Gel-Kahana TR V4 TroubleSmile,1790000,/static/media/kick_avenue_empty_image.cf172573.png,/sneakers/asics/asics-gel-kahana-tr-v4-troublesmile-1203a653-750-ka/115642?from=search
Nike SB Dunk Low Crimson,21500000,https://d5ibtax54de3q.cloudfront.net/eyJidWNrZXQiOiJraWNrYXZlbnVlLWFzc2V0cyIsImtleSI6InByb2R1Y3RzLzg5NzY5L2Y4MzY5MTRjNGFlZmRmNmRmZjliMWJlNzc2YzU2Mzc2LnBuZyIsImVkaXRzIjp7InJlc2l6ZSI6eyJ3aWR0aCI6NDAwfSwid2VicCI6eyJxdWFsaXR5Ijo1MH19fQ==,/sneakers/nike/nike-sb-dunk-low-crimson-304292-161-ka/89769?from=search
Nike PG 6 EP Painted Swoosh,5530000,https://d5ibtax54de3q.cloudfront.net/eyJidWNrZXQiOiJraWNrYXZlbnVlLWFzc2V0cyIsImtleSI6InByb2R1Y3RzLzg0OTEwLzllNTI3NTlkZTU2N2I5YjMzNzE5NTNmNGFlNDk4NThlLnBuZyIsImVkaXRzIjp7InJlc2l6ZSI6eyJ3aWR0aCI6NDAwfSwid2VicCI6eyJxdWFsaXR5Ijo1MH19fQ==,/sneakers/nike/nike-pg-6-ep-painted-swoosh-do9823-100-ka/84910?from=search
Nike LeBron 18 Lakers Heritage,1000000,https://d5ibtax54de3q.cloudfront.net/eyJidWNrZXQiOiJraWNrYXZlbnVlLWFzc2V0cyIsImtleSI6InByb2R1Y3RzLzgzODA0LzMxMjRjMDc2NTIxYTk3YjA5ODlkNzdjMmJmMTEyYTI1LnBuZyIsImVkaXRzIjp7InJlc2l6ZSI6eyJ3aWR0aCI6NDAwfSwid2VicCI6eyJxdWFsaXR5Ijo1MH19fQ==,/sneakers/nike/nike-lebron-18-lakers-heritage-cq9283-006-ka-2/83804?from=search
Nike Air Zoom Pegasus 40 Black White,1320000,https://d5ibtax54de3q.cloudfront.net/eyJidWNrZXQiOiJraWNrYXZlbnVlLWFzc2V0cyIsImtleSI6InByb2R1Y3RzLzYzNzU0L2Q2NzBjM2Y2NTc4NzBhMDRmOWZhYmIxYTk4ODAwNDYzLmpwZWciLCJlZGl0cyI6eyJyZXNpemUiOnsid2lkdGgiOjQwMH0sIndlYnAiOnsicXVhbGl0eSI6NTB9fX0=,/sneakers/nike/nike-air-zoom-pegasus-40-black-white-dv3853-001-ka/63754?from=search
Nike Air Max Pre-Day Voodoo Doll Mystic Navy,2560000,https://d5ibtax54de3q.cloudfront.net/eyJidWNrZXQiOiJraWNrYXZlbnVlLWFzc2V0cyIsImtleSI6InByb2R1Y3RzLzgxNTk2LzY3NmI5OTMyMzI4NGI3ZDdhNGNlNmQ5NWE5YmE1ZDA3LnBuZyIsImVkaXRzIjp7InJlc2l6ZSI6eyJ3aWR0aCI6NDAwfSwid2VicCI6eyJxdWFsaXR5Ijo1MH19fQ==,/sneakers/nike/nike-air-max-pre-day-voodoo-doll-mystic-navy-dq5082-400-ka/81596?from=search
Nike Air Max Penny 2 Rosewood,1000000,https://d5ibtax54de3q.cloudfront.net/eyJidWNrZXQiOiJraWNrYXZlbnVlLWFzc2V0cyIsImtleSI6InByb2R1Y3RzLzQzNjI4LzNiYzcwMWY2YmExMDIwMzcwYmI0ODM3NDMwYmUyODY4LmpwZWciLCJlZGl0cyI6eyJyZXNpemUiOnsid2lkdGgiOjQwMH0sIndlYnAiOnsicXVhbGl0eSI6NTB9fX0=,/sneakers/nike/nike-air-max-penny-2-rosewood-dv1163-100-ka/43628?from=search
Adidas Duramo Speed Black,1000000,https://d5ibtax54de3q.cloudfront.net/eyJidWNrZXQiOiJraWNrYXZlbnVlLWFzc2V0cyIsImtleSI6InByb2R1Y3RzLzk2NDY1LzVkMjNiZGZiMjlmMjY2MTk2ZDNmMWUxMTIwNmMxNmYyLnBuZyIsImVkaXRzIjp7InJlc2l6ZSI6eyJ3aWR0aCI6NDAwfSwid2VicCI6eyJxdWFsaXR5Ijo1MH19fQ==,/sneakers/adidas/adidas-duramo-speed-black-ie7267-ka/96465?from=search
Nike Air Huarache Stussy Dark Olive (2021),990000,https://d5ibtax54de3q.cloudfront.net/eyJidWNrZXQiOiJraWNrYXZlbnVlLWFzc2V0cyIsImtleSI6InByb2R1Y3RzLzgyOTM0LzY1YWViY2Y2MTkyNDk3YWE4NzRlNjc4NzIzOWMyZjVjLnBuZyIsImVkaXRzIjp7InJlc2l6ZSI6eyJ3aWR0aCI6NDAwfSwid2VicCI6eyJxdWFsaXR5Ijo1MH19fQ==,/sneakers/nike/nike-air-huarache-stussy-dark-olive-2021-dd1381-300-ka/82934?from=search
New Balance 1906R Jack Harlow Rose Runner (Special Box),3840000,/static/media/kick_avenue_empty_image.cf172573.png,/sneakers/new-balance/new-balance-1906r-jack-harlow-rose-runner-special-box-m1906rjh-ka/116348?from=search
Air Zoom Pegasus 37 White Concord,3110000,https://d5ibtax54de3q.cloudfront.net/eyJidWNrZXQiOiJraWNrYXZlbnVlLWFzc2V0cyIsImtleSI6InByb2R1Y3RzLzkwMjAwL2ZhNjA4MmFiMjk0ZDBjY2FjMGVkZWMxNDllNDY5ZTAwLnBuZyIsImVkaXRzIjp7InJlc2l6ZSI6eyJ3aWR0aCI6NDAwfSwid2VicCI6eyJxdWFsaXR5Ijo1MH19fQ==,/sneakers/nike/air-zoom-pegasus-37-white-concord-dd8348-100-ka/90200?from=search
Air Jordan 11 Retro Low Space Jam,2930000,https://d5ibtax54de3q.cloudfront.net/eyJidWNrZXQiOiJraWNrYXZlbnVlLWFzc2V0cyIsImtleSI6InByb2R1Y3RzLzEwNTAyNS8yMjZjY2YzMzkwZGMwZDAyNzZmNjU1NzY3OTE3MDA0ZC5wbmciLCJlZGl0cyI6eyJyZXNpemUiOnsid2lkdGgiOjQwMH0sIndlYnAiOnsicXVhbGl0eSI6NTB9fX0=,/sneakers/air-jordan/air-jordan-11-retro-low-space-jam-fv5104-004-ka/105025?from=search
Air Jordan 1 Centre Court Black Pink,700000,https://d5ibtax54de3q.cloudfront.net/eyJidWNrZXQiOiJraWNrYXZlbnVlLWFzc2V0cyIsImtleSI6InByb2R1Y3RzLzkyMjQ4LzFiYzQ5ZjdjZjVjN2Q1NDdjNzM3MDY0YjIzZjA4NWYxLnBuZyIsImVkaXRzIjp7InJlc2l6ZSI6eyJ3aWR0aCI6NDAwfSwid2VicCI6eyJxdWFsaXR5Ijo1MH19fQ==,/sneakers/air-jordan/air-jordan-1-centre-court-black-pink-dj2756-006-ka/92248?from=search
Salomon XT-4 OG Canteen,2930000,https://d5ibtax54de3q.cloudfront.net/eyJidWNrZXQiOiJraWNrYXZlbnVlLWFzc2V0cyIsImtleSI6InByb2R1Y3RzLzExMDAwOC84YmMxODRkZTY4YTNmN2FlZmJmNTk1OTUxMjMzYzlhOS5wbmciLCJlZGl0cyI6eyJyZXNpemUiOnsid2lkdGgiOjQwMH0sIndlYnAiOnsicXVhbGl0eSI6NTB9fX0=,/sneakers/salomon/salomon-xt-4-og-canteen-l47442500-ka/110008?from=search
Onitsuka Tiger Mexico 66 Black Gold Metallic,1320000,https://d5ibtax54de3q.cloudfront.net/eyJidWNrZXQiOiJraWNrYXZlbnVlLWFzc2V0cyIsImtleSI6InByb2R1Y3RzLzEwODMwNy8zZDFjMmU1MTM3MjY0MTY0Yjg2YTM5MmFjMzlkMmNhOC5wbmciLCJlZGl0cyI6eyJyZXNpemUiOnsid2lkdGgiOjQwMH0sIndlYnAiOnsicXVhbGl0eSI6NTB9fX0=,/sneakers/onitsuka-tiger/onitsuka-tiger-mexico-66-black-gold-metallic-d5v2l-9094-ka/108307?from=search
New Balance 2002R Year Of The Ox,3590000,https://d5ibtax54de3q.cloudfront.net/eyJidWNrZXQiOiJraWNrYXZlbnVlLWFzc2V0cyIsImtleSI6InByb2R1Y3RzLzc1NDMwLzJiZjc1ZDU0MzdhM2VjODI2ZmMzMmExZDQxMTUzZWU5LnBuZyIsImVkaXRzIjp7InJlc2l6ZSI6eyJ3aWR0aCI6NDAwfSwid2VicCI6eyJxdWFsaXR5Ijo1MH19fQ==,/sneakers/new-balance/new-balance-2002r-year-of-the-ox-ml2002r9-ka/75430?from=search
New Balance 327 Lab Black White,1180000,https://d5ibtax54de3q.cloudfront.net/eyJidWNrZXQiOiJraWNrYXZlbnVlLWFzc2V0cyIsImtleSI6InByb2R1Y3RzLzk0NjgyL2RlOGVlMDMyNTgwZjk5MTJjZDA1YmJkYTZhOGQ3NjJjLnBuZyIsImVkaXRzIjp7InJlc2l6ZSI6eyJ3aWR0aCI6NDAwfSwid2VicCI6eyJxdWFsaXR5Ijo1MH19fQ==,/sneakers/new-balance/jordan-jordan-jumpman-2020-pf-white-metallic-silver-ms327lb1-ka/94682?from=search
Nike React Pegasus Trail 4 Sequoia Guava Ice (Women's),920000,https://d5ibtax54de3q.cloudfront.net/eyJidWNrZXQiOiJraWNrYXZlbnVlLWFzc2V0cyIsImtleSI6InByb2R1Y3RzLzg2NzgzLzcwYTI4ZjVkMTQ3YWU3Y2U2MDAwNTJiOGJkYTJkYjU3LnBuZyIsImVkaXRzIjp7InJlc2l6ZSI6eyJ3aWR0aCI6NDAwfSwid2VicCI6eyJxdWFsaXR5Ijo1MH19fQ==,/sneakers/nike/nike-react-pegasus-trail-4-sequoia-guava-ice-womens-dj6159-300-ka/86783?from=search
Nike Kyrie Infinity EP Leopard Camo,1670000,https://d5ibtax54de3q.cloudfront.net/eyJidWNrZXQiOiJraWNrYXZlbnVlLWFzc2V0cyIsImtleSI6InByb2R1Y3RzLzgyNDU5LzMzM2E5YTAwN2U4ZDFkZGNjNTJmZDU4MDI1OTRkZjE3LnBuZyIsImVkaXRzIjp7InJlc2l6ZSI6eyJ3aWR0aCI6NDAwfSwid2VicCI6eyJxdWFsaXR5Ijo1MH19fQ==,/sneakers/nike/nike-kyrie-infinity-ep-leopard-camo-dc9134-006-ka-2/82459?from=search
Nike SB Dunk Low Pro ISO Orange Label Unbleached Pack Lilac,4360000,https://d5ibtax54de3q.cloudfront.net/eyJidWNrZXQiOiJraWNrYXZlbnVlLWFzc2V0cyIsImtleSI6InByb2R1Y3RzLzg5ODE3Lzk4MDNmOTNlOTNlOGEwYWJiYWNmMTBkNjM4OGZjNTBmLnBuZyIsImVkaXRzIjp7InJlc2l6ZSI6eyJ3aWR0aCI6NDAwfSwid2VicCI6eyJxdWFsaXR5Ijo1MH19fQ==,/sneakers/nike/nike-sb-dunk-low-pro-iso-orange-label-unbleached-pack-lilac-da9658-500-ka/89817?from=search
Nike Air Max Plus Color Flip Pack Grape,2940000,https://d5ibtax54de3q.cloudfront.net/eyJidWNrZXQiOiJraWNrYXZlbnVlLWFzc2V0cyIsImtleSI6InByb2R1Y3RzLzgxNTY0L2NhY2M2MDA4NGQzNTUwMWZmY2JjMDhiODhhNDBhMzQwLnBuZyIsImVkaXRzIjp7InJlc2l6ZSI6eyJ3aWR0aCI6NDAwfSwid2VicCI6eyJxdWFsaXR5Ijo1MH19fQ==,/sneakers/nike/nike-air-max-plus-color-flip-pack-grape-ci5924-531-ka/81564?from=search
Nike Air Max Plus Color Flip Pack Black,2780000,https://d5ibtax54de3q.cloudfront.net/eyJidWNrZXQiOiJraWNrYXZlbnVlLWFzc2V0cyIsImtleSI6InByb2R1Y3RzLzgxNTYzL2UyNWE2ZTMwNjhlMDI2MmFlNDEzYjk1MjZkY2JmNDVlLnBuZyIsImVkaXRzIjp7InJlc2l6ZSI6eyJ3aWR0aCI6NDAwfSwid2VicCI6eyJxdWFsaXR5Ijo1MH19fQ==,/sneakers/nike/nike-air-max-plus-color-flip-pack-black-ci5924-061-ka/81563?from=search
Nike Zoom Freak 4 'Etched in Stone',2990000,https://d5ibtax54de3q.cloudfront.net/eyJidWNrZXQiOiJraWNrYXZlbnVlLWFzc2V0cyIsImtleSI6InByb2R1Y3RzLzkzMDkwLzk0MzQwOTJlMzg0ZGRmOGZmNzgyODM3NzViNGI2MjFiLnBuZyIsImVkaXRzIjp7InJlc2l6ZSI6eyJ3aWR0aCI6NDAwfSwid2VicCI6eyJxdWFsaXR5Ijo1MH19fQ==,/sneakers/nike/nike-zoom-freak-4-etched-in-stone-dj6149-004-ka/93090?from=search
Air Jordan Play Slide University Blue White,1060000,https://d5ibtax54de3q.cloudfront.net/eyJidWNrZXQiOiJraWNrYXZlbnVlLWFzc2V0cyIsImtleSI6InByb2R1Y3RzLzkzNzg2L2YxZTdkODU5NTdmYWZiNjFhYzkzOWI5MDExYjQ1OGYxLnBuZyIsImVkaXRzIjp7InJlc2l6ZSI6eyJ3aWR0aCI6NDAwfSwid2VicCI6eyJxdWFsaXR5Ijo1MH19fQ==,/sneakers/air-jordan/air-jordan-play-slide-university-blue-white-dc9835-401-ka/93786?from=search
Nike Air Zoom GT Run EP 'Mowabb Attitude',2830000,https://d5ibtax54de3q.cloudfront.net/eyJidWNrZXQiOiJraWNrYXZlbnVlLWFzc2V0cyIsImtleSI6InByb2R1Y3RzLzkwMzUzL2VkM2EwNmM4NTU5MjYzNzUyMDJhZGFjZjY4MGQ3MDI2LnBuZyIsImVkaXRzIjp7InJlc2l6ZSI6eyJ3aWR0aCI6NDAwfSwid2VicCI6eyJxdWFsaXR5Ijo1MH19fQ==,/sneakers/nike/nike-air-zoom-gt-run-ep-mowabb-attitude-da7920-200-ka/90353?from=search
Nike Zoom Mercurial Vapor 15 Academy IC 'Ready Pack',1260000,https://d5ibtax54de3q.cloudfront.net/eyJidWNrZXQiOiJraWNrYXZlbnVlLWFzc2V0cyIsImtleSI6InByb2R1Y3RzLzg2MzMyL2NmZDQ0ODljNmUyYmEwYjc2YzQ4ZjRjMTY2YTQxZDgyLnBuZyIsImVkaXRzIjp7InJlc2l6ZSI6eyJ3aWR0aCI6NDAwfSwid2VicCI6eyJxdWFsaXR5Ijo1MH19fQ==,/sneakers/nike/nike-zoom-mercurial-vapor-15-academy-ic-ready-pack-dj5633-600-ka/86332?from=search
Nike Zoom Freak 5 'Fossil Stone',1350000,https://d5ibtax54de3q.cloudfront.net/eyJidWNrZXQiOiJraWNrYXZlbnVlLWFzc2V0cyIsImtleSI6InByb2R1Y3RzLzkzMTA5LzZhODIwY2E0Njg2NjYxNTE3NGIxZjYzYjJmN2E1NmU3LnBuZyIsImVkaXRzIjp7InJlc2l6ZSI6eyJ3aWR0aCI6NDAwfSwid2VicCI6eyJxdWFsaXR5Ijo1MH19fQ==,/sneakers/nike/nike-zoom-freak-5-fossil-stone-dx4985-200-ka/93109?from=search
Adidas Dame 8 Respect My Name,2140000,https://d5ibtax54de3q.cloudfront.net/eyJidWNrZXQiOiJraWNrYXZlbnVlLWFzc2V0cyIsImtleSI6InByb2R1Y3RzLzEwMzY4Ny85ZGRmNmE0ODZiNmZlOTkzOTkxNGMwYTZhZTEwODU3ZC5wbmciLCJlZGl0cyI6eyJyZXNpemUiOnsid2lkdGgiOjQwMH0sIndlYnAiOnsicXVhbGl0eSI6NTB9fX0=,/sneakers/adidas/adidas-dame-8-respect-my-name-gz6475-ka/103687?from=search
Nike Air Dunk Low Jumbo Phantom Chloropyll,1320000,https://d5ibtax54de3q.cloudfront.net/eyJidWNrZXQiOiJraWNrYXZlbnVlLWFzc2V0cyIsImtleSI6InByb2R1Y3RzLzk4MDM2L2RiNmQ0ZjAwNTUxYWMwMDI5ZDQwNmQyZWM1YWNjN2ZiLnBuZyIsImVkaXRzIjp7InJlc2l6ZSI6eyJ3aWR0aCI6NDAwfSwid2VicCI6eyJxdWFsaXR5Ijo1MH19fQ==,/sneakers/nike/nike-air-dunk-low-jumbo-phantom-chloropyll-fj4192-001-ka/98036?from=search
Nike Air Max Scorpion FK Hiking,1650000,https://d5ibtax54de3q.cloudfront.net/eyJidWNrZXQiOiJraWNrYXZlbnVlLWFzc2V0cyIsImtleSI6InByb2R1Y3RzLzgxNjE1LzZiZTU2NjE2NjNiN2VlNjZjMDgyMDcxYzc0ZTI0M2M0LnBuZyIsImVkaXRzIjp7InJlc2l6ZSI6eyJ3aWR0aCI6NDAwfSwid2VicCI6eyJxdWFsaXR5Ijo1MH19fQ==,/sneakers/nike/nike-air-max-scorpion-fk-hiking-fj7070-001-ka/81615?from=search
Nike Terminator High Portland Trail Blazers,1240000,https://d5ibtax54de3q.cloudfront.net/eyJidWNrZXQiOiJraWNrYXZlbnVlLWFzc2V0cyIsImtleSI6InByb2R1Y3RzLzg1NzQ1LzVhMDIwYzNkNTUwNGE5N2E2NzJkNDBjZGM3MWU2OTY3LnBuZyIsImVkaXRzIjp7InJlc2l6ZSI6eyJ3aWR0aCI6NDAwfSwid2VicCI6eyJxdWFsaXR5Ijo1MH19fQ==,/sneakers/nike/nike-terminator-high-portland-trail-blazers-fn4442-001-ka/85745?from=search
Under Armour Curry 5 Grey Gum,2740000,https://d5ibtax54de3q.cloudfront.net/eyJidWNrZXQiOiJraWNrYXZlbnVlLWFzc2V0cyIsImtleSI6InByb2R1Y3RzLzE3MzEvZmMxY2VhMDMtMjIzYS00YThmLWE2ZjQtNjBlY2YzZGFjNTRiLmpwZWciLCJlZGl0cyI6eyJyZXNpemUiOnsid2lkdGgiOjQwMH0sIndlYnAiOnsicXVhbGl0eSI6NTB9fX0=,/sneakers/under-armour/under-armour-curry-5-grey-gum-3020657-105-ka/1731?from=search
New Balance 993 Aime Leon Dore Taupe,7000000,https://d5ibtax54de3q.cloudfront.net/eyJidWNrZXQiOiJraWNrYXZlbnVlLWFzc2V0cyIsImtleSI6InByb2R1Y3RzLzI3NzA3L2I2MzE0ODY1MDVhYzAyZGFhMTRlOTJmNDcwZWUwMjkyLnBuZyIsImVkaXRzIjp7InJlc2l6ZSI6eyJ3aWR0aCI6NDAwfSwid2VicCI6eyJxdWFsaXR5Ijo1MH19fQ==,/sneakers/new-balance/new-balance-993-aime-leon-dore-taupe-nb993-aldt-ka-2/27707?from=search
New Balance 990v5 Grey Royal Red,2000000,https://d5ibtax54de3q.cloudfront.net/eyJidWNrZXQiOiJraWNrYXZlbnVlLWFzc2V0cyIsImtleSI6InByb2R1Y3RzLzU2MDUvODRjNzhmM2NiZDczYTYyZGNkOTgxNzE1ZjQ4Y2UwNjMucG5nIiwiZWRpdHMiOnsicmVzaXplIjp7IndpZHRoIjo0MDB9LCJ3ZWJwIjp7InF1YWxpdHkiOjUwfX19,/sneakers/new-balance/new-balance-990v5-grey-royal-red-m990nb5-ka-2/5605?from=search
Reebok Shaqnosis adidas Damian Lillard,2090000,https://d5ibtax54de3q.cloudfront.net/eyJidWNrZXQiOiJraWNrYXZlbnVlLWFzc2V0cyIsImtleSI6InByb2R1Y3RzLzI1OTA5LzdmZGUwMTU3ZTlmMjhmYzhiZDNhNTNmZWUwZTJjOGIxLnBuZyIsImVkaXRzIjp7InJlc2l6ZSI6eyJ3aWR0aCI6NDAwfSwid2VicCI6eyJxdWFsaXR5Ijo1MH19fQ==,/sneakers/reebok/reebok-shaqnosis-adidas-damian-lillard-gx2609-ka/25909?from=search
Nike Air Zoom Pegasus 36 Trail Gyakusou Red,2550000,https://d5ibtax54de3q.cloudfront.net/eyJidWNrZXQiOiJraWNrYXZlbnVlLWFzc2V0cyIsImtleSI6InByb2R1Y3RzLzUxOTAvYTBiZTZmYTMtNGRmYS00MWExLWFhMzUtMmY3MWI1OTcwOTUxLmpwZWciLCJlZGl0cyI6eyJyZXNpemUiOnsid2lkdGgiOjQwMH0sIndlYnAiOnsicXVhbGl0eSI6NTB9fX0=,/sneakers/nike/nike-air-zoom-pegasus-36-trail-gyakusou-red-cd0383-600-ka/5190?from=search
Puma Cell Endura Reflective Black,2770000,https://d5ibtax54de3q.cloudfront.net/eyJidWNrZXQiOiJraWNrYXZlbnVlLWFzc2V0cyIsImtleSI6InByb2R1Y3RzLzcxNTIvNWI4NjlhNTItYjY2Yi00YmI2LWE4YTMtNzU5Yzc2MDNjNWM4LnBuZyIsImVkaXRzIjp7InJlc2l6ZSI6eyJ3aWR0aCI6NDAwfSwid2VicCI6eyJxdWFsaXR5Ijo1MH19fQ==,/sneakers/puma/puma-cell-endura-reflective-black-369665-01-ka/7152?from=search
New Balance 990v2 Aimé Leon Dore,13570000,https://d5ibtax54de3q.cloudfront.net/eyJidWNrZXQiOiJraWNrYXZlbnVlLWFzc2V0cyIsImtleSI6InByb2R1Y3RzLzYwODUvM2NmYjE4NTItNTU5MS00YjkzLTg5YzctNjI5M2QyYmE0YWFhLmpwZWciLCJlZGl0cyI6eyJyZXNpemUiOnsid2lkdGgiOjQwMH0sIndlYnAiOnsicXVhbGl0eSI6NTB9fX0=,/sneakers/new-balance/new-balance-990v2-aim-leon-dore-m990al2-ka/6085?from=search
Puma LQDCELL Optic Sheer Black Violet,2770000,https://d5ibtax54de3q.cloudfront.net/eyJidWNrZXQiOiJraWNrYXZlbnVlLWFzc2V0cyIsImtleSI6InByb2R1Y3RzLzExNDcyLzA5ODA3MTA4MGNlNWQ4ZDA4NGUwOWFmMTM0YmM3ZDU2LnBuZyIsImVkaXRzIjp7InJlc2l6ZSI6eyJ3aWR0aCI6NDAwfSwid2VicCI6eyJxdWFsaXR5Ijo1MH19fQ==,/sneakers/puma/puma-lqdcell-optic-sheer-black-violet-192560-02-ka/11472?from=search
New Balance 992 Grey,2450000,https://d5ibtax54de3q.cloudfront.net/eyJidWNrZXQiOiJraWNrYXZlbnVlLWFzc2V0cyIsImtleSI6InByb2R1Y3RzLzEyMTE1L2FkYjY2NmM2NzljMmE5NmNmMjI0NGNhOTU2ZWNhYTIwLmpwZWciLCJlZGl0cyI6eyJyZXNpemUiOnsid2lkdGgiOjQwMH0sIndlYnAiOnsicXVhbGl0eSI6NTB9fX0=,/sneakers/new-balance/new-balance-992-grey-m992gr-ka-2/12115?from=search
Compass Retrograde Low White Blue,480000,https://d5ibtax54de3q.cloudfront.net/eyJidWNrZXQiOiJraWNrYXZlbnVlLWFzc2V0cyIsImtleSI6InByb2R1Y3RzLzIxNzM2LzUxOThkYjE0M2FmZmE5ZDQ4MmU3NDNmYThhMzNhNDA1LnBuZyIsImVkaXRzIjp7InJlc2l6ZSI6eyJ3aWR0aCI6NDAwfSwid2VicCI6eyJxdWFsaXR5Ijo1MH19fQ==,/sneakers/compass/compass-retrograde-low-white-blue-kg-151-ka/21736?from=search
New Balance 574 Un-N-Ding,1380000,https://d5ibtax54de3q.cloudfront.net/eyJidWNrZXQiOiJraWNrYXZlbnVlLWFzc2V0cyIsImtleSI6InByb2R1Y3RzLzIzNjMyLzI4NmVlMmRlNGY2MDFmYzNkYWIzYzM4YjQ5ZjJlOTkyLnBuZyIsImVkaXRzIjp7InJlc2l6ZSI6eyJ3aWR0aCI6NDAwfSwid2VicCI6eyJxdWFsaXR5Ijo1MH19fQ==,/sneakers/new-balance/new-balance-574-un-n-ding-u574gdy-ka-2/23632?from=search
New Balance 990v3 KITH Black,3210000,https://d5ibtax54de3q.cloudfront.net/eyJidWNrZXQiOiJraWNrYXZlbnVlLWFzc2V0cyIsImtleSI6InByb2R1Y3RzLzI1OTg1LzMzYTgwMDk1Yjg3NWFjMDY5OTM0MjJiY2E2YzQ0ZDI0LnBuZyIsImVkaXRzIjp7InJlc2l6ZSI6eyJ3aWR0aCI6NDAwfSwid2VicCI6eyJxdWFsaXR5Ijo1MH19fQ==,/sneakers/new-balance/new-balance-990v3-kith-black-m990bk3-ka-2/25985?from=search
New Balance 550 White Burgundy Navy,1970000,https://d5ibtax54de3q.cloudfront.net/eyJidWNrZXQiOiJraWNrYXZlbnVlLWFzc2V0cyIsImtleSI6InByb2R1Y3RzLzM3NDkwLzFjYmNjNjc3YTE0YWU1MGJkOWZhZDA3M2Q4ZmU1ZWExLnBuZyIsImVkaXRzIjp7InJlc2l6ZSI6eyJ3aWR0aCI6NDAwfSwid2VicCI6eyJxdWFsaXR5Ijo1MH19fQ==,/sneakers/new-balance/new-balance-550-white-burgundy-navy-bb550pwb-ka-2/37490?from=search
PUMA SUEDE CLASSIC XXI HIGH RISK RED WHITE,1070000,https://d5ibtax54de3q.cloudfront.net/eyJidWNrZXQiOiJraWNrYXZlbnVlLWFzc2V0cyIsImtleSI6InByb2R1Y3RzLzM0NzM4L2Y3Y2QzMTA4YzA5MmZhOTlkYTQ2NTUwNmFkNmYyYWUyLnBuZyIsImVkaXRzIjp7InJlc2l6ZSI6eyJ3aWR0aCI6NDAwfSwid2VicCI6eyJxdWFsaXR5Ijo1MH19fQ==,/sneakers/puma/puma-suede-classic-xxi-high-risk-red-white-374915-02-ka/34738?from=search
Hoka One One Bondi L Suede Grey Mist,2420000,https://d5ibtax54de3q.cloudfront.net/eyJidWNrZXQiOiJraWNrYXZlbnVlLWFzc2V0cyIsImtleSI6InByb2R1Y3RzLzM1OTg4L2Q1MWZlNjY0NzExZWQ2ZTdlNzJkMmM2NzFjYWQ2MTNhLnBuZyIsImVkaXRzIjp7InJlc2l6ZSI6eyJ3aWR0aCI6NDAwfSwid2VicCI6eyJxdWFsaXR5Ijo1MH19fQ==,/sneakers/hoka/hoka-one-one-bondi-l-suede-grey-mist-1122571-gmmb-ka/35988?from=search
Asics Gel-PTG atmos Python White,1390000,https://d5ibtax54de3q.cloudfront.net/eyJidWNrZXQiOiJraWNrYXZlbnVlLWFzc2V0cyIsImtleSI6InByb2R1Y3RzLzM0Njc3L2Q5Yzc5ZjYyNGVlN2Y3MWU2MTE4ZjVhMjNjZjczMWI1LnBuZyIsImVkaXRzIjp7InJlc2l6ZSI6eyJ3aWR0aCI6NDAwfSwid2VicCI6eyJxdWFsaXR5Ijo1MH19fQ==,/sneakers/asics/asics-gel-ptg-atmos-python-white-1203a076-102-ka/34677?from=search
Asics Tiger Runner White Classic Red,1540000,https://d5ibtax54de3q.cloudfront.net/eyJidWNrZXQiOiJraWNrYXZlbnVlLWFzc2V0cyIsImtleSI6InByb2R1Y3RzLzM0Njg2Lzc2NjM4ZWUwMDUxZWYyYjVjMzliNTFkMmMyNjFjZmQzLnBuZyIsImVkaXRzIjp7InJlc2l6ZSI6eyJ3aWR0aCI6NDAwfSwid2VicCI6eyJxdWFsaXR5Ijo1MH19fQ==,/sneakers/asics/asics-tiger-runner-white-classic-red-1191a207-104-ka/34686?from=search
Compass Velocity Grey,800000,https://d5ibtax54de3q.cloudfront.net/eyJidWNrZXQiOiJraWNrYXZlbnVlLWFzc2V0cyIsImtleSI6InByb2R1Y3RzLzQwNzkxL2EwMDI2ZTdhNDBmOGNjYmM0ZGQ4OTMwMmUxOTU2Y2VlLmpwZWciLCJlZGl0cyI6eyJyZXNpemUiOnsid2lkdGgiOjQwMH0sIndlYnAiOnsicXVhbGl0eSI6NTB9fX0=,/sneakers/compass/compass-velocity-grey-cps-vlctgry-ka/40791?from=search
ASICS Gel-Kayano 14 White Pure Sliver Orange,4190000,https://d5ibtax54de3q.cloudfront.net/eyJidWNrZXQiOiJraWNrYXZlbnVlLWFzc2V0cyIsImtleSI6InByb2R1Y3RzLzU4ODYyLzQ4NGNiMTE0Zjc3MGJkNzVlNjRmMmFlYTVkNjNkYjhlLmpwZWciLCJlZGl0cyI6eyJyZXNpemUiOnsid2lkdGgiOjQwMH0sIndlYnAiOnsicXVhbGl0eSI6NTB9fX0=,/sneakers/asics/asics-gel-kayano-14-white-pure-sliver-orange-1201a019-106-ka/58862?from=search
Nike Air Max 1 Clear Jade,1940000,https://d5ibtax54de3q.cloudfront.net/eyJidWNrZXQiOiJraWNrYXZlbnVlLWFzc2V0cyIsImtleSI6InByb2R1Y3RzLzY0MTA2L2ZmMjY2ZDgxZmZlNDc1ZWJkZThlNzdmZjRjYWQ3MTU3LmpwZWciLCJlZGl0cyI6eyJyZXNpemUiOnsid2lkdGgiOjQwMH0sIndlYnAiOnsicXVhbGl0eSI6NTB9fX0=,/sneakers/nike/nike-air-max-1-clear-jade-dz4549-001-ka/64106?from=search
Adidas NY 90 Tennis,950000,https://d5ibtax54de3q.cloudfront.net/eyJidWNrZXQiOiJraWNrYXZlbnVlLWFzc2V0cyIsImtleSI6InByb2R1Y3RzLzY0OTA1LzkwM2Q1NjcwY2M1M2QwYjdiMmQwZGY5M2M5ODIzYzkyLmpwZWciLCJlZGl0cyI6eyJyZXNpemUiOnsid2lkdGgiOjQwMH0sIndlYnAiOnsicXVhbGl0eSI6NTB9fX0=,/sneakers/adidas/adidas-ny-90-tennis-gw8637-ka/64905?from=search
New Balance Fresh Foam X Hierro V7 Gore-Tex,1550000,https://d5ibtax54de3q.cloudfront.net/eyJidWNrZXQiOiJraWNrYXZlbnVlLWFzc2V0cyIsImtleSI6InByb2R1Y3RzLzcyMjU1L2VmZTVlNDhiNWEwMWZkZDc0MmQyODAzYjJiZjY1YmE0LnBuZyIsImVkaXRzIjp7InJlc2l6ZSI6eyJ3aWR0aCI6NDAwfSwid2VicCI6eyJxdWFsaXR5Ijo1MH19fQ==,/sneakers/new-balance/new-balance-fresh-foam-x-hierro-v7-gore-tex-mthigk7-ka/72255?from=search
Vans x Quasi Skate Gym Q VCU Green,1340000,https://d5ibtax54de3q.cloudfront.net/eyJidWNrZXQiOiJraWNrYXZlbnVlLWFzc2V0cyIsImtleSI6InByb2R1Y3RzLzcyMjcwL2JhNWQ2MTcyMGMwOTVmZjVlZTY5YjVlODk4NTM5OTkyLnBuZyIsImVkaXRzIjp7InJlc2l6ZSI6eyJ3aWR0aCI6NDAwfSwid2VicCI6eyJxdWFsaXR5Ijo1MH19fQ==,/sneakers/vans/vans-x-quasi-skate-gym-q-vcu-green-vn0007qwgrn-ka/72270?from=search
Nike SB Blazer Court Mid PRM Barely Green,740000,https://d5ibtax54de3q.cloudfront.net/eyJidWNrZXQiOiJraWNrYXZlbnVlLWFzc2V0cyIsImtleSI6InByb2R1Y3RzLzc2ODQyL2JhOTcwZmQ5MmY0OWRmYWRjODU3OThiM2Q4ZDEyMDhkLnBuZyIsImVkaXRzIjp7InJlc2l6ZSI6eyJ3aWR0aCI6NDAwfSwid2VicCI6eyJxdWFsaXR5Ijo1MH19fQ==,/sneakers/nike/nike-sb-blazer-court-mid-prm-barely-green-dm8553-300-ka/76842?from=search
Nike Air Force 1 ‘07 White Black Photon Dust,2370000,https://d5ibtax54de3q.cloudfront.net/eyJidWNrZXQiOiJraWNrYXZlbnVlLWFzc2V0cyIsImtleSI6InByb2R1Y3RzLzY0OTcyL2M0M2IzOTU0ZDNiZWU1NmNhZWU5ZDUyNDJmZGI4OTViLmpwZWciLCJlZGl0cyI6eyJyZXNpemUiOnsid2lkdGgiOjQwMH0sIndlYnAiOnsicXVhbGl0eSI6NTB9fX0=,/sneakers/nike/nike-air-force-1-07-white-black-photon-dust-fj4211-100-ka/64972?from=search
Nike Air Max Plus 25th Anniversary,3790000,https://d5ibtax54de3q.cloudfront.net/eyJidWNrZXQiOiJraWNrYXZlbnVlLWFzc2V0cyIsImtleSI6InByb2R1Y3RzLzc2NzAxLzc2NWExZDRkZDU3NDRmY2U4MmM5ODQ3YmYyZmMyMTUwLnBuZyIsImVkaXRzIjp7InJlc2l6ZSI6eyJ3aWR0aCI6NDAwfSwid2VicCI6eyJxdWFsaXR5Ijo1MH19fQ==,/sneakers/nike/nike-air-max-plus-25th-anniversary-fv0393-001-ka/76701?from=search
Adidas Ultraboost 22 Core Lucid Blue,1260000,https://d5ibtax54de3q.cloudfront.net/eyJidWNrZXQiOiJraWNrYXZlbnVlLWFzc2V0cyIsImtleSI6InByb2R1Y3RzLzcyMjAzLzY4NjliYjFlMDkxNDc5MDRmODhhZGE5ZmY1ODc2YTVkLnBuZyIsImVkaXRzIjp7InJlc2l6ZSI6eyJ3aWR0aCI6NDAwfSwid2VicCI6eyJxdWFsaXR5Ijo1MH19fQ==,/sneakers/adidas/adidas-ultraboost-22-core-lucid-blue-hq8593-ka/72203?from=search
New Balance 997 Sport White Moroccan Tile,1280000,https://d5ibtax54de3q.cloudfront.net/eyJidWNrZXQiOiJraWNrYXZlbnVlLWFzc2V0cyIsImtleSI6InByb2R1Y3RzLzczNDU1LzI3NDg0NjQyY2U1N2IxOGRkOTg3Yjk4Y2U1OWI5YTI4LnBuZyIsImVkaXRzIjp7InJlc2l6ZSI6eyJ3aWR0aCI6NDAwfSwid2VicCI6eyJxdWFsaXR5Ijo1MH19fQ==,/sneakers/new-balance/new-balance-997-sport-white-moroccan-tile-ms997hgd-ka/73455?from=search
Nike Asuna 2 Slide Wheat Gold,600000,https://d5ibtax54de3q.cloudfront.net/eyJidWNrZXQiOiJraWNrYXZlbnVlLWFzc2V0cyIsImtleSI6InByb2R1Y3RzLzczNTU5LzUzZmE3NzdlMTZlNjczOWQxMDgwZDBiYzM4MmMyYTBlLnBuZyIsImVkaXRzIjp7InJlc2l6ZSI6eyJ3aWR0aCI6NDAwfSwid2VicCI6eyJxdWFsaXR5Ijo1MH19fQ==,/sneakers/nike/nike-asuna-2-slide-wheat-gold-dx6865-700-ka/73559?from=search
Puma LaMelo Ball MB.03 Slide Green Fluoro Yellow,780000,https://d5ibtax54de3q.cloudfront.net/eyJidWNrZXQiOiJraWNrYXZlbnVlLWFzc2V0cyIsImtleSI6InByb2R1Y3RzLzcwNDEyLzg2YTRjNjU5NmMxOGZmMmE5MjNhMmM2OGYwMDI4ZTY2LnBuZyIsImVkaXRzIjp7InJlc2l6ZSI6eyJ3aWR0aCI6NDAwfSwid2VicCI6eyJxdWFsaXR5Ijo1MH19fQ==,/sneakers/puma/puma-lamelo-ball-mb03-slide-green-fluoro-yellow-394223-04-ka/70412?from=search
Nike Air Force 1 Low '07 Black White Pebbled Leather,1790000,https://d5ibtax54de3q.cloudfront.net/eyJidWNrZXQiOiJraWNrYXZlbnVlLWFzc2V0cyIsImtleSI6InByb2R1Y3RzLzc5Njg5L2FmMTA2YjA4ZDU1N2I2M2ZjMTEwZjBmODc1NzM2N2JkLnBuZyIsImVkaXRzIjp7InJlc2l6ZSI6eyJ3aWR0aCI6NDAwfSwid2VicCI6eyJxdWFsaXR5Ijo1MH19fQ==,/sneakers/nike/nike-air-force-1-low-07-black-white-pebbled-leather-ct2302-002-ka/79689?from=search
Nike Kobe 1 Protro DeMar DeRozan,53910000,https://d5ibtax54de3q.cloudfront.net/eyJidWNrZXQiOiJraWNrYXZlbnVlLWFzc2V0cyIsImtleSI6InByb2R1Y3RzLzgzMjI2LzkyOGQyZDI2YmUyMjdmMWZkMTIwNmM5NTUzYjczODcxLnBuZyIsImVkaXRzIjp7InJlc2l6ZSI6eyJ3aWR0aCI6NDAwfSwid2VicCI6eyJxdWFsaXR5Ijo1MH19fQ==,/sneakers/nike/nike-kobe-1-protro-demar-derozan-ar4595-600-ka/83226?from=search
Nike Air Force 1 Low CMFT BHM Equality,6250000,https://d5ibtax54de3q.cloudfront.net/eyJidWNrZXQiOiJraWNrYXZlbnVlLWFzc2V0cyIsImtleSI6InByb2R1Y3RzLzc5OTE2LzM0ZDBkY2NiMDdiMjk3NWQwMzQ0NmRlNTNmZDE1MWVhLnBuZyIsImVkaXRzIjp7InJlc2l6ZSI6eyJ3aWR0aCI6NDAwfSwid2VicCI6eyJxdWFsaXR5Ijo1MH19fQ==,/sneakers/nike/nike-air-force-1-low-cmft-bhm-equality-aq2125-001-ka/79916?from=search
Reebok Liquifect 90 Navy,410000,https://d5ibtax54de3q.cloudfront.net/eyJidWNrZXQiOiJraWNrYXZlbnVlLWFzc2V0cyIsImtleSI6InByb2R1Y3RzLzMzMzQxLzM4YTdhMDI2MGU1OGU4ZTFlMjAxNmFmZTFjNWNmMzA1LnBuZyIsImVkaXRzIjp7InJlc2l6ZSI6eyJ3aWR0aCI6NDAwfSwid2VicCI6eyJxdWFsaXR5Ijo1MH19fQ==,/sneakers/reebok/reebok-liquifect-90-navy-gw4932-ka/33341?from=search
Puma Cell Alien OG Peacoat Green,1100000,https://d5ibtax54de3q.cloudfront.net/eyJidWNrZXQiOiJraWNrYXZlbnVlLWFzc2V0cyIsImtleSI6InByb2R1Y3RzLzM3Njc2LzBkNWMyMTNhMmMxYzQ5ZjM5M2YwYWIyZTJlM2MyOTc4LnBuZyIsImVkaXRzIjp7InJlc2l6ZSI6eyJ3aWR0aCI6NDAwfSwid2VicCI6eyJxdWFsaXR5Ijo1MH19fQ==,/sneakers/puma/puma-cell-alien-og-peacoat-green-369801-02-ka/37676?from=search
ASICS Gel-Lyte III OG Gore-Tex Bal Mita Sneakers,3800000,https://d5ibtax54de3q.cloudfront.net/eyJidWNrZXQiOiJraWNrYXZlbnVlLWFzc2V0cyIsImtleSI6InByb2R1Y3RzLzQzNjA2L2U0ODU3NDBmNzFkZTkwMjgxNzkyOWQ3NTQ1NGU2NjQ1LmpwZWciLCJlZGl0cyI6eyJyZXNpemUiOnsid2lkdGgiOjQwMH0sIndlYnAiOnsicXVhbGl0eSI6NTB9fX0=,/sneakers/asics/asics-gel-lyte-iii-og-gore-tex-bal-mita-sneakers-1201a870-020-ka/43606?from=search
Vans Sk8-Hi Thrasher Skate Black,870000,https://d5ibtax54de3q.cloudfront.net/eyJidWNrZXQiOiJraWNrYXZlbnVlLWFzc2V0cyIsImtleSI6InByb2R1Y3RzLzU4MzE3L2QzMzA4ZDY1MDkyMzk2MzNmN2M2M2VmY2I2YWI1MDQ0LmpwZWciLCJlZGl0cyI6eyJyZXNpemUiOnsid2lkdGgiOjQwMH0sIndlYnAiOnsicXVhbGl0eSI6NTB9fX0=,/sneakers/vans/vans-sk8-hi-thrasher-skate-black-vn0a5fccbml-ka/58317?from=search
Nike Calm Slide Sesame,570000,https://d5ibtax54de3q.cloudfront.net/eyJidWNrZXQiOiJraWNrYXZlbnVlLWFzc2V0cyIsImtleSI6InByb2R1Y3RzLzYyOTMyL2IzN2FhMzgzODM3NzRhMmIwMDE4ZTM4MTk3YjM4ZmE2LmpwZWciLCJlZGl0cyI6eyJyZXNpemUiOnsid2lkdGgiOjQwMH0sIndlYnAiOnsicXVhbGl0eSI6NTB9fX0=,/sneakers/nike/nike-calm-slide-sesame-fd4116-200-ka/62932?from=search
Nike ACG Woodside II Dark Gold Leaf,5520000,https://d5ibtax54de3q.cloudfront.net/eyJidWNrZXQiOiJraWNrYXZlbnVlLWFzc2V0cyIsImtleSI6InByb2R1Y3RzLzc1NjMyL2NmMWQzM2M1NzVkNDVlY2UyOWU3ZTdjYjc1MjIyM2M2LnBuZyIsImVkaXRzIjp7InJlc2l6ZSI6eyJ3aWR0aCI6NDAwfSwid2VicCI6eyJxdWFsaXR5Ijo1MH19fQ==,/sneakers/nike/nike-acg-woodside-ii-dark-gold-leaf-525393-770-ka/75632?from=search
Nike ACG Lowcate Cacao Wow,1010000,https://d5ibtax54de3q.cloudfront.net/eyJidWNrZXQiOiJraWNrYXZlbnVlLWFzc2V0cyIsImtleSI6InByb2R1Y3RzLzc1NjM2L2QzYTg2MTNhM2UxMGQxNGFkMTRkOTNhYjhiZDcxNDNiLnBuZyIsImVkaXRzIjp7InJlc2l6ZSI6eyJ3aWR0aCI6NDAwfSwid2VicCI6eyJxdWFsaXR5Ijo1MH19fQ==,/sneakers/nike/nike-acg-lowcate-cacao-wow-dm8019-200-ka/75636?from=search
Nike Air Force 1 Low Miami Nights,2650000,https://d5ibtax54de3q.cloudfront.net/eyJidWNrZXQiOiJraWNrYXZlbnVlLWFzc2V0cyIsImtleSI6InByb2R1Y3RzLzgwMDQzLzBiZGE2ZjU1YWM1NGQ4ODdmYjcxMzg1MzMxMzRmOTE0LnBuZyIsImVkaXRzIjp7InJlc2l6ZSI6eyJ3aWR0aCI6NDAwfSwid2VicCI6eyJxdWFsaXR5Ijo1MH19fQ==,/sneakers/nike/nike-air-force-1-low-miami-nights-dd9183-001-ka/80043?from=search
New Balance 550 thisisneverthat Brown,3100000,https://d5ibtax54de3q.cloudfront.net/eyJidWNrZXQiOiJraWNrYXZlbnVlLWFzc2V0cyIsImtleSI6InByb2R1Y3RzLzcwOTY3L2Q4OWY4YmRiN2YzM2ZlNDc1YWZhMzZiM2Y4NDY2YWU5LnBuZyIsImVkaXRzIjp7InJlc2l6ZSI6eyJ3aWR0aCI6NDAwfSwid2VicCI6eyJxdWFsaXR5Ijo1MH19fQ==,/sneakers/new-balance/new-balance-550-thisisneverthat-brown-bb550tn-ka/70967?from=search
New Balance 991 Aime Leon Dore MiUK Tan,6270000,https://d5ibtax54de3q.cloudfront.net/eyJidWNrZXQiOiJraWNrYXZlbnVlLWFzc2V0cyIsImtleSI6InByb2R1Y3RzLzcwNTc0LzA3YWYxMDY0MDIwMjE5NDVjZGNhOTJjZTQxNWFhMzY0LnBuZyIsImVkaXRzIjp7InJlc2l6ZSI6eyJ3aWR0aCI6NDAwfSwid2VicCI6eyJxdWFsaXR5Ijo1MH19fQ==,/sneakers/new-balance/new-balance-991-aime-leon-dore-miuk-tan-m991lio-ka/70574?from=search
Nike Air Humara Polar Blue Buff Gold,1990000,https://d5ibtax54de3q.cloudfront.net/eyJidWNrZXQiOiJraWNrYXZlbnVlLWFzc2V0cyIsImtleSI6InByb2R1Y3RzLzcwNTc4LzZjMzI0ZWQ1MTY0NjM0MmVmNGI3MzdkNjgxMjUzZTAwLnBuZyIsImVkaXRzIjp7InJlc2l6ZSI6eyJ3aWR0aCI6NDAwfSwid2VicCI6eyJxdWFsaXR5Ijo1MH19fQ==,/sneakers/nike/nike-air-humara-polar-blue-buff-gold-fj7098-400-ka/70578?from=search
Adidas Basketball Trae Unlimited Core Black,900000,https://d5ibtax54de3q.cloudfront.net/eyJidWNrZXQiOiJraWNrYXZlbnVlLWFzc2V0cyIsImtleSI6InByb2R1Y3RzLzcwMzAyL2RiM2U0NDE0NDNkNWNmZGEwYzA1ZmJkYWJmMmExZTYxLnBuZyIsImVkaXRzIjp7InJlc2l6ZSI6eyJ3aWR0aCI6NDAwfSwid2VicCI6eyJxdWFsaXR5Ijo1MH19fQ==,/sneakers/adidas/adidas-basketball-trae-unlimited-core-black-hq1020-ka/70302?from=search
Nike Air Max 97 Jayson Tatum,14870000,https://d5ibtax54de3q.cloudfront.net/eyJidWNrZXQiOiJraWNrYXZlbnVlLWFzc2V0cyIsImtleSI6InByb2R1Y3RzLzgwOTQ5LzQ0MjNmZGM4MDU1NGRlMDU2MGI5YTg4YjA3NzY0MzUzLnBuZyIsImVkaXRzIjp7InJlc2l6ZSI6eyJ3aWR0aCI6NDAwfSwid2VicCI6eyJxdWFsaXR5Ijo1MH19fQ==,/sneakers/nike/nike-air-max-97-jayson-tatum-cj9780-600-ka/80949?from=search
Nike LeBron 8 Veterans Day,5270000,https://d5ibtax54de3q.cloudfront.net/eyJidWNrZXQiOiJraWNrYXZlbnVlLWFzc2V0cyIsImtleSI6InByb2R1Y3RzLzgzOTI3LzE2YzdkOWNjZDhjNmIwY2NhYjM3OTkxYjM3OGVjODk1LnBuZyIsImVkaXRzIjp7InJlc2l6ZSI6eyJ3aWR0aCI6NDAwfSwid2VicCI6eyJxdWFsaXR5Ijo1MH19fQ==,/sneakers/nike/nike-lebron-8-veterans-day-417098-100-ka/83927?from=search
Nike SB Alleyoop Black Royal,1500000,https://d5ibtax54de3q.cloudfront.net/eyJidWNrZXQiOiJraWNrYXZlbnVlLWFzc2V0cyIsImtleSI6InByb2R1Y3RzLzg5NjA1L2VjOTQ5MGY3ZTYzZDE1MDYxZmIzMmY3OTAxYWEyNDRjLnBuZyIsImVkaXRzIjp7InJlc2l6ZSI6eyJ3aWR0aCI6NDAwfSwid2VicCI6eyJxdWFsaXR5Ijo1MH19fQ==,/sneakers/nike/nike-sb-alleyoop-black-royal-cj0882-004-ka/89605?from=search
Nike E-Series AD Anthracite Sail,800000,https://d5ibtax54de3q.cloudfront.net/eyJidWNrZXQiOiJraWNrYXZlbnVlLWFzc2V0cyIsImtleSI6InByb2R1Y3RzLzg4OTU4L2Q0MzRkNjkxNGUzN2JiZDRjNjgyMDYyYWRlZjFiZDg0LnBuZyIsImVkaXRzIjp7InJlc2l6ZSI6eyJ3aWR0aCI6NDAwfSwid2VicCI6eyJxdWFsaXR5Ijo1MH19fQ==,/sneakers/nike/nike-e-series-ad-anthracite-sail-dv2436-001-ka-2/88958?from=search
Nike Air Max Bliss Black Oil Grey (Women's),800000,https://d5ibtax54de3q.cloudfront.net/eyJidWNrZXQiOiJraWNrYXZlbnVlLWFzc2V0cyIsImtleSI6InByb2R1Y3RzLzYzMTg2LzI5YjliMmM0YWM2M2ExOWE3OGE0MDY2ZmQxYzQ0YTUxLmpwZWciLCJlZGl0cyI6eyJyZXNpemUiOnsid2lkdGgiOjQwMH0sIndlYnAiOnsicXVhbGl0eSI6NTB9fX0=,/sneakers/nike/nike-air-max-bliss-black-oil-grey-w-dz6754-002-ka/63186?from=search
New Balance 530 Juniper Sage,1700000,https://d5ibtax54de3q.cloudfront.net/eyJidWNrZXQiOiJraWNrYXZlbnVlLWFzc2V0cyIsImtleSI6InByb2R1Y3RzLzY4MTQ1LzJjZTUwZjU2NTBlNmQzYWZiNTIxNWRhZWI4MGRlYTU1LnBuZyIsImVkaXRzIjp7InJlc2l6ZSI6eyJ3aWR0aCI6NDAwfSwid2VicCI6eyJxdWFsaXR5Ijo1MH19fQ==,/sneakers/new-balance/new-balance-530-juniper-sage-mr530cm-ka/68145?from=search
Adidas Fluidflow 2.0 Core Black,750000,https://d5ibtax54de3q.cloudfront.net/eyJidWNrZXQiOiJraWNrYXZlbnVlLWFzc2V0cyIsImtleSI6InByb2R1Y3RzLzY5MjI5Lzg0NjZhZmJjMDkzM2EyZGRmMzE0YTc1N2VmNTMzODMyLnBuZyIsImVkaXRzIjp7InJlc2l6ZSI6eyJ3aWR0aCI6NDAwfSwid2VicCI6eyJxdWFsaXR5Ijo1MH19fQ==,/sneakers/adidas/adidas-fluidflow-20-core-black-fz1985-ka/69229?from=search
Converse All Star Hi MIJ Okayama Denim,2720000,https://d5ibtax54de3q.cloudfront.net/eyJidWNrZXQiOiJraWNrYXZlbnVlLWFzc2V0cyIsImtleSI6InByb2R1Y3RzLzU5NDg3LzcwNDExMGNmYTEyNDhmY2NiY2ZhZTUwNjdmMTk2NTk3LmpwZWciLCJlZGl0cyI6eyJyZXNpemUiOnsid2lkdGgiOjQwMH0sIndlYnAiOnsicXVhbGl0eSI6NTB9fX0=,/sneakers/converse/converse-all-star-hi-mij-okayama-denim-31309160-ka/59487?from=search
Asics Tiger Runner Green Grey,1500000,https://d5ibtax54de3q.cloudfront.net/eyJidWNrZXQiOiJraWNrYXZlbnVlLWFzc2V0cyIsImtleSI6InByb2R1Y3RzLzYxNjg5L2Y2NGRlNWMzZjMwZTI2YTJlMDI1YTRkNTAzODAyY2U2LmpwZWciLCJlZGl0cyI6eyJyZXNpemUiOnsid2lkdGgiOjQwMH0sIndlYnAiOnsicXVhbGl0eSI6NTB9fX0=,/sneakers/asics/asics-tiger-runner-green-grey-1191a207-304-ka/61689?from=search
New Balance 530 White Silver Metallic Black,2000000,https://d5ibtax54de3q.cloudfront.net/eyJidWNrZXQiOiJraWNrYXZlbnVlLWFzc2V0cyIsImtleSI6InByb2R1Y3RzLzcyOTM4L2NmMjMzYTEwMWNmY2JlNTUwOTE1NGJhYTk5MDgxZThmLnBuZyIsImVkaXRzIjp7InJlc2l6ZSI6eyJ3aWR0aCI6NDAwfSwid2VicCI6eyJxdWFsaXR5Ijo1MH19fQ==,/sneakers/new-balance/new-balance-530-white-silver-metallic-black-mr530lb-ka/72938?from=search
Adidas Campus 00's Core Black White,2140000,https://d5ibtax54de3q.cloudfront.net/eyJidWNrZXQiOiJraWNrYXZlbnVlLWFzc2V0cyIsImtleSI6InByb2R1Y3RzLzc5Mzg2L2Y5MDFjMmJiZDFmMTcyYTFhNDBkZWIyMDk5YzJlNjU3LnBuZyIsImVkaXRzIjp7InJlc2l6ZSI6eyJ3aWR0aCI6NDAwfSwid2VicCI6eyJxdWFsaXR5Ijo1MH19fQ==,/sneakers/adidas/adidas-campus-00s-core-black-white-if8768-ka/79386?from=search
Nike Air Ghost Racer Triple Black,1220000,https://d5ibtax54de3q.cloudfront.net/eyJidWNrZXQiOiJraWNrYXZlbnVlLWFzc2V0cyIsImtleSI6InByb2R1Y3RzLzgxMTI4L2EwY2IyNTRlYzg5NjRhOTc2N2E4YTI2Yjg4YzcwMzg2LnBuZyIsImVkaXRzIjp7InJlc2l6ZSI6eyJ3aWR0aCI6NDAwfSwid2VicCI6eyJxdWFsaXR5Ijo1MH19fQ==,/sneakers/nike/nike-air-ghost-racer-triple-black-cw8621-001-ka-2/81128?from=search
Nike Air Maestro 2 High Kith Purple,3230000,https://d5ibtax54de3q.cloudfront.net/eyJidWNrZXQiOiJraWNrYXZlbnVlLWFzc2V0cyIsImtleSI6InByb2R1Y3RzLzgxMTU1L2ExMDcxMmIwNmNjNWE1NTNkYzc2ZDM1MTdhOWYwZmI2LnBuZyIsImVkaXRzIjp7InJlc2l6ZSI6eyJ3aWR0aCI6NDAwfSwid2VicCI6eyJxdWFsaXR5Ijo1MH19fQ==,/sneakers/nike/nike-air-maestro-2-high-kith-purple-ah1069-500-ka/81155?from=search
Adidas Samba Consortium Cup Extra Butter,3800000,https://d5ibtax54de3q.cloudfront.net/eyJidWNrZXQiOiJraWNrYXZlbnVlLWFzc2V0cyIsImtleSI6InByb2R1Y3RzLzc1NjgwL2I3NWI2ODk1MjViZDhiNzY4NTA3YmQwMzllNzIzOGQ4LnBuZyIsImVkaXRzIjp7InJlc2l6ZSI6eyJ3aWR0aCI6NDAwfSwid2VicCI6eyJxdWFsaXR5Ijo1MH19fQ==,/sneakers/adidas/adidas-samba-consortium-cup-extra-butter-ie0174-ka/75680?from=search
Reebok GL 6000 White Bright Cobalt,750000,https://d5ibtax54de3q.cloudfront.net/eyJidWNrZXQiOiJraWNrYXZlbnVlLWFzc2V0cyIsImtleSI6InByb2R1Y3RzLzcyMDgxLzE4NzM4MzYyMmNmMTI2NzEzZTk0YmE3MmExYWYxNWViLnBuZyIsImVkaXRzIjp7InJlc2l6ZSI6eyJ3aWR0aCI6NDAwfSwid2VicCI6eyJxdWFsaXR5Ijo1MH19fQ==,/sneakers/reebok/reebok-gl-6000-white-bright-cobalt-gz0542-ka/72081?from=search
New Balance 574 Brown Olive,1890000,https://d5ibtax54de3q.cloudfront.net/eyJidWNrZXQiOiJraWNrYXZlbnVlLWFzc2V0cyIsImtleSI6InByb2R1Y3RzLzcxNzg2L2Q2OWNhMzgwMjU5NDRhMDI3M2MzOTc2OTE4M2VkOGZjLnBuZyIsImVkaXRzIjp7InJlc2l6ZSI6eyJ3aWR0aCI6NDAwfSwid2VicCI6eyJxdWFsaXR5Ijo1MH19fQ==,/sneakers/new-balance/new-balance-574-brown-olive-u574ubb-ka/71786?from=search
Nike Hyperdunk 2017 Low Black,1390000,https://d5ibtax54de3q.cloudfront.net/eyJidWNrZXQiOiJraWNrYXZlbnVlLWFzc2V0cyIsImtleSI6InByb2R1Y3RzLzgyMDU5L2YzYTljZjRhNzk2ZjdjMTI5ZTljNGYxZjhlMWVjNjQzLnBuZyIsImVkaXRzIjp7InJlc2l6ZSI6eyJ3aWR0aCI6NDAwfSwid2VicCI6eyJxdWFsaXR5Ijo1MH19fQ==,/sneakers/nike/nike-hyperdunk-2017-low-black-897637-001-ka-2/82059?from=search
Wild Run Green,588000,/static/media/kick_avenue_empty_image.cf172573.png,/sneakers/rawtype-riot-sneakers/wild-run-green-acr-wr-g-ka-2/78971?from=search
Nike Air Force 1 '07 Black Dark Team Red,1910000,https://d5ibtax54de3q.cloudfront.net/eyJidWNrZXQiOiJraWNrYXZlbnVlLWFzc2V0cyIsImtleSI6InByb2R1Y3RzLzc4OTc3LzY1NjVmYzliZjEwOTNjZjQ2MTU1Yjg3NTZmMGFmMTk3LnBuZyIsImVkaXRzIjp7InJlc2l6ZSI6eyJ3aWR0aCI6NDAwfSwid2VicCI6eyJxdWFsaXR5Ijo1MH19fQ==,/sneakers/nike/nike-air-force-1-07-black-dark-team-red-fz4615-001-ka/78977?from=search
Nike Blazer Mid VNTG Snakeskin,1190000,https://d5ibtax54de3q.cloudfront.net/eyJidWNrZXQiOiJraWNrYXZlbnVlLWFzc2V0cyIsImtleSI6InByb2R1Y3RzLzc3MDExL2VkZjhjNDkwOTAzYjQ4YjIyZGIwMWY0OTk3NzJjZTI5LnBuZyIsImVkaXRzIjp7InJlc2l6ZSI6eyJ3aWR0aCI6NDAwfSwid2VicCI6eyJxdWFsaXR5Ijo1MH19fQ==,/sneakers/nike/nike-blazer-mid-vntg-snakeskin-ci1176-001-ka/77011?from=search
Nike SB Dunk Low Decon Black,2480000,https://d5ibtax54de3q.cloudfront.net/eyJidWNrZXQiOiJraWNrYXZlbnVlLWFzc2V0cyIsImtleSI6InByb2R1Y3RzLzg5NzcyL2YwYmExMjMyOTgwMDY0MmRiNTE3NGI0YTkzZTc3NTdhLnBuZyIsImVkaXRzIjp7InJlc2l6ZSI6eyJ3aWR0aCI6NDAwfSwid2VicCI6eyJxdWFsaXR5Ijo1MH19fQ==,/sneakers/nike/nike-sb-dunk-low-decon-black-aa4275-002-ka/89772?from=search
Nike SB Dunk Low Eric Koston,9980000,https://d5ibtax54de3q.cloudfront.net/eyJidWNrZXQiOiJraWNrYXZlbnVlLWFzc2V0cyIsImtleSI6InByb2R1Y3RzLzg5Nzc3L2Y5ZGViNThkMmRhNGRmODQ1Mjk1NTlhNmY2ZDJhZjRmLnBuZyIsImVkaXRzIjp7InJlc2l6ZSI6eyJ3aWR0aCI6NDAwfSwid2VicCI6eyJxdWFsaXR5Ijo1MH19fQ==,/sneakers/nike/nike-sb-dunk-low-eric-koston-313170-400-ka/89777?from=search
Nike Air Zoom Spiridon Cage 2 Sesame,4150000,https://d5ibtax54de3q.cloudfront.net/eyJidWNrZXQiOiJraWNrYXZlbnVlLWFzc2V0cyIsImtleSI6InByb2R1Y3RzLzkyNzg3L2UzYWEzOWE5ZDg3NmYwYmEwMzZmOWJiNzFiZGFlYTA0LnBuZyIsImVkaXRzIjp7InJlc2l6ZSI6eyJ3aWR0aCI6NDAwfSwid2VicCI6eyJxdWFsaXR5Ijo1MH19fQ==,/sneakers/nike/nike-air-zoom-spiridon-cage-2-sesame-cu1768-200-ka/92787?from=search
Nike Air Force 1 '07 LV8 4 Triple White,2720000,https://d5ibtax54de3q.cloudfront.net/eyJidWNrZXQiOiJraWNrYXZlbnVlLWFzc2V0cyIsImtleSI6InByb2R1Y3RzLzc5NzI5LzAyNWZlYmM4NWQ3YjU0ODE2ZjFhYmEzMzRhMjQ4N2UxLnBuZyIsImVkaXRzIjp7InJlc2l6ZSI6eyJ3aWR0aCI6NDAwfSwid2VicCI6eyJxdWFsaXR5Ijo1MH19fQ==,/sneakers/nike/nike-air-force-1-07-lv8-4-triple-white-at6147-100-ka/79729?from=search
Nike LeBron Zoom Soldier 7 Kay Yow,5110000,https://d5ibtax54de3q.cloudfront.net/eyJidWNrZXQiOiJraWNrYXZlbnVlLWFzc2V0cyIsImtleSI6InByb2R1Y3RzLzkwMTg3L2QwYzY2NmQ5MTk1MTI3ZGE1ZmVkYmM0MmY2NGY3MzVhLnBuZyIsImVkaXRzIjp7InJlc2l6ZSI6eyJ3aWR0aCI6NDAwfSwid2VicCI6eyJxdWFsaXR5Ijo1MH19fQ==,/sneakers/nike/nike-lebron-zoom-soldier-7-kay-yow-599264-600-ka/90187?from=search
Puma LaMelo Ball MB.03 Blue Hive,1500000,https://d5ibtax54de3q.cloudfront.net/eyJidWNrZXQiOiJraWNrYXZlbnVlLWFzc2V0cyIsImtleSI6InByb2R1Y3RzLzc5Mjk4L2QyNWM1OTM0OGE1YzJkYmRhNDc5NjczMjhhNjdjOWIzLnBuZyIsImVkaXRzIjp7InJlc2l6ZSI6eyJ3aWR0aCI6NDAwfSwid2VicCI6eyJxdWFsaXR5Ijo1MH19fQ==,/sneakers/puma/puma-lamelo-ball-mb03-blue-hive-379221-01-ka/79298?from=search
Nike Air Pegasus '89 Phantom Cargo Khaki Orange,1020000,https://d5ibtax54de3q.cloudfront.net/eyJidWNrZXQiOiJraWNrYXZlbnVlLWFzc2V0cyIsImtleSI6InByb2R1Y3RzLzg4MjQ3LzI2YjFmMmQ5MjNlNjI4ZDlkOTRmOTBmN2ExYzczYjNkLnBuZyIsImVkaXRzIjp7InJlc2l6ZSI6eyJ3aWR0aCI6NDAwfSwid2VicCI6eyJxdWFsaXR5Ijo1MH19fQ==,/sneakers/nike/nike-air-pegasus-89-phantom-cargo-khaki-orange-fb8900-001-ka/88247?from=search
Nike DBreak-Type Navy Sail Orange,2090000,https://d5ibtax54de3q.cloudfront.net/eyJidWNrZXQiOiJraWNrYXZlbnVlLWFzc2V0cyIsImtleSI6InByb2R1Y3RzLzc4OTI2L2QwNDQzZWUwN2NlYmYxMmI3NGMwMTcwNTA2ZTgxYWMzLnBuZyIsImVkaXRzIjp7InJlc2l6ZSI6eyJ3aWR0aCI6NDAwfSwid2VicCI6eyJxdWFsaXR5Ijo1MH19fQ==,/sneakers/nike/nike-dbreak-type-navy-sail-orange-cj1156-400-ka/78926?from=search
Adidas Superstar Golf White Black,1650000,https://d5ibtax54de3q.cloudfront.net/eyJidWNrZXQiOiJraWNrYXZlbnVlLWFzc2V0cyIsImtleSI6InByb2R1Y3RzLzk2NTYwLzFiYjNmNDM2YTYzY2MxMGQ5Y2Y3Zjg1MzM5YTE1MDQzLnBuZyIsImVkaXRzIjp7InJlc2l6ZSI6eyJ3aWR0aCI6NDAwfSwid2VicCI6eyJxdWFsaXR5Ijo1MH19fQ==,/sneakers/adidas/adidas-superstar-golf-white-black-g57857-ka/96560?from=search
Nike LeBron 14 MAG,4630000,https://d5ibtax54de3q.cloudfront.net/eyJidWNrZXQiOiJraWNrYXZlbnVlLWFzc2V0cyIsImtleSI6InByb2R1Y3RzLzgzNzI5Lzg5NmI5YWI0N2E3MjJiYWYxNWQyMDY5Y2QwOGVhMjljLnBuZyIsImVkaXRzIjp7InJlc2l6ZSI6eyJ3aWR0aCI6NDAwfSwid2VicCI6eyJxdWFsaXR5Ijo1MH19fQ==,/sneakers/nike/nike-lebron-14-mag-852405-005-ka/83729?from=search
Nike Kobe 9 EM Low Easter,7890000,https://d5ibtax54de3q.cloudfront.net/eyJidWNrZXQiOiJraWNrYXZlbnVlLWFzc2V0cyIsImtleSI6InByb2R1Y3RzLzgzMzkwLzg4MjA3ZTQwOWQwMmViMjM4Nzg5ZWQ0YTg0NDk1YTBmLnBuZyIsImVkaXRzIjp7InJlc2l6ZSI6eyJ3aWR0aCI6NDAwfSwid2VicCI6eyJxdWFsaXR5Ijo1MH19fQ==,/sneakers/nike/nike-kobe-9-em-low-easter-646701-300-ka/83390?from=search
Nike Mamba Rage Gold Stars,14870000,https://d5ibtax54de3q.cloudfront.net/eyJidWNrZXQiOiJraWNrYXZlbnVlLWFzc2V0cyIsImtleSI6InByb2R1Y3RzLzg0MzYyLzYwNDViNjlmZGZhNWFmZDU5NzRmNTA1OTJmYTJkNzg3LnBuZyIsImVkaXRzIjp7InJlc2l6ZSI6eyJ3aWR0aCI6NDAwfSwid2VicCI6eyJxdWFsaXR5Ijo1MH19fQ==,/sneakers/nike/nike-mamba-rage-gold-stars-908972-099-ka/84362?from=search
Nike Adapt Huarache 'Racer Blue' China Charger,5080000,https://d5ibtax54de3q.cloudfront.net/eyJidWNrZXQiOiJraWNrYXZlbnVlLWFzc2V0cyIsImtleSI6InByb2R1Y3RzLzc5NDU2LzkyYTEwN2ZhNDMxODg3NDRkYzhiZjYxYmY1MzI5MzJmLnBuZyIsImVkaXRzIjp7InJlc2l6ZSI6eyJ3aWR0aCI6NDAwfSwid2VicCI6eyJxdWFsaXR5Ijo1MH19fQ==,/sneakers/nike/nike-adapt-huarache-racer-blue-china-charger-ct4401-001-ka/79456?from=search
Air Jordan CP3.XII Dr.Jekyll and Mr.Hyde,5330000,https://d5ibtax54de3q.cloudfront.net/eyJidWNrZXQiOiJraWNrYXZlbnVlLWFzc2V0cyIsImtleSI6InByb2R1Y3RzLzkzNjE4L2M4MzI2OGFkN2U2NzVhMzcwZDk3OTg0YmUyNzUzNzA0LnBuZyIsImVkaXRzIjp7InJlc2l6ZSI6eyJ3aWR0aCI6NDAwfSwid2VicCI6eyJxdWFsaXR5Ijo1MH19fQ==,/sneakers/air-jordan/air-jordan-cp3xii-drjekyll-and-mrhyde-aq3744-007-ka/93618?from=search
Air Jordan Fly Lockdown PFX,1000000,https://d5ibtax54de3q.cloudfront.net/eyJidWNrZXQiOiJraWNrYXZlbnVlLWFzc2V0cyIsImtleSI6InByb2R1Y3RzLzkzNjM0L2YyZmQzYzRlNGRlODMxOTkwZTA4MTgwZmZkMmQ1OGU4LnBuZyIsImVkaXRzIjp7InJlc2l6ZSI6eyJ3aWR0aCI6NDAwfSwid2VicCI6eyJxdWFsaXR5Ijo1MH19fQ==,/sneakers/air-jordan/air-jordan-fly-lockdown-pfx-ao1550-010-ka/93634?from=search
Nike LeBron 15 Performance KITH King's Cloak,16130000,https://d5ibtax54de3q.cloudfront.net/eyJidWNrZXQiOiJraWNrYXZlbnVlLWFzc2V0cyIsImtleSI6InByb2R1Y3RzLzgzNzUyL2YwMTA1NWEyMTUyNWY1ZjNiNjhjNjMzNjQ2MDk4ODlkLnBuZyIsImVkaXRzIjp7InJlc2l6ZSI6eyJ3aWR0aCI6NDAwfSwid2VicCI6eyJxdWFsaXR5Ijo1MH19fQ==,/sneakers/nike/nike-lebron-15-performance-kith-kings-cloak-aj3936-100-ka/83752?from=search
Nike Kobe 11 Elite Low BHM (2016),7990000,https://d5ibtax54de3q.cloudfront.net/eyJidWNrZXQiOiJraWNrYXZlbnVlLWFzc2V0cyIsImtleSI6InByb2R1Y3RzLzgzMjU4LzBhZjllMDMyMTk1MmRlMGE1ZjVhNzlkOGRmNGUxZWRjLnBuZyIsImVkaXRzIjp7InJlc2l6ZSI6eyJ3aWR0aCI6NDAwfSwid2VicCI6eyJxdWFsaXR5Ijo1MH19fQ==,/sneakers/nike/nike-kobe-11-elite-low-bhm-2016-822522-914-ka/83258?from=search
Nike Kobe 4 NBA Final MVP Away,18000000,/static/media/kick_avenue_empty_image.cf172573.png,/sneakers/nike/nike-kobe-4-nba-final-mvp-away-354187-001-ka/83280?from=search
Nike Zoom Stefan Janoski SB OG Black,970000,https://d5ibtax54de3q.cloudfront.net/eyJidWNrZXQiOiJraWNrYXZlbnVlLWFzc2V0cyIsImtleSI6InByb2R1Y3RzLzg2NTc2LzdkNjY5NjUyNTQ2ZmZjOTY5NTdiMjNlZThhMjZhNDg0LnBuZyIsImVkaXRzIjp7InJlc2l6ZSI6eyJ3aWR0aCI6NDAwfSwid2VicCI6eyJxdWFsaXR5Ijo1MH19fQ==,/sneakers/nike/nike-zoom-stefan-janoski-sb-og-black-833603-012-ka/86576?from=search
Nike Blazer Mid 77 Vintage Have a Good Game (Women's),920000,https://d5ibtax54de3q.cloudfront.net/eyJidWNrZXQiOiJraWNrYXZlbnVlLWFzc2V0cyIsImtleSI6InByb2R1Y3RzLzgxOTY5LzgyY2NlNTJlNjViOTI0MmM1MTFkMzQzMzlkODFlMDk0LnBuZyIsImVkaXRzIjp7InJlc2l6ZSI6eyJ3aWR0aCI6NDAwfSwid2VicCI6eyJxdWFsaXR5Ijo1MH19fQ==,/sneakers/nike/nike-blazer-mid-77-vintage-have-a-good-game-womens-dc3281-101-ka/81969?from=search
Nike Air Max 95 Overbranding Black,1880000,https://d5ibtax54de3q.cloudfront.net/eyJidWNrZXQiOiJraWNrYXZlbnVlLWFzc2V0cyIsImtleSI6InByb2R1Y3RzLzgwODY1LzRkYjFkYTNkMDM4NGQ4M2E2NDkwYzg1ZTRlZDc3NDI0LnBuZyIsImVkaXRzIjp7InJlc2l6ZSI6eyJ3aWR0aCI6NDAwfSwid2VicCI6eyJxdWFsaXR5Ijo1MH19fQ==,/sneakers/nike/nike-air-max-95-overbranding-black-538416-020-ka/80865?from=search
Nike Superfly 8 Elite FG Football Grey Light Marine,3910000,https://d5ibtax54de3q.cloudfront.net/eyJidWNrZXQiOiJraWNrYXZlbnVlLWFzc2V0cyIsImtleSI6InByb2R1Y3RzLzg1Njg3LzM0ZTE5YzFkYjU0MWYwYzFiZjM5Y2VjN2EwMmU1ZGJmLnBuZyIsImVkaXRzIjp7InJlc2l6ZSI6eyJ3aWR0aCI6NDAwfSwid2VicCI6eyJxdWFsaXR5Ijo1MH19fQ==,/sneakers/nike/nike-superfly-8-elite-fg-football-grey-light-marine-dj2839-054-ka/85687?from=search
Nike PG 1 Game Royal,5810000,https://image.goat.com/750/attachments/product_template_pictures/images/011/857/145/original/878628_400.png.png,/sneakers/nike/nike-pg-1-game-royal-878628-400-ka/84779?from=search
New Balance 999 Grey,2140000,https://d5ibtax54de3q.cloudfront.net/eyJidWNrZXQiOiJraWNrYXZlbnVlLWFzc2V0cyIsImtleSI6InByb2R1Y3RzLzk4NzkzLzc5NTg0MDRiZWQ1OTMyNzI5ODc1NzY1MmZiZGI3MGVlLnBuZyIsImVkaXRzIjp7InJlc2l6ZSI6eyJ3aWR0aCI6NDAwfSwid2VicCI6eyJxdWFsaXR5Ijo1MH19fQ==,/sneakers/new-balance/new-balance-999-grey-ml999gr-ka/98793?from=search
ASICS Gel Quantum 180 Triple Black,2850000,https://d5ibtax54de3q.cloudfront.net/eyJidWNrZXQiOiJraWNrYXZlbnVlLWFzc2V0cyIsImtleSI6InByb2R1Y3RzLzEwMTQyNi82ZTAyYmE4NDVlZTc4OTQ5ZmM0MmE1M2U0MDhmNmM5MC5wbmciLCJlZGl0cyI6eyJyZXNpemUiOnsid2lkdGgiOjQwMH0sIndlYnAiOnsicXVhbGl0eSI6NTB9fX0=,/sneakers/asics/asics-gel-quantum-180-triple-black-1201a063-001-ka-2/101426?from=search
Nike Air Force 1 Posite Max QS Triple Black,11700000,https://d5ibtax54de3q.cloudfront.net/eyJidWNrZXQiOiJraWNrYXZlbnVlLWFzc2V0cyIsImtleSI6InByb2R1Y3RzLzgwMzM0LzgzNWZmNTQ5N2YxZjQ3OGY4MzlhNGYzMDQ0MDU3YjMyLnBuZyIsImVkaXRzIjp7InJlc2l6ZSI6eyJ3aWR0aCI6NDAwfSwid2VicCI6eyJxdWFsaXR5Ijo1MH19fQ==,/sneakers/nike/nike-air-force-1-posite-max-qs-triple-black-548968-010-ka-2/80334?from=search
Nike Offcourt Slide Sail Sanddrift (Women's),540000,https://d5ibtax54de3q.cloudfront.net/eyJidWNrZXQiOiJraWNrYXZlbnVlLWFzc2V0cyIsImtleSI6InByb2R1Y3RzLzg3NzMzLzAwZTgyNDg3NWFmYjQ5OGFjZjcyMWE3ZTdmYmE0NTNhLnBuZyIsImVkaXRzIjp7InJlc2l6ZSI6eyJ3aWR0aCI6NDAwfSwid2VicCI6eyJxdWFsaXR5Ijo1MH19fQ==,/sneakers/nike/nike-wmns-offcourt-slide-sail-sanddrift-fq7005-131-ka/87733?from=search
Vans Lowland CC Velcro Black True White,1710000,https://d5ibtax54de3q.cloudfront.net/eyJidWNrZXQiOiJraWNrYXZlbnVlLWFzc2V0cyIsImtleSI6InByb2R1Y3RzLzk2OTU3L2MwZjRmMGRmZjE0Nzc0YTk3YTg1ZGM0ZDE3ZDU0MjBhLnBuZyIsImVkaXRzIjp7InJlc2l6ZSI6eyJ3aWR0aCI6NDAwfSwid2VicCI6eyJxdWFsaXR5Ijo1MH19fQ==,/sneakers/vans/vans-lowland-cc-velcro-black-true-white-vn000cth6bt-ka/96957?from=search
Nike Kyrie Low 2 Multi-Color,7140000,https://d5ibtax54de3q.cloudfront.net/eyJidWNrZXQiOiJraWNrYXZlbnVlLWFzc2V0cyIsImtleSI6InByb2R1Y3RzLzgyNDgwL2E4NGViYjgzMTU1MTVhNzM4ZTkzODI1YTllY2IzZTBmLnBuZyIsImVkaXRzIjp7InJlc2l6ZSI6eyJ3aWR0aCI6NDAwfSwid2VicCI6eyJxdWFsaXR5Ijo1MH19fQ==,/sneakers/nike/nike-kyrie-low-2-multi-color-av6337-400-ka/82480?from=search
ANTA East Bay Times x KT4 Newspaper,3840000,https://d5ibtax54de3q.cloudfront.net/eyJidWNrZXQiOiJraWNrYXZlbnVlLWFzc2V0cyIsImtleSI6InByb2R1Y3RzLzk5NDc1L2Y2NDJiODBkMTE5NDBhMWMyOTQ3NDE1MDNlZTRkYjIzLnBuZyIsImVkaXRzIjp7InJlc2l6ZSI6eyJ3aWR0aCI6NDAwfSwid2VicCI6eyJxdWFsaXR5Ijo1MH19fQ==,/sneakers/anta/anta-east-bay-times-x-kt4-newspaper-11931101-6-ka-2/99475?from=search
Nike Kyrie 3 EP Obsidian,4860000,https://d5ibtax54de3q.cloudfront.net/eyJidWNrZXQiOiJraWNrYXZlbnVlLWFzc2V0cyIsImtleSI6InByb2R1Y3RzLzgyMTkxL2JlYTE1NTM0NmIzNzk3ZmE4M2QyZGVjNjViODBiZWFhLnBuZyIsImVkaXRzIjp7InJlc2l6ZSI6eyJ3aWR0aCI6NDAwfSwid2VicCI6eyJxdWFsaXR5Ijo1MH19fQ==,/sneakers/nike/nike-kyrie-3-ep-obsidian-852396-400-ka-2/82191?from=search
Nike Kyrie 4 BHM,7100000,https://d5ibtax54de3q.cloudfront.net/eyJidWNrZXQiOiJraWNrYXZlbnVlLWFzc2V0cyIsImtleSI6InByb2R1Y3RzLzgyMjA4L2ZiMzM4ODIwZmNmYzE2MmM5ZWNiYzhmYTcyNDJmNDM0LnBuZyIsImVkaXRzIjp7InJlc2l6ZSI6eyJ3aWR0aCI6NDAwfSwid2VicCI6eyJxdWFsaXR5Ijo1MH19fQ==,/sneakers/nike/nike-kyrie-4-bhm-ao3167-900-ka-2/82208?from=search
Nike Force 58 Premium SB 'Grey Royal Gum',1900000,https://d5ibtax54de3q.cloudfront.net/eyJidWNrZXQiOiJraWNrYXZlbnVlLWFzc2V0cyIsImtleSI6InByb2R1Y3RzLzg5MTQ1L2IxZTMyZWRlY2Q3ZGIxYWI1ZGJjNjE3Yjg2NjMxZjRmLnBuZyIsImVkaXRzIjp7InJlc2l6ZSI6eyJ3aWR0aCI6NDAwfSwid2VicCI6eyJxdWFsaXR5Ijo1MH19fQ==,/sneakers/nike/nike-force-58-premium-sb-grey-royal-gum-dv5476-001-ka/89145?from=search
ANTA KT9 Water Rhyme,1120000,https://d5ibtax54de3q.cloudfront.net/eyJidWNrZXQiOiJraWNrYXZlbnVlLWFzc2V0cyIsImtleSI6InByb2R1Y3RzLzk5NTMxLzM4MjRjZmVjYWI2YjBlZjI3NzJlNDUzM2VjYjFiMTYwLnBuZyIsImVkaXRzIjp7InJlc2l6ZSI6eyJ3aWR0aCI6NDAwfSwid2VicCI6eyJxdWFsaXR5Ijo1MH19fQ==,/sneakers/anta/anta-kt9-water-rhyme-112341101-7-ka-2/99531?from=search
ANTA Kyrie Irving Shock Wave 5 Saltation,1400000,https://d5ibtax54de3q.cloudfront.net/eyJidWNrZXQiOiJraWNrYXZlbnVlLWFzc2V0cyIsImtleSI6InByb2R1Y3RzLzk5NTMyLzE0MmZkYmM0ZDQ5OGQ0OTU5Y2JlMGMwOGU5MzliOGZiLnBuZyIsImVkaXRzIjp7InJlc2l6ZSI6eyJ3aWR0aCI6NDAwfSwid2VicCI6eyJxdWFsaXR5Ijo1MH19fQ==,/sneakers/anta/anta-kyrie-irving-shock-wave-5-saltation-112331106-1-ka-2/99532?from=search
Nike Vandal High Supreme 'Gold and Navy',2500000,https://d5ibtax54de3q.cloudfront.net/eyJidWNrZXQiOiJraWNrYXZlbnVlLWFzc2V0cyIsImtleSI6InByb2R1Y3RzLzg1ODc5LzY0ZjY3YTNkMTY2NmViZjVlMzhlNDgwZGViMWI5NzhkLnBuZyIsImVkaXRzIjp7InJlc2l6ZSI6eyJ3aWR0aCI6NDAwfSwid2VicCI6eyJxdWFsaXR5Ijo1MH19fQ==,/sneakers/nike/nike-vandal-high-supreme-gold-and-navy-ah8652-700-ka/85879?from=search
Nike Zoom Hyperfuse 2014 'Bred',4150000,https://d5ibtax54de3q.cloudfront.net/eyJidWNrZXQiOiJraWNrYXZlbnVlLWFzc2V0cyIsImtleSI6InByb2R1Y3RzLzg2MTk0LzI1NGE0YmRmYjcyNDRkZWNlMjlkY2VhOTRiMWY3MWFkLnBuZyIsImVkaXRzIjp7InJlc2l6ZSI6eyJ3aWR0aCI6NDAwfSwid2VicCI6eyJxdWFsaXR5Ijo1MH19fQ==,/sneakers/nike/nike-zoom-hyperfuse-2014-bred-684591-066-ka/86194?from=search
ASICS Aaron Slip-On White Pink Blue,990000,https://d5ibtax54de3q.cloudfront.net/eyJidWNrZXQiOiJraWNrYXZlbnVlLWFzc2V0cyIsImtleSI6InByb2R1Y3RzLzk5ODY3LzdlZjU3YjRjMTUxODJhOGQ3OTM0YzBkNDI0NzUyYTJhLnBuZyIsImVkaXRzIjp7InJlc2l6ZSI6eyJ3aWR0aCI6NDAwfSwid2VicCI6eyJxdWFsaXR5Ijo1MH19fQ==,/sneakers/asics/asics-aaron-slip-on-white-pink-blue-1203a234-100-ka-2/99867?from=search
Jordan 11 Retro Gift Pack Space Jam (I),1180000,https://d5ibtax54de3q.cloudfront.net/eyJidWNrZXQiOiJraWNrYXZlbnVlLWFzc2V0cyIsImtleSI6InByb2R1Y3RzLzkyNTA5LzRmYTJjZDZlMjc4ZjVlZDE2MTA4ZjZmYmRlYzgxMDUwLnBuZyIsImVkaXRzIjp7InJlc2l6ZSI6eyJ3aWR0aCI6NDAwfSwid2VicCI6eyJxdWFsaXR5Ijo1MH19fQ==,/sneakers/air-jordan/jordan-11-retro-gift-pack-space-jam-i-378049-003-ka/92509?from=search
Nike Victori One Slide Polka Swoosh Black,660000,https://d5ibtax54de3q.cloudfront.net/eyJidWNrZXQiOiJraWNrYXZlbnVlLWFzc2V0cyIsImtleSI6InByb2R1Y3RzLzg1OTc4LzY5M2ExZDJhMGQzNjJjNDQ2NjA3YmJiNDA3MjhhMGJlLnBuZyIsImVkaXRzIjp7InJlc2l6ZSI6eyJ3aWR0aCI6NDAwfSwid2VicCI6eyJxdWFsaXR5Ijo1MH19fQ==,/sneakers/nike/nike-victori-one-slide-polka-swoosh-black-cz5478-001-ka-2/85978?from=search
Nike Air Presto White Black,2170000,https://d5ibtax54de3q.cloudfront.net/eyJidWNrZXQiOiJraWNrYXZlbnVlLWFzc2V0cyIsImtleSI6InByb2R1Y3RzLzg4MzAxL2Y5MGI1YzVjMjMyOGY2ZWYyYTY1NjQyMzA2OGVlN2QyLnBuZyIsImVkaXRzIjp7InJlc2l6ZSI6eyJ3aWR0aCI6NDAwfSwid2VicCI6eyJxdWFsaXR5Ijo1MH19fQ==,/sneakers/nike/nike-air-presto-white-black-ct3550-001-ka/88301?from=search
Nike Air Span 2 Solar Daisy Phantom,14870000,https://d5ibtax54de3q.cloudfront.net/eyJidWNrZXQiOiJraWNrYXZlbnVlLWFzc2V0cyIsImtleSI6InByb2R1Y3RzLzg4MzM2L2Q0Yjk1NWVmOGQxNjBhZTI5ZWZiZWIxNjliOTMzMzMwLnBuZyIsImVkaXRzIjp7InJlc2l6ZSI6eyJ3aWR0aCI6NDAwfSwid2VicCI6eyJxdWFsaXR5Ijo1MH19fQ==,/sneakers/nike/nike-air-span-2-solar-daisy-phantom-aq3120-003-ka/88336?from=search
Nike PG 3 EYBL,20200000,https://d5ibtax54de3q.cloudfront.net/eyJidWNrZXQiOiJraWNrYXZlbnVlLWFzc2V0cyIsImtleSI6InByb2R1Y3RzLzg0ODE2LzQ2MTM4ZjNlYzJiMzMxMmE1NjBiYWFjOWQ1N2I2NGUwLnBuZyIsImVkaXRzIjp7InJlc2l6ZSI6eyJ3aWR0aCI6NDAwfSwid2VicCI6eyJxdWFsaXR5Ijo1MH19fQ==,/sneakers/nike/nike-pg-3-eybl-cq6416-900-ka/84816?from=search
Nike Kobe Zoom 7 Black White Wolf Grey,9670000,https://d5ibtax54de3q.cloudfront.net/eyJidWNrZXQiOiJraWNrYXZlbnVlLWFzc2V0cyIsImtleSI6InByb2R1Y3RzLzgzMzI5Lzg3ZDQwMzdjMjM2ZjhmZjJmMzkzNTk0MmFhNmNmM2Q3LnBuZyIsImVkaXRzIjp7InJlc2l6ZSI6eyJ3aWR0aCI6NDAwfSwid2VicCI6eyJxdWFsaXR5Ijo1MH19fQ==,/sneakers/nike/nike-kobe-zoom-7-black-white-wolf-grey-488371-001-ka/83329?from=search
Nike Air Monarch IV White,810000,https://d5ibtax54de3q.cloudfront.net/eyJidWNrZXQiOiJraWNrYXZlbnVlLWFzc2V0cyIsImtleSI6InByb2R1Y3RzLzgxNzg4LzM3MjI3Njg4Y2I1ODRkMWNkMGVmMzExYTUxMDIyMmNkLnBuZyIsImVkaXRzIjp7InJlc2l6ZSI6eyJ3aWR0aCI6NDAwfSwid2VicCI6eyJxdWFsaXR5Ijo1MH19fQ==,/sneakers/nike/nike-air-monarch-iv-white-415445-100-ka/81788?from=search
Nike Zoom 2K Off White University Red,1890000,https://d5ibtax54de3q.cloudfront.net/eyJidWNrZXQiOiJraWNrYXZlbnVlLWFzc2V0cyIsImtleSI6InByb2R1Y3RzLzg2MTAyLzc3YjEwNzcxOWVkMWU4ZjAzYWQ2Yjk5NGI3MjE1NWVhLnBuZyIsImVkaXRzIjp7InJlc2l6ZSI6eyJ3aWR0aCI6NDAwfSwid2VicCI6eyJxdWFsaXR5Ijo1MH19fQ==,/sneakers/nike/nike-zoom-2k-off-white-university-red-ao0269-102-ka/86102?from=search
"Nike KD 7 35,000 Degrees",3290000,https://d5ibtax54de3q.cloudfront.net/eyJidWNrZXQiOiJraWNrYXZlbnVlLWFzc2V0cyIsImtleSI6InByb2R1Y3RzLzgzMTY1L2I0MTc0ZGU4NDVhOGM4YTIwZDkxY2IyNGI1M2VlZjU4LnBuZyIsImVkaXRzIjp7InJlc2l6ZSI6eyJ3aWR0aCI6NDAwfSwid2VicCI6eyJxdWFsaXR5Ijo1MH19fQ==,/sneakers/nike/nike-kd-7-35000-degrees-653996-840-ka/83165?from=search
Li-Ning Essence 2 Ace New York Fashion Week Green Khaki,1590000,https://d5ibtax54de3q.cloudfront.net/eyJidWNrZXQiOiJraWNrYXZlbnVlLWFzc2V0cyIsImtleSI6InByb2R1Y3RzLzEwMjU5MC8xZjNiN2I4ZTFjMTkxODRjYWJkZDMwMmIwN2Q4ZTFkNy5wbmciLCJlZGl0cyI6eyJyZXNpemUiOnsid2lkdGgiOjQwMH0sIndlYnAiOnsicXVhbGl0eSI6NTB9fX0=,/sneakers/li-ning/li-ning-essence-2-ace-new-york-fashion-week-green-khaki-agwn041-2-ka/102590?from=search
Jordan 1 Mid Gym Red Black Patent,5110000,https://d5ibtax54de3q.cloudfront.net/eyJidWNrZXQiOiJraWNrYXZlbnVlLWFzc2V0cyIsImtleSI6InByb2R1Y3RzLzkyMzQxLzUxMDJjOGM2OTQ5NWE4OWFjY2RmYTdkOTU2NTVhMmQ5LnBuZyIsImVkaXRzIjp7InJlc2l6ZSI6eyJ3aWR0aCI6NDAwfSwid2VicCI6eyJxdWFsaXR5Ijo1MH19fQ==,/sneakers/air-jordan/jordan-1-mid-gym-red-black-patent-554724-602-ka/92341?from=search
Nike Force 58 SB 'Sesame Baroque Brown',1160000,https://d5ibtax54de3q.cloudfront.net/eyJidWNrZXQiOiJraWNrYXZlbnVlLWFzc2V0cyIsImtleSI6InByb2R1Y3RzLzg5MTU2L2EyZjdhNWFjNzcwYmM5NmE1NDkzNTE2OThmY2U4NGJiLnBuZyIsImVkaXRzIjp7InJlc2l6ZSI6eyJ3aWR0aCI6NDAwfSwid2VicCI6eyJxdWFsaXR5Ijo1MH19fQ==,/sneakers/nike/nike-force-58-sb-sesame-baroque-brown-fv8104-221-ka/89156?from=search
New Balance 2002R Shoe Palace Volcanic Rocks Brown,5680000,https://d5ibtax54de3q.cloudfront.net/eyJidWNrZXQiOiJraWNrYXZlbnVlLWFzc2V0cyIsImtleSI6InByb2R1Y3RzLzEwNDg2NC85NWMzNDRjNTQyMTJmOGE2MDJhZjkwNzQxOWYzOGM1Yi5wbmciLCJlZGl0cyI6eyJyZXNpemUiOnsid2lkdGgiOjQwMH0sIndlYnAiOnsicXVhbGl0eSI6NTB9fX0=,/sneakers/new-balance/new-balance-2002r-shoe-palace-volcanic-rocks-brown-m2002rgm-ka/104864?from=search
New Balance 530 Eclipse Phantom,2790000,https://d5ibtax54de3q.cloudfront.net/eyJidWNrZXQiOiJraWNrYXZlbnVlLWFzc2V0cyIsImtleSI6InByb2R1Y3RzLzk0ODUwLzk4YWFiMWRiOTFkNWY5NzE2NDY2YmZkZGU5MTkzZWE0LnBuZyIsImVkaXRzIjp7InJlc2l6ZSI6eyJ3aWR0aCI6NDAwfSwid2VicCI6eyJxdWFsaXR5Ijo1MH19fQ==,/sneakers/new-balance/jordan-jordan-true-flight-black-mr530smn-ka/94850?from=search
Air Jordan Ultra.Fly 3 PFX Hyper Crimson,1990000,https://d5ibtax54de3q.cloudfront.net/eyJidWNrZXQiOiJraWNrYXZlbnVlLWFzc2V0cyIsImtleSI6InByb2R1Y3RzLzkzODYyL2U2NjNiMWQwZjAxM2RjMGY0MjNiNTExNjgxMzlmOWUyLnBuZyIsImVkaXRzIjp7InJlc2l6ZSI6eyJ3aWR0aCI6NDAwfSwid2VicCI6eyJxdWFsaXR5Ijo1MH19fQ==,/sneakers/air-jordan/air-jordan-ultrafly-3-pfx-hyper-crimson-bq6280-008-ka/93862?from=search
Nike Blazer Mid '77 Vintage Summit White Picante Red,950000,https://d5ibtax54de3q.cloudfront.net/eyJidWNrZXQiOiJraWNrYXZlbnVlLWFzc2V0cyIsImtleSI6InByb2R1Y3RzLzExMTY3NS8zZWM4ODU4YjIzM2NkNzdmNWNhMzUxNjk0NzI2MDg5MS5wbmciLCJlZGl0cyI6eyJyZXNpemUiOnsid2lkdGgiOjQwMH0sIndlYnAiOnsicXVhbGl0eSI6NTB9fX0=,/sneakers/nike/nike-blazer-mid-77-vintage-summit-white-picante-red-bq6806-128-ka/111675?from=search
New Balance 580 Solarized,970000,https://d5ibtax54de3q.cloudfront.net/eyJidWNrZXQiOiJraWNrYXZlbnVlLWFzc2V0cyIsImtleSI6InByb2R1Y3RzLzk1MjM0L2NiZGViYTdlN2IxODJhMWUxM2MxMzQ2ZTFjMDE0NzcxLnBuZyIsImVkaXRzIjp7InJlc2l6ZSI6eyJ3aWR0aCI6NDAwfSwid2VicCI6eyJxdWFsaXR5Ijo1MH19fQ==,/sneakers/new-balance/new-balance-580-solarized-mrt580ug-ka/95234?from=search
ASICS Gel Kayano 26 Vivienne Westwood Black,3000000,https://d5ibtax54de3q.cloudfront.net/eyJidWNrZXQiOiJraWNrYXZlbnVlLWFzc2V0cyIsImtleSI6InByb2R1Y3RzLzEwMTE3OC85MDM4Mjk0YTc5YjBjZjJlZThhNTk3NzZiMDM5NzJjMy5wbmciLCJlZGl0cyI6eyJyZXNpemUiOnsid2lkdGgiOjQwMH0sIndlYnAiOnsicXVhbGl0eSI6NTB9fX0=,/sneakers/asics/asics-gel-kayano-26-vivienne-westwood-black-1021a320-001-ka-2/101178?from=search
Adidas Rivalry Low Collegiate Burgundy White,900000,https://d5ibtax54de3q.cloudfront.net/eyJidWNrZXQiOiJraWNrYXZlbnVlLWFzc2V0cyIsImtleSI6InByb2R1Y3RzLzEwNzIxMS9hOTk2MDQ3MzExZWYzY2UzMTRhYTljNWU2MWQzYmU5Mi5wbmciLCJlZGl0cyI6eyJyZXNpemUiOnsid2lkdGgiOjQwMH0sIndlYnAiOnsicXVhbGl0eSI6NTB9fX0=,/sneakers/adidas/adidas-rivalry-low-collegiate-burgundy-white-ie7208-ka/107211?from=search
New Balance 373 Green,800000,https://d5ibtax54de3q.cloudfront.net/eyJidWNrZXQiOiJraWNrYXZlbnVlLWFzc2V0cyIsImtleSI6InByb2R1Y3RzLzEwODkyNS85NjM4OGIyNmNjODEyODQxNTc3ZjA3YTAxN2JhYTc5Zi5wbmciLCJlZGl0cyI6eyJyZXNpemUiOnsid2lkdGgiOjQwMH0sIndlYnAiOnsicXVhbGl0eSI6NTB9fX0=,/sneakers/new-balance/new-balance-373-green-ml373te2-ka/108925?from=search
New Balance 520 V8 Black Grey,600000,https://d5ibtax54de3q.cloudfront.net/eyJidWNrZXQiOiJraWNrYXZlbnVlLWFzc2V0cyIsImtleSI6InByb2R1Y3RzLzEwODkzMC84NzIzOGY5NmQzYmJmNDdlMzQ0NGZjYTUxMGI4NjIzMy5wbmciLCJlZGl0cyI6eyJyZXNpemUiOnsid2lkdGgiOjQwMH0sIndlYnAiOnsicXVhbGl0eSI6NTB9fX0=,/sneakers/new-balance/new-balance-520-v8-black-grey-m520fb8-ka-2/108930?from=search
Nike Mercurial Superfly 6 Elite FG Golden Touch,9190000,https://d5ibtax54de3q.cloudfront.net/eyJidWNrZXQiOiJraWNrYXZlbnVlLWFzc2V0cyIsImtleSI6InByb2R1Y3RzLzg5NDM0LzAwYTY1MjRiODVlYjk0ZDNiNzM2MDA2OGYwMTc3MThiLnBuZyIsImVkaXRzIjp7InJlc2l6ZSI6eyJ3aWR0aCI6NDAwfSwid2VicCI6eyJxdWFsaXR5Ijo1MH19fQ==,/sneakers/nike/nike-mercurial-superfly-6-elite-fg-golden-touch-bq4655-001-ka/89434?from=search
New Balance 750 Sandal Black,500000,https://d5ibtax54de3q.cloudfront.net/eyJidWNrZXQiOiJraWNrYXZlbnVlLWFzc2V0cyIsImtleSI6InByb2R1Y3RzLzk4NTg5L2MwMTM3NWNjMDA3YjVjMDBlNzk2MmExNTE1OGNjMzliLnBuZyIsImVkaXRzIjp7InJlc2l6ZSI6eyJ3aWR0aCI6NDAwfSwid2VicCI6eyJxdWFsaXR5Ijo1MH19fQ==,/sneakers/new-balance/new-balance-750-sandal-black-sdl750bw-ka-2/98589?from=search
Jordan 1 Retro High Nouveau Dunk From Above,5290000,https://d5ibtax54de3q.cloudfront.net/eyJidWNrZXQiOiJraWNrYXZlbnVlLWFzc2V0cyIsImtleSI6InByb2R1Y3RzLzkyNDE4L2ZmNTQzZGM5MjE1OWIyMmI0NzdlNTM3ZGQ2ZTUzM2JiLnBuZyIsImVkaXRzIjp7InJlc2l6ZSI6eyJ3aWR0aCI6NDAwfSwid2VicCI6eyJxdWFsaXR5Ijo1MH19fQ==,/sneakers/air-jordan/jordan-1-retro-high-nouveau-dunk-from-above-819176-009-ka/92418?from=search
New Balance XC-72 Navy White Gum,1110000,https://d5ibtax54de3q.cloudfront.net/eyJidWNrZXQiOiJraWNrYXZlbnVlLWFzc2V0cyIsImtleSI6InByb2R1Y3RzLzk5MzAwL2Y2YWYxM2FmYzFlN2U3ZWI4ZWQzZjUyNGJhOGU4ZjBjLnBuZyIsImVkaXRzIjp7InJlc2l6ZSI6eyJ3aWR0aCI6NDAwfSwid2VicCI6eyJxdWFsaXR5Ijo1MH19fQ==,/sneakers/new-balance/new-balance-xc-72-navy-white-gum-uxc72rh-ka/99300?from=search
ASICS Novablast 2 SPS Smoke Grey Piedmont Grey,1480000,https://d5ibtax54de3q.cloudfront.net/eyJidWNrZXQiOiJraWNrYXZlbnVlLWFzc2V0cyIsImtleSI6InByb2R1Y3RzLzEwMjExNi84ZmZhZWM0YmRjZDY5NWI5MWU0MWRmMGUzZDk4MjgzYy5wbmciLCJlZGl0cyI6eyJyZXNpemUiOnsid2lkdGgiOjQwMH0sIndlYnAiOnsicXVhbGl0eSI6NTB9fX0=,/sneakers/asics/asics-novablast-2-sps-smoke-grey-piedmont-grey-1201a483-020-ka/102116?from=search
Air Jordan Super.Fly 4 JCRD Midnight Navy,3710000,https://d5ibtax54de3q.cloudfront.net/eyJidWNrZXQiOiJraWNrYXZlbnVlLWFzc2V0cyIsImtleSI6InByb2R1Y3RzLzk0MTk5Lzk1MTUyZjljMGIyZWRkNzkzMDA2NWI0YTIyN2UwZGY5LnBuZyIsImVkaXRzIjp7InJlc2l6ZSI6eyJ3aWR0aCI6NDAwfSwid2VicCI6eyJxdWFsaXR5Ijo1MH19fQ==,/sneakers/air-jordan/air-jordan-superfly-4-jcrd-midnight-navy-812870-403-ka/94199?from=search
Hoka One One Ora Recovery 2 'Nimbus Cloud Butterfly',1590000,https://d5ibtax54de3q.cloudfront.net/eyJidWNrZXQiOiJraWNrYXZlbnVlLWFzc2V0cyIsImtleSI6InByb2R1Y3RzLzk3ODkyLzQxMjZjODc5ZGUyZDVjNjUyMDk4MWQyNTllZWJkMjU4LnBuZyIsImVkaXRzIjp7InJlc2l6ZSI6eyJ3aWR0aCI6NDAwfSwid2VicCI6eyJxdWFsaXR5Ijo1MH19fQ==,/sneakers/hoka/hoka-one-one-ora-recovery-2-nimbus-cloud-butterfly-1119397-ncbt-ka/97892?from=search
Nike Air Flight Legacy Black Blue,650000,https://d5ibtax54de3q.cloudfront.net/eyJidWNrZXQiOiJraWNrYXZlbnVlLWFzc2V0cyIsImtleSI6InByb2R1Y3RzLzExMjkzMS84MDQzMTVlNmVhMjhmM2E0YWE0YmU3YzY4NjQzOThiYy5wbmciLCJlZGl0cyI6eyJyZXNpemUiOnsid2lkdGgiOjQwMH0sIndlYnAiOnsicXVhbGl0eSI6NTB9fX0=,/sneakers/nike/nike-air-flight-legacy-black-blue-bq4212-003-ka/112931?from=search
Hoka One One Speedgoat 5 GTX Black Black,2470000,https://d5ibtax54de3q.cloudfront.net/eyJidWNrZXQiOiJraWNrYXZlbnVlLWFzc2V0cyIsImtleSI6InByb2R1Y3RzLzk3OTcwLzcxY2ZjOWUwOTRjMGUwNmQ0NzJlNjBkZDBlYWEwNjIyLnBuZyIsImVkaXRzIjp7InJlc2l6ZSI6eyJ3aWR0aCI6NDAwfSwid2VicCI6eyJxdWFsaXR5Ijo1MH19fQ==,/sneakers/hoka/hoka-one-one-speedgoat-5-gtx-black-black-1127912-bblc-ka/97970?from=search
Nike ZoomX Invincible Run Flyknit 3 Sesame Coconut Milk,2050000,https://d5ibtax54de3q.cloudfront.net/eyJidWNrZXQiOiJraWNrYXZlbnVlLWFzc2V0cyIsImtleSI6InByb2R1Y3RzLzEwOTQ1MS9lZWIzODUzOTRiN2UxNTIyNTAzY2Q1NzU2OTM3N2VkMi5wbmciLCJlZGl0cyI6eyJyZXNpemUiOnsid2lkdGgiOjQwMH0sIndlYnAiOnsicXVhbGl0eSI6NTB9fX0=,/sneakers/nike/nike-zoomx-invincible-run-flyknit-3-sesame-coconut-milk-dr2615-106-ka/109451?from=search
ASICS Gel-Kayano 14 Black Graphite Grey,4440000,https://d5ibtax54de3q.cloudfront.net/eyJidWNrZXQiOiJraWNrYXZlbnVlLWFzc2V0cyIsImtleSI6InByb2R1Y3RzLzEwMTE1My8yOTEyNDI3OGQyYjZhOTljZTMxNjQwMDU1MDlkNTBjYS5wbmciLCJlZGl0cyI6eyJyZXNpemUiOnsid2lkdGgiOjQwMH0sIndlYnAiOnsicXVhbGl0eSI6NTB9fX0=,/sneakers/asics/asics-gel-kayano-14-black-graphite-grey-1201a019-001-ka/101153?from=search
Air Jordan Raging Bull Pack (5/5),10590000,https://d5ibtax54de3q.cloudfront.net/eyJidWNrZXQiOiJraWNrYXZlbnVlLWFzc2V0cyIsImtleSI6InByb2R1Y3RzLzk0MTMxLzJlMzNlNGYzODBlYzg1YzAxZDFlZTFmN2Y2MjU5ODg0LnBuZyIsImVkaXRzIjp7InJlc2l6ZSI6eyJ3aWR0aCI6NDAwfSwid2VicCI6eyJxdWFsaXR5Ijo1MH19fQ==,/sneakers/air-jordan/air-jordan-raging-bull-pack-55-360968-991-ka/94131?from=search
Adidas Trae Young 3 Lucid Cyan,2960000,https://d5ibtax54de3q.cloudfront.net/eyJidWNrZXQiOiJraWNrYXZlbnVlLWFzc2V0cyIsImtleSI6InByb2R1Y3RzLzk1NDM4LzA0Y2IxZTg0YjI0Yjc3MmNmNGQ2M2I0YzYwN2U4YTRhLnBuZyIsImVkaXRzIjp7InJlc2l6ZSI6eyJ3aWR0aCI6NDAwfSwid2VicCI6eyJxdWFsaXR5Ijo1MH19fQ==,/sneakers/adidas/adidas-trae-young-3-lucid-cyan-if5603-ka/95438?from=search
New Balance 4205 Sandal Grey,820000,https://d5ibtax54de3q.cloudfront.net/eyJidWNrZXQiOiJraWNrYXZlbnVlLWFzc2V0cyIsImtleSI6InByb2R1Y3RzLzk0ODAyLzlhZWIxYWIxMDdmN2NiOTRjZmVhZmNmNTI5ZTM4MGYwLnBuZyIsImVkaXRzIjp7InJlc2l6ZSI6eyJ3aWR0aCI6NDAwfSwid2VicCI6eyJxdWFsaXR5Ijo1MH19fQ==,/sneakers/new-balance/new-balance-4205-sandal-grey-sd4205gr-ka/94802?from=search
New Balance 515v3 Marblehead,1480000,https://d5ibtax54de3q.cloudfront.net/eyJidWNrZXQiOiJraWNrYXZlbnVlLWFzc2V0cyIsImtleSI6InByb2R1Y3RzLzk0ODI1LzkzYzA2MDgyZWFiZWQzZDkyNDQyZmQwYTMyZThlMDQ3LnBuZyIsImVkaXRzIjp7InJlc2l6ZSI6eyJ3aWR0aCI6NDAwfSwid2VicCI6eyJxdWFsaXR5Ijo1MH19fQ==,/sneakers/new-balance/new-balance-515v3-marblehead-ml515gr3-ka/94825?from=search
New Balance 990v2 Made in USA Tawny Brown,9740000,https://d5ibtax54de3q.cloudfront.net/eyJidWNrZXQiOiJraWNrYXZlbnVlLWFzc2V0cyIsImtleSI6InByb2R1Y3RzLzk4NjY5LzA0NmEyNzQ1ZGU3ZWJjOGVkMzI0ZTMwMzRkZTQyMGExLnBuZyIsImVkaXRzIjp7InJlc2l6ZSI6eyJ3aWR0aCI6NDAwfSwid2VicCI6eyJxdWFsaXR5Ijo1MH19fQ==,/sneakers/new-balance/new-balance-990v2-made-in-usa-tawny-brown-m990dvn2-ka/98669?from=search
New Balance 991 Made in England Flimby 35th Anniversary,7870000,https://d5ibtax54de3q.cloudfront.net/eyJidWNrZXQiOiJraWNrYXZlbnVlLWFzc2V0cyIsImtleSI6InByb2R1Y3RzLzk4Njg1L2JkNTg1ZTk4NjY4Y2RlZjE2ZDI4YmI4M2NmMDllZmY0LnBuZyIsImVkaXRzIjp7InJlc2l6ZSI6eyJ3aWR0aCI6NDAwfSwid2VicCI6eyJxdWFsaXR5Ijo1MH19fQ==,/sneakers/new-balance/new-balance-991-made-in-england-flimby-35th-anniversary-m991fa-ka/98685?from=search
Salomon XT-6 Ashes of Roses,3990000,https://d5ibtax54de3q.cloudfront.net/eyJidWNrZXQiOiJraWNrYXZlbnVlLWFzc2V0cyIsImtleSI6InByb2R1Y3RzLzk2MzQwLzdhMjVjNTQxNWJhOWQ4MzEwNjViN2E5ZTIzMjczMGQzLnBuZyIsImVkaXRzIjp7InJlc2l6ZSI6eyJ3aWR0aCI6NDAwfSwid2VicCI6eyJxdWFsaXR5Ijo1MH19fQ==,/sneakers/salomon/salomon-xt-6-ashes-of-roses-l47293600-ka/96340?from=search
ASICS Japan L Mid Classic Red,2600000,https://d5ibtax54de3q.cloudfront.net/eyJidWNrZXQiOiJraWNrYXZlbnVlLWFzc2V0cyIsImtleSI6InByb2R1Y3RzLzEwMTgxNy81YzFlNzk2NDNiMTY2ZWExNDNiMGMxNDRiZjY4ZjEwMy5wbmciLCJlZGl0cyI6eyJyZXNpemUiOnsid2lkdGgiOjQwMH0sIndlYnAiOnsicXVhbGl0eSI6NTB9fX0=,/sneakers/asics/asics-japan-l-mid-classic-red-1191a313-100-ka-2/101817?from=search
ASICS Japan L Midnight,1050000,https://d5ibtax54de3q.cloudfront.net/eyJidWNrZXQiOiJraWNrYXZlbnVlLWFzc2V0cyIsImtleSI6InByb2R1Y3RzLzEwMTgxOS9mMTkyMmRkMzQ1OTBlMDNjYWQ4ZmVmN2IxOWE5N2FkZC5wbmciLCJlZGl0cyI6eyJyZXNpemUiOnsid2lkdGgiOjQwMH0sIndlYnAiOnsicXVhbGl0eSI6NTB9fX0=,/sneakers/asics/asics-japan-l-midnight-1191a270-100-ka/101819?from=search
Puma Mostro Perforated Leather Black White,2180000,https://d5ibtax54de3q.cloudfront.net/eyJidWNrZXQiOiJraWNrYXZlbnVlLWFzc2V0cyIsImtleSI6InByb2R1Y3RzLzEwOTA2OS80N2E4MDYyZWM5YjlkN2NkZWUyMTQ3ZGZhNGI3MjRmZS5wbmciLCJlZGl0cyI6eyJyZXNpemUiOnsid2lkdGgiOjQwMH0sIndlYnAiOnsicXVhbGl0eSI6NTB9fX0=,/sneakers/puma/puma-mostro-perforated-leather-black-white-397331-02-ka/109069?from=search
Salomon Beams x XA Pro 1 GTX Quarry Black,5120000,https://d5ibtax54de3q.cloudfront.net/eyJidWNrZXQiOiJraWNrYXZlbnVlLWFzc2V0cyIsImtleSI6InByb2R1Y3RzLzEwMjQ2My9kMzlhZTUyMTIyMjkwYTVjNzViYzc2MzY4YmM4MmNhMy5wbmciLCJlZGl0cyI6eyJyZXNpemUiOnsid2lkdGgiOjQwMH0sIndlYnAiOnsicXVhbGl0eSI6NTB9fX0=,/sneakers/salomon/salomon-beams-x-xa-pro-1-gtx-quarry-black-415522-ka-2/102463?from=search
Adidas D.O.N. Issue 5 Semi Blue Burst Semi Flash Aqua Crystal White,1200000,https://d5ibtax54de3q.cloudfront.net/eyJidWNrZXQiOiJraWNrYXZlbnVlLWFzc2V0cyIsImtleSI6InByb2R1Y3RzLzEwNDk5NS8yOWY1NmJjZDFiZmE1YzgzNzViZTkyZjk4YThiYTdiOS5wbmciLCJlZGl0cyI6eyJyZXNpemUiOnsid2lkdGgiOjQwMH0sIndlYnAiOnsicXVhbGl0eSI6NTB9fX0=,/sneakers/adidas/adidas-don-issue-5-semi-blue-burst-semi-flash-aqua-crystal-white-ie7798-ka/104995?from=search
Under Armour Charged Revitalize Triple Black,940000,https://d5ibtax54de3q.cloudfront.net/eyJidWNrZXQiOiJraWNrYXZlbnVlLWFzc2V0cyIsImtleSI6InByb2R1Y3RzLzExNTkxMy85ZjU5NDFkODkyMDg2MDcxMzdiZjA0ZTI4NjhhZGM1ZS5wbmciLCJlZGl0cyI6eyJyZXNpemUiOnsid2lkdGgiOjQwMH0sIndlYnAiOnsicXVhbGl0eSI6NTB9fX0=,/sneakers/under-armour/under-armour-charged-revitalize-triple-black-3026679-002-ka/115913?from=search
ASICS Skyhand OG Midnight Plum Koi,1250000,https://d5ibtax54de3q.cloudfront.net/eyJidWNrZXQiOiJraWNrYXZlbnVlLWFzc2V0cyIsImtleSI6InByb2R1Y3RzLzEwODE0OS8wMTliYTgxMTNiZmRiYjc0YTgxNzhjZTRiOWFjMGEzNS5wbmciLCJlZGl0cyI6eyJyZXNpemUiOnsid2lkdGgiOjQwMH0sIndlYnAiOnsicXVhbGl0eSI6NTB9fX0=,/sneakers/asics/asics-skyhand-og-midnight-plum-koi-1203a452-500-ka/108149?from=search
ASICS Gel-Nandi Black,1390000,https://d5ibtax54de3q.cloudfront.net/eyJidWNrZXQiOiJraWNrYXZlbnVlLWFzc2V0cyIsImtleSI6InByb2R1Y3RzLzEwMDU3Ni8wYThiMzgyMTBhYzEyZmNkNzFjZGEzMDA3ZDQyNzc3YS5wbmciLCJlZGl0cyI6eyJyZXNpemUiOnsid2lkdGgiOjQwMH0sIndlYnAiOnsicXVhbGl0eSI6NTB9fX0=,/sneakers/asics/asics-gel-nandi-black-1201a176-001-ka/100576?from=search
Vans Old Skool 36 DX Anaheim Factory Navy Red,980000,https://d5ibtax54de3q.cloudfront.net/eyJidWNrZXQiOiJraWNrYXZlbnVlLWFzc2V0cyIsImtleSI6InByb2R1Y3RzLzExMDU5MS9iMjI0NTQ4ZTM1NzVlYzBkYTQ5MjQ4ODNjNjkwOTJjYS5wbmciLCJlZGl0cyI6eyJyZXNpemUiOnsid2lkdGgiOjQwMH0sIndlYnAiOnsicXVhbGl0eSI6NTB9fX0=,/sneakers/vans/vans-old-skool-36-dx-anaheim-factory-navy-red-vn0a38g2vpk-ka/110591?from=search
ASICS Gel Fujitrabuco 8 Gray White,990000,https://d5ibtax54de3q.cloudfront.net/eyJidWNrZXQiOiJraWNrYXZlbnVlLWFzc2V0cyIsImtleSI6InByb2R1Y3RzLzExNDYwMi9mZDU5NzEyMjM4YzQyODVkZDcxOTZmODEzNjViMzA3ZC5wbmciLCJlZGl0cyI6eyJyZXNpemUiOnsid2lkdGgiOjQwMH0sIndlYnAiOnsicXVhbGl0eSI6NTB9fX0=,/sneakers/asics/asics-gel-fujitrabuco-8-gray-white-1011b256-020-ka/114602?from=search
Puma 180 X Beavis Butthead Red,1300000,https://d5ibtax54de3q.cloudfront.net/eyJidWNrZXQiOiJraWNrYXZlbnVlLWFzc2V0cyIsImtleSI6InByb2R1Y3RzLzEwNDcxOC85ZmFkZTkwYjk3MzA3MmU4MTkyMjdlNGYwODEyZjVlMS5wbmciLCJlZGl0cyI6eyJyZXNpemUiOnsid2lkdGgiOjQwMH0sIndlYnAiOnsicXVhbGl0eSI6NTB9fX0=,/sneakers/puma/puma-180-x-beavis-butthead-red-39602401-ka/104718?from=search
Asics Gel Kayano 14 Piedmont Grey Sheet Rock,3850000,https://d5ibtax54de3q.cloudfront.net/eyJidWNrZXQiOiJraWNrYXZlbnVlLWFzc2V0cyIsImtleSI6InByb2R1Y3RzLzExMDE5MC8yYzRkYzljYTkwNzE1NDQwMmI2ZmNmYjVjMDhmYzA2OC5wbmciLCJlZGl0cyI6eyJyZXNpemUiOnsid2lkdGgiOjQwMH0sIndlYnAiOnsicXVhbGl0eSI6NTB9fX0=,/sneakers/asics/asics-gel-kayano-14-piedmont-grey-sheet-rock-1201a161-020-ka/110190?from=search
Nike LD-1000 x Stüssy Action Green and Black,2040000,https://d5ibtax54de3q.cloudfront.net/eyJidWNrZXQiOiJraWNrYXZlbnVlLWFzc2V0cyIsImtleSI6InByb2R1Y3RzLzEwOTUyMS9jOWM5NzQzMTk2YmQ4YzJhM2MzMmE2ZjIxNDYyNGYyMS5wbmciLCJlZGl0cyI6eyJyZXNpemUiOnsid2lkdGgiOjQwMH0sIndlYnAiOnsicXVhbGl0eSI6NTB9fX0=,/sneakers/nike/nike-ld-1000-x-stssy-action-green-and-black-fq5369-300-ka/109521?from=search
Nike Pegasus Trail 5 Court Blue Cedar,1440000,https://d5ibtax54de3q.cloudfront.net/eyJidWNrZXQiOiJraWNrYXZlbnVlLWFzc2V0cyIsImtleSI6InByb2R1Y3RzLzExNDg1My9iN2I2NGEwOWRkYTFiZDE1M2IyNTg5NzAwYzFmMTIwZC5wbmciLCJlZGl0cyI6eyJyZXNpemUiOnsid2lkdGgiOjQwMH0sIndlYnAiOnsicXVhbGl0eSI6NTB9fX0=,/sneakers/nike/nike-pegasus-trail-5-court-blue-cedar-dv3864-100-ka/114853?from=search
On Running Cloudspark Black Bluebberry,3700000,https://d5ibtax54de3q.cloudfront.net/eyJidWNrZXQiOiJraWNrYXZlbnVlLWFzc2V0cyIsImtleSI6InByb2R1Y3RzLzExMjI0My9hYjA2NmM0ZmIyNGIzYTc1OGVkMmE5ZGIxZjMxY2NmYS5wbmciLCJlZGl0cyI6eyJyZXNpemUiOnsid2lkdGgiOjQwMH0sIndlYnAiOnsicXVhbGl0eSI6NTB9fX0=,/sneakers/on-running/on-running-cloudspark-black-bluebberry-3me10391947-ka/112243?from=search
Adidas Gazelle Black Silver Metallic (Women's),1950000,https://d5ibtax54de3q.cloudfront.net/eyJidWNrZXQiOiJraWNrYXZlbnVlLWFzc2V0cyIsImtleSI6InByb2R1Y3RzLzExMDY5Ny9kYWJjYWNlOTJhZGNmYTcwMjZlOTgyNDA1MWMyNTk2NC5wbmciLCJlZGl0cyI6eyJyZXNpemUiOnsid2lkdGgiOjQwMH0sIndlYnAiOnsicXVhbGl0eSI6NTB9fX0=,/sneakers/adidas/adidas-gazelle-black-silver-metallic-w-id7007-ka/110697?from=search
Adidas Samba OG Collegiate Burgundy Gum,1850000,https://d5ibtax54de3q.cloudfront.net/eyJidWNrZXQiOiJraWNrYXZlbnVlLWFzc2V0cyIsImtleSI6InByb2R1Y3RzLzEwNTQ1My9jNzY1YzQ5NmVmOWNiMWE2YzY2Njk2YTdmODMwOWJhMC5wbmciLCJlZGl0cyI6eyJyZXNpemUiOnsid2lkdGgiOjQwMH0sIndlYnAiOnsicXVhbGl0eSI6NTB9fX0=,/sneakers/adidas/adidas-samba-og-collegiate-burgundy-gum-ig1825-ka/105453?from=search
Nike Air Max Excee Sail Light Orewood Brown,1850000,https://d5ibtax54de3q.cloudfront.net/eyJidWNrZXQiOiJraWNrYXZlbnVlLWFzc2V0cyIsImtleSI6InByb2R1Y3RzLzExMTk5MC9kYmFhZWY1ODE4NzM2NjUzOWMxYjZkYWFmZTA1YzU1Ni5wbmciLCJlZGl0cyI6eyJyZXNpemUiOnsid2lkdGgiOjQwMH0sIndlYnAiOnsicXVhbGl0eSI6NTB9fX0=,/sneakers/nike/nike-air-max-excee-sail-light-orewood-brown-fq8067-133-ka/111990?from=search
Adidas EQT Gazelle Crystal White Shock Pink (Women's),990000,https://d5ibtax54de3q.cloudfront.net/eyJidWNrZXQiOiJraWNrYXZlbnVlLWFzc2V0cyIsImtleSI6InByb2R1Y3RzLzExMDk2OS9kOThhODg3OGRiOTE2ZDU4NDg4YjVkOTZhMGY1NjIwOS5wbmciLCJlZGl0cyI6eyJyZXNpemUiOnsid2lkdGgiOjQwMH0sIndlYnAiOnsicXVhbGl0eSI6NTB9fX0=,/sneakers/adidas/adidas-eqt-gazelle-crystal-white-shock-pink-w-ee6486-ka/110969?from=search
On Running the Roger Centre Court White Gum,4970000,https://d5ibtax54de3q.cloudfront.net/eyJidWNrZXQiOiJraWNrYXZlbnVlLWFzc2V0cyIsImtleSI6InByb2R1Y3RzLzExMTM5Mi81YjIxNzAxNzViYzA4YWE0ZGE4NmVmMzI4YzEwZDI4MC5wbmciLCJlZGl0cyI6eyJyZXNpemUiOnsid2lkdGgiOjQwMH0sIndlYnAiOnsicXVhbGl0eSI6NTB9fX0=,/sneakers/on-running/on-running-the-roger-centre-court-white-gum-3md11270228-ka/111392?from=search
Adidas Handball Spezial Orbit Grey Core Black,2020000,https://d5ibtax54de3q.cloudfront.net/eyJidWNrZXQiOiJraWNrYXZlbnVlLWFzc2V0cyIsImtleSI6InByb2R1Y3RzLzExMTQzMy9lYzMzOWM3MGNjZDNjZGU2ZjIwZDBkZjIzMjM2YzE5Zi5wbmciLCJlZGl0cyI6eyJyZXNpemUiOnsid2lkdGgiOjQwMH0sIndlYnAiOnsicXVhbGl0eSI6NTB9fX0=,/sneakers/adidas/adidas-handball-spezial-orbit-grey-core-black-id6115-ka/111433?from=search
Nike Air Force 1 '07 LV8 White Light Carbon,1360000,https://d5ibtax54de3q.cloudfront.net/eyJidWNrZXQiOiJraWNrYXZlbnVlLWFzc2V0cyIsImtleSI6InByb2R1Y3RzLzEwMzkwOC80YWYzYjg5ZGYyYmQ3YWJlYmQwMGNlZTM0YjU4ZjI4YS5wbmciLCJlZGl0cyI6eyJyZXNpemUiOnsid2lkdGgiOjQwMH0sIndlYnAiOnsicXVhbGl0eSI6NTB9fX0=,/sneakers/nike/nike-air-force-1-07-lv8-white-light-carbon-fn5832-100-ka-2/103908?from=search
Under Armour Curry Flow 10 Splash Party,1670000,https://d5ibtax54de3q.cloudfront.net/eyJidWNrZXQiOiJraWNrYXZlbnVlLWFzc2V0cyIsImtleSI6InByb2R1Y3RzLzU3MzI5LzQ0MzJkMTE0YmIzNTcxNmMxYzZhMjEzNDU5NTg2M2FjLmpwZWciLCJlZGl0cyI6eyJyZXNpemUiOnsid2lkdGgiOjQwMH0sIndlYnAiOnsicXVhbGl0eSI6NTB9fX0=,/sneakers/under-armour/under-armour-curry-flow-10-splash-party-3026271-100-ka/57329?from=search
Nike Tatum 1 Old School Black Wolf Grey,2790000,https://d5ibtax54de3q.cloudfront.net/eyJidWNrZXQiOiJraWNrYXZlbnVlLWFzc2V0cyIsImtleSI6InByb2R1Y3RzLzc0ODQ4L2RlMjgxYmVlZDcwYWRmYTEwZDdjOTk0ZmViYjAxZjBjLnBuZyIsImVkaXRzIjp7InJlc2l6ZSI6eyJ3aWR0aCI6NDAwfSwid2VicCI6eyJxdWFsaXR5Ijo1MH19fQ==,/sneakers/nike/nike-tatum-1-old-school-black-wolf-grey-dz3323-001-ka/74848?from=search
Air Jordan 1 Low Quai 54 (2023),2730000,https://d5ibtax54de3q.cloudfront.net/eyJidWNrZXQiOiJraWNrYXZlbnVlLWFzc2V0cyIsImtleSI6InByb2R1Y3RzLzkyMzE1Lzg3NDQ4ZDU1ZmU2YTI3ODkyM2E3MWQ1ZDI4NmIxMzk1LnBuZyIsImVkaXRzIjp7InJlc2l6ZSI6eyJ3aWR0aCI6NDAwfSwid2VicCI6eyJxdWFsaXR5Ijo1MH19fQ==,/sneakers/air-jordan/air-jordan-1-low-quai-54-2023-fq6703-100-ka/92315?from=search
Puma Suede Soundwave,1080000,https://d5ibtax54de3q.cloudfront.net/eyJidWNrZXQiOiJraWNrYXZlbnVlLWFzc2V0cyIsImtleSI6InByb2R1Y3RzLzEwOTA4OS8zMDIyODk5MzEzYjNjMzlhM2JiNzA2ZmYxZWFhZWNkZi5wbmciLCJlZGl0cyI6eyJyZXNpemUiOnsid2lkdGgiOjQwMH0sIndlYnAiOnsicXVhbGl0eSI6NTB9fX0=,/sneakers/puma/puma-suede-soundwave-393257-01-ka/109089?from=search
New Balance 1906R Size? Exclusive Blacktop Mindful Grey,4210000,https://d5ibtax54de3q.cloudfront.net/eyJidWNrZXQiOiJraWNrYXZlbnVlLWFzc2V0cyIsImtleSI6InByb2R1Y3RzLzc1MTA4L2EzZTBmYTYzZWRiN2Q3Mjg3Mjg3OTVmOWQ5N2M3NmE4LnBuZyIsImVkaXRzIjp7InJlc2l6ZSI6eyJ3aWR0aCI6NDAwfSwid2VicCI6eyJxdWFsaXR5Ijo1MH19fQ==,/sneakers/new-balance/new-balance-1906r-size-exclusive-blacktop-mindful-grey-m1906rsa-ka/75108?from=search
New Balance 2002R Dark Mushroom Sea Salt,2400000,https://d5ibtax54de3q.cloudfront.net/eyJidWNrZXQiOiJraWNrYXZlbnVlLWFzc2V0cyIsImtleSI6InByb2R1Y3RzLzExMjY4NC83N2E1ZjdhMzQ4NGIyMGQ2ZmJkM2E5MDAzMzVlNGVmNi5wbmciLCJlZGl0cyI6eyJyZXNpemUiOnsid2lkdGgiOjQwMH0sIndlYnAiOnsicXVhbGl0eSI6NTB9fX0=,/sneakers/new-balance/new-balance-2002r-dark-mushroom-sea-salt-m2002rff-ka/112684?from=search
Nike Air Terra Humara SP Black Anthracite,2160000,https://d5ibtax54de3q.cloudfront.net/eyJidWNrZXQiOiJraWNrYXZlbnVlLWFzc2V0cyIsImtleSI6InByb2R1Y3RzLzExMTIxNS85ZDUzZWQ5NzZjNDE2MzRiOWUyNzVhOTc5YzA4ZjgzOC5wbmciLCJlZGl0cyI6eyJyZXNpemUiOnsid2lkdGgiOjQwMH0sIndlYnAiOnsicXVhbGl0eSI6NTB9fX0=,/sneakers/nike/nike-air-terra-humara-sp-black-anthracite-fq9084-001-ka/111215?from=search
New Balance 550 Shadow,2370000,https://d5ibtax54de3q.cloudfront.net/eyJidWNrZXQiOiJraWNrYXZlbnVlLWFzc2V0cyIsImtleSI6InByb2R1Y3RzLzI0OTY0LzE0NmMxNzFlNzExZTIwNDY2ODMwNjVlM2QwNTkwNzE1LnBuZyIsImVkaXRzIjp7InJlc2l6ZSI6eyJ3aWR0aCI6NDAwfSwid2VicCI6eyJxdWFsaXR5Ijo1MH19fQ==,/sneakers/new-balance/new-balance-550-shadow-bb550sr1-ka-2/24964?from=search
Nike Air Presto Triple Black Shiny Toe,2300000,https://d5ibtax54de3q.cloudfront.net/eyJidWNrZXQiOiJraWNrYXZlbnVlLWFzc2V0cyIsImtleSI6InByb2R1Y3RzLzg4Mjk3L2Q1NjI1OTFjOGJkODkwOGM2YmQ2M2IxNDI2NzMzNWE0LnBuZyIsImVkaXRzIjp7InJlc2l6ZSI6eyJ3aWR0aCI6NDAwfSwid2VicCI6eyJxdWFsaXR5Ijo1MH19fQ==,/sneakers/nike/nike-air-presto-triple-black-shiny-toe-ct3550-003-ka/88297?from=search
Nike React Escape Run Flyknit Black White (Women's),500000,https://d5ibtax54de3q.cloudfront.net/eyJidWNrZXQiOiJraWNrYXZlbnVlLWFzc2V0cyIsImtleSI6InByb2R1Y3RzLzg3ODA5L2VlMDMyY2IxYzAyNDU1YzdjZWMzNTQwZjEzNDgxMWM2LnBuZyIsImVkaXRzIjp7InJlc2l6ZSI6eyJ3aWR0aCI6NDAwfSwid2VicCI6eyJxdWFsaXR5Ijo1MH19fQ==,/sneakers/nike/nike-wmns-react-escape-run-flyknit-black-white-dc4269-001-ka/87809?from=search
Saucony Kinvara 13 White ViZi,1440000,https://d5ibtax54de3q.cloudfront.net/eyJidWNrZXQiOiJraWNrYXZlbnVlLWFzc2V0cyIsImtleSI6InByb2R1Y3RzLzMzMTYzLzA0YjhhNDRhOTBkNjQ5ZjAyMTM5YjIwMjY1ZWVjNzMwLnBuZyIsImVkaXRzIjp7InJlc2l6ZSI6eyJ3aWR0aCI6NDAwfSwid2VicCI6eyJxdWFsaXR5Ijo1MH19fQ==,/sneakers/saucony/saucony-kinvara-13-white-vizi-s20723-84-ka/33163?from=search
Nike ZoomX Zegama Trail Black White,2060000,https://d5ibtax54de3q.cloudfront.net/eyJidWNrZXQiOiJraWNrYXZlbnVlLWFzc2V0cyIsImtleSI6InByb2R1Y3RzLzkzMjI4LzRjZGM1NzM3MTkxZThiMmE5NDExZGY2ZmFjNDgwMTAyLnBuZyIsImVkaXRzIjp7InJlc2l6ZSI6eyJ3aWR0aCI6NDAwfSwid2VicCI6eyJxdWFsaXR5Ijo1MH19fQ==,/sneakers/nike/nike-zoomx-zegama-trail-black-white-dh0623-001-ka/93228?from=search
Puma MB.01 Golden Child,1460000,https://d5ibtax54de3q.cloudfront.net/eyJidWNrZXQiOiJraWNrYXZlbnVlLWFzc2V0cyIsImtleSI6InByb2R1Y3RzLzc1NTc1LzA2MmZlNWM3MTQyYjVmMTg5YWUyM2E4ZTNjMDRlYTM1LnBuZyIsImVkaXRzIjp7InJlc2l6ZSI6eyJ3aWR0aCI6NDAwfSwid2VicCI6eyJxdWFsaXR5Ijo1MH19fQ==,/sneakers/puma/puma-mb01-golden-child-379223-01-ka/75575?from=search
Li-Ning Way of Wade 10 Team No Sleep,3600000,https://d5ibtax54de3q.cloudfront.net/eyJidWNrZXQiOiJraWNrYXZlbnVlLWFzc2V0cyIsImtleSI6InByb2R1Y3RzLzEwMjg2NS9iODRiZTkwMTM1YjAyM2E0YzVhN2EzZjlhYTk3MjIyZS5wbmciLCJlZGl0cyI6eyJyZXNpemUiOnsid2lkdGgiOjQwMH0sIndlYnAiOnsicXVhbGl0eSI6NTB9fX0=,/sneakers/li-ning/li-ning-way-of-wade-10-team-no-sleep-abas115-2-ka/102865?from=search
Nike Sunray Protect 2 BT Black Tropical Light Green,530000,https://d5ibtax54de3q.cloudfront.net/eyJidWNrZXQiOiJraWNrYXZlbnVlLWFzc2V0cyIsImtleSI6InByb2R1Y3RzLzg1NjgyLzhhYjg2YjgwMjM5MDRlMDY0ZWZlYjY5OGFhYTliNzU5LnBuZyIsImVkaXRzIjp7InJlc2l6ZSI6eyJ3aWR0aCI6NDAwfSwid2VicCI6eyJxdWFsaXR5Ijo1MH19fQ==,/sneakers/nike/nike-sunray-protect-2-bt-black-tropical-light-green-dm0973-013-ka-2/85682?from=search
Nike Air VaporMax Moc Roam Light Stone Black Stone,1610000,https://d5ibtax54de3q.cloudfront.net/eyJidWNrZXQiOiJraWNrYXZlbnVlLWFzc2V0cyIsImtleSI6InByb2R1Y3RzLzg4NTIzLzY1M2UxMzM4OWVlOTE0MWVmODM1ZmVjOGVkYzRlYjc1LnBuZyIsImVkaXRzIjp7InJlc2l6ZSI6eyJ3aWR0aCI6NDAwfSwid2VicCI6eyJxdWFsaXR5Ijo1MH19fQ==,/sneakers/nike/nike-air-vapormax-moc-roam-light-stone-black-stone-dz7273-100-ka/88523?from=search
Air Jordan 1 Mule Golf University Blue,1670000,https://d5ibtax54de3q.cloudfront.net/eyJidWNrZXQiOiJraWNrYXZlbnVlLWFzc2V0cyIsImtleSI6InByb2R1Y3RzLzk2NjgxL2QzYjE4ZDEwZDU1MzFjNjJiNTNhNWVjYWEyM2U4NDZmLnBuZyIsImVkaXRzIjp7InJlc2l6ZSI6eyJ3aWR0aCI6NDAwfSwid2VicCI6eyJxdWFsaXR5Ijo1MH19fQ==,/sneakers/air-jordan/air-jordan-1-mule-golf-university-blue-fj1214-400-ka/96681?from=search
ASICS GT 2160 Seal Grey Jewel Green,1350000,https://d5ibtax54de3q.cloudfront.net/eyJidWNrZXQiOiJraWNrYXZlbnVlLWFzc2V0cyIsImtleSI6InByb2R1Y3RzLzEwMTc1MS9mZmY4YmExODc4NTQwMWE1NmZkNGU4MTZlNGEwNTE3ZS5wbmciLCJlZGl0cyI6eyJyZXNpemUiOnsid2lkdGgiOjQwMH0sIndlYnAiOnsicXVhbGl0eSI6NTB9fX0=,/sneakers/asics/asics-gt-2160-seal-grey-jewel-green-1203a275-022-ka-2/101751?from=search
Nike Air Zoom Pegasus 38 White Black Pure Platinum,1610000,https://d5ibtax54de3q.cloudfront.net/eyJidWNrZXQiOiJraWNrYXZlbnVlLWFzc2V0cyIsImtleSI6InByb2R1Y3RzLzcwODA0L2FiYmJiYTA5MDMzMDY2YjdkYjc5YWU4YTlhMDIwMDcxLnBuZyIsImVkaXRzIjp7InJlc2l6ZSI6eyJ3aWR0aCI6NDAwfSwid2VicCI6eyJxdWFsaXR5Ijo1MH19fQ==,/sneakers/nike/nike-air-zoom-pegasus-38-white-black-pure-platinum-cw7356-100-ka/70804?from=search
Onitsuka Tiger Delegation Pine Green Cream,1840000,https://d5ibtax54de3q.cloudfront.net/eyJidWNrZXQiOiJraWNrYXZlbnVlLWFzc2V0cyIsImtleSI6InByb2R1Y3RzLzExMTUxMy82ZGQ2ZTcxZDZmMTAxZTQ2ZjgzYmUxMjlhODBiNTdlOC5wbmciLCJlZGl0cyI6eyJyZXNpemUiOnsid2lkdGgiOjQwMH0sIndlYnAiOnsicXVhbGl0eSI6NTB9fX0=,/sneakers/onitsuka-tiger/onitsuka-tiger-delegation-pine-green-cream-1183b954-300-ka/111513?from=search
ASICS HS4-S Gel-Sonoma 15-50 Gore-Tex Green Sheen Epsom,1710000,https://d5ibtax54de3q.cloudfront.net/eyJidWNrZXQiOiJraWNrYXZlbnVlLWFzc2V0cyIsImtleSI6InByb2R1Y3RzLzEwMTc3Mi9hN2ExOWQ3YTFmNThkYmEyZTY1MzRlODlkZDcyM2ZjYi5wbmciLCJlZGl0cyI6eyJyZXNpemUiOnsid2lkdGgiOjQwMH0sIndlYnAiOnsicXVhbGl0eSI6NTB9fX0=,/sneakers/asics/asics-hs4-s-gel-sonoma-15-50-gore-tex-green-sheen-epsom-1201a440-750-ka/101772?from=search
Adidas Campus 00's Alumin Core Black,1260000,https://d5ibtax54de3q.cloudfront.net/eyJidWNrZXQiOiJraWNrYXZlbnVlLWFzc2V0cyIsImtleSI6InByb2R1Y3RzLzU5NjMzL2IxNzBjYmMzYWNhZDNlMWE1NTI0YmRmMDE5NjM0MzgxLmpwZWciLCJlZGl0cyI6eyJyZXNpemUiOnsid2lkdGgiOjQwMH0sIndlYnAiOnsicXVhbGl0eSI6NTB9fX0=,/sneakers/adidas/adidas-campus-00s-alumin-core-black-hq8711-ka/59633?from=search
Nike Terminator Low PRM Sesame Coconut Milk,1020000,https://d5ibtax54de3q.cloudfront.net/eyJidWNrZXQiOiJraWNrYXZlbnVlLWFzc2V0cyIsImtleSI6InByb2R1Y3RzLzc4ODE1LzcxZDViMjIzYjhkMGE5Y2ViN2ZmYWNmY2I4N2MzMTI2LnBuZyIsImVkaXRzIjp7InJlc2l6ZSI6eyJ3aWR0aCI6NDAwfSwid2VicCI6eyJxdWFsaXR5Ijo1MH19fQ==,/sneakers/nike/nike-terminator-low-prm-sesame-coconut-milk-fz3964-252-ka/78815?from=search
S.E.E.D. x Adidas Handball Spezial Scarlet Gold Paint Splatter,2110000,https://d5ibtax54de3q.cloudfront.net/eyJidWNrZXQiOiJraWNrYXZlbnVlLWFzc2V0cyIsImtleSI6InByb2R1Y3RzLzEwODEwOC8wMzVjYWVjYTRlYmQ1Y2M0MmJiYjA1YjBlNmY1YWQ0OS5wbmciLCJlZGl0cyI6eyJyZXNpemUiOnsid2lkdGgiOjQwMH0sIndlYnAiOnsicXVhbGl0eSI6NTB9fX0=,/sneakers/adidas/seed-x-adidas-handball-spezial-scarlet-gold-paint-splatter-id8617-ka/108108?from=search
Nike Blazer Low 77 Jumbo WNTR Midnight Navy Gum,900000,https://d5ibtax54de3q.cloudfront.net/eyJidWNrZXQiOiJraWNrYXZlbnVlLWFzc2V0cyIsImtleSI6InByb2R1Y3RzLzY2NTM5LzM2OWZkNTg3YTU0OTM1YTFjNTY3NmQ3MTUyMjZlOThlLnBuZyIsImVkaXRzIjp7InJlc2l6ZSI6eyJ3aWR0aCI6NDAwfSwid2VicCI6eyJxdWFsaXR5Ijo1MH19fQ==,/sneakers/nike/nike-blazer-low-77-jumbo-wntr-midnight-navy-gum-dr9865-400-ka/66539?from=search
Adidas Rivalry 86 Low The Simpsons Werewolf Flanders,1900000,https://d5ibtax54de3q.cloudfront.net/eyJidWNrZXQiOiJraWNrYXZlbnVlLWFzc2V0cyIsImtleSI6InByb2R1Y3RzLzExMzgxMS9jODE2NWMyYzczNzFmMWI4MDEwZGY5OGM3YmYzMDNiZC5wbmciLCJlZGl0cyI6eyJyZXNpemUiOnsid2lkdGgiOjQwMH0sIndlYnAiOnsicXVhbGl0eSI6NTB9fX0=,/sneakers/adidas/adidas-rivalry-86-low-the-simpsons-werewolf-flanders-if7190-ka/113811?from=search
Puma Velophasis Scuderia Ferrari Neon Energy Black,2090000,https://d5ibtax54de3q.cloudfront.net/eyJidWNrZXQiOiJraWNrYXZlbnVlLWFzc2V0cyIsImtleSI6InByb2R1Y3RzLzExNTA2NS9hN2RiMzAxN2M0OWQ1MjUwZmMyOTU3ZTRjZGMwMDg0My5wbmciLCJlZGl0cyI6eyJyZXNpemUiOnsid2lkdGgiOjQwMH0sIndlYnAiOnsicXVhbGl0eSI6NTB9fX0=,/sneakers/puma/puma-velophasis-scuderia-ferrari-neon-energy-black-308469-01-ka/115065?from=search
Nike Air Max Pulse Black Flat Gold,1820000,https://d5ibtax54de3q.cloudfront.net/eyJidWNrZXQiOiJraWNrYXZlbnVlLWFzc2V0cyIsImtleSI6InByb2R1Y3RzLzgxNTk5LzdhMmQxMWE5MjVjMmEwNDYxY2FlZDVjNDRjNTBmZWE4LnBuZyIsImVkaXRzIjp7InJlc2l6ZSI6eyJ3aWR0aCI6NDAwfSwid2VicCI6eyJxdWFsaXR5Ijo1MH19fQ==,/sneakers/nike/nike-air-max-pulse-black-flat-gold-fq8733-010-ka-2/81599?from=search
Nike Air Monarch IV 4E Wide White Red,1940000,https://d5ibtax54de3q.cloudfront.net/eyJidWNrZXQiOiJraWNrYXZlbnVlLWFzc2V0cyIsImtleSI6InByb2R1Y3RzLzgxNzgxLzAyZDhmZTEzM2UwOGQxYzk5NzIzNDNhMDAzMWM5ZjhkLnBuZyIsImVkaXRzIjp7InJlc2l6ZSI6eyJ3aWR0aCI6NDAwfSwid2VicCI6eyJxdWFsaXR5Ijo1MH19fQ==,/sneakers/nike/nike-air-monarch-iv-4e-wide-white-red-416355-101-ka/81781?from=search
Adidas Samba OG White Multicolor,2640000,https://d5ibtax54de3q.cloudfront.net/eyJidWNrZXQiOiJraWNrYXZlbnVlLWFzc2V0cyIsImtleSI6InByb2R1Y3RzLzEwNTE5Mi9jZjU2Y2Q3MGUzMDBkNjAyZDBhMWRiZDAyY2U1NDdlZC5wbmciLCJlZGl0cyI6eyJyZXNpemUiOnsid2lkdGgiOjQwMH0sIndlYnAiOnsicXVhbGl0eSI6NTB9fX0=,/sneakers/adidas/adidas-samba-og-white-multicolor-ig1376-ka/105192?from=search
New Balance 990v2 MiUSA Teddy Santis Black True Camo,3440000,https://d5ibtax54de3q.cloudfront.net/eyJidWNrZXQiOiJraWNrYXZlbnVlLWFzc2V0cyIsImtleSI6InByb2R1Y3RzLzM5Mzk0LzhhZTBlZThlNGM4MDUwYmNhOGE5YjE5MzExZjc5YzVhLnBuZyIsImVkaXRzIjp7InJlc2l6ZSI6eyJ3aWR0aCI6NDAwfSwid2VicCI6eyJxdWFsaXR5Ijo1MH19fQ==,/sneakers/new-balance/new-balance-990v2-miusa-teddy-santis-black-true-camo-m990te2-ka/39394?from=search
Nike Air Zoom Pegasus 38 Black Light Crimson,1850000,https://d5ibtax54de3q.cloudfront.net/eyJidWNrZXQiOiJraWNrYXZlbnVlLWFzc2V0cyIsImtleSI6InByb2R1Y3RzLzI4Mjg1LzdkNTNhOWNjZjM1MDRlYTVkZTY5YWQ5N2NhMTRjNzk2LnBuZyIsImVkaXRzIjp7InJlc2l6ZSI6eyJ3aWR0aCI6NDAwfSwid2VicCI6eyJxdWFsaXR5Ijo1MH19fQ==,/sneakers/nike/nike-air-zoom-pegasus-38-black-light-crimson-cw7356-008-ka/28285?from=search
Li-Ning Wade Shadow 4 Neon,830000,https://d5ibtax54de3q.cloudfront.net/eyJidWNrZXQiOiJraWNrYXZlbnVlLWFzc2V0cyIsImtleSI6InByb2R1Y3RzLzEwMjgyNy8zNjY0NjUwZWY1N2IyNWQyY2NjMzhkM2M1NzZiMDJjMi5wbmciLCJlZGl0cyI6eyJyZXNpemUiOnsid2lkdGgiOjQwMH0sIndlYnAiOnsicXVhbGl0eSI6NTB9fX0=,/sneakers/li-ning/li-ning-wade-shadow-4-neon-abps057-2-ka/102827?from=search
ASICS Gel-Kayano 14 Monaco Blue,2300000,https://d5ibtax54de3q.cloudfront.net/eyJidWNrZXQiOiJraWNrYXZlbnVlLWFzc2V0cyIsImtleSI6InByb2R1Y3RzLzU2MDU1LzYxNDNjYmJiZjExZTY0ZDk1N2U2NjI3NzlkMmY5NWUxLmpwZWciLCJlZGl0cyI6eyJyZXNpemUiOnsid2lkdGgiOjQwMH0sIndlYnAiOnsicXVhbGl0eSI6NTB9fX0=,/sneakers/asics/asics-gel-kayano-14-running-sneakers-1201a019401-ka/56055?from=search
New Balance 574 YURT Salehe Bembury Universal Communication Black Plum,1590000,https://d5ibtax54de3q.cloudfront.net/eyJidWNrZXQiOiJraWNrYXZlbnVlLWFzc2V0cyIsImtleSI6InByb2R1Y3RzLzMxOTI0LzFlNDc4ODU1MWM0YmU2MGFmYjBlNmM4ZTM4N2Q4OWVkLnBuZyIsImVkaXRzIjp7InJlc2l6ZSI6eyJ3aWR0aCI6NDAwfSwid2VicCI6eyJxdWFsaXR5Ijo1MH19fQ==,/sneakers/new-balance/new-balance-574-yurt-salehe-bembury-universal-communication-black-plum-ms574yse-ka-2/31924?from=search
Air Jordan Zoom Separate PF Black Multi,960000,https://d5ibtax54de3q.cloudfront.net/eyJidWNrZXQiOiJraWNrYXZlbnVlLWFzc2V0cyIsImtleSI6InByb2R1Y3RzLzkzOTU5L2Y1OTk1YmQxYjUwOWZlODA5ZDhhZmJlNWVmNTFhMmIwLnBuZyIsImVkaXRzIjp7InJlc2l6ZSI6eyJ3aWR0aCI6NDAwfSwid2VicCI6eyJxdWFsaXR5Ijo1MH19fQ==,/sneakers/nike/jordan-jordan-zoom-separate-pf-black-multi-dh0248-030-ka/93959?from=search
ASICS Contend 7 TS 'Dinosaur',700000,/static/media/kick_avenue_empty_image.cf172573.png,/sneakers/asics/asics-contend-7-ts-dinosaur-1014a214-400-ka/99922?from=search
Air Jordan Series ES Black White,1550000,https://d5ibtax54de3q.cloudfront.net/eyJidWNrZXQiOiJraWNrYXZlbnVlLWFzc2V0cyIsImtleSI6InByb2R1Y3RzLzk0MTQ5LzlmYWVkNzBmYjA5NDJiZGUyOTViOTI0MWJhMDAwYTExLnBuZyIsImVkaXRzIjp7InJlc2l6ZSI6eyJ3aWR0aCI6NDAwfSwid2VicCI6eyJxdWFsaXR5Ijo1MH19fQ==,/sneakers/air-jordan/air-jordan-series-es-black-white-dn1856-061-ka/94149?from=search
New Balance Fresh Foam X 880v12 Black Light Aluminum,1480000,https://d5ibtax54de3q.cloudfront.net/eyJidWNrZXQiOiJraWNrYXZlbnVlLWFzc2V0cyIsImtleSI6InByb2R1Y3RzLzk4OTI1LzZkZGJlYzU4NjBiYzhjZDM4ZmE5ZjUyZmQzNjkxOGU3LnBuZyIsImVkaXRzIjp7InJlc2l6ZSI6eyJ3aWR0aCI6NDAwfSwid2VicCI6eyJxdWFsaXR5Ijo1MH19fQ==,/sneakers/new-balance/new-balance-fresh-foam-x-880v12-black-light-aluminum-m880b12-ka/98925?from=search
Reebok Club C Maison Margiela Memory Of White,5810000,https://d5ibtax54de3q.cloudfront.net/eyJidWNrZXQiOiJraWNrYXZlbnVlLWFzc2V0cyIsImtleSI6InByb2R1Y3RzLzM2NDE4L2FkODUyODVhMWMxOTRkYjAzMDU0MzBhYjRiMmQzNzY4LnBuZyIsImVkaXRzIjp7InJlc2l6ZSI6eyJ3aWR0aCI6NDAwfSwid2VicCI6eyJxdWFsaXR5Ijo1MH19fQ==,/sneakers/reebok/reebok-club-c-maison-margiela-memory-of-white-gw5013-ka/36418?from=search
Onitsuka Tiger Mexico 66 White Light Grey,1780000,https://d5ibtax54de3q.cloudfront.net/eyJidWNrZXQiOiJraWNrYXZlbnVlLWFzc2V0cyIsImtleSI6InByb2R1Y3RzLzEwODI4MC9jYWU3YTBmMzYwNDA4ZDBlNjM1NTE2OWM5MGE2Y2U5MC5wbmciLCJlZGl0cyI6eyJyZXNpemUiOnsid2lkdGgiOjQwMH0sIndlYnAiOnsicXVhbGl0eSI6NTB9fX0=,/sneakers/onitsuka-tiger/onitsuka-tiger-mexico-66-white-light-grey-1183b771-201-ka/108280?from=search
Adidas Ultra Boost 1.0 DNA White Gum Camo Sole,2220000,https://d5ibtax54de3q.cloudfront.net/eyJidWNrZXQiOiJraWNrYXZlbnVlLWFzc2V0cyIsImtleSI6InByb2R1Y3RzLzYzMDQwL2NiZDVlZWZkOTRkZWMxNTc3ZGVhZGM2YmIyMjM4NDcwLmpwZWciLCJlZGl0cyI6eyJyZXNpemUiOnsid2lkdGgiOjQwMH0sIndlYnAiOnsicXVhbGl0eSI6NTB9fX0=,/sneakers/adidas/adidas-ultra-boost-10-dna-white-gum-camo-sole-gy9135-ka/63040?from=search
Adidas Campus 00's Spice Yellow,1520000,https://d5ibtax54de3q.cloudfront.net/eyJidWNrZXQiOiJraWNrYXZlbnVlLWFzc2V0cyIsImtleSI6InByb2R1Y3RzLzU5NjMwL2Q4ZGYwYTJiYzRmZjZiMThjMDcxZjk3OWFmZmZlNDY4LmpwZWciLCJlZGl0cyI6eyJyZXNpemUiOnsid2lkdGgiOjQwMH0sIndlYnAiOnsicXVhbGl0eSI6NTB9fX0=,/sneakers/adidas/adidas-campus-00s-spice-yellow-hr1466-ka/59630?from=search
Adidas Gazelle Blue Cloud White Gold Metallic,1350000,https://d5ibtax54de3q.cloudfront.net/eyJidWNrZXQiOiJraWNrYXZlbnVlLWFzc2V0cyIsImtleSI6InByb2R1Y3RzLzExMDg1Mi8xYjFhMTA4MjNiMDY2ZGQ0MjkxM2Y5NWUxZDQxZGI3ZS5wbmciLCJlZGl0cyI6eyJyZXNpemUiOnsid2lkdGgiOjQwMH0sIndlYnAiOnsicXVhbGl0eSI6NTB9fX0=,/sneakers/adidas/adidas-gazelle-blue-cloud-white-gold-metallic-gx2207-ka/110852?from=search
Adidas Ultra Boost 5.0 DNA Black Panther,1480000,https://d5ibtax54de3q.cloudfront.net/eyJidWNrZXQiOiJraWNrYXZlbnVlLWFzc2V0cyIsImtleSI6InByb2R1Y3RzLzYzMDM3L2JmZDk2ZmU5Njg2MjE5NzAwM2RlMWEwMTM2NDU4NjIyLmpwZWciLCJlZGl0cyI6eyJyZXNpemUiOnsid2lkdGgiOjQwMH0sIndlYnAiOnsicXVhbGl0eSI6NTB9fX0=,/sneakers/adidas/adidas-ultra-boost-50-dna-black-panther-hr0518-ka/63037?from=search
Nike ZoomX Streakfly Premium White Volt Racer Blue,1570000,https://d5ibtax54de3q.cloudfront.net/eyJidWNrZXQiOiJraWNrYXZlbnVlLWFzc2V0cyIsImtleSI6InByb2R1Y3RzLzkzMTgwL2E1Y2E5MmU1MmViOWYyM2RiNzRkNDg2OWJjMTQ2NzMyLnBuZyIsImVkaXRzIjp7InJlc2l6ZSI6eyJ3aWR0aCI6NDAwfSwid2VicCI6eyJxdWFsaXR5Ijo1MH19fQ==,/sneakers/nike/nike-zoomx-streakfly-premium-white-volt-racer-blue-dx1626-100-ka/93180?from=search
Li-Ning Wade 808 2 Cold Blood,1260000,https://d5ibtax54de3q.cloudfront.net/eyJidWNrZXQiOiJraWNrYXZlbnVlLWFzc2V0cyIsImtleSI6InByb2R1Y3RzLzEwMjczMy9iYTQ4ZTFhNDQ0NTEyMzYxNzNkZGI2YTc2ZTFkNmUwYy5wbmciLCJlZGl0cyI6eyJyZXNpemUiOnsid2lkdGgiOjQwMH0sIndlYnAiOnsicXVhbGl0eSI6NTB9fX0=,/sneakers/li-ning/li-ning-wade-808-2-cold-blood-abps037-6-ka/102733?from=search
Nike KD 14 NRG EP Valentines Day,2520000,https://d5ibtax54de3q.cloudfront.net/eyJidWNrZXQiOiJraWNrYXZlbnVlLWFzc2V0cyIsImtleSI6InByb2R1Y3RzLzgzMDY4L2RhZjU5OTk2ZTE2NGU0ZGFlYjU4OTk2MGQzYTQxMmExLnBuZyIsImVkaXRzIjp7InJlc2l6ZSI6eyJ3aWR0aCI6NDAwfSwid2VicCI6eyJxdWFsaXR5Ijo1MH19fQ==,/sneakers/nike/nike-kd-14-nrg-ep-valentines-day-dj4335-900-ka/83068?from=search
Air Jordan Delta 3 Mid Pure Platinum Chambray Total Orange,930000,https://d5ibtax54de3q.cloudfront.net/eyJidWNrZXQiOiJraWNrYXZlbnVlLWFzc2V0cyIsImtleSI6InByb2R1Y3RzLzkzNDU3L2ViNDQ5NTI5MDk4OTY4NGVhNDJkYjE3MmNkYTI5NTRmLnBuZyIsImVkaXRzIjp7InJlc2l6ZSI6eyJ3aWR0aCI6NDAwfSwid2VicCI6eyJxdWFsaXR5Ijo1MH19fQ==,/sneakers/air-jordan/air-jordan-delta-3-mid-pure-platinum-chambray-total-orange-dr7614-004-ka/93457?from=search
Adidas Harden Vol.6 Vivid Red,1230000,https://d5ibtax54de3q.cloudfront.net/eyJidWNrZXQiOiJraWNrYXZlbnVlLWFzc2V0cyIsImtleSI6InByb2R1Y3RzLzY0NTc0L2FhMmYxNTMwMGE1MzQ3ZGFjOGYyOWI3YmJmMWEzYzcyLmpwZWciLCJlZGl0cyI6eyJyZXNpemUiOnsid2lkdGgiOjQwMH0sIndlYnAiOnsicXVhbGl0eSI6NTB9fX0=,/sneakers/adidas/adidas-harden-vol6-vivid-red-hq3884-ka/64574?from=search
Reebok Club C Revenge Brain Dead Purple Abyss,2650000,https://d5ibtax54de3q.cloudfront.net/eyJidWNrZXQiOiJraWNrYXZlbnVlLWFzc2V0cyIsImtleSI6InByb2R1Y3RzLzM2NDQ0L2QxNTUzNjNiNWQ1Mzc3NzYwMTFmZTg0YTEzNDAxOTYzLnBuZyIsImVkaXRzIjp7InJlc2l6ZSI6eyJ3aWR0aCI6NDAwfSwid2VicCI6eyJxdWFsaXR5Ijo1MH19fQ==,/sneakers/reebok/reebok-club-c-revenge-brain-dead-purple-abyss-gx9593-ka/36444?from=search
Nike Kyrie Infinity EP Siren Red,2070000,https://d5ibtax54de3q.cloudfront.net/eyJidWNrZXQiOiJraWNrYXZlbnVlLWFzc2V0cyIsImtleSI6InByb2R1Y3RzLzgyNDYyLzY3NmM5OWYwMjhjYTQ4ZDgyNThhMjdkMzc3YTk3YWQzLnBuZyIsImVkaXRzIjp7InJlc2l6ZSI6eyJ3aWR0aCI6NDAwfSwid2VicCI6eyJxdWFsaXR5Ijo1MH19fQ==,/sneakers/nike/nike-kyrie-infinity-ep-siren-red-dm0855-600-ka/82462?from=search
Nike Air Force 1 '07 Picante Red,2100000,https://d5ibtax54de3q.cloudfront.net/eyJidWNrZXQiOiJraWNrYXZlbnVlLWFzc2V0cyIsImtleSI6InByb2R1Y3RzLzc5ODU1L2EyNDA2MTVlMWVmMjA4YzdjMTcyN2MzNTJjNzEzN2RlLnBuZyIsImVkaXRzIjp7InJlc2l6ZSI6eyJ3aWR0aCI6NDAwfSwid2VicCI6eyJxdWFsaXR5Ijo1MH19fQ==,/sneakers/nike/nike-air-force-1-07-picante-red-dv0788-600-ka/79855?from=search
New Balance 2002R Reflection Sepia,1610000,https://d5ibtax54de3q.cloudfront.net/eyJidWNrZXQiOiJraWNrYXZlbnVlLWFzc2V0cyIsImtleSI6InByb2R1Y3RzLzU4MjIzL2I2OGNjNDhhOGZmMTY5MGFkM2QzOGNiZjMwNGM2Mjc4LmpwZWciLCJlZGl0cyI6eyJyZXNpemUiOnsid2lkdGgiOjQwMH0sIndlYnAiOnsicXVhbGl0eSI6NTB9fX0=,/sneakers/new-balance/new-balance-2002r-reflection-sepia-m2002rec-ka/58223?from=search
Hoka One One _J.L-A.L_ x Tor Ultra High Gore Tex Blueberry,5950000,https://d5ibtax54de3q.cloudfront.net/eyJidWNrZXQiOiJraWNrYXZlbnVlLWFzc2V0cyIsImtleSI6InByb2R1Y3RzLzk4MDAyL2EwMDFjMjY2ZjY1OTYyZTBiZTdkMDUwODgxOWY5OTU5LnBuZyIsImVkaXRzIjp7InJlc2l6ZSI6eyJ3aWR0aCI6NDAwfSwid2VicCI6eyJxdWFsaXR5Ijo1MH19fQ==,/sneakers/hoka/hoka-one-one-jl-al-x-tor-ultra-high-gore-tex-blueberry-1144651-bjdt-ka/98002?from=search
Air Jordan 2 Retro Low Cherrywood,1250000,https://d5ibtax54de3q.cloudfront.net/eyJidWNrZXQiOiJraWNrYXZlbnVlLWFzc2V0cyIsImtleSI6InByb2R1Y3RzLzYyNTk4LzE1MzY4YTZjZGY1Mjg0MmNjNDg0YTcyZmI0ZjE3ZjYzLmpwZWciLCJlZGl0cyI6eyJyZXNpemUiOnsid2lkdGgiOjQwMH0sIndlYnAiOnsicXVhbGl0eSI6NTB9fX0=,/sneakers/air-jordan/air-jordan-2-retro-low-cherrywood-dv9956-103-ka/62598?from=search
Adidas Yeezy 500 Bone White (2023),2610000,https://d5ibtax54de3q.cloudfront.net/eyJidWNrZXQiOiJraWNrYXZlbnVlLWFzc2V0cyIsImtleSI6InByb2R1Y3RzLzY2NzE3L2JkN2YwYzA2YmI0MmNjYjIxNWUzNWYwZDFiOGY1MzNkLnBuZyIsImVkaXRzIjp7InJlc2l6ZSI6eyJ3aWR0aCI6NDAwfSwid2VicCI6eyJxdWFsaXR5Ijo1MH19fQ==,/sneakers/yeezy/adidas-yeezy-500-bone-white-2023-id5114-ka/66717?from=search
Adidas NMD_V3 Cloud White,980000,https://d5ibtax54de3q.cloudfront.net/eyJidWNrZXQiOiJraWNrYXZlbnVlLWFzc2V0cyIsImtleSI6InByb2R1Y3RzLzcwMTcwL2NjZjhhYTBhNzIzNjZiMDQ4NTM0MGY0ZTE5ODFlMGYyLnBuZyIsImVkaXRzIjp7InJlc2l6ZSI6eyJ3aWR0aCI6NDAwfSwid2VicCI6eyJxdWFsaXR5Ijo1MH19fQ==,/sneakers/adidas/adidas-nmd-v3-cloud-white-gx2089-ka/70170?from=search
Vans Era 95 DX x Liberaiders Blue,1480000,https://d5ibtax54de3q.cloudfront.net/eyJidWNrZXQiOiJraWNrYXZlbnVlLWFzc2V0cyIsImtleSI6InByb2R1Y3RzLzk4MjM0LzE3NTZlZDJhYjE0NDEwYWRiNDdkODNhYTYwZDgyMGU0LnBuZyIsImVkaXRzIjp7InJlc2l6ZSI6eyJ3aWR0aCI6NDAwfSwid2VicCI6eyJxdWFsaXR5Ijo1MH19fQ==,/sneakers/vans/vans-era-95-dx-x-liberaiders-blue-vn0a2rr1815-ka/98234?from=search
New Balance 990v6 Action Bronson Lapis Lazuli,3900000,https://d5ibtax54de3q.cloudfront.net/eyJidWNrZXQiOiJraWNrYXZlbnVlLWFzc2V0cyIsImtleSI6InByb2R1Y3RzLzU4OTE4L2RiNTQxNDc2Mjg2MTVmNTI0MTJhNmRjMzU0NjEyNWE1LmpwZWciLCJlZGl0cyI6eyJyZXNpemUiOnsid2lkdGgiOjQwMH0sIndlYnAiOnsicXVhbGl0eSI6NTB9fX0=,/sneakers/new-balance/new-balance-990v6-action-bronson-lapis-lazuli-m990ac6-ka/58918?from=search
New Balance 327 White Succulent Green,1190000,https://d5ibtax54de3q.cloudfront.net/eyJidWNrZXQiOiJraWNrYXZlbnVlLWFzc2V0cyIsImtleSI6InByb2R1Y3RzLzk0NzY5LzExNGMwZDdkNDA0ZTA5MjM0YzI1ZDU5ZDk5MjNiNTk2LnBuZyIsImVkaXRzIjp7InJlc2l6ZSI6eyJ3aWR0aCI6NDAwfSwid2VicCI6eyJxdWFsaXR5Ijo1MH19fQ==,/sneakers/new-balance/jordan-jordan-nu-retro-1-low-shattered-backboard-u327unp-ka/94769?from=search
Nike LeBron 20 FAMU Coconut Milk,4430000,https://d5ibtax54de3q.cloudfront.net/eyJidWNrZXQiOiJraWNrYXZlbnVlLWFzc2V0cyIsImtleSI6InByb2R1Y3RzLzYxODgwL2RiZTBjOTAxMTQ4OTczNzNiNGEwNGQzYzg1MDI2ZjJkLmpwZWciLCJlZGl0cyI6eyJyZXNpemUiOnsid2lkdGgiOjQwMH0sIndlYnAiOnsicXVhbGl0eSI6NTB9fX0=,/sneakers/nike/nike-lebron-20-famu-coconut-milk-fn8263-100-ka/61880?from=search
Air Jordan 9 Powder Blue,2300000,https://d5ibtax54de3q.cloudfront.net/eyJidWNrZXQiOiJraWNrYXZlbnVlLWFzc2V0cyIsImtleSI6InByb2R1Y3RzLzEwNDE4MS9iOGJkZDQwMmRkMGU2MjM5MGZmN2VmNTkxM2MwZGVlYi5wbmciLCJlZGl0cyI6eyJyZXNpemUiOnsid2lkdGgiOjQwMH0sIndlYnAiOnsicXVhbGl0eSI6NTB9fX0=,/sneakers/air-jordan/air-jordan-9-powder-blue-fq8992-101-ka/104181?from=search
Converse Chuck 70 High Nautical TriBlocked Ghosted Vintage White,780000,https://d5ibtax54de3q.cloudfront.net/eyJidWNrZXQiOiJraWNrYXZlbnVlLWFzc2V0cyIsImtleSI6InByb2R1Y3RzLzc2NTQxLzA2NDI2NGNhNmE3NjRkZGU0YmI5ZDFkNDkwZDQ3Mjk1LnBuZyIsImVkaXRzIjp7InJlc2l6ZSI6eyJ3aWR0aCI6NDAwfSwid2VicCI6eyJxdWFsaXR5Ijo1MH19fQ==,/sneakers/converse/converse-chuck-70-high-nautical-triblocked-ghosted-vintage-white-a04968c-ka/76541?from=search
Nike Air Zoom Arcadia 2 SE PSV Volt Purple Cosmos,730000,https://d5ibtax54de3q.cloudfront.net/eyJidWNrZXQiOiJraWNrYXZlbnVlLWFzc2V0cyIsImtleSI6InByb2R1Y3RzLzkwMjI3L2ZhYTJkZjU4ZDYzZTE4MWE0NGNmYjUzYmM3NDFhYzRiLnBuZyIsImVkaXRzIjp7InJlc2l6ZSI6eyJ3aWR0aCI6NDAwfSwid2VicCI6eyJxdWFsaXR5Ijo1MH19fQ==,/sneakers/nike/nike-air-zoom-arcadia-2-se-psv-volt-purple-cosmos-fb2357-100-ka/90227?from=search
New Balance 550 Lunar New Year Driftwood,1010000,https://d5ibtax54de3q.cloudfront.net/eyJidWNrZXQiOiJraWNrYXZlbnVlLWFzc2V0cyIsImtleSI6InByb2R1Y3RzLzQyMDkxLzkzZmZjMTdkM2RiMjZkOWJiMzE5ZmUwMTkwMmZkM2JlLmpwZWciLCJlZGl0cyI6eyJyZXNpemUiOnsid2lkdGgiOjQwMH0sIndlYnAiOnsicXVhbGl0eSI6NTB9fX0=,/sneakers/new-balance/new-balance-550-lunar-new-year-driftwood-bb550ly1-ka-2/42091?from=search
Nike LeBron 19 Low Mismatch,1260000,https://d5ibtax54de3q.cloudfront.net/eyJidWNrZXQiOiJraWNrYXZlbnVlLWFzc2V0cyIsImtleSI6InByb2R1Y3RzLzgzODU4LzNhZjkzN2JmMWMyMDA2ODZkYjQ0MzY1ZDdiZWQ5NjFlLnBuZyIsImVkaXRzIjp7InJlc2l6ZSI6eyJ3aWR0aCI6NDAwfSwid2VicCI6eyJxdWFsaXR5Ijo1MH19fQ==,/sneakers/nike/nike-lebron-19-low-mismatch-do9828-500-ka/83858?from=search
Nike Pegasus Trail 3 Gore-Tex Celery Volt,1360000,https://d5ibtax54de3q.cloudfront.net/eyJidWNrZXQiOiJraWNrYXZlbnVlLWFzc2V0cyIsImtleSI6InByb2R1Y3RzLzg0NzU1L2ExZDNkMjU4NjQ4ZDIxZmI3ZTM2NmZhNzRjNjM4ZGFiLnBuZyIsImVkaXRzIjp7InJlc2l6ZSI6eyJ3aWR0aCI6NDAwfSwid2VicCI6eyJxdWFsaXR5Ijo1MH19fQ==,/sneakers/nike/nike-pegasus-trail-3-gore-tex-celery-volt-dc8793-300-ka/84755?from=search
Nike Air Zoom Vomero 16 Black Sundial,1550000,https://d5ibtax54de3q.cloudfront.net/eyJidWNrZXQiOiJraWNrYXZlbnVlLWFzc2V0cyIsImtleSI6InByb2R1Y3RzLzkwMDAzL2U4NTA4MjRmNWFmMjJiOTk1MTVhMDA5ODZmNzY0NjBlLnBuZyIsImVkaXRzIjp7InJlc2l6ZSI6eyJ3aWR0aCI6NDAwfSwid2VicCI6eyJxdWFsaXR5Ijo1MH19fQ==,/sneakers/nike/nike-air-zoom-vomero-16-black-sundial-da7245-012-ka-2/90003?from=search
Vans Vault OG Sk8-Hi LX Gnarly Pack,1770000,https://d5ibtax54de3q.cloudfront.net/eyJidWNrZXQiOiJraWNrYXZlbnVlLWFzc2V0cyIsImtleSI6InByb2R1Y3RzLzc3OTI5L2ZiNTI3NjY2NjVjNjY0YWQ0MzdkODljYjZiZmQ0MjQ5LnBuZyIsImVkaXRzIjp7InJlc2l6ZSI6eyJ3aWR0aCI6NDAwfSwid2VicCI6eyJxdWFsaXR5Ijo1MH19fQ==,/sneakers/vans/vans-vault-og-sk8-hi-lx-gnarly-pack-vn000cddbp6-ka/77929?from=search
Onitsuka Tiger Mexico 66 Grey White,1960000,https://d5ibtax54de3q.cloudfront.net/eyJidWNrZXQiOiJraWNrYXZlbnVlLWFzc2V0cyIsImtleSI6InByb2R1Y3RzLzEwODI5MC9kYjg1ZWY3NmUzYjdjZTBiNjcwN2Y3OGM1ZTQ0MDEyMS5wbmciLCJlZGl0cyI6eyJyZXNpemUiOnsid2lkdGgiOjQwMH0sIndlYnAiOnsicXVhbGl0eSI6NTB9fX0=,/sneakers/onitsuka-tiger/onitsuka-tiger-mexico-66-grey-white-1183c076-100-ka/108290?from=search
New Balance 550 thisisneverthat Lavender,3770000,https://d5ibtax54de3q.cloudfront.net/eyJidWNrZXQiOiJraWNrYXZlbnVlLWFzc2V0cyIsImtleSI6InByb2R1Y3RzLzk0ODg4L2VkOGY4MTdmOTQwMjgxNDQ5NTA0MDgwZmY3MjIzZDE2LnBuZyIsImVkaXRzIjp7InJlc2l6ZSI6eyJ3aWR0aCI6NDAwfSwid2VicCI6eyJxdWFsaXR5Ijo1MH19fQ==,/sneakers/new-balance/jordan-jordan-why-not-zer02-pf-okc-home-bb550ti-ka/94888?from=search
Adidas Campus 80s Bape Collegiate Navy,2210000,https://d5ibtax54de3q.cloudfront.net/eyJidWNrZXQiOiJraWNrYXZlbnVlLWFzc2V0cyIsImtleSI6InByb2R1Y3RzLzU4Mzk0LzdmYzFhOTkyMTBiZDExZjRkZmNkZGI4MmYxOGJhNjg5LmpwZWciLCJlZGl0cyI6eyJyZXNpemUiOnsid2lkdGgiOjQwMH0sIndlYnAiOnsicXVhbGl0eSI6NTB9fX0=,/sneakers/adidas/adidas-campus-80s-bape-collegiate-navy-id4770-ka/58394?from=search
Nike Ja 1 EYBL Nationals,8030000,https://d5ibtax54de3q.cloudfront.net/eyJidWNrZXQiOiJraWNrYXZlbnVlLWFzc2V0cyIsImtleSI6InByb2R1Y3RzLzgyMTE2LzJkYmQ1ZjFmODVmYmQxYjFmYmY2ZGEyMmNhOTZjMmJhLnBuZyIsImVkaXRzIjp7InJlc2l6ZSI6eyJ3aWR0aCI6NDAwfSwid2VicCI6eyJxdWFsaXR5Ijo1MH19fQ==,/sneakers/nike/nike-ja-1-eybl-nationals-fn6614-900-ka-2/82116?from=search
Nike BRSB Black White,970000,https://d5ibtax54de3q.cloudfront.net/eyJidWNrZXQiOiJraWNrYXZlbnVlLWFzc2V0cyIsImtleSI6InByb2R1Y3RzLzgzNDQ0LzQ5MTIzYTI0ZGNjZDNhMzRhNjk5MGFiNjlhNjg0YTk0LnBuZyIsImVkaXRzIjp7InJlc2l6ZSI6eyJ3aWR0aCI6NDAwfSwid2VicCI6eyJxdWFsaXR5Ijo1MH19fQ==,/sneakers/nike/nike-brsb-black-white-dh9227-001-ka/83444?from=search
Air Jordan 1 Low Brown Elephant (Grade School),1270000,https://d5ibtax54de3q.cloudfront.net/eyJidWNrZXQiOiJraWNrYXZlbnVlLWFzc2V0cyIsImtleSI6InByb2R1Y3RzLzcyMjY0LzcyMDhjYjI5YzkzZmU4MjRhMjhlMmYwN2JlN2FhODU2LnBuZyIsImVkaXRzIjp7InJlc2l6ZSI6eyJ3aWR0aCI6NDAwfSwid2VicCI6eyJxdWFsaXR5Ijo1MH19fQ==,/sneakers/air-jordan/air-jordan-1-low-brown-elephant-gs-dz5368-201-ka/72264?from=search
Nike Mac Attack QS SP Sail Fir,1360000,https://d5ibtax54de3q.cloudfront.net/eyJidWNrZXQiOiJraWNrYXZlbnVlLWFzc2V0cyIsImtleSI6InByb2R1Y3RzLzEwNzk3Mi84NzU5MjFhYmUxODQ0ZTgzYzQ1ZWVlY2NkMzUyZjJmMC5wbmciLCJlZGl0cyI6eyJyZXNpemUiOnsid2lkdGgiOjQwMH0sIndlYnAiOnsicXVhbGl0eSI6NTB9fX0=,/sneakers/nike/nike-mac-attack-qs-sp-sail-fir-fz2097-100-ka/107972?from=search
ASICS Gel-Kayano Legacy GmbH White Black,2690000,https://d5ibtax54de3q.cloudfront.net/eyJidWNrZXQiOiJraWNrYXZlbnVlLWFzc2V0cyIsImtleSI6InByb2R1Y3RzLzcyODA3Lzk5ZTJiMWE2YTA5NjI5MDU4ZGVkOTFhYWVlYjZjMDQxLnBuZyIsImVkaXRzIjp7InJlc2l6ZSI6eyJ3aWR0aCI6NDAwfSwid2VicCI6eyJxdWFsaXR5Ijo1MH19fQ==,/sneakers/asics/asics-gel-kayano-legacy-gmbh-white-black-1203a350-100-ka/72807?from=search
Air Jordan 2 Retro Italy,1520000,https://d5ibtax54de3q.cloudfront.net/eyJidWNrZXQiOiJraWNrYXZlbnVlLWFzc2V0cyIsImtleSI6InByb2R1Y3RzLzczMDg5LzNjYjA0YjQzNzU0OWUzOGZhNDk5MjZhZDM4NTVmMzM4LnBuZyIsImVkaXRzIjp7InJlc2l6ZSI6eyJ3aWR0aCI6NDAwfSwid2VicCI6eyJxdWFsaXR5Ijo1MH19fQ==,/sneakers/air-jordan/air-jordan-2-retro-italy-dr8884-101-ka/73089?from=search
Nike Air Force 1 '07 Black White,2600000,https://d5ibtax54de3q.cloudfront.net/eyJidWNrZXQiOiJraWNrYXZlbnVlLWFzc2V0cyIsImtleSI6InByb2R1Y3RzLzczNTUxLzJhMGM4MWMyNTBmOGY0ZWUzNWFkOWEyMzA3NDI1MzMyLnBuZyIsImVkaXRzIjp7InJlc2l6ZSI6eyJ3aWR0aCI6NDAwfSwid2VicCI6eyJxdWFsaXR5Ijo1MH19fQ==,/sneakers/nike/nike-air-force-1-07-black-white-dv0788-002-ka/73551?from=search
Nike Air Zoom Pegasus 39 Shield 'Deep Jungle Safety Orange',1310000,https://d5ibtax54de3q.cloudfront.net/eyJidWNrZXQiOiJraWNrYXZlbnVlLWFzc2V0cyIsImtleSI6InByb2R1Y3RzLzkwNjM2L2UxYTg0OTc4MDkxNDc3ZTg0ZWZiODU3OTU5NDFkNGQ5LnBuZyIsImVkaXRzIjp7InJlc2l6ZSI6eyJ3aWR0aCI6NDAwfSwid2VicCI6eyJxdWFsaXR5Ijo1MH19fQ==,/sneakers/nike/nike-air-zoom-pegasus-39-shield-deep-jungle-safety-orange-do7625-300-ka/90636?from=search
Adidas Ultra 4D Mid Evolved Marvel Spider-Man 2,3590000,https://d5ibtax54de3q.cloudfront.net/eyJidWNrZXQiOiJraWNrYXZlbnVlLWFzc2V0cyIsImtleSI6InByb2R1Y3RzLzczNDM2LzJhNDA2ZjFiY2M3NTJlZTgwZmQwZjg3ZThjNDEyZmJkLnBuZyIsImVkaXRzIjp7InJlc2l6ZSI6eyJ3aWR0aCI6NDAwfSwid2VicCI6eyJxdWFsaXR5Ijo1MH19fQ==,/sneakers/adidas/adidas-ultra-4d-mid-evolved-marvel-spider-man-2-ig5342-ka-2/73436?from=search
Nike Juniper Trail 2 GORE-TEX Black Cool Grey,1110000,https://d5ibtax54de3q.cloudfront.net/eyJidWNrZXQiOiJraWNrYXZlbnVlLWFzc2V0cyIsImtleSI6InByb2R1Y3RzLzg0MDk2LzIwZjgwNmNlNGY5MjUxMDY3NmUzMTA5NzY2ZDQ1YjE3LnBuZyIsImVkaXRzIjp7InJlc2l6ZSI6eyJ3aWR0aCI6NDAwfSwid2VicCI6eyJxdWFsaXR5Ijo1MH19fQ==,/sneakers/nike/nike-juniper-trail-2-gore-tex-black-cool-grey-fb2067-001-ka/84096?from=search
On Running The Roger Pro Laver Cup,7150000,https://d5ibtax54de3q.cloudfront.net/eyJidWNrZXQiOiJraWNrYXZlbnVlLWFzc2V0cyIsImtleSI6InByb2R1Y3RzLzk3MjgzLzllYjczMmU5MWU5NDA4ZDAzY2VlZGI3NDFiZGM0ZGQ2LnBuZyIsImVkaXRzIjp7InJlc2l6ZSI6eyJ3aWR0aCI6NDAwfSwid2VicCI6eyJxdWFsaXR5Ijo1MH19fQ==,/sneakers/on-running/on-running-the-roger-pro-laver-cup-3md30550462-ka-2/97283?from=search
Nike Air Max Pulse Cobblestone,2320000,https://d5ibtax54de3q.cloudfront.net/eyJidWNrZXQiOiJraWNrYXZlbnVlLWFzc2V0cyIsImtleSI6InByb2R1Y3RzLzgxNjAyLzVlMzM0ZDExNGRlYTEwNTFkYjhjZTAxZjBkNTJkMmVmLnBuZyIsImVkaXRzIjp7InJlc2l6ZSI6eyJ3aWR0aCI6NDAwfSwid2VicCI6eyJxdWFsaXR5Ijo1MH19fQ==,/sneakers/nike/nike-air-max-pulse-cobblestone-dr0453-004-ka-2/81602?from=search
On Running Cloudrift Black White,2710000,https://d5ibtax54de3q.cloudfront.net/eyJidWNrZXQiOiJraWNrYXZlbnVlLWFzc2V0cyIsImtleSI6InByb2R1Y3RzLzk3MjEwL2I3N2E0NTQ2YzMyZWU4YmJlZjAxNWE5YzNjZmFkYzg1LnBuZyIsImVkaXRzIjp7InJlc2l6ZSI6eyJ3aWR0aCI6NDAwfSwid2VicCI6eyJxdWFsaXR5Ijo1MH19fQ==,/sneakers/on-running/on-running-cloudrift-black-white-8798303-ka/97210?from=search
Li-Ning Wade Shadow 5 Liberty,1170000,https://d5ibtax54de3q.cloudfront.net/eyJidWNrZXQiOiJraWNrYXZlbnVlLWFzc2V0cyIsImtleSI6InByb2R1Y3RzLzEwMjgzMS9jMjIxYmJhYzY2NDZhOTgzMjEyZmY3YWQ5NzlhZmYyZC5wbmciLCJlZGl0cyI6eyJyZXNpemUiOnsid2lkdGgiOjQwMH0sIndlYnAiOnsicXVhbGl0eSI6NTB9fX0=,/sneakers/li-ning/li-ning-wade-shadow-5-liberty-abpt053-4-ka-2/102831?from=search
Nike ZoomX Streakfly Sail Cobalt Bliss Total Orange,1430000,https://d5ibtax54de3q.cloudfront.net/eyJidWNrZXQiOiJraWNrYXZlbnVlLWFzc2V0cyIsImtleSI6InByb2R1Y3RzLzkzMTgxLzM0MWQyMTZjNjg1NjliNDdhOTBhNDQ1OWEzM2U2ZjQ0LnBuZyIsImVkaXRzIjp7InJlc2l6ZSI6eyJ3aWR0aCI6NDAwfSwid2VicCI6eyJxdWFsaXR5Ijo1MH19fQ==,/sneakers/nike/nike-zoomx-streakfly-sail-cobalt-bliss-total-orange-fn3435-148-ka/93181?from=search
Nike Dunk Low Waffle,1330000,https://d5ibtax54de3q.cloudfront.net/eyJidWNrZXQiOiJraWNrYXZlbnVlLWFzc2V0cyIsImtleSI6InByb2R1Y3RzLzk2MTQ2LzlhZWVhNDk4NTUwYjM5Y2U4MDE2NWViYjBmYWM0M2FiLnBuZyIsImVkaXRzIjp7InJlc2l6ZSI6eyJ3aWR0aCI6NDAwfSwid2VicCI6eyJxdWFsaXR5Ijo1MH19fQ==,/sneakers/nike/nike-dunk-low-waffle-fz4041-744-ka/96146?from=search
New Balance 9060 Sea Salt Cherry Blossom,1720000,https://d5ibtax54de3q.cloudfront.net/eyJidWNrZXQiOiJraWNrYXZlbnVlLWFzc2V0cyIsImtleSI6InByb2R1Y3RzLzU4MzU2LzQ2Y2ZmNjU4ZDFhODA2MWYxY2Y5NDE1NTdkYTgzNDRhLmpwZWciLCJlZGl0cyI6eyJyZXNpemUiOnsid2lkdGgiOjQwMH0sIndlYnAiOnsicXVhbGl0eSI6NTB9fX0=,/sneakers/new-balance/new-balance-9060-sea-salt-cherry-blossom-u9060tru-ka/58356?from=search
Adidas SL 72 RS Green Yellow,1450000,https://d5ibtax54de3q.cloudfront.net/eyJidWNrZXQiOiJraWNrYXZlbnVlLWFzc2V0cyIsImtleSI6InByb2R1Y3RzLzEwMzIwNy81ZmQ0YWEyY2M4ZGJmODVkODU4NWVjNGRjNjM2MjgxOC5wbmciLCJlZGl0cyI6eyJyZXNpemUiOnsid2lkdGgiOjQwMH0sIndlYnAiOnsicXVhbGl0eSI6NTB9fX0=,/sneakers/adidas/adidas-sl-72-rs-green-yellow-ig2133-ka/103207?from=search
Adidas Predator 30 Elite FT FG Core Black Legacy Burgundy,21170000,https://d5ibtax54de3q.cloudfront.net/eyJidWNrZXQiOiJraWNrYXZlbnVlLWFzc2V0cyIsImtleSI6InByb2R1Y3RzLzc3MjA3LzhmZjQyYjNmMWExZjZiN2I3ODhkMGJjYmE4MDA3ZDI5LnBuZyIsImVkaXRzIjp7InJlc2l6ZSI6eyJ3aWR0aCI6NDAwfSwid2VicCI6eyJxdWFsaXR5Ijo1MH19fQ==,/sneakers/adidas/adidas-predator-30-elite-ft-fg-core-black-legacy-burgundy-if8897-ka/77207?from=search
Nike E-Series 1.0 'Black White',1010000,https://d5ibtax54de3q.cloudfront.net/eyJidWNrZXQiOiJraWNrYXZlbnVlLWFzc2V0cyIsImtleSI6InByb2R1Y3RzLzg4OTUyL2QwNDY3NjQ1NzU1MDExNTBkYThjZjI5ZWRlZGQyNmI1LnBuZyIsImVkaXRzIjp7InJlc2l6ZSI6eyJ3aWR0aCI6NDAwfSwid2VicCI6eyJxdWFsaXR5Ijo1MH19fQ==,/sneakers/nike/nike-e-series-10-black-white-dr5670-001-ka/88952?from=search
ASICS Gel-Kayano 14 Earthenware Pack Rusty Brown,1920000,https://d5ibtax54de3q.cloudfront.net/eyJidWNrZXQiOiJraWNrYXZlbnVlLWFzc2V0cyIsImtleSI6InByb2R1Y3RzLzc3ODI4L2VmMGQyY2E0ZWEyNDNmMjBhNWFmYjc1NzUzZWMzZjNiLnBuZyIsImVkaXRzIjp7InJlc2l6ZSI6eyJ3aWR0aCI6NDAwfSwid2VicCI6eyJxdWFsaXR5Ijo1MH19fQ==,/sneakers/asics/asics-gel-kayano-14-earthenware-pack-rusty-brown-1203a412-200-ka/77828?from=search
New Balance 1906R Vintage Metallic Silver,1850000,https://d5ibtax54de3q.cloudfront.net/eyJidWNrZXQiOiJraWNrYXZlbnVlLWFzc2V0cyIsImtleSI6InByb2R1Y3RzLzk0NTA5LzQxMTQ2MDUyNDRhMTZhNzAyNGFhYzcwYTkxZDJmMDllLnBuZyIsImVkaXRzIjp7InJlc2l6ZSI6eyJ3aWR0aCI6NDAwfSwid2VicCI6eyJxdWFsaXR5Ijo1MH19fQ==,/sneakers/new-balance/jordan-future-gym-red-m1906rav-ka/94509?from=search
Adidas Campus Bad Bunny Deep Brown,2120000,https://d5ibtax54de3q.cloudfront.net/eyJidWNrZXQiOiJraWNrYXZlbnVlLWFzc2V0cyIsImtleSI6InByb2R1Y3RzLzk2MjQwLzM3NmExZWEzNzFjNzExMGE4Mzc5Y2E3ZGYxYTgwYTJiLnBuZyIsImVkaXRzIjp7InJlc2l6ZSI6eyJ3aWR0aCI6NDAwfSwid2VicCI6eyJxdWFsaXR5Ijo1MH19fQ==,/sneakers/adidas/adidas-campus-bad-bunny-deep-brown-id2534-ka/96240?from=search
New Balance 1906U Castlerock Ginger Lemon,1520000,https://d5ibtax54de3q.cloudfront.net/eyJidWNrZXQiOiJraWNrYXZlbnVlLWFzc2V0cyIsImtleSI6InByb2R1Y3RzLzc5MjM4LzYzYWM5ZjQ3NzJkOWVlNGZjODhiMjEwOWQ2OTliZjg4LnBuZyIsImVkaXRzIjp7InJlc2l6ZSI6eyJ3aWR0aCI6NDAwfSwid2VicCI6eyJxdWFsaXR5Ijo1MH19fQ==,/sneakers/new-balance/new-balance-1906u-castlerock-ginger-lemon-m1906na-ka/79238?from=search
Nike Astro Grabber SP Bode Black Coconut Milk,8710000,https://d5ibtax54de3q.cloudfront.net/eyJidWNrZXQiOiJraWNrYXZlbnVlLWFzc2V0cyIsImtleSI6InByb2R1Y3RzLzEwMzY0MC81ZmI5MjgyMjQxODY5ZjliNTA1MzNhN2YxODUxNTc3Yi5wbmciLCJlZGl0cyI6eyJyZXNpemUiOnsid2lkdGgiOjQwMH0sIndlYnAiOnsicXVhbGl0eSI6NTB9fX0=,/sneakers/nike/nike-astro-grabber-sp-bode-black-coconut-milk-fj9821-001-ka/103640?from=search
Saucony Grid Shadow 2 Bodega Jaunt Woven,5820000,https://d5ibtax54de3q.cloudfront.net/eyJidWNrZXQiOiJraWNrYXZlbnVlLWFzc2V0cyIsImtleSI6InByb2R1Y3RzLzk2MzQ4L2Q5ZmVlYWNjMjkwODZmZGRlMWExNTQxMjg3MmY4YmRmLnBuZyIsImVkaXRzIjp7InJlc2l6ZSI6eyJ3aWR0aCI6NDAwfSwid2VicCI6eyJxdWFsaXR5Ijo1MH19fQ==,/sneakers/saucony/saucony-grid-shadow-2-bodega-jaunt-woven-s70830-1-ka/96348?from=search
Puma Slipstream LO Texture Brown,1450000,https://d5ibtax54de3q.cloudfront.net/eyJidWNrZXQiOiJraWNrYXZlbnVlLWFzc2V0cyIsImtleSI6InByb2R1Y3RzLzEwNDMwNS81NjBlMjU3NDEzZTYxYjYzNzYwNGI4ZWFkMWVlZjRjYy5wbmciLCJlZGl0cyI6eyJyZXNpemUiOnsid2lkdGgiOjQwMH0sIndlYnAiOnsicXVhbGl0eSI6NTB9fX0=,/sneakers/puma/puma-slipstream-lo-texture-brown-393131-01-ka/104305?from=search
Nike KD 17 Sunrise,2550000,https://d5ibtax54de3q.cloudfront.net/eyJidWNrZXQiOiJraWNrYXZlbnVlLWFzc2V0cyIsImtleSI6InByb2R1Y3RzLzEwNTA5OS9iY2Y4NjI2NjA4ODZlYjMxY2Q5YWNiNGUzYWVjMjExMC5wbmciLCJlZGl0cyI6eyJyZXNpemUiOnsid2lkdGgiOjQwMH0sIndlYnAiOnsicXVhbGl0eSI6NTB9fX0=,/sneakers/nike/nike-kd-17-sunrise-fj9487-700-ka/105099?from=search
Li-Ning Way Of Wade 9 Infinity Moment,5380000,https://d5ibtax54de3q.cloudfront.net/eyJidWNrZXQiOiJraWNrYXZlbnVlLWFzc2V0cyIsImtleSI6InByb2R1Y3RzLzEwMjk4MC82ZmM2MWFiZmMwNzU4ZWI3ODkwZWYyYzQ0NzgzYTc2Yy5wbmciLCJlZGl0cyI6eyJyZXNpemUiOnsid2lkdGgiOjQwMH0sIndlYnAiOnsicXVhbGl0eSI6NTB9fX0=,/sneakers/li-ning/li-ning-way-of-wade-9-infinity-moment-aber003-5-ka-2/102980?from=search
Nike Dunk Low Retro Premium Light Orewood Brown,1330000,https://d5ibtax54de3q.cloudfront.net/eyJidWNrZXQiOiJraWNrYXZlbnVlLWFzc2V0cyIsImtleSI6InByb2R1Y3RzLzEwMzg3Mi81N2MyZDk5ZmNmMGRiMWEyZmUzNDk2ZWIxYjRhNGVjNC5wbmciLCJlZGl0cyI6eyJyZXNpemUiOnsid2lkdGgiOjQwMH0sIndlYnAiOnsicXVhbGl0eSI6NTB9fX0=,/sneakers/nike/nike-dunk-low-retro-premium-light-orewood-brown-fn5825-100-ka/103872?from=search
New Balance 327 Classic Orange,2320000,https://d5ibtax54de3q.cloudfront.net/eyJidWNrZXQiOiJraWNrYXZlbnVlLWFzc2V0cyIsImtleSI6InByb2R1Y3RzLzEwNTQ3My8xMDViMGNkNmYyMmI4ZmEzOGNjMjE1Y2ZhMGZhMmFiOS5wbmciLCJlZGl0cyI6eyJyZXNpemUiOnsid2lkdGgiOjQwMH0sIndlYnAiOnsicXVhbGl0eSI6NTB9fX0=,/sneakers/new-balance/new-balance-327-classic-orange-u327sa-ka/105473?from=search
Nike Air Force 1 '07 LV8 The Masters Back 9 Collection,1190000,https://d5ibtax54de3q.cloudfront.net/eyJidWNrZXQiOiJraWNrYXZlbnVlLWFzc2V0cyIsImtleSI6InByb2R1Y3RzLzEwNTEyMy85ZmNiNDcyNGRkNzU1MWRmMzcwMDI1NDE1M2FmZmQ3NC5wbmciLCJlZGl0cyI6eyJyZXNpemUiOnsid2lkdGgiOjQwMH0sIndlYnAiOnsicXVhbGl0eSI6NTB9fX0=,/sneakers/nike/nike-air-force-1-07-lv8-the-masters-back-9-collection-hf1937-100-ka/105123?from=search
Adidas NRTN Bape Sand,2290000,https://d5ibtax54de3q.cloudfront.net/eyJidWNrZXQiOiJraWNrYXZlbnVlLWFzc2V0cyIsImtleSI6InByb2R1Y3RzLzEwMzY1MS82Njg1MzFhZDY0M2YwYTllNzFjMDY2ZDE3Zjk1ZTJkYy5wbmciLCJlZGl0cyI6eyJyZXNpemUiOnsid2lkdGgiOjQwMH0sIndlYnAiOnsicXVhbGl0eSI6NTB9fX0=,/sneakers/adidas/adidas-nrtn-bape-sand-ie6118-ka/103651?from=search
Adidas Samba Millennium Black White Gum,2920000,https://d5ibtax54de3q.cloudfront.net/eyJidWNrZXQiOiJraWNrYXZlbnVlLWFzc2V0cyIsImtleSI6InByb2R1Y3RzLzEwMzY3MC81MjNmZTNjZTRkOTE0Y2JjMTg1NzQyOGZkYzI1YWM0OC5wbmciLCJlZGl0cyI6eyJyZXNpemUiOnsid2lkdGgiOjQwMH0sIndlYnAiOnsicXVhbGl0eSI6NTB9fX0=,/sneakers/adidas/adidas-samba-millennium-black-white-gum-if1952-ka/103670?from=search
Nike LeBron XXI EP Blue Laser Fuchsia,2300000,https://d5ibtax54de3q.cloudfront.net/eyJidWNrZXQiOiJraWNrYXZlbnVlLWFzc2V0cyIsImtleSI6InByb2R1Y3RzLzEwMzg4OS9mNGRiNWRmZTJhNTY1OTYzNGI3YzA1ZWNlYWI1Yjk3ZS5wbmciLCJlZGl0cyI6eyJyZXNpemUiOnsid2lkdGgiOjQwMH0sIndlYnAiOnsicXVhbGl0eSI6NTB9fX0=,/sneakers/nike/nike-lebron-xxi-ep-blue-laser-fuchsia-hf5352-400-ka/103889?from=search
Nike Journey Cement Grey Red,1240000,https://d5ibtax54de3q.cloudfront.net/eyJidWNrZXQiOiJraWNrYXZlbnVlLWFzc2V0cyIsImtleSI6InByb2R1Y3RzLzEwNDAyMy80ODY3NTYxZjRjNmI0MTQ1YjYxMTYxYzNhZTAzODI5Ny5wbmciLCJlZGl0cyI6eyJyZXNpemUiOnsid2lkdGgiOjQwMH0sIndlYnAiOnsicXVhbGl0eSI6NTB9fX0=,/sneakers/nike/nike-journey-cement-grey-red-fn0228-103-ka/104023?from=search
Nike Kobe 4 Protro Mambacita Gigi,3830000,https://d5ibtax54de3q.cloudfront.net/eyJidWNrZXQiOiJraWNrYXZlbnVlLWFzc2V0cyIsImtleSI6InByb2R1Y3RzLzYyMjAxLzQ3YzM3NGE2ZTNlNDBmYzQwODlhNWQ4NjhiMjVkMzg5LmpwZWciLCJlZGl0cyI6eyJyZXNpemUiOnsid2lkdGgiOjQwMH0sIndlYnAiOnsicXVhbGl0eSI6NTB9fX0=,/sneakers/nike/nike-kobe-4-protro-mambacita-gigi-fj9363-100-ka/62201?from=search
Hoka Mafate Three2 Barley Seed Green,2000000,https://d5ibtax54de3q.cloudfront.net/eyJidWNrZXQiOiJraWNrYXZlbnVlLWFzc2V0cyIsImtleSI6InByb2R1Y3RzLzExMjI5Mi85ZTg1ZjYxZmM2NGEzYmE3MzUxNzI2NWUwYzc0MjJhNC5wbmciLCJlZGl0cyI6eyJyZXNpemUiOnsid2lkdGgiOjQwMH0sIndlYnAiOnsicXVhbGl0eSI6NTB9fX0=,/sneakers/hoka/hoka-mafate-three2-barley-seed-green-1141572-bys-ka/112292?from=search
Nike Air Max 1 SP HUF Pear Green (2024),1180000,https://d5ibtax54de3q.cloudfront.net/eyJidWNrZXQiOiJraWNrYXZlbnVlLWFzc2V0cyIsImtleSI6InByb2R1Y3RzLzEwNjk2Ny9kNWQyYWIyNDA0NWU3NmQ1NmU3MjE3ZjYzYTEzZDk3OC5wbmciLCJlZGl0cyI6eyJyZXNpemUiOnsid2lkdGgiOjQwMH0sIndlYnAiOnsicXVhbGl0eSI6NTB9fX0=,/sneakers/nike/nike-air-max-1-sp-huf-pear-green-2024-hf3713-002-ka/106967?from=search
On Running Cloudmonster Frost Acacia,2990000,https://d5ibtax54de3q.cloudfront.net/eyJidWNrZXQiOiJraWNrYXZlbnVlLWFzc2V0cyIsImtleSI6InByb2R1Y3RzLzEwOTMwMS81N2Y5MDQyZWZhMzNjZDEzNGM4ZDNlZmU0OTk1NjdjMC5wbmciLCJlZGl0cyI6eyJyZXNpemUiOnsid2lkdGgiOjQwMH0sIndlYnAiOnsicXVhbGl0eSI6NTB9fX0=,/sneakers/on-running/on-running-cloudmonster-frost-acacia-6197786-ka/109301?from=search
Nike Zoom MMW 6 TRD Run Enigma Stone,3760000,https://d5ibtax54de3q.cloudfront.net/eyJidWNrZXQiOiJraWNrYXZlbnVlLWFzc2V0cyIsImtleSI6InByb2R1Y3RzLzEwNDkzMS9lMWY3Zjc3ZGJhZGRkYjhiY2I4M2YyOTMyYjI5M2M4NS5wbmciLCJlZGl0cyI6eyJyZXNpemUiOnsid2lkdGgiOjQwMH0sIndlYnAiOnsicXVhbGl0eSI6NTB9fX0=,/sneakers/nike/nike-zoom-mmw-6-trd-run-enigma-stone-dr5385-002-ka/104931?from=search
Nike Air Force 1 '07 Photon Dust Safety Orange,2750000,https://d5ibtax54de3q.cloudfront.net/eyJidWNrZXQiOiJraWNrYXZlbnVlLWFzc2V0cyIsImtleSI6InByb2R1Y3RzLzExMTk4Mi81Y2Y4OWQzMDdlOWZlMDkwOGNlNGM1MjM0MjUwMzgxYy5wbmciLCJlZGl0cyI6eyJyZXNpemUiOnsid2lkdGgiOjQwMH0sIndlYnAiOnsicXVhbGl0eSI6NTB9fX0=,/sneakers/nike/nike-air-force-1-07-photon-dust-safety-orange-hf3836-001-ka/111982?from=search
Nike Air Force 1 Low SP Triple Black Perforated,1790000,https://d5ibtax54de3q.cloudfront.net/eyJidWNrZXQiOiJraWNrYXZlbnVlLWFzc2V0cyIsImtleSI6InByb2R1Y3RzLzEwNjE5Ny9iNTc1MjM4M2RlYTRhM2FjZGRiMzkxNGZjM2NlYjRjZS5wbmciLCJlZGl0cyI6eyJyZXNpemUiOnsid2lkdGgiOjQwMH0sIndlYnAiOnsicXVhbGl0eSI6NTB9fX0=,/sneakers/nike/nike-air-force-1-low-sp-triple-black-perforated-hf8189-001-ka/106197?from=search
Nike Air Force 1 Low Valentine's Day (Women's),1480000,https://d5ibtax54de3q.cloudfront.net/eyJidWNrZXQiOiJraWNrYXZlbnVlLWFzc2V0cyIsImtleSI6InByb2R1Y3RzLzc1NTQ4L2FkNmQzZDQzNDA2MDUyY2QzNTM0YmFjN2NlYTZiZTc2LnBuZyIsImVkaXRzIjp7InJlc2l6ZSI6eyJ3aWR0aCI6NDAwfSwid2VicCI6eyJxdWFsaXR5Ijo1MH19fQ==,/sneakers/nike/nike-air-force-1-low-valentines-day-w-fz5068-161-ka/75548?from=search
Nike Dunk Low Retro SE Strawberry Waffle,1340000,https://d5ibtax54de3q.cloudfront.net/eyJidWNrZXQiOiJraWNrYXZlbnVlLWFzc2V0cyIsImtleSI6InByb2R1Y3RzLzEwODE5NC9lZTUxYTQxYWY5ZjliMjZmZTZhOGM5Y2Q4ODhkZGQ0ZS5wbmciLCJlZGl0cyI6eyJyZXNpemUiOnsid2lkdGgiOjQwMH0sIndlYnAiOnsicXVhbGl0eSI6NTB9fX0=,/sneakers/nike/nike-dunk-low-retro-se-strawberry-waffle-hj9100-294-ka/108194?from=search
New Balance 1906U Bricks & Wood Echoes of a Butterfly,3400000,https://d5ibtax54de3q.cloudfront.net/eyJidWNrZXQiOiJraWNrYXZlbnVlLWFzc2V0cyIsImtleSI6InByb2R1Y3RzLzExMzgyOC8yZjhlMjcxN2Q1OGE1ZWM1OTA4ZWUyZTIzMGQ5NzU0Ny5wbmciLCJlZGl0cyI6eyJyZXNpemUiOnsid2lkdGgiOjQwMH0sIndlYnAiOnsicXVhbGl0eSI6NTB9fX0=,/sneakers/new-balance/new-balance-1906u-bricks-wood-echoes-of-a-butterfly-m1906nd1-ka/113828?from=search
Reebok Club C 85 Vintage Chalk Alabaster,1110000,https://d5ibtax54de3q.cloudfront.net/eyJidWNrZXQiOiJraWNrYXZlbnVlLWFzc2V0cyIsImtleSI6InByb2R1Y3RzLzY1MDM3LzYyODg0NjIzOTYxNWM3MzM1NzRiNTI4NjM1ZDBhM2E1LmpwZWciLCJlZGl0cyI6eyJyZXNpemUiOnsid2lkdGgiOjQwMH0sIndlYnAiOnsicXVhbGl0eSI6NTB9fX0=,/sneakers/reebok/reebok-club-c-85-vintage-chalk-alabaster-gx3683-ka/65037?from=search
Nike Alphafly 2 Eliud Kipchoge Chile Red,2720000,https://d5ibtax54de3q.cloudfront.net/eyJidWNrZXQiOiJraWNrYXZlbnVlLWFzc2V0cyIsImtleSI6InByb2R1Y3RzLzcyNjQ0L2U2NGNjYjc2MDY4OWQyYWY1NGQ3YjA1ZjczZWUzYjY2LnBuZyIsImVkaXRzIjp7InJlc2l6ZSI6eyJ3aWR0aCI6NDAwfSwid2VicCI6eyJxdWFsaXR5Ijo1MH19fQ==,/sneakers/nike/nike-alphafly-2-eliud-kipchoge-chile-red-fd6559-100-ka/72644?from=search
Nike LD-1000 Black Sail Sesame,1930000,https://d5ibtax54de3q.cloudfront.net/eyJidWNrZXQiOiJraWNrYXZlbnVlLWFzc2V0cyIsImtleSI6InByb2R1Y3RzLzExMTM5OC84ZjExYzY1ZjY2OWJjOTg2MDk5OWJkYTYxOGM2YTZiYy5wbmciLCJlZGl0cyI6eyJyZXNpemUiOnsid2lkdGgiOjQwMH0sIndlYnAiOnsicXVhbGl0eSI6NTB9fX0=,/sneakers/nike/nike-ld-1000-black-sail-sesame-hm0950-001-ka/111398?from=search
Adidas SL 72 RS Aurora Black (Women's),1490000,https://d5ibtax54de3q.cloudfront.net/eyJidWNrZXQiOiJraWNrYXZlbnVlLWFzc2V0cyIsImtleSI6InByb2R1Y3RzLzExMzg0MC83ODQ4NTMwOGM2MmRkODI5N2Y2ZjA3OTQ1Y2ZmYmU2Ni5wbmciLCJlZGl0cyI6eyJyZXNpemUiOnsid2lkdGgiOjQwMH0sIndlYnAiOnsicXVhbGl0eSI6NTB9fX0=,/sneakers/adidas/adidas-sl-72-rs-aurora-black-w-jh6364-ka/113840?from=search
Nike Full Force Low White Black Aegean Storm,950000,https://d5ibtax54de3q.cloudfront.net/eyJidWNrZXQiOiJraWNrYXZlbnVlLWFzc2V0cyIsImtleSI6InByb2R1Y3RzLzExMDgzMS82MTY1MTMwODNlNTk5NjdiNWE5NzRkZjU1Njg2M2UzNy5wbmciLCJlZGl0cyI6eyJyZXNpemUiOnsid2lkdGgiOjQwMH0sIndlYnAiOnsicXVhbGl0eSI6NTB9fX0=,/sneakers/nike/nike-full-force-low-white-black-aegean-storm-hj7262-100-ka/110831?from=search
Nike React Pegasus Trail 5 Gore Tex Black Cool Grey,1870000,https://d5ibtax54de3q.cloudfront.net/eyJidWNrZXQiOiJraWNrYXZlbnVlLWFzc2V0cyIsImtleSI6InByb2R1Y3RzLzExMTY5OS8zMTAxMmIwYTZhYmE1ZDI0YjU2ZWNkMDZkZDRkOWFlNC5wbmciLCJlZGl0cyI6eyJyZXNpemUiOnsid2lkdGgiOjQwMH0sIndlYnAiOnsicXVhbGl0eSI6NTB9fX0=,/sneakers/nike/nike-react-pegasus-trail-5-gore-tex-black-cool-grey-fq0908-001-ka/111699?from=search
New Balance Numeric 480 Sea Salt Brown Gum,3080000,https://d5ibtax54de3q.cloudfront.net/eyJidWNrZXQiOiJraWNrYXZlbnVlLWFzc2V0cyIsImtleSI6InByb2R1Y3RzLzEwOTU5My8xZDVlZDVjYjU0NjZjMjIzMWNlNTcyNTZjN2FhYjdmNC5wbmciLCJlZGl0cyI6eyJyZXNpemUiOnsid2lkdGgiOjQwMH0sIndlYnAiOnsicXVhbGl0eSI6NTB9fX0=,/sneakers/new-balance/new-balance-numeric-480-sea-salt-brown-gum-nm480drw-ka/109593?from=search
ASICS Gel-Kayano 14 The Museum Visitor Cream Gold,2250000,https://d5ibtax54de3q.cloudfront.net/eyJidWNrZXQiOiJraWNrYXZlbnVlLWFzc2V0cyIsImtleSI6InByb2R1Y3RzLzEwOTU3MS84MTJiNTE3NjM5YWNlYTA5ZDAwODQzN2VkODUyNTM2Ni5wbmciLCJlZGl0cyI6eyJyZXNpemUiOnsid2lkdGgiOjQwMH0sIndlYnAiOnsicXVhbGl0eSI6NTB9fX0=,/sneakers/asics/asics-gel-kayano-14-the-museum-visitor-cream-gold-1203a528-100-ka/109571?from=search
On Running The Roger Pro Beams,5470000,https://d5ibtax54de3q.cloudfront.net/eyJidWNrZXQiOiJraWNrYXZlbnVlLWFzc2V0cyIsImtleSI6InByb2R1Y3RzLzEwODc5Ny9iM2JiOTIyNWI3Y2I4ZGJmOTQ3ODY2ZTcxYzZiNjA3MS5wbmciLCJlZGl0cyI6eyJyZXNpemUiOnsid2lkdGgiOjQwMH0sIndlYnAiOnsicXVhbGl0eSI6NTB9fX0=,/sneakers/on-running/on-running-the-roger-pro-beams-3me10412491-ka/108797?from=search
ASICS Chemist Creations x All Court Alpha-S White,3560000,https://d5ibtax54de3q.cloudfront.net/eyJidWNrZXQiOiJraWNrYXZlbnVlLWFzc2V0cyIsImtleSI6InByb2R1Y3RzLzk5OTE3L2VmOTg0YWNmNGQ0MzdmOWUwNWY1ZmJjMzkwN2Y5NjRmLnBuZyIsImVkaXRzIjp7InJlc2l6ZSI6eyJ3aWR0aCI6NDAwfSwid2VicCI6eyJxdWFsaXR5Ijo1MH19fQ==,/sneakers/asics/asics-chemist-creations-x-all-court-alpha-s-white-1203a160-100-ka-2/99917?from=search
Adidas Stan Smith Bape 30th Anniversary White,1670000,https://d5ibtax54de3q.cloudfront.net/eyJidWNrZXQiOiJraWNrYXZlbnVlLWFzc2V0cyIsImtleSI6InByb2R1Y3RzLzc1OTQwLzYwNDAxYjA3YzBmOTA4Y2Q0ZDhjYjE2ZjdlMzc3MDNmLnBuZyIsImVkaXRzIjp7InJlc2l6ZSI6eyJ3aWR0aCI6NDAwfSwid2VicCI6eyJxdWFsaXR5Ijo1MH19fQ==,/sneakers/adidas/adidas-stan-smith-bape-30th-anniversary-white-ig1115-ka/75940?from=search
Nike Air Zoom Tempo NEXT% Grey Volt,2670000,https://d5ibtax54de3q.cloudfront.net/eyJidWNrZXQiOiJraWNrYXZlbnVlLWFzc2V0cyIsImtleSI6InByb2R1Y3RzLzIzOTI0L2UyOTc2NGM0OWJiOTQwZDkwNTc1YjBhZDY3ZTMyMDA2LnBuZyIsImVkaXRzIjp7InJlc2l6ZSI6eyJ3aWR0aCI6NDAwfSwid2VicCI6eyJxdWFsaXR5Ijo1MH19fQ==,/sneakers/nike/nike-air-zoom-tempo-next-grey-volt-ci9923-004-ka/23924?from=search
Nike SB Blazer Court Black White,950000,https://d5ibtax54de3q.cloudfront.net/eyJidWNrZXQiOiJraWNrYXZlbnVlLWFzc2V0cyIsImtleSI6InByb2R1Y3RzLzc2NzI0Lzg5NGUyYWQxZjdmNTY3YzQxNzk4NjE0MTI1ZTdhOTYzLnBuZyIsImVkaXRzIjp7InJlc2l6ZSI6eyJ3aWR0aCI6NDAwfSwid2VicCI6eyJxdWFsaXR5Ijo1MH19fQ==,/sneakers/nike/nike-sb-blazer-court-black-white-cv1658-002-ka/76724?from=search
ASICS Skyhand OG HAY Green,1550000,https://d5ibtax54de3q.cloudfront.net/eyJidWNrZXQiOiJraWNrYXZlbnVlLWFzc2V0cyIsImtleSI6InByb2R1Y3RzLzEwNzI1NC9lZjRkNWQ4YmM1YTA5YzQ2MjY3MmE2YThmNzVkOTRkMy5wbmciLCJlZGl0cyI6eyJyZXNpemUiOnsid2lkdGgiOjQwMH0sIndlYnAiOnsicXVhbGl0eSI6NTB9fX0=,/sneakers/asics/asics-skyhand-og-hay-green-1203a563-250-ka/107254?from=search
Nike Zoom Lebron NXXT Gen AMPD GEN Liverpool,1690000,https://d5ibtax54de3q.cloudfront.net/eyJidWNrZXQiOiJraWNrYXZlbnVlLWFzc2V0cyIsImtleSI6InByb2R1Y3RzLzEwMzcxNS9iNDIyNjMyYjIyNDZmMTBhMjBjMjE2NjA5OWM2MTFjYS5wbmciLCJlZGl0cyI6eyJyZXNpemUiOnsid2lkdGgiOjQwMH0sIndlYnAiOnsicXVhbGl0eSI6NTB9fX0=,/sneakers/nike/nike-zoom-lebron-nxxt-gen-ampd-gen-liverpool-fj1567-101-ka/103715?from=search
New Balance 2002R BAPE Grey,4840000,https://d5ibtax54de3q.cloudfront.net/eyJidWNrZXQiOiJraWNrYXZlbnVlLWFzc2V0cyIsImtleSI6InByb2R1Y3RzLzc1NDIxLzY5NmE4MmUzOTc5ZmUyMTcyNWJiNjMyZjlkMDExYWU3LnBuZyIsImVkaXRzIjp7InJlc2l6ZSI6eyJ3aWR0aCI6NDAwfSwid2VicCI6eyJxdWFsaXR5Ijo1MH19fQ==,/sneakers/new-balance/new-balance-2002r-bape-grey-m2002rbg-ka/75421?from=search
New Balance 990v2 Made In USA Steel Blue,3790000,https://d5ibtax54de3q.cloudfront.net/eyJidWNrZXQiOiJraWNrYXZlbnVlLWFzc2V0cyIsImtleSI6InByb2R1Y3RzLzY5MjEzL2Q5NzNmZmY3YmYwZjRjNTI5NTEzZDNlOGYzMzRjZGRlLnBuZyIsImVkaXRzIjp7InJlc2l6ZSI6eyJ3aWR0aCI6NDAwfSwid2VicCI6eyJxdWFsaXR5Ijo1MH19fQ==,/sneakers/new-balance/new-balance-990v2-made-in-usa-steel-blue-m990kbm2-ka/69213?from=search
New Balance 992 Burgundy Gold,4240000,https://d5ibtax54de3q.cloudfront.net/eyJidWNrZXQiOiJraWNrYXZlbnVlLWFzc2V0cyIsImtleSI6InByb2R1Y3RzLzI4MDQzLzMyM2YwMmMwOTIxZDFlOTk1Y2UzYmVmNTg5ODg2MGU0LnBuZyIsImVkaXRzIjp7InJlc2l6ZSI6eyJ3aWR0aCI6NDAwfSwid2VicCI6eyJxdWFsaXR5Ijo1MH19fQ==,/sneakers/new-balance/new-balance-992-burgundy-gold-m992ca-ka-2/28043?from=search
New Balance 850 Mono Pack Grey,780000,https://d5ibtax54de3q.cloudfront.net/eyJidWNrZXQiOiJraWNrYXZlbnVlLWFzc2V0cyIsImtleSI6InByb2R1Y3RzLzk4NjIzL2Y2YTkxNjIxMzIwNjk4ZThiNGFlNzM5YjliODU1MGUzLnBuZyIsImVkaXRzIjp7InJlc2l6ZSI6eyJ3aWR0aCI6NDAwfSwid2VicCI6eyJxdWFsaXR5Ijo1MH19fQ==,/sneakers/new-balance/new-balance-850-mono-pack-grey-ml850cf-ka/98623?from=search
New Balance 992 Nice Kicks Amoeba Music Grey,7760000,https://d5ibtax54de3q.cloudfront.net/eyJidWNrZXQiOiJraWNrYXZlbnVlLWFzc2V0cyIsImtleSI6InByb2R1Y3RzLzcwOTQ2L2U0ODkzNDU2ZjZhMjQ4MWY1MjZmODNlNzBkMmZkMDVhLnBuZyIsImVkaXRzIjp7InJlc2l6ZSI6eyJ3aWR0aCI6NDAwfSwid2VicCI6eyJxdWFsaXR5Ijo1MH19fQ==,/sneakers/new-balance/new-balance-992-nice-kicks-amoeba-music-grey-m992nk1-ka/70946?from=search
Adidas SL 72 RS Brown Putty Grey,1930000,https://d5ibtax54de3q.cloudfront.net/eyJidWNrZXQiOiJraWNrYXZlbnVlLWFzc2V0cyIsImtleSI6InByb2R1Y3RzLzExMzgzOC8yYjNjZTk2OGU5Y2E0MGQwYjkzZDFmMmYzNmUzYzFjMi5wbmciLCJlZGl0cyI6eyJyZXNpemUiOnsid2lkdGgiOjQwMH0sIndlYnAiOnsicXVhbGl0eSI6NTB9fX0=,/sneakers/adidas/adidas-sl-72-rs-brown-putty-grey-ig4645-ka/113838?from=search
Air Force 1 Low Armory Navy Baltic Blue,1340000,https://d5ibtax54de3q.cloudfront.net/eyJidWNrZXQiOiJraWNrYXZlbnVlLWFzc2V0cyIsImtleSI6InByb2R1Y3RzLzEwOTkzNC9lMWRkZGQxNTE4NTRjYjlmNDNiZWJiMDFmMjUxYTY0ZS5wbmciLCJlZGl0cyI6eyJyZXNpemUiOnsid2lkdGgiOjQwMH0sIndlYnAiOnsicXVhbGl0eSI6NTB9fX0=,/sneakers/nike/air-force-1-low-armory-navy-baltic-blue-hj9291-478-ka/109934?from=search
Adidas Campus Descendant Night Grey,910000,https://d5ibtax54de3q.cloudfront.net/eyJidWNrZXQiOiJraWNrYXZlbnVlLWFzc2V0cyIsImtleSI6InByb2R1Y3RzLzY0MzU2LzQwNDc0OWQ0YjI1OGY1NDE1ZjQ5MDdhODQ3OGI0YzNmLnBuZyIsImVkaXRzIjp7InJlc2l6ZSI6eyJ3aWR0aCI6NDAwfSwid2VicCI6eyJxdWFsaXR5Ijo1MH19fQ==,/sneakers/adidas/adidas-campus-descendant-night-grey-greygreynight-grey-ka/64356?from=search
Nike SB Force 58 Black White,1430000,https://d5ibtax54de3q.cloudfront.net/eyJidWNrZXQiOiJraWNrYXZlbnVlLWFzc2V0cyIsImtleSI6InByb2R1Y3RzLzg5ODU0LzQ2MDljN2M2ZTZmNDIwZTc2ODkyYzVlZTNjNWNjODc5LnBuZyIsImVkaXRzIjp7InJlc2l6ZSI6eyJ3aWR0aCI6NDAwfSwid2VicCI6eyJxdWFsaXR5Ijo1MH19fQ==,/sneakers/nike/nike-sb-force-58-black-white-cz2959-001-ka/89854?from=search
Nike Air Max 96 II Mystic Teal,1970000,https://d5ibtax54de3q.cloudfront.net/eyJidWNrZXQiOiJraWNrYXZlbnVlLWFzc2V0cyIsImtleSI6InByb2R1Y3RzLzgxMjY0LzFhZGE0N2RiZTUyNzUxOTY4N2FiMWIyZGRkODk1NWFmLnBuZyIsImVkaXRzIjp7InJlc2l6ZSI6eyJ3aWR0aCI6NDAwfSwid2VicCI6eyJxdWFsaXR5Ijo1MH19fQ==,/sneakers/nike/nike-air-max-96-ii-mystic-teal-cz1921-101-ka/81264?from=search
Nike Air Zoom Type SE White Game Royal,2070000,https://d5ibtax54de3q.cloudfront.net/eyJidWNrZXQiOiJraWNrYXZlbnVlLWFzc2V0cyIsImtleSI6InByb2R1Y3RzLzkzMDEwLzVjYjM2NzZjOGUyOGM5ZmE4ZTBlZjBjZmU3NDBmYWU2LnBuZyIsImVkaXRzIjp7InJlc2l6ZSI6eyJ3aWR0aCI6NDAwfSwid2VicCI6eyJxdWFsaXR5Ijo1MH19fQ==,/sneakers/nike/nike-air-zoom-type-se-white-game-royal-cv2220-101-ka-2/93010?from=search
Nike ZoomX Vaporfly Next% 2 Barely Volt Turquoise (Women's),1420000,https://d5ibtax54de3q.cloudfront.net/eyJidWNrZXQiOiJraWNrYXZlbnVlLWFzc2V0cyIsImtleSI6InByb2R1Y3RzLzM1NTcwL2JmY2I4ZWE5NmM4NzhiZWQ5YTA0NDkzODhiYjg4MmRiLnBuZyIsImVkaXRzIjp7InJlc2l6ZSI6eyJ3aWR0aCI6NDAwfSwid2VicCI6eyJxdWFsaXR5Ijo1MH19fQ==,/sneakers/nike/nike-zoomx-vaporfly-next-2-barely-volt-turquoise-w-cu4123-700-ka/35570?from=search
Nike KD 17 EP Deep Royal Blue,1400000,https://d5ibtax54de3q.cloudfront.net/eyJidWNrZXQiOiJraWNrYXZlbnVlLWFzc2V0cyIsImtleSI6InByb2R1Y3RzLzExNTA4OS80MTJjMzM2OWJkYzJlMDcxMmY5OTNkODIxMjUxMTdlMS5wbmciLCJlZGl0cyI6eyJyZXNpemUiOnsid2lkdGgiOjQwMH0sIndlYnAiOnsicXVhbGl0eSI6NTB9fX0=,/sneakers/nike/nike-kd-17-ep-deep-royal-blue-fj9488-400-ka/115089?from=search
Li-Ning Way of Wade 8 D'Angelo Russell,1460000,https://d5ibtax54de3q.cloudfront.net/eyJidWNrZXQiOiJraWNrYXZlbnVlLWFzc2V0cyIsImtleSI6InByb2R1Y3RzLzEwMjk0OS8yMmJlMTU0MjkxMWE5YjI1Zjc5ZTMyYzMyNjc1ODY4Yy5wbmciLCJlZGl0cyI6eyJyZXNpemUiOnsid2lkdGgiOjQwMH0sIndlYnAiOnsicXVhbGl0eSI6NTB9fX0=,/sneakers/li-ning/li-ning-way-of-wade-8-dangelo-russell-abpq005-7-ka-2/102949?from=search
Onitsuka Tiger Mexico 66 White Freedom Blue,1990000,https://d5ibtax54de3q.cloudfront.net/eyJidWNrZXQiOiJraWNrYXZlbnVlLWFzc2V0cyIsImtleSI6InByb2R1Y3RzLzEwODQ0OC81ZjgzNjZkOTljMTg5MTZjMmM0OTU1Y2E5OTQyZWVkMS5wbmciLCJlZGl0cyI6eyJyZXNpemUiOnsid2lkdGgiOjQwMH0sIndlYnAiOnsicXVhbGl0eSI6NTB9fX0=,/sneakers/onitsuka-tiger/onitsuka-tiger-mexico-66-white-freedom-blue-1183a201-100-ka/108448?from=search
Nike LeBron 19 Sketch,2090000,https://d5ibtax54de3q.cloudfront.net/eyJidWNrZXQiOiJraWNrYXZlbnVlLWFzc2V0cyIsImtleSI6InByb2R1Y3RzLzgzODM5LzhjMWViYzhmNGMyMzQ3YjRiOWU1NTZlYmM2MmM4OTdjLnBuZyIsImVkaXRzIjp7InJlc2l6ZSI6eyJ3aWR0aCI6NDAwfSwid2VicCI6eyJxdWFsaXR5Ijo1MH19fQ==,/sneakers/nike/nike-lebron-19-sketch-cz0203-101-ka-2/83839?from=search
Nike Dunk Low North Carolina A&T,5220000,https://d5ibtax54de3q.cloudfront.net/eyJidWNrZXQiOiJraWNrYXZlbnVlLWFzc2V0cyIsImtleSI6InByb2R1Y3RzLzgyNzYzLzYyZTk2OGZhMWVjYjMwNmI5OWRlNDVkYTIzMmNjZDYyLnBuZyIsImVkaXRzIjp7InJlc2l6ZSI6eyJ3aWR0aCI6NDAwfSwid2VicCI6eyJxdWFsaXR5Ijo1MH19fQ==,/sneakers/nike/nike-dunk-low-north-carolina-at-dr6187-001-ka/82763?from=search
Nike Kyrie Flytrap 6 Black White,1850000,https://d5ibtax54de3q.cloudfront.net/eyJidWNrZXQiOiJraWNrYXZlbnVlLWFzc2V0cyIsImtleSI6InByb2R1Y3RzLzgyNDE1LzdlMmVkOGZkOGYxYTE1ZWExYjdjZTQ4ZTkxMzBmMmExLnBuZyIsImVkaXRzIjp7InJlc2l6ZSI6eyJ3aWR0aCI6NDAwfSwid2VicCI6eyJxdWFsaXR5Ijo1MH19fQ==,/sneakers/nike/nike-kyrie-flytrap-6-black-white-dm1125-001-ka/82415?from=search
Air Jordan 1 High FlyEase Light Smoke Grey,3960000,https://d5ibtax54de3q.cloudfront.net/eyJidWNrZXQiOiJraWNrYXZlbnVlLWFzc2V0cyIsImtleSI6InByb2R1Y3RzLzkyMjc4LzQwNmM5Y2FhMzQyNzkyM2FkYzUwOWNlNWVlNmQxZTE5LnBuZyIsImVkaXRzIjp7InJlc2l6ZSI6eyJ3aWR0aCI6NDAwfSwid2VicCI6eyJxdWFsaXR5Ijo1MH19fQ==,/sneakers/air-jordan/air-jordan-1-high-flyease-light-smoke-grey-cq3835-003-ka/92278?from=search
Nike Calm Flip Flops Light British Tan,840000,https://d5ibtax54de3q.cloudfront.net/eyJidWNrZXQiOiJraWNrYXZlbnVlLWFzc2V0cyIsImtleSI6InByb2R1Y3RzLzEwOTE1NS83YTdlMzMxMzI2ODg0YjkxNzRjODc3MTYwNWQyMjJhOC5wbmciLCJlZGl0cyI6eyJyZXNpemUiOnsid2lkdGgiOjQwMH0sIndlYnAiOnsicXVhbGl0eSI6NTB9fX0=,/sneakers/nike/nike-calm-flip-flops-light-british-tan-fd4119-201-ka/109155?from=search
Nike SB Janoski+ Slip Black White,1220000,https://d5ibtax54de3q.cloudfront.net/eyJidWNrZXQiOiJraWNrYXZlbnVlLWFzc2V0cyIsImtleSI6InByb2R1Y3RzLzEwMzg4NC83MGUwMjBlNjU5ZTQ4ODBjOGI3NGI0NjI1M2ZmNDhkYS5wbmciLCJlZGl0cyI6eyJyZXNpemUiOnsid2lkdGgiOjQwMH0sIndlYnAiOnsicXVhbGl0eSI6NTB9fX0=,/sneakers/nike/nike-sb-janoski-slip-black-white-fn5893-001-ka/103884?from=search
Li-Ning Way of Wade 808 III Dark Flow,1280000,https://d5ibtax54de3q.cloudfront.net/eyJidWNrZXQiOiJraWNrYXZlbnVlLWFzc2V0cyIsImtleSI6InByb2R1Y3RzLzEwMjk2MS9hYjc5NjU1ZmU0YWIxMTI2ZDEwNDk4NTM3YWQxZjIxMS5wbmciLCJlZGl0cyI6eyJyZXNpemUiOnsid2lkdGgiOjQwMH0sIndlYnAiOnsicXVhbGl0eSI6NTB9fX0=,/sneakers/li-ning/li-ning-way-of-wade-808-iii-dark-flow-abpt043-15-ka/102961?from=search
New Balance T500 Blacktop Sea Salt,2320000,https://d5ibtax54de3q.cloudfront.net/eyJidWNrZXQiOiJraWNrYXZlbnVlLWFzc2V0cyIsImtleSI6InByb2R1Y3RzLzEwODI2NC82YWY5MTlkMWFhYjcyYjgyYmFhYjlhY2Q1NWJlOWU0Zi5wbmciLCJlZGl0cyI6eyJyZXNpemUiOnsid2lkdGgiOjQwMH0sIndlYnAiOnsicXVhbGl0eSI6NTB9fX0=,/sneakers/new-balance/new-balance-t500-blacktop-sea-salt-ct500nav-ka/108264?from=search
Vans Knu Skool Trip Multi Color,1480000,https://d5ibtax54de3q.cloudfront.net/eyJidWNrZXQiOiJraWNrYXZlbnVlLWFzc2V0cyIsImtleSI6InByb2R1Y3RzLzEwNTAzOC84ZDE1MzdjZGExZWRjOGM4Y2I1YTJmZGNiN2MyY2RkMS5wbmciLCJlZGl0cyI6eyJyZXNpemUiOnsid2lkdGgiOjQwMH0sIndlYnAiOnsicXVhbGl0eSI6NTB9fX0=,/sneakers/vans/vans-knu-skool-trip-multi-color-vn0009qcbmi-ka/105038?from=search
Nike Blazer Mid '77 Vintage Animal Instinct,1250000,https://d5ibtax54de3q.cloudfront.net/eyJidWNrZXQiOiJraWNrYXZlbnVlLWFzc2V0cyIsImtleSI6InByb2R1Y3RzLzc3NDcyL2RhNmI5YzM4YjhkNTk3NTg0ZjI3OTRhYjFkZTc4Y2FjLnBuZyIsImVkaXRzIjp7InJlc2l6ZSI6eyJ3aWR0aCI6NDAwfSwid2VicCI6eyJxdWFsaXR5Ijo1MH19fQ==,/sneakers/nike/nike-blazer-mid-77-vintage-animal-instinct-dz4840-100-ka/77472?from=search
Nike Air Max 90 Glacier Blue,1400000,https://d5ibtax54de3q.cloudfront.net/eyJidWNrZXQiOiJraWNrYXZlbnVlLWFzc2V0cyIsImtleSI6InByb2R1Y3RzLzEwNDA0Mi80NGRhMmExODYxYTJmNzEzN2JlYzY1N2VkYjZhZGRkMy5wbmciLCJlZGl0cyI6eyJyZXNpemUiOnsid2lkdGgiOjQwMH0sIndlYnAiOnsicXVhbGl0eSI6NTB9fX0=,/sneakers/nike/nike-air-max-90-glacier-blue-fn6958-001-ka/104042?from=search
Nike Air Zoom GT Cut EP 'Black Hyper Crimson',5140000,https://d5ibtax54de3q.cloudfront.net/eyJidWNrZXQiOiJraWNrYXZlbnVlLWFzc2V0cyIsImtleSI6InByb2R1Y3RzLzkwMzA4L2E4YzU2ZGQ4NzdkYmI0MWVhNjU1Y2RiYWFlODA2OTE4LnBuZyIsImVkaXRzIjp7InJlc2l6ZSI6eyJ3aWR0aCI6NDAwfSwid2VicCI6eyJxdWFsaXR5Ijo1MH19fQ==,/sneakers/nike/nike-air-zoom-gt-cut-ep-black-hyper-crimson-cz0176-001-ka/90308?from=search
Nike LeBron 19 EP Valentines Day,2990000,https://d5ibtax54de3q.cloudfront.net/eyJidWNrZXQiOiJraWNrYXZlbnVlLWFzc2V0cyIsImtleSI6InByb2R1Y3RzLzgzODU0LzM3MDQ5MDNjZDFmMTIzYTZkMTE2ZDk0NGExMmFkNmQyLnBuZyIsImVkaXRzIjp7InJlc2l6ZSI6eyJ3aWR0aCI6NDAwfSwid2VicCI6eyJxdWFsaXR5Ijo1MH19fQ==,/sneakers/nike/nike-lebron-19-ep-valentines-day-dh8460-900-ka/83854?from=search
Air Jordan 1 Centre Court Sail Lime,880000,https://d5ibtax54de3q.cloudfront.net/eyJidWNrZXQiOiJraWNrYXZlbnVlLWFzc2V0cyIsImtleSI6InByb2R1Y3RzLzkyMjUxLzdkMjFjNzJjNzY4Zjg5YTA0NTQzNGIwYThhZDk5NTFkLnBuZyIsImVkaXRzIjp7InJlc2l6ZSI6eyJ3aWR0aCI6NDAwfSwid2VicCI6eyJxdWFsaXR5Ijo1MH19fQ==,/sneakers/air-jordan/air-jordan-1-centre-court-sail-lime-dq5350-181-ka/92251?from=search
Puma Suede Classic The Weeknd Black,4610000,https://d5ibtax54de3q.cloudfront.net/eyJidWNrZXQiOiJraWNrYXZlbnVlLWFzc2V0cyIsImtleSI6InByb2R1Y3RzLzU2MDAvM2IyNDdiODUtNjFhNS00Mzc4LWE5ZGEtNmUwMjFkYjMwNDI0LmpwZWciLCJlZGl0cyI6eyJyZXNpemUiOnsid2lkdGgiOjQwMH0sIndlYnAiOnsicXVhbGl0eSI6NTB9fX0=,/sneakers/puma/puma-suede-classic-the-weeknd-black-366310-01-ka/5600?from=search
Converse One Star Ox Tyler the Creator Golf Le Fleur Jolly Green,4610000,https://d5ibtax54de3q.cloudfront.net/eyJidWNrZXQiOiJraWNrYXZlbnVlLWFzc2V0cyIsImtleSI6InByb2R1Y3RzLzQwNjAvNTQxODkzNGE1ODViOTQ1NWM2OWRhMzk2ZmFkNTY2YjgucG5nIiwiZWRpdHMiOnsicmVzaXplIjp7IndpZHRoIjo0MDB9LCJ3ZWJwIjp7InF1YWxpdHkiOjUwfX19,/sneakers/converse/converse-one-star-ox-tyler-the-creator-golf-le-fleur-jolly-green-160322c-ka-2/4060?from=search
Crep Protect Cure Ultimate Cleaning Kit,350000,https://d5ibtax54de3q.cloudfront.net/eyJidWNrZXQiOiJraWNrYXZlbnVlLWFzc2V0cyIsImtleSI6InByb2R1Y3RzLzcxOTgvYzQwNjg0ZTAtZTQ4Ny00ZDAzLTgwMzYtMzNkZmUzYTQ4MDJkLnBuZyIsImVkaXRzIjp7InJlc2l6ZSI6eyJ3aWR0aCI6NDAwfSwid2VicCI6eyJxdWFsaXR5Ijo1MH19fQ==,/sneakers/crep-protect/crep-protect-cure-ultimate-cleaning-kit-crepprotect02-ka/7198?from=search
Reebok Shaqnosis,2740000,https://d5ibtax54de3q.cloudfront.net/eyJidWNrZXQiOiJraWNrYXZlbnVlLWFzc2V0cyIsImtleSI6InByb2R1Y3RzLzIyMDI1L2ZhN2JmMmUyNzNlMGNjODZiZDBmNThlMjk4ZDhkZTRhLnBuZyIsImVkaXRzIjp7InJlc2l6ZSI6eyJ3aWR0aCI6NDAwfSwid2VicCI6eyJxdWFsaXR5Ijo1MH19fQ==,/sneakers/reebok/reebok-shaqnosis-ef3069-ka/22025?from=search
New Balance 990v4 Magnet,6250000,https://d5ibtax54de3q.cloudfront.net/eyJidWNrZXQiOiJraWNrYXZlbnVlLWFzc2V0cyIsImtleSI6InByb2R1Y3RzLzI1NjM3LzEwNTdjMjVhNTlmMmZmOWZlN2I5MWMyNjE0NDBlZTJmLnBuZyIsImVkaXRzIjp7InJlc2l6ZSI6eyJ3aWR0aCI6NDAwfSwid2VicCI6eyJxdWFsaXR5Ijo1MH19fQ==,/sneakers/new-balance/new-balance-990v4-magnet-m990xg4-ka-2/25637?from=search
Converse One Star Ox Golf Le Fleur Faux Skin Black,9010000,https://d5ibtax54de3q.cloudfront.net/eyJidWNrZXQiOiJraWNrYXZlbnVlLWFzc2V0cyIsImtleSI6InByb2R1Y3RzLzM1NjgyLzA3NGIzMTNiZDc2ZDdlNTJmODk0MmM5YmM1ZTMzZTNmLnBuZyIsImVkaXRzIjp7InJlc2l6ZSI6eyJ3aWR0aCI6NDAwfSwid2VicCI6eyJxdWFsaXR5Ijo1MH19fQ==,/sneakers/converse/converse-one-star-ox-golf-le-fleur-faux-skin-black-165524c-ka-2/35682?from=search
Compass Gazelle 98 Vintage High Green,900000,https://d5ibtax54de3q.cloudfront.net/eyJidWNrZXQiOiJraWNrYXZlbnVlLWFzc2V0cyIsImtleSI6InByb2R1Y3RzLzExMjk5Lzc5NDRlYmJkYjFjYWEyOWUzYTQwZjc5MzVhNGJmZmIxLnBuZyIsImVkaXRzIjp7InJlc2l6ZSI6eyJ3aWR0aCI6NDAwfSwid2VicCI6eyJxdWFsaXR5Ijo1MH19fQ==,/sneakers/compass/compass-gazelle-98-vintage-high-green-cpsgvhg01-ka/11299?from=search
Puma Basket Romero Britto White Gum,1220000,https://d5ibtax54de3q.cloudfront.net/eyJidWNrZXQiOiJraWNrYXZlbnVlLWFzc2V0cyIsImtleSI6InByb2R1Y3RzLzM3NTE4L2U2NmM1MTQ3NjViYWM4Mjg0M2IxNjQzMzdlNmZlZjVjLnBuZyIsImVkaXRzIjp7InJlc2l6ZSI6eyJ3aWR0aCI6NDAwfSwid2VicCI6eyJxdWFsaXR5Ijo1MH19fQ==,/sneakers/puma/puma-basket-romero-britto-white-gum-381095-01-ka/37518?from=search
Nike ZoomX Vaporfly Next% Pink,6170000,https://d5ibtax54de3q.cloudfront.net/eyJidWNrZXQiOiJraWNrYXZlbnVlLWFzc2V0cyIsImtleSI6InByb2R1Y3RzLzM1NTcxLzZiZjBlNDNhOGVjMzM0OWIxYjFiMjljNWY4MTQyMTRjLnBuZyIsImVkaXRzIjp7InJlc2l6ZSI6eyJ3aWR0aCI6NDAwfSwid2VicCI6eyJxdWFsaXR5Ijo1MH19fQ==,/sneakers/nike/nike-zoomx-vaporfly-next-pink-ao4568-600-ka/35571?from=search
ASICS Gel-Kayano 14 Birch Clay Grey,2010000,https://d5ibtax54de3q.cloudfront.net/eyJidWNrZXQiOiJraWNrYXZlbnVlLWFzc2V0cyIsImtleSI6InByb2R1Y3RzLzU4ODMyLzkzMTRjYTcyYTQwNGYwYjhmNjcyMGUwMjQ1YjM0YmIwLmpwZWciLCJlZGl0cyI6eyJyZXNpemUiOnsid2lkdGgiOjQwMH0sIndlYnAiOnsicXVhbGl0eSI6NTB9fX0=,/sneakers/asics/asics-gel-kayano-14-birch-clay-grey-1201a161-200-ka/58832?from=search
ASICS Jog 100 S Lightweight Low Sheet Rock,1190000,https://d5ibtax54de3q.cloudfront.net/eyJidWNrZXQiOiJraWNrYXZlbnVlLWFzc2V0cyIsImtleSI6InByb2R1Y3RzLzU3NTQ4L2U1YTg2ZmRjYjNiZGM1MTFkZDc0NTRjY2M1NmVlYTc1LmpwZWciLCJlZGl0cyI6eyJyZXNpemUiOnsid2lkdGgiOjQwMH0sIndlYnAiOnsicXVhbGl0eSI6NTB9fX0=,/sneakers/asics/asics-jog-100-s-lightweight-low-sheet-rock-1201a715-020-ka/57548?from=search
New Balance 725 Black White,1290000,https://d5ibtax54de3q.cloudfront.net/eyJidWNrZXQiOiJraWNrYXZlbnVlLWFzc2V0cyIsImtleSI6InByb2R1Y3RzLzQwMTQ1LzllMTg0NzFkNTMwNjllMTQwODg0MmUxNWRhOWE3OTA1LmpwZWciLCJlZGl0cyI6eyJyZXNpemUiOnsid2lkdGgiOjQwMH0sIndlYnAiOnsicXVhbGl0eSI6NTB9fX0=,/sneakers/new-balance/new-balance-725-black-white-ml725r-ka-2/40145?from=search
Converse Chuck Taylor All-Star Low We Are Not Alone Black,1130000,https://d5ibtax54de3q.cloudfront.net/eyJidWNrZXQiOiJraWNrYXZlbnVlLWFzc2V0cyIsImtleSI6InByb2R1Y3RzLzYwMTc1LzdjNWE4NDg5YTVhM2Q5OWVhOGE3ZDVhYzkwMmRhMTE0LmpwZWciLCJlZGl0cyI6eyJyZXNpemUiOnsid2lkdGgiOjQwMH0sIndlYnAiOnsicXVhbGl0eSI6NTB9fX0=,/sneakers/converse/converse-chuck-taylor-all-star-low-we-are-not-alone-black-165382c-ka/60175?from=search
Puma x Maison Kitsune Suede Crepe,2590000,https://d5ibtax54de3q.cloudfront.net/eyJidWNrZXQiOiJraWNrYXZlbnVlLWFzc2V0cyIsImtleSI6InByb2R1Y3RzLzU4MzI5LzZhZGM3ODM5OTMzOTg4NmRlNzFkNTQ5MWZjYmRkY2U4LmpwZWciLCJlZGl0cyI6eyJyZXNpemUiOnsid2lkdGgiOjQwMH0sIndlYnAiOnsicXVhbGl0eSI6NTB9fX0=,/sneakers/puma/puma-x-maison-kitsune-suede-crepe-38127001-ka/58329?from=search
New Balance 5740 Vintage Indigo,1200000,https://d5ibtax54de3q.cloudfront.net/eyJidWNrZXQiOiJraWNrYXZlbnVlLWFzc2V0cyIsImtleSI6InByb2R1Y3RzLzU4MTIzL2RlZTEwZjAzZjVkZDVhMGZiNmJjOWEyNTMyY2Y5MjFjLmpwZWciLCJlZGl0cyI6eyJyZXNpemUiOnsid2lkdGgiOjQwMH0sIndlYnAiOnsicXVhbGl0eSI6NTB9fX0=,/sneakers/new-balance/new-balance-5740-vintage-indigo-m5740vpa-ka/58123?from=search
New Balance 997 Super Fabric,4630000,https://d5ibtax54de3q.cloudfront.net/eyJidWNrZXQiOiJraWNrYXZlbnVlLWFzc2V0cyIsImtleSI6InByb2R1Y3RzLzcxNTM2LzNiZmM3ZmFkNDhkNzE5NzlhOTJlODg3MTk4MjE4ZWY3LnBuZyIsImVkaXRzIjp7InJlc2l6ZSI6eyJ3aWR0aCI6NDAwfSwid2VicCI6eyJxdWFsaXR5Ijo1MH19fQ==,/sneakers/new-balance/new-balance-997-super-fabric-m997nal-ka/71536?from=search
Nike Kyrie 3 Ray Gun,55530000,https://d5ibtax54de3q.cloudfront.net/eyJidWNrZXQiOiJraWNrYXZlbnVlLWFzc2V0cyIsImtleSI6InByb2R1Y3RzLzY1MDczL2ZmOTM1MjFmMGI4YzQxMTVlZDUzY2NlY2VhYTc3Yjc3LmpwZWciLCJlZGl0cyI6eyJyZXNpemUiOnsid2lkdGgiOjQwMH0sIndlYnAiOnsicXVhbGl0eSI6NTB9fX0=,/sneakers/nike/nike-kyrie-3-ray-gun-ar4567-900-ka/65073?from=search
Nike SB Blazer Low Pro GT Pale Vanilla Gum,960000,https://d5ibtax54de3q.cloudfront.net/eyJidWNrZXQiOiJraWNrYXZlbnVlLWFzc2V0cyIsImtleSI6InByb2R1Y3RzLzY2NTIxLzYzM2E5NmMzMjA2OTM3MTFjNGI4NzBkMjliODE3ZmZhLnBuZyIsImVkaXRzIjp7InJlc2l6ZSI6eyJ3aWR0aCI6NDAwfSwid2VicCI6eyJxdWFsaXR5Ijo1MH19fQ==,/sneakers/nike/nike-sb-blazer-low-pro-gt-pale-vanilla-gum-fn7404-200-ka/66521?from=search
Adidas Centennial 85 Hi,1170000,https://d5ibtax54de3q.cloudfront.net/eyJidWNrZXQiOiJraWNrYXZlbnVlLWFzc2V0cyIsImtleSI6InByb2R1Y3RzLzY0MjY3LzZiOWY2YjdhMGM0ZWVjYjkwYWU5ZWM3NTQzMGRkYjY0LmpwZWciLCJlZGl0cyI6eyJyZXNpemUiOnsid2lkdGgiOjQwMH0sIndlYnAiOnsicXVhbGl0eSI6NTB9fX0=,/sneakers/adidas/adidas-centennial-85-hi-fz5993-ka/64267?from=search
Nike Air Structure Triax 91 Violet White,3520000,https://d5ibtax54de3q.cloudfront.net/eyJidWNrZXQiOiJraWNrYXZlbnVlLWFzc2V0cyIsImtleSI6InByb2R1Y3RzLzU4ODE2LzVkNGM1ZWQwZjZlMzkwNzU0ZmQ1NTJkMDQ2OTM4M2Y1LmpwZWciLCJlZGl0cyI6eyJyZXNpemUiOnsid2lkdGgiOjQwMH0sIndlYnAiOnsicXVhbGl0eSI6NTB9fX0=,/sneakers/nike/nike-air-structure-triax-91-violet-white-dc2548-100-ka/58816?from=search
New Balance 480 White Prism Purple,1000000,https://d5ibtax54de3q.cloudfront.net/eyJidWNrZXQiOiJraWNrYXZlbnVlLWFzc2V0cyIsImtleSI6InByb2R1Y3RzLzYwOTE3LzhhMzJlY2UzZWZmNThjM2I0ODk5ZDQ2MjQ4YjFmOTYwLmpwZWciLCJlZGl0cyI6eyJyZXNpemUiOnsid2lkdGgiOjQwMH0sIndlYnAiOnsicXVhbGl0eSI6NTB9fX0=,/sneakers/new-balance/new-balance-480-white-prism-purple-bb480lpb-ka/60917?from=search
Under Armour Curry 1 Low Flotro Northern Lights,1150000,https://d5ibtax54de3q.cloudfront.net/eyJidWNrZXQiOiJraWNrYXZlbnVlLWFzc2V0cyIsImtleSI6InByb2R1Y3RzLzc1ODU5L2M0NmUzZDBlNjMyNDE2NjY1YWQ2YWJmMDJjOTUwMWI2LnBuZyIsImVkaXRzIjp7InJlc2l6ZSI6eyJ3aWR0aCI6NDAwfSwid2VicCI6eyJxdWFsaXR5Ijo1MH19fQ==,/sneakers/under-armour/under-armour-curry-1-low-flotro-northern-lights-3025633-001-ka/75859?from=search
New Balance 990v3 YCMC Made In USA Trailblazers,4540000,https://d5ibtax54de3q.cloudfront.net/eyJidWNrZXQiOiJraWNrYXZlbnVlLWFzc2V0cyIsImtleSI6InByb2R1Y3RzLzY5NDA1L2ZlZDhlNzA2MWZmMDg5MDJiYzlkM2I2YzI3MGExMjIxLnBuZyIsImVkaXRzIjp7InJlc2l6ZSI6eyJ3aWR0aCI6NDAwfSwid2VicCI6eyJxdWFsaXR5Ijo1MH19fQ==,/sneakers/new-balance/new-balance-990v3-ycmc-made-in-usa-trailblazers-m990so3-ka/69405?from=search
New Balance 997G Malbon Golf Grey Green,4590000,https://d5ibtax54de3q.cloudfront.net/eyJidWNrZXQiOiJraWNrYXZlbnVlLWFzc2V0cyIsImtleSI6InByb2R1Y3RzLzY5MDU1L2M0NmVjYTNkZjdlMjllNjVlNjdlM2FiNzNjZjVlNmFlLnBuZyIsImVkaXRzIjp7InJlc2l6ZSI6eyJ3aWR0aCI6NDAwfSwid2VicCI6eyJxdWFsaXR5Ijo1MH19fQ==,/sneakers/new-balance/new-balance-997g-malbon-golf-grey-green-nbg997ggg-ka/69055?from=search
New Balance 998 Purple Black,2210000,https://d5ibtax54de3q.cloudfront.net/eyJidWNrZXQiOiJraWNrYXZlbnVlLWFzc2V0cyIsImtleSI6InByb2R1Y3RzLzU5NDM0LzViMGQ2OTJjZjY4NDA0Nzg0NWQzNjAwOTcxZmM3ZjA1LmpwZWciLCJlZGl0cyI6eyJyZXNpemUiOnsid2lkdGgiOjQwMH0sIndlYnAiOnsicXVhbGl0eSI6NTB9fX0=,/sneakers/new-balance/new-balance-998-purple-black-m998bld-ka/59434?from=search
ASICS Gel-Kayano 14 RE Piedmont Grey,2070000,https://d5ibtax54de3q.cloudfront.net/eyJidWNrZXQiOiJraWNrYXZlbnVlLWFzc2V0cyIsImtleSI6InByb2R1Y3RzLzcwNjY1LzcxZGI1ZTI0YjJlZTVmOWMxODY3M2YxMGUxZGE4ZTI3LnBuZyIsImVkaXRzIjp7InJlc2l6ZSI6eyJ3aWR0aCI6NDAwfSwid2VicCI6eyJxdWFsaXR5Ijo1MH19fQ==,/sneakers/asics/asics-gel-kayano-14-re-piedmont-grey-1201a445-020-ka/70665?from=search
New Balance 1906R Grey Deep Red,1800000,https://d5ibtax54de3q.cloudfront.net/eyJidWNrZXQiOiJraWNrYXZlbnVlLWFzc2V0cyIsImtleSI6InByb2R1Y3RzLzU5MzU2L2U2NGEzNDdkMTdjN2RmZmE4YWQzNjkxYzk2OTY2NjllLmpwZWciLCJlZGl0cyI6eyJyZXNpemUiOnsid2lkdGgiOjQwMH0sIndlYnAiOnsicXVhbGl0eSI6NTB9fX0=,/sneakers/new-balance/new-balance-1906r-grey-deep-red-m1906rjc-ka/59356?from=search
New Balance 9060 Blue Haze,3020000,https://d5ibtax54de3q.cloudfront.net/eyJidWNrZXQiOiJraWNrYXZlbnVlLWFzc2V0cyIsImtleSI6InByb2R1Y3RzLzU3OTkzLzU0YWFmZmIxOGQyN2ZjMzRmOTI2OWRjNmI1MjBhYjJjLmpwZWciLCJlZGl0cyI6eyJyZXNpemUiOnsid2lkdGgiOjQwMH0sIndlYnAiOnsicXVhbGl0eSI6NTB9fX0=,/sneakers/new-balance/new-balance-9060-blue-haze-u9060fnb-ka/57993?from=search
New Balance 1500.9 Made in England Summer Nine Pack Purple,2780000,https://d5ibtax54de3q.cloudfront.net/eyJidWNrZXQiOiJraWNrYXZlbnVlLWFzc2V0cyIsImtleSI6InByb2R1Y3RzLzk0NDY1LzU2MTk3NzljYTEyMzExYjg2NDFjMTZjZjliNzJmZjZhLnBuZyIsImVkaXRzIjp7InJlc2l6ZSI6eyJ3aWR0aCI6NDAwfSwid2VicCI6eyJxdWFsaXR5Ijo1MH19fQ==,/sneakers/new-balance/new-balance-15009-made-in-england-summer-nine-pack-purple-m15009ec-ka/94465?from=search
Nike Air More Uptempo Slide White University Red,650000,https://d5ibtax54de3q.cloudfront.net/eyJidWNrZXQiOiJraWNrYXZlbnVlLWFzc2V0cyIsImtleSI6InByb2R1Y3RzLzY4ODMzLzhiYjJkZGQwNGQ3YjhhNDEzYWU3YmVlYzlmZDAzMDhlLnBuZyIsImVkaXRzIjp7InJlc2l6ZSI6eyJ3aWR0aCI6NDAwfSwid2VicCI6eyJxdWFsaXR5Ijo1MH19fQ==,/sneakers/nike/nike-air-more-uptempo-slide-white-university-red-fd9883-100-ka/68833?from=search
Nike Air Wildwood ACG Black Dark Grey,2150000,https://d5ibtax54de3q.cloudfront.net/eyJidWNrZXQiOiJraWNrYXZlbnVlLWFzc2V0cyIsImtleSI6InByb2R1Y3RzLzc1OTA3LzJjNjkzOWFhNzVmNjczMWVhMGQxZWZjYTc5ZmMwMGQ3LnBuZyIsImVkaXRzIjp7InJlc2l6ZSI6eyJ3aWR0aCI6NDAwfSwid2VicCI6eyJxdWFsaXR5Ijo1MH19fQ==,/sneakers/nike/nike-air-wildwood-acg-black-dark-grey-ao3116-003-ka/75907?from=search
Nike ACG Terra Antarktik GORE-TEX Juniper Fog,9910000,https://d5ibtax54de3q.cloudfront.net/eyJidWNrZXQiOiJraWNrYXZlbnVlLWFzc2V0cyIsImtleSI6InByb2R1Y3RzLzc1NzY1L2QzMWFhMjJhNmRmOGY4MTRiZTQ1YjQzMGE2YTM2OWU3LnBuZyIsImVkaXRzIjp7InJlc2l6ZSI6eyJ3aWR0aCI6NDAwfSwid2VicCI6eyJxdWFsaXR5Ijo1MH19fQ==,/sneakers/nike/nike-acg-terra-antarktik-gore-tex-juniper-fog-bv6348-300-ka/75765?from=search
Nike Shox TL Black Max Orange (Women's),2670000,https://d5ibtax54de3q.cloudfront.net/eyJidWNrZXQiOiJraWNrYXZlbnVlLWFzc2V0cyIsImtleSI6InByb2R1Y3RzLzY2MTcwLzgxNWU2ZDI2NDYzMmIwNDNiMzJlNDgxNjc2N2I2ZjY0LnBuZyIsImVkaXRzIjp7InJlc2l6ZSI6eyJ3aWR0aCI6NDAwfSwid2VicCI6eyJxdWFsaXR5Ijo1MH19fQ==,/sneakers/nike/nike-shox-tl-black-max-orange-w-ar3566-002-ka/66170?from=search
Nike Shox R4 Black (Grade School),3280000,https://d5ibtax54de3q.cloudfront.net/eyJidWNrZXQiOiJraWNrYXZlbnVlLWFzc2V0cyIsImtleSI6InByb2R1Y3RzLzY2MTc1L2RiNjJiZTQwNDVkNTFlYWRhZTVmY2QyNTJkZjE1YmFkLnBuZyIsImVkaXRzIjp7InJlc2l6ZSI6eyJ3aWR0aCI6NDAwfSwid2VicCI6eyJxdWFsaXR5Ijo1MH19fQ==,/sneakers/nike/nike-shox-r4-black-gs-bq4000-001-ka/66175?from=search
Nike Shox BB4 White Silver Navy,4060000,https://d5ibtax54de3q.cloudfront.net/eyJidWNrZXQiOiJraWNrYXZlbnVlLWFzc2V0cyIsImtleSI6InByb2R1Y3RzLzY2MTc2L2I2M2NmZTM4MmYyZWVmMzZiNjc3NjQzZThmYjZkMmFhLnBuZyIsImVkaXRzIjp7InJlc2l6ZSI6eyJ3aWR0aCI6NDAwfSwid2VicCI6eyJxdWFsaXR5Ijo1MH19fQ==,/sneakers/nike/nike-shox-bb4-white-silver-navy-at7843-100-ka/66176?from=search
Vans Sk8-Low Charcoal Jungle Green,940000,https://d5ibtax54de3q.cloudfront.net/eyJidWNrZXQiOiJraWNrYXZlbnVlLWFzc2V0cyIsImtleSI6InByb2R1Y3RzLzcyMDQ2L2ExN2Y1NjQyNzI3ZmE3ZGJiZGRiY2NmMzI4NmIyZTg5LnBuZyIsImVkaXRzIjp7InJlc2l6ZSI6eyJ3aWR0aCI6NDAwfSwid2VicCI6eyJxdWFsaXR5Ijo1MH19fQ==,/sneakers/vans/vans-sk8-low-charcoal-jungle-green-vn0a5kxdjgc-ka/72046?from=search
Nike Dunk Low SP What The CLOT Multicolor,6500000,https://d5ibtax54de3q.cloudfront.net/eyJidWNrZXQiOiJraWNrYXZlbnVlLWFzc2V0cyIsImtleSI6InByb2R1Y3RzLzc1MjQ5Lzg3ZjIxMjNlZDNmYTdhNjBiZWE2ZTc5N2RkOTM2MmZiLnBuZyIsImVkaXRzIjp7InJlc2l6ZSI6eyJ3aWR0aCI6NDAwfSwid2VicCI6eyJxdWFsaXR5Ijo1MH19fQ==,/sneakers/nike/nike-dunk-low-sp-what-the-clot-multicolor-fn0316-999-ka/75249?from=search
Adidas Y-3 Adilette Black,1220000,https://d5ibtax54de3q.cloudfront.net/eyJidWNrZXQiOiJraWNrYXZlbnVlLWFzc2V0cyIsImtleSI6InByb2R1Y3RzLzcyMzEwL2ZlMmU3YzNjMjAwMzllNGZiOTY0MjdkYTJkNTE1ZDBjLnBuZyIsImVkaXRzIjp7InJlc2l6ZSI6eyJ3aWR0aCI6NDAwfSwid2VicCI6eyJxdWFsaXR5Ijo1MH19fQ==,/sneakers/adidas/adidas-y-3-adilette-black-ac7525-ka/72310?from=search
Nike SB Blazer Low XT Quartersnacks Navy,14870000,https://d5ibtax54de3q.cloudfront.net/eyJidWNrZXQiOiJraWNrYXZlbnVlLWFzc2V0cyIsImtleSI6InByb2R1Y3RzLzc3MzA5LzJhOGNjNTQwOTE3ZDYxMmRlODMxMzI0NWFhZDNjMjIzLnBuZyIsImVkaXRzIjp7InJlc2l6ZSI6eyJ3aWR0aCI6NDAwfSwid2VicCI6eyJxdWFsaXR5Ijo1MH19fQ==,/sneakers/nike/nike-sb-blazer-low-xt-quartersnacks-navy-aq3499-411-ka/77309?from=search
Adidas Adizero Cybersonic Tennis Cloud White,1580000,https://d5ibtax54de3q.cloudfront.net/eyJidWNrZXQiOiJraWNrYXZlbnVlLWFzc2V0cyIsImtleSI6InByb2R1Y3RzLzcwMTgzL2Y4NzQ3Mzk0MDBkMzY1YTk0ODVhOTI1MmJlZjFjZmVlLnBuZyIsImVkaXRzIjp7InJlc2l6ZSI6eyJ3aWR0aCI6NDAwfSwid2VicCI6eyJxdWFsaXR5Ijo1MH19fQ==,/sneakers/adidas/adidas-adizero-cybersonic-tennis-cloud-white-gy9634-ka/70183?from=search
New Balance 2002R Mule Beams Bespoke White,1900000,https://d5ibtax54de3q.cloudfront.net/eyJidWNrZXQiOiJraWNrYXZlbnVlLWFzc2V0cyIsImtleSI6InByb2R1Y3RzLzYyMjEyLzE4NDliYTk2MjY0ZDVjODg0YjFhYjRiNzRiYjUzMTNhLmpwZWciLCJlZGl0cyI6eyJyZXNpemUiOnsid2lkdGgiOjQwMH0sIndlYnAiOnsicXVhbGl0eSI6NTB9fX0=,/sneakers/new-balance/new-balance-2002r-mule-beams-bespoke-white-m2002rma-ka/62212?from=search
Compass Seasonal Velocity Creme Pumpkin,870000,https://d5ibtax54de3q.cloudfront.net/eyJidWNrZXQiOiJraWNrYXZlbnVlLWFzc2V0cyIsImtleSI6InByb2R1Y3RzLzc0MzExLzVhMmU5MzA3MzdkNzg2NjhmZGY2ZGRiMjQ5NTc3ZDZiLnBuZyIsImVkaXRzIjp7InJlc2l6ZSI6eyJ3aWR0aCI6NDAwfSwid2VicCI6eyJxdWFsaXR5Ijo1MH19fQ==,/sneakers/compass/compass-seasonal-velocity-creme-pumpkin-cmps-vlcy0004-ka/74311?from=search
Vans Authentic SF Floral,700000,https://d5ibtax54de3q.cloudfront.net/eyJidWNrZXQiOiJraWNrYXZlbnVlLWFzc2V0cyIsImtleSI6InByb2R1Y3RzLzYzMjAyL2FjZjRmNWQwODRiMGFjNzEyYjg4NjQ0NDkwOWQzNjMyLmpwZWciLCJlZGl0cyI6eyJyZXNpemUiOnsid2lkdGgiOjQwMH0sIndlYnAiOnsicXVhbGl0eSI6NTB9fX0=,/sneakers/vans/vans-authentic-sf-floral-vn0a3mu6woh-ka/63202?from=search
New Balance 550 White Cobalt Blue,1000000,https://d5ibtax54de3q.cloudfront.net/eyJidWNrZXQiOiJraWNrYXZlbnVlLWFzc2V0cyIsImtleSI6InByb2R1Y3RzLzYzMjM2LzQ3YTZhZWZmZDdjOWI3ZmZmMzFkZDc0MTdkNzk3OTI3LmpwZWciLCJlZGl0cyI6eyJyZXNpemUiOnsid2lkdGgiOjQwMH0sIndlYnAiOnsicXVhbGl0eSI6NTB9fX0=,/sneakers/new-balance/new-balance-550-white-cobalt-blue-bb550swc-ka/63236?from=search
Nike Air Force 1 Low Gore-Tex Triple White,5510000,https://d5ibtax54de3q.cloudfront.net/eyJidWNrZXQiOiJraWNrYXZlbnVlLWFzc2V0cyIsImtleSI6InByb2R1Y3RzLzYzMjQzL2NmMTYyNGUwYTg0ZjUwZWM3MzVmNDAwZjE2OTgxZmM0LmpwZWciLCJlZGl0cyI6eyJyZXNpemUiOnsid2lkdGgiOjQwMH0sIndlYnAiOnsicXVhbGl0eSI6NTB9fX0=,/sneakers/nike/nike-air-force-1-low-gore-tex-triple-white-dj7968-100-ka/63243?from=search
Nike LeBron 11 Elite Team,7670000,https://d5ibtax54de3q.cloudfront.net/eyJidWNrZXQiOiJraWNrYXZlbnVlLWFzc2V0cyIsImtleSI6InByb2R1Y3RzLzgyNTc5LzQyM2IxM2I4ZDFmMzg5Yjk0OTc5ZTNhZjA5YTMzZGVmLnBuZyIsImVkaXRzIjp7InJlc2l6ZSI6eyJ3aWR0aCI6NDAwfSwid2VicCI6eyJxdWFsaXR5Ijo1MH19fQ==,/sneakers/nike/nike-lebron-11-elite-team-642846-001-ka/82579?from=search
Nike Air Force 1 '07 PRM 2 Volt,5330000,https://d5ibtax54de3q.cloudfront.net/eyJidWNrZXQiOiJraWNrYXZlbnVlLWFzc2V0cyIsImtleSI6InByb2R1Y3RzLzc5OTkzLzI4M2I3YWZjMWM4MDczNTVmMjZlYzIzYWE0MTJiMmE3LnBuZyIsImVkaXRzIjp7InJlc2l6ZSI6eyJ3aWR0aCI6NDAwfSwid2VicCI6eyJxdWFsaXR5Ijo1MH19fQ==,/sneakers/nike/nike-air-force-1-07-prm-2-volt-at4143-100-ka/79993?from=search
Nike Benassi Slide Just Do It,760000,https://d5ibtax54de3q.cloudfront.net/eyJidWNrZXQiOiJraWNrYXZlbnVlLWFzc2V0cyIsImtleSI6InByb2R1Y3RzLzgxOTE1L2ZlMjQ0ZmYyZWE5NTExMGQxZWRlZmEwM2RmZmE5OTA4LnBuZyIsImVkaXRzIjp7InJlc2l6ZSI6eyJ3aWR0aCI6NDAwfSwid2VicCI6eyJxdWFsaXR5Ijo1MH19fQ==,/sneakers/nike/nike-benassi-slide-just-do-it-343880-060-ka-2/81915?from=search
Nike SB Zoom Blazer Mid Sashiko Mystic Navy,1640000,https://d5ibtax54de3q.cloudfront.net/eyJidWNrZXQiOiJraWNrYXZlbnVlLWFzc2V0cyIsImtleSI6InByb2R1Y3RzLzc2MzkwLzI5YmJhODg0MjBhMjM4YzA1ZTc3MzhiMmJmNTQzMjdiLnBuZyIsImVkaXRzIjp7InJlc2l6ZSI6eyJ3aWR0aCI6NDAwfSwid2VicCI6eyJxdWFsaXR5Ijo1MH19fQ==,/sneakers/nike/nike-sb-zoom-blazer-mid-sashiko-mystic-navy-ct0715-400-ka/76390?from=search
Nike Air Max 95 Blackened Blue Light Cream,5750000,https://d5ibtax54de3q.cloudfront.net/eyJidWNrZXQiOiJraWNrYXZlbnVlLWFzc2V0cyIsImtleSI6InByb2R1Y3RzLzgwODI2L2JmYmU3MTFmNjFlN2JkNDYxNGYzZWJlOTllODc0ZTc1LnBuZyIsImVkaXRzIjp7InJlc2l6ZSI6eyJ3aWR0aCI6NDAwfSwid2VicCI6eyJxdWFsaXR5Ijo1MH19fQ==,/sneakers/nike/nike-air-max-95-blackened-blue-light-cream-538416-404-ka/80826?from=search
Nike Air Max 95 Black Aurora Green,3680000,https://d5ibtax54de3q.cloudfront.net/eyJidWNrZXQiOiJraWNrYXZlbnVlLWFzc2V0cyIsImtleSI6InByb2R1Y3RzLzgwODQxLzE4MDE2MjNlZjNlNWJjYWZmNGY2OTgwYjNjN2NmOTYxLnBuZyIsImVkaXRzIjp7InJlc2l6ZSI6eyJ3aWR0aCI6NDAwfSwid2VicCI6eyJxdWFsaXR5Ijo1MH19fQ==,/sneakers/nike/nike-air-max-95-black-aurora-green-da7735-001-ka/80841?from=search
New Balance 580 Shadow Grey,1000000,https://d5ibtax54de3q.cloudfront.net/eyJidWNrZXQiOiJraWNrYXZlbnVlLWFzc2V0cyIsImtleSI6InByb2R1Y3RzLzcyMDg4LzI5NjkyYjNiY2Y4MDJjYmE5M2QzODA2M2ZkNmI4NTdhLnBuZyIsImVkaXRzIjp7InJlc2l6ZSI6eyJ3aWR0aCI6NDAwfSwid2VicCI6eyJxdWFsaXR5Ijo1MH19fQ==,/sneakers/new-balance/new-balance-580-shadow-grey-mt580va2-ka/72088?from=search
Water The Plant Dream Series 'Mono',2250000,https://d5ibtax54de3q.cloudfront.net/eyJidWNrZXQiOiJraWNrYXZlbnVlLWFzc2V0cyIsImtleSI6InByb2R1Y3RzLzc1NDM3L2E4NTE3ZDZkMDI1ZjQ0NTNjNTU2MmViYjc0MGFkZDgyLnBuZyIsImVkaXRzIjp7InJlc2l6ZSI6eyJ3aWR0aCI6NDAwfSwid2VicCI6eyJxdWFsaXR5Ijo1MH19fQ==,/sneakers/water-the-plant/water-the-plant-dream-series-mono-wtps1126-93-001-ka/75437?from=search
Nike Blazer Mid '77 Vintage Have a Good Game,2000000,https://d5ibtax54de3q.cloudfront.net/eyJidWNrZXQiOiJraWNrYXZlbnVlLWFzc2V0cyIsImtleSI6InByb2R1Y3RzLzcyNjU0L2VhOTcyNWVmY2RiZjg0YWI5OGQ5MGE0YTNhMzFiMTM4LnBuZyIsImVkaXRzIjp7InJlc2l6ZSI6eyJ3aWR0aCI6NDAwfSwid2VicCI6eyJxdWFsaXR5Ijo1MH19fQ==,/sneakers/nike/nike-blazer-mid-77-vintage-have-a-good-game-dc3280-101-ka/72654?from=search
Adidas Runfalcon 3 Cloudfoam Low Core Black,800000,https://d5ibtax54de3q.cloudfront.net/eyJidWNrZXQiOiJraWNrYXZlbnVlLWFzc2V0cyIsImtleSI6InByb2R1Y3RzLzcwMzA0L2E1NjU4OTlkNTBkMmEyZjA4NThhMzllNzYwNWVjZDg3LnBuZyIsImVkaXRzIjp7InJlc2l6ZSI6eyJ3aWR0aCI6NDAwfSwid2VicCI6eyJxdWFsaXR5Ijo1MH19fQ==,/sneakers/adidas/adidas-runfalcon-3-cloudfoam-low-core-black-hq3790-ka/70304?from=search
Nike Kyrie 5 Spongebob Squidward (House of Hoops Special Box),5990000,https://d5ibtax54de3q.cloudfront.net/eyJidWNrZXQiOiJraWNrYXZlbnVlLWFzc2V0cyIsImtleSI6InByb2R1Y3RzLzgyMjU5L2FhYThjNzM2ZWI4ZWQwNGRhYzI3YjQ1ZjkyMmJkNjU1LnBuZyIsImVkaXRzIjp7InJlc2l6ZSI6eyJ3aWR0aCI6NDAwfSwid2VicCI6eyJxdWFsaXR5Ijo1MH19fQ==,/sneakers/nike/nike-kyrie-5-spongebob-squidward-house-of-hoops-special-box-cj6951-300-ka/82259?from=search
Vans Wayvee Midnight Navy,2320000,https://d5ibtax54de3q.cloudfront.net/eyJidWNrZXQiOiJraWNrYXZlbnVlLWFzc2V0cyIsImtleSI6InByb2R1Y3RzLzc1NTE3L2U2MzY2NmVlZTUzMzBhYzgwMGEwMDcyYzNlNWI4ZGQ5LnBuZyIsImVkaXRzIjp7InJlc2l6ZSI6eyJ3aWR0aCI6NDAwfSwid2VicCI6eyJxdWFsaXR5Ijo1MH19fQ==,/sneakers/vans/vans-wayvee-midnight-navy-vn0a5jiam0n-ka/75517?from=search
Nike Blazer Mid 77 Vintage Multi-Color,1560000,https://d5ibtax54de3q.cloudfront.net/eyJidWNrZXQiOiJraWNrYXZlbnVlLWFzc2V0cyIsImtleSI6InByb2R1Y3RzLzc2OTI2LzA5NzQ1YTcyMTBlODc1MjZiMDdkOWZlNTZmZjg5NGUyLnBuZyIsImVkaXRzIjp7InJlc2l6ZSI6eyJ3aWR0aCI6NDAwfSwid2VicCI6eyJxdWFsaXR5Ijo1MH19fQ==,/sneakers/nike/nike-blazer-mid-77-vintage-multi-color-ci1167-600-ka/76926?from=search
On Running Cloudmonster Acai Purple Yellow,3260000,https://d5ibtax54de3q.cloudfront.net/eyJidWNrZXQiOiJraWNrYXZlbnVlLWFzc2V0cyIsImtleSI6InByb2R1Y3RzLzc4Nzg2L2RlODcyMTdjZmUzZWVjYTNiN2FkODIyMzAzMTVjYTA2LmpwZWciLCJlZGl0cyI6eyJyZXNpemUiOnsid2lkdGgiOjQwMH0sIndlYnAiOnsicXVhbGl0eSI6NTB9fX0=,/sneakers/on-running/on-running-cloudmonster-acai-purple-yellow-6199027-ka/78786?from=search
On Running Cloudmonster CNY Dragon Ivory Ruby,3450000,https://d5ibtax54de3q.cloudfront.net/eyJidWNrZXQiOiJraWNrYXZlbnVlLWFzc2V0cyIsImtleSI6InByb2R1Y3RzLzc4ODA0L2YzZGFhNzdhOGY2OGU5ZGNmMzg0MzBlMWI4NDExMDM2LnBuZyIsImVkaXRzIjp7InJlc2l6ZSI6eyJ3aWR0aCI6NDAwfSwid2VicCI6eyJxdWFsaXR5Ijo1MH19fQ==,/sneakers/on-running/on-running-cloudmonster-cny-dragon-ivory-ruby-3me10462508-ka/78804?from=search
Adidas Ultraboost Light Wonder Taupe,1550000,https://d5ibtax54de3q.cloudfront.net/eyJidWNrZXQiOiJraWNrYXZlbnVlLWFzc2V0cyIsImtleSI6InByb2R1Y3RzLzc4MTc0LzNiMTE0NWQxNjk5MzA2YTE0NTZjOTdhMWZhY2Y3Y2UyLnBuZyIsImVkaXRzIjp7InJlc2l6ZSI6eyJ3aWR0aCI6NDAwfSwid2VicCI6eyJxdWFsaXR5Ijo1MH19fQ==,/sneakers/adidas/adidas-ultraboost-light-wonder-taupe-hq6343-ka/78174?from=search
Nike Vomero 17 Black Light Smoke Grey,1600000,https://d5ibtax54de3q.cloudfront.net/eyJidWNrZXQiOiJraWNrYXZlbnVlLWFzc2V0cyIsImtleSI6InByb2R1Y3RzLzc0ODUyLzAzMzk3NDVhYmMwZWYzZjU2NzNjYTM2ODc4OWQ3Yjg3LnBuZyIsImVkaXRzIjp7InJlc2l6ZSI6eyJ3aWR0aCI6NDAwfSwid2VicCI6eyJxdWFsaXR5Ijo1MH19fQ==,/sneakers/nike/nike-vomero-17-black-light-smoke-grey-fb1309-001-ka/74852?from=search
Nike Air Force 1 LV8 Gore Tex BG Gold,3730000,https://d5ibtax54de3q.cloudfront.net/eyJidWNrZXQiOiJraWNrYXZlbnVlLWFzc2V0cyIsImtleSI6InByb2R1Y3RzLzgwMjgzLzc0OTA3NjdhZmQ5OTY3YTI4NDliMDZhYzI0OWNiYjA2LnBuZyIsImVkaXRzIjp7InJlc2l6ZSI6eyJ3aWR0aCI6NDAwfSwid2VicCI6eyJxdWFsaXR5Ijo1MH19fQ==,/sneakers/nike/nike-air-force-1-lv8-gore-tex-bg-gold-cq4215-700-ka-2/80283?from=search
Nike Air Force 1 Low Supreme I/O Closing Ceremony,23460000,https://d5ibtax54de3q.cloudfront.net/eyJidWNrZXQiOiJraWNrYXZlbnVlLWFzc2V0cyIsImtleSI6InByb2R1Y3RzLzc5OTE1LzE2YjdmZDVjMGMwZDZmYjczYjNjN2EyYjdiNjhiYmY5LnBuZyIsImVkaXRzIjp7InJlc2l6ZSI6eyJ3aWR0aCI6NDAwfSwid2VicCI6eyJxdWFsaXR5Ijo1MH19fQ==,/sneakers/nike/nike-air-force-1-low-supreme-io-closing-ceremony-339218-771-ka/79915?from=search
Nike Air Force 1 Low Premium DJ Premier,8050000,https://d5ibtax54de3q.cloudfront.net/eyJidWNrZXQiOiJraWNrYXZlbnVlLWFzc2V0cyIsImtleSI6InByb2R1Y3RzLzc5OTQxLzNlYzRhZjhlNjZmMTA0NGU2ODNlODA0NTRmMjY4Njc3LnBuZyIsImVkaXRzIjp7InJlc2l6ZSI6eyJ3aWR0aCI6NDAwfSwid2VicCI6eyJxdWFsaXR5Ijo1MH19fQ==,/sneakers/nike/nike-air-force-1-low-premium-dj-premier-395178-001-ka/79941?from=search
Nike Air Zoom Structure 24 Old Royal White,1150000,https://d5ibtax54de3q.cloudfront.net/eyJidWNrZXQiOiJraWNrYXZlbnVlLWFzc2V0cyIsImtleSI6InByb2R1Y3RzLzkyODE1L2YzZWE0NDQzNDI5ZmM3MGUzYmFmZTE4MWJlYzBiMTQ4LnBuZyIsImVkaXRzIjp7InJlc2l6ZSI6eyJ3aWR0aCI6NDAwfSwid2VicCI6eyJxdWFsaXR5Ijo1MH19fQ==,/sneakers/nike/nike-air-zoom-structure-24-old-royal-white-da8535-401-ka-2/92815?from=search
Nike SB Dunk Low Black and Tan,7930000,https://d5ibtax54de3q.cloudfront.net/eyJidWNrZXQiOiJraWNrYXZlbnVlLWFzc2V0cyIsImtleSI6InByb2R1Y3RzLzg5NzUxL2MxYzg0NjkwM2EwZWMyNjNhNjgwMjY2ZWE0YjRhOTZlLnBuZyIsImVkaXRzIjp7InJlc2l6ZSI6eyJ3aWR0aCI6NDAwfSwid2VicCI6eyJxdWFsaXR5Ijo1MH19fQ==,/sneakers/nike/nike-sb-dunk-low-black-and-tan-313170-270-ka/89751?from=search
Nike Blazer Mid Comme Des Garcons X Naomi Osaka,4670000,https://d5ibtax54de3q.cloudfront.net/eyJidWNrZXQiOiJraWNrYXZlbnVlLWFzc2V0cyIsImtleSI6InByb2R1Y3RzLzc2NDk1L2E3M2JjYzE1YWM0MWI0ZDRmYjc0Y2UwMTVmMmM5NDI2LnBuZyIsImVkaXRzIjp7InJlc2l6ZSI6eyJ3aWR0aCI6NDAwfSwid2VicCI6eyJxdWFsaXR5Ijo1MH19fQ==,/sneakers/nike/nike-blazer-mid-comme-des-garcons-x-naomi-osaka-da5383-100-ka/76495?from=search
Nike PG 4 EP Clippers,1250000,https://d5ibtax54de3q.cloudfront.net/eyJidWNrZXQiOiJraWNrYXZlbnVlLWFzc2V0cyIsImtleSI6InByb2R1Y3RzLzg0ODQzLzI4YmIzM2Q0OWRhMjY0NDQ2ODk4ZWUxODUxZjM2ZTkzLnBuZyIsImVkaXRzIjp7InJlc2l6ZSI6eyJ3aWR0aCI6NDAwfSwid2VicCI6eyJxdWFsaXR5Ijo1MH19fQ==,/sneakers/nike/nike-pg-4-ep-clippers-cd5082-006-ka/84843?from=search
Nike Air Pressure Retro White Cement Grey (2016),10010000,https://d5ibtax54de3q.cloudfront.net/eyJidWNrZXQiOiJraWNrYXZlbnVlLWFzc2V0cyIsImtleSI6InByb2R1Y3RzLzg4MjgzL2JlOTRkMmRjNzk4MWM0MTViMTBkMzMzZTE3ODA0ZDBiLnBuZyIsImVkaXRzIjp7InJlc2l6ZSI6eyJ3aWR0aCI6NDAwfSwid2VicCI6eyJxdWFsaXR5Ijo1MH19fQ==,/sneakers/nike/nike-air-pressure-retro-white-cement-grey-2016-831279-100-ka/88283?from=search
Nike Air Force 1 Low Light Bone Sail Gum,1000000,/static/media/kick_avenue_empty_image.cf172573.png,/sneakers/nike/nike-air-force-1-low-light-bone-sail-gum-sd-fd3365-001-ka/98133?from=search
Nike Ebernon Low 'White University Blue',990000,https://d5ibtax54de3q.cloudfront.net/eyJidWNrZXQiOiJraWNrYXZlbnVlLWFzc2V0cyIsImtleSI6InByb2R1Y3RzLzg4OTY2LzFmMWJkYjdkZWY5M2Y0OTRiNWEzOTdmMDM4ZTk4YTkyLnBuZyIsImVkaXRzIjp7InJlc2l6ZSI6eyJ3aWR0aCI6NDAwfSwid2VicCI6eyJxdWFsaXR5Ijo1MH19fQ==,/sneakers/nike/nike-ebernon-low-white-university-blue-aq1775-102-ka/88966?from=search
Nike Initiator Deep Royal Blue Volt,770000,https://d5ibtax54de3q.cloudfront.net/eyJidWNrZXQiOiJraWNrYXZlbnVlLWFzc2V0cyIsImtleSI6InByb2R1Y3RzLzgzNTgwLzFjMTIyZDUwN2M1YjQxY2FlOWI3ZThiY2IxYzc1Y2I1LnBuZyIsImVkaXRzIjp7InJlc2l6ZSI6eyJ3aWR0aCI6NDAwfSwid2VicCI6eyJxdWFsaXR5Ijo1MH19fQ==,/sneakers/nike/nike-initiator-deep-royal-blue-volt-394055-400-ka-2/83580?from=search
Nike KD 15 EYBL Nationals,3750000,https://d5ibtax54de3q.cloudfront.net/eyJidWNrZXQiOiJraWNrYXZlbnVlLWFzc2V0cyIsImtleSI6InByb2R1Y3RzLzgzMTExL2U0MGFiMDQ0ZGE3Njg0Mzc4MzE1NDlmODdjYTBiZDMzLnBuZyIsImVkaXRzIjp7InJlc2l6ZSI6eyJ3aWR0aCI6NDAwfSwid2VicCI6eyJxdWFsaXR5Ijo1MH19fQ==,/sneakers/nike/nike-kd-15-eybl-nationals-fb3260-500-ka/83111?from=search
Nike Air Max 90 Ultra 2.0 Wheat,14870000,https://d5ibtax54de3q.cloudfront.net/eyJidWNrZXQiOiJraWNrYXZlbnVlLWFzc2V0cyIsImtleSI6InByb2R1Y3RzLzgwNzkwL2Y3ZWQ1YmI3MmIzN2E3ZDM4NDBjMTI5NjgzN2Q2MWMyLnBuZyIsImVkaXRzIjp7InJlc2l6ZSI6eyJ3aWR0aCI6NDAwfSwid2VicCI6eyJxdWFsaXR5Ijo1MH19fQ==,/sneakers/nike/nike-air-max-90-ultra-20-wheat-924447-700-ka/80790?from=search
Nike Metcon 9 Olive Luminous Green,2390000,https://d5ibtax54de3q.cloudfront.net/eyJidWNrZXQiOiJraWNrYXZlbnVlLWFzc2V0cyIsImtleSI6InByb2R1Y3RzLzg0NDYzLzVhZmQ1Y2UzMDNmNGVhMDI2MzQxOWZjNWQxM2Y0OTQ5LnBuZyIsImVkaXRzIjp7InJlc2l6ZSI6eyJ3aWR0aCI6NDAwfSwid2VicCI6eyJxdWFsaXR5Ijo1MH19fQ==,/sneakers/nike/nike-metcon-9-olive-luminous-green-dz2617-300-ka/84463?from=search
Porto X Aalto Beige Flip-Flops,199000,https://d5ibtax54de3q.cloudfront.net/eyJidWNrZXQiOiJraWNrYXZlbnVlLWFzc2V0cyIsImtleSI6InByb2R1Y3RzLzk1NjMzL2E0NTcwOTEwMjI5ZGM3OTdkNjk5YTU5NzRjMDYyMGE2LnBuZyIsImVkaXRzIjp7InJlc2l6ZSI6eyJ3aWR0aCI6NDAwfSwid2VicCI6eyJxdWFsaXR5Ijo1MH19fQ==,/sneakers/porto-x/porto-x-aalto-beige-flip-flops-e6005m-88-ka/95633?from=search
Nike Revolution 7 Extra Wide 'Black White',890000,https://d5ibtax54de3q.cloudfront.net/eyJidWNrZXQiOiJraWNrYXZlbnVlLWFzc2V0cyIsImtleSI6InByb2R1Y3RzLzg1NDIzL2Q4ZDVjOTY5N2VlYmU1ZDllYTgxZjBiYTgyNGU5ZjY4LnBuZyIsImVkaXRzIjp7InJlc2l6ZSI6eyJ3aWR0aCI6NDAwfSwid2VicCI6eyJxdWFsaXR5Ijo1MH19fQ==,/sneakers/nike/nike-revolution-7-extra-wide-black-white-fb8501-002-ka/85423?from=search
Adidas Gazelle White Grey Gum,1240000,https://d5ibtax54de3q.cloudfront.net/eyJidWNrZXQiOiJraWNrYXZlbnVlLWFzc2V0cyIsImtleSI6InByb2R1Y3RzLzc1MTMxLzhhYWNjYWI3OGY4ZjY1MjZjOWNiZTc5YzI0YTFmZWVhLnBuZyIsImVkaXRzIjp7InJlc2l6ZSI6eyJ3aWR0aCI6NDAwfSwid2VicCI6eyJxdWFsaXR5Ijo1MH19fQ==,/sneakers/adidas/adidas-gazelle-white-grey-gum-ig3508-ka/75131?from=search
Nike Kobe Zoom 7 Yin and Yang,15500000,https://d5ibtax54de3q.cloudfront.net/eyJidWNrZXQiOiJraWNrYXZlbnVlLWFzc2V0cyIsImtleSI6InByb2R1Y3RzLzgzMzQ4LzU2MTA3YTkzMDg3YjBhMTAzYTBkMzkxMzI3NjUyZjBjLnBuZyIsImVkaXRzIjp7InJlc2l6ZSI6eyJ3aWR0aCI6NDAwfSwid2VicCI6eyJxdWFsaXR5Ijo1MH19fQ==,/sneakers/nike/nike-kobe-zoom-7-yin-and-yang-488371-501-ka/83348?from=search
Air Jordan CP3.XI TB White Black,4200000,https://d5ibtax54de3q.cloudfront.net/eyJidWNrZXQiOiJraWNrYXZlbnVlLWFzc2V0cyIsImtleSI6InByb2R1Y3RzLzkzNjE3L2JhNzRjMTNmZmU2ZTU1ZmYzZTQwY2U0Y2ZmZTkwODVlLnBuZyIsImVkaXRzIjp7InJlc2l6ZSI6eyJ3aWR0aCI6NDAwfSwid2VicCI6eyJxdWFsaXR5Ijo1MH19fQ==,/sneakers/air-jordan/air-jordan-cp3xi-tb-white-black-bq2673-101-ka/93617?from=search
Nike LeBron 15 Low Supernova,3460000,https://d5ibtax54de3q.cloudfront.net/eyJidWNrZXQiOiJraWNrYXZlbnVlLWFzc2V0cyIsImtleSI6InByb2R1Y3RzLzgzNzUwLzkzZjJiYzIzMmRhYzYwMzAzZTcyMGQ2YjJkMDY3N2Q0LnBuZyIsImVkaXRzIjp7InJlc2l6ZSI6eyJ3aWR0aCI6NDAwfSwid2VicCI6eyJxdWFsaXR5Ijo1MH19fQ==,/sneakers/nike/nike-lebron-15-low-supernova-ao1755-900-ka/83750?from=search
Nike Air Max 97 Ultra 17 Metallic Rose Gold (Women's),2860000,https://d5ibtax54de3q.cloudfront.net/eyJidWNrZXQiOiJraWNrYXZlbnVlLWFzc2V0cyIsImtleSI6InByb2R1Y3RzLzgxMDExLzUyZjRmMmM4OTYxZGNhOTU3YTVlYWNkZjRmNmQ3NTg5LnBuZyIsImVkaXRzIjp7InJlc2l6ZSI6eyJ3aWR0aCI6NDAwfSwid2VicCI6eyJxdWFsaXR5Ijo1MH19fQ==,/sneakers/nike/nike-air-max-97-ultra-17-metallic-rose-gold-womens-917704-600-ka/81011?from=search
Nike LeBron Soldier 14 USA,2170000,https://d5ibtax54de3q.cloudfront.net/eyJidWNrZXQiOiJraWNrYXZlbnVlLWFzc2V0cyIsImtleSI6InByb2R1Y3RzLzgzOTg5Lzc2NzUxNzQ1NDMwNjlkYWM4MzM4YjhlOTE2MTAwNmQ5LnBuZyIsImVkaXRzIjp7InJlc2l6ZSI6eyJ3aWR0aCI6NDAwfSwid2VicCI6eyJxdWFsaXR5Ijo1MH19fQ==,/sneakers/nike/nike-lebron-soldier-14-usa-ck6024-100-ka/83989?from=search
Nike Air Max Full Ride TR 1.5 Black Anthracite,2450000,https://d5ibtax54de3q.cloudfront.net/eyJidWNrZXQiOiJraWNrYXZlbnVlLWFzc2V0cyIsImtleSI6InByb2R1Y3RzLzgxNDUyLzc0ZTQ2ZjFiMDMzNGYzNmVjMjFiMjBmYWIyNzg3M2QyLnBuZyIsImVkaXRzIjp7InJlc2l6ZSI6eyJ3aWR0aCI6NDAwfSwid2VicCI6eyJxdWFsaXR5Ijo1MH19fQ==,/sneakers/nike/nike-air-max-full-ride-tr-15-black-anthracite-869633-010-ka-2/81452?from=search
Nike PG 1 The Bait,4000000,https://image.goat.com/750/attachments/product_template_pictures/images/002/900/718/original/878627_417.png.png,/sneakers/nike/nike-pg-1-the-bait-878627-417-ka/84782?from=search
Nike Burrow SE 'Medium Ash',870000,https://d5ibtax54de3q.cloudfront.net/eyJidWNrZXQiOiJraWNrYXZlbnVlLWFzc2V0cyIsImtleSI6InByb2R1Y3RzLzgzNDUxLzIyZGNkNWMyN2NkYmZlZWE3M2FkNmE5OGRhZWVjNzk0LnBuZyIsImVkaXRzIjp7InJlc2l6ZSI6eyJ3aWR0aCI6NDAwfSwid2VicCI6eyJxdWFsaXR5Ijo1MH19fQ==,/sneakers/nike/nike-burrow-se-medium-ash-dq0668-200-ka/83451?from=search
Nike Charge Canvas Premium SB Mystic Navy,1430000,https://d5ibtax54de3q.cloudfront.net/eyJidWNrZXQiOiJraWNrYXZlbnVlLWFzc2V0cyIsImtleSI6InByb2R1Y3RzLzgzNDYzLzcyNTg2NzhlYTcwMTI2YjNjY2RlMzk3NzIxNGFjYjdhLnBuZyIsImVkaXRzIjp7InJlc2l6ZSI6eyJ3aWR0aCI6NDAwfSwid2VicCI6eyJxdWFsaXR5Ijo1MH19fQ==,/sneakers/nike/nike-charge-canvas-premium-sb-mystic-navy-cv6481-400-ka-2/83463?from=search
Nike Air Force 1 Low Retro Ivory Snake 2019,1600000,https://d5ibtax54de3q.cloudfront.net/eyJidWNrZXQiOiJraWNrYXZlbnVlLWFzc2V0cyIsImtleSI6InByb2R1Y3RzLzgwMTMyLzNjMGYzOWQ0OGU4ZTU1ODBkOTM0Y2RkMTliZmMxMzM2LnBuZyIsImVkaXRzIjp7InJlc2l6ZSI6eyJ3aWR0aCI6NDAwfSwid2VicCI6eyJxdWFsaXR5Ijo1MH19fQ==,/sneakers/nike/nike-air-force-1-low-retro-ivory-snake-2019-ao1635-100-ka/80132?from=search
On Running Cloudaway Pearl Fog,3360000,https://d5ibtax54de3q.cloudfront.net/eyJidWNrZXQiOiJraWNrYXZlbnVlLWFzc2V0cyIsImtleSI6InByb2R1Y3RzLzk2OTUyLzk0NjU1ZmVkNTAxNzhjNzkxYjQ1ZDQ0ZTc0YWQxY2Q3LnBuZyIsImVkaXRzIjp7InJlc2l6ZSI6eyJ3aWR0aCI6NDAwfSwid2VicCI6eyJxdWFsaXR5Ijo1MH19fQ==,/sneakers/on-running/on-running-cloudaway-pearl-fog-4998947-ka-2/96952?from=search
Nike Air Force 1 High WTR The 10TH X Gore Tex,6220000,https://d5ibtax54de3q.cloudfront.net/eyJidWNrZXQiOiJraWNrYXZlbnVlLWFzc2V0cyIsImtleSI6InByb2R1Y3RzLzgwNDA0LzBmZmM1NGFiNzk0MTYwNjkzY2I2MmU0MmZmMzA1NzcxLnBuZyIsImVkaXRzIjp7InJlc2l6ZSI6eyJ3aWR0aCI6NDAwfSwid2VicCI6eyJxdWFsaXR5Ijo1MH19fQ==,/sneakers/nike/nike-air-force-1-high-wtr-the-10th-x-gore-tex-cq7211-001-ka/80404?from=search
Nike Kyrie 2 Doernbecher,5060000,https://d5ibtax54de3q.cloudfront.net/eyJidWNrZXQiOiJraWNrYXZlbnVlLWFzc2V0cyIsImtleSI6InByb2R1Y3RzLzgyMTYzLzFiOTY0OTY2ODg1ZmY0MGE5YjE1ZGRmOGFlYTMwZWUwLnBuZyIsImVkaXRzIjp7InJlc2l6ZSI6eyJ3aWR0aCI6NDAwfSwid2VicCI6eyJxdWFsaXR5Ijo1MH19fQ==,/sneakers/nike/nike-kyrie-2-doernbecher-898641-001-ka/82163?from=search
Nike Kyrie 2 EYBL Promo,3810000,https://d5ibtax54de3q.cloudfront.net/eyJidWNrZXQiOiJraWNrYXZlbnVlLWFzc2V0cyIsImtleSI6InByb2R1Y3RzLzgyMTY5Lzg1MmViYzVmMjg5YWE2YmE3YjVlZTUyMzg1YWNhNzI5LnBuZyIsImVkaXRzIjp7InJlc2l6ZSI6eyJ3aWR0aCI6NDAwfSwid2VicCI6eyJxdWFsaXR5Ijo1MH19fQ==,/sneakers/nike/nike-kyrie-2-eybl-promo-847687-470-ka/82169?from=search
Nike Air Max 90 Have a Good Game,3220000,https://d5ibtax54de3q.cloudfront.net/eyJidWNrZXQiOiJraWNrYXZlbnVlLWFzc2V0cyIsImtleSI6InByb2R1Y3RzLzgwNzM2LzIwNmY5NmYyZGQ4NjcwNmVjOWFlYzU5MTVmOGE3Y2JlLnBuZyIsImVkaXRzIjp7InJlc2l6ZSI6eyJ3aWR0aCI6NDAwfSwid2VicCI6eyJxdWFsaXR5Ijo1MH19fQ==,/sneakers/nike/nike-air-max-90-have-a-good-game-dc0832-101-ka/80736?from=search
ANTA KT Splash 3 Iced Blueberry Tea,840000,https://d5ibtax54de3q.cloudfront.net/eyJidWNrZXQiOiJraWNrYXZlbnVlLWFzc2V0cyIsImtleSI6InByb2R1Y3RzLzk5NDkyLzY5ZjhhNjRkYTkyMmI5MDc3NzYzNGU1NDA4MWQwODZjLnBuZyIsImVkaXRzIjp7InJlc2l6ZSI6eyJ3aWR0aCI6NDAwfSwid2VicCI6eyJxdWFsaXR5Ijo1MH19fQ==,/sneakers/anta/anta-kt-splash-3-iced-blueberry-tea-112121604s-6-ka-2/99492?from=search
ANTA KT Splash 4 'Sea Wave',870000,https://d5ibtax54de3q.cloudfront.net/eyJidWNrZXQiOiJraWNrYXZlbnVlLWFzc2V0cyIsImtleSI6InByb2R1Y3RzLzk5NDk0L2U4OTMxOWY5ZWU5YWIzN2U3NTdlYWVkZTE2MzE2OGUxLnBuZyIsImVkaXRzIjp7InJlc2l6ZSI6eyJ3aWR0aCI6NDAwfSwid2VicCI6eyJxdWFsaXR5Ijo1MH19fQ==,/sneakers/anta/anta-kt-splash-4-sea-wave-112221602-3-ka/99494?from=search
Jordan 11 OG Concord (1995),16180000,https://d5ibtax54de3q.cloudfront.net/eyJidWNrZXQiOiJraWNrYXZlbnVlLWFzc2V0cyIsImtleSI6InByb2R1Y3RzLzkyNTA1LzVhOWJjYjk2ZmRiNjQyZTJiYTI4MjYyYTVkNzhlZDlmLnBuZyIsImVkaXRzIjp7InJlc2l6ZSI6eyJ3aWR0aCI6NDAwfSwid2VicCI6eyJxdWFsaXR5Ijo1MH19fQ==,/sneakers/air-jordan/jordan-11-og-concord-1995-130245-101-ka/92505?from=search
ASICS Aaron Slip-On White Red Blue,990000,https://d5ibtax54de3q.cloudfront.net/eyJidWNrZXQiOiJraWNrYXZlbnVlLWFzc2V0cyIsImtleSI6InByb2R1Y3RzLzk5ODY4LzBjNzc1NjkwOTVmN2MwZDBmMWYzNThjYmRmY2FlZWJiLnBuZyIsImVkaXRzIjp7InJlc2l6ZSI6eyJ3aWR0aCI6NDAwfSwid2VicCI6eyJxdWFsaXR5Ijo1MH19fQ==,/sneakers/asics/asics-aaron-slip-on-white-red-blue-1203a234-101-ka-2/99868?from=search
Nike PG 2 EYBL,12130000,https://d5ibtax54de3q.cloudfront.net/eyJidWNrZXQiOiJraWNrYXZlbnVlLWFzc2V0cyIsImtleSI6InByb2R1Y3RzLzg0ODAyLzkzYzcxYjY0OTE0NDI5ZjU4YjA1ODgyMWM5YjRiZjk5LnBuZyIsImVkaXRzIjp7InJlc2l6ZSI6eyJ3aWR0aCI6NDAwfSwid2VicCI6eyJxdWFsaXR5Ijo1MH19fQ==,/sneakers/nike/nike-pg-2-eybl-bq4479-001-ka/84802?from=search
Nike PG 2.5 Team Bank White Black,5290000,https://d5ibtax54de3q.cloudfront.net/eyJidWNrZXQiOiJraWNrYXZlbnVlLWFzc2V0cyIsImtleSI6InByb2R1Y3RzLzg0ODEwL2ExZDM5ZDM1Mzc3Zjg5MDMxZGM3YjgwMjYzNjc1Yzc0LnBuZyIsImVkaXRzIjp7InJlc2l6ZSI6eyJ3aWR0aCI6NDAwfSwid2VicCI6eyJxdWFsaXR5Ijo1MH19fQ==,/sneakers/nike/nike-pg-25-team-bank-white-black-bq8454-100-ka/84810?from=search
Nike Air Monarch IV 4E Wide White Blue,4300000,https://d5ibtax54de3q.cloudfront.net/eyJidWNrZXQiOiJraWNrYXZlbnVlLWFzc2V0cyIsImtleSI6InByb2R1Y3RzLzgxNzgwLzU2M2NmMTZmM2UzYmE1ZDMzMjZiNWUxOTRhYzNmYjRhLnBuZyIsImVkaXRzIjp7InJlc2l6ZSI6eyJ3aWR0aCI6NDAwfSwid2VicCI6eyJxdWFsaXR5Ijo1MH19fQ==,/sneakers/nike/nike-air-monarch-iv-4e-wide-white-blue-416355-002-ka/81780?from=search
Nike Air Monarch IV Snow Day,970000,https://d5ibtax54de3q.cloudfront.net/eyJidWNrZXQiOiJraWNrYXZlbnVlLWFzc2V0cyIsImtleSI6InByb2R1Y3RzLzgxNzg3Lzk0MTE5YzhlMDBlZWIzZDY5YTNjNjNhMThhMWI2MGZmLnBuZyIsImVkaXRzIjp7InJlc2l6ZSI6eyJ3aWR0aCI6NDAwfSwid2VicCI6eyJxdWFsaXR5Ijo1MH19fQ==,/sneakers/nike/nike-air-monarch-iv-snow-day-av6676-100-ka/81787?from=search
Nike Air Skarn ACG Sequoia Bordeaux,14870000,https://d5ibtax54de3q.cloudfront.net/eyJidWNrZXQiOiJraWNrYXZlbnVlLWFzc2V0cyIsImtleSI6InByb2R1Y3RzLzg4MzE1LzA4NGI5N2IzMTE2ZmI0YjcwMjkzMzcwM2I5Y2I5ODVjLnBuZyIsImVkaXRzIjp7InJlc2l6ZSI6eyJ3aWR0aCI6NDAwfSwid2VicCI6eyJxdWFsaXR5Ijo1MH19fQ==,/sneakers/nike/nike-air-skarn-acg-sequoia-bordeaux-cd2189-300-ka/88315?from=search
Nike KD 7 Elite Team Pack,4390000,https://d5ibtax54de3q.cloudfront.net/eyJidWNrZXQiOiJraWNrYXZlbnVlLWFzc2V0cyIsImtleSI6InByb2R1Y3RzLzgzMTczLzUwYzQzMGI0NDYzMjAzYjc4NjdmZjBkYzQ3MmMyZjdiLnBuZyIsImVkaXRzIjp7InJlc2l6ZSI6eyJ3aWR0aCI6NDAwfSwid2VicCI6eyJxdWFsaXR5Ijo1MH19fQ==,/sneakers/nike/nike-kd-7-elite-team-pack-724349-478-ka/83173?from=search
Nike SB Dunk Low Orange Label Black White Gum (2019),3300000,https://d5ibtax54de3q.cloudfront.net/eyJidWNrZXQiOiJraWNrYXZlbnVlLWFzc2V0cyIsImtleSI6InByb2R1Y3RzLzg5ODEwLzI1NzEzZDc5ZTNkYzExMTEyZmE0YTI1OGQyYzkxNmZhLnBuZyIsImVkaXRzIjp7InJlc2l6ZSI6eyJ3aWR0aCI6NDAwfSwid2VicCI6eyJxdWFsaXR5Ijo1MH19fQ==,/sneakers/nike/nike-sb-dunk-low-orange-label-black-white-gum-2019-cd2563-001-ka/89810?from=search
Air Jordan 1 Low Chloropyll,1310000,https://d5ibtax54de3q.cloudfront.net/eyJidWNrZXQiOiJraWNrYXZlbnVlLWFzc2V0cyIsImtleSI6InByb2R1Y3RzLzEwMzQwMC9iZWIxYWNiNzA1OWNmZmJkOWI5MDk1NjAzOTU5NjA1Yi5wbmciLCJlZGl0cyI6eyJyZXNpemUiOnsid2lkdGgiOjQwMH0sIndlYnAiOnsicXVhbGl0eSI6NTB9fX0=,/sneakers/air-jordan/air-jordan-1-low-chloropyll-hf4823-100-ka/103400?from=search
Nike Dunk Low Neapolitan,1500000,https://d5ibtax54de3q.cloudfront.net/eyJidWNrZXQiOiJraWNrYXZlbnVlLWFzc2V0cyIsImtleSI6InByb2R1Y3RzLzEwNTM0NS9jNTg3MzVlYjNkZDlmMmUyMzc2NWY1YzI4NmE0NjljOC5wbmciLCJlZGl0cyI6eyJyZXNpemUiOnsid2lkdGgiOjQwMH0sIndlYnAiOnsicXVhbGl0eSI6NTB9fX0=,/sneakers/nike/nike-dunk-low-neapolitan-hm0987-200-ka/105345?from=search
Nike Mercurial Vapor 12 Elite FG Golden Touch,10270000,https://d5ibtax54de3q.cloudfront.net/eyJidWNrZXQiOiJraWNrYXZlbnVlLWFzc2V0cyIsImtleSI6InByb2R1Y3RzLzg5NTA3L2ZmMmYwMjI3NWEzODNkM2IyZjg0OTczYjc5Y2IxYjE4LnBuZyIsImVkaXRzIjp7InJlc2l6ZSI6eyJ3aWR0aCI6NDAwfSwid2VicCI6eyJxdWFsaXR5Ijo1MH19fQ==,/sneakers/nike/nike-mercurial-vapor-12-elite-fg-golden-touch-bq4657-001-ka/89507?from=search
Nike SB Dunk Low Binary Blue,4400000,https://d5ibtax54de3q.cloudfront.net/eyJidWNrZXQiOiJraWNrYXZlbnVlLWFzc2V0cyIsImtleSI6InByb2R1Y3RzLzg5NzUwLzc4N2VmNjZjZThlNTQ5MjRhOWI3NDNlMTM5OGM1YjFmLnBuZyIsImVkaXRzIjp7InJlc2l6ZSI6eyJ3aWR0aCI6NDAwfSwid2VicCI6eyJxdWFsaXR5Ijo1MH19fQ==,/sneakers/nike/nike-sb-dunk-low-binary-blue-854866-444-ka/89750?from=search
Nike KD Trey 5 VI EP Black Metallic Gold,14870000,https://d5ibtax54de3q.cloudfront.net/eyJidWNrZXQiOiJraWNrYXZlbnVlLWFzc2V0cyIsImtleSI6InByb2R1Y3RzLzg0MTQ0L2I3Yzc3OTYyZjlkY2QyZTBlNmM0OWUxNDFiNGE2NjZmLnBuZyIsImVkaXRzIjp7InJlc2l6ZSI6eyJ3aWR0aCI6NDAwfSwid2VicCI6eyJxdWFsaXR5Ijo1MH19fQ==,/sneakers/nike/nike-kd-trey-5-vi-ep-black-metallic-gold-aa7070-099-ka/84144?from=search
Nike Killshot OG Sail Oil Green,1290000,https://d5ibtax54de3q.cloudfront.net/eyJidWNrZXQiOiJraWNrYXZlbnVlLWFzc2V0cyIsImtleSI6InByb2R1Y3RzLzg0MTc0L2U3MTUzOWRkMjBkNTc2Y2U3MTcwMjI0ZDRkMjM3OWE4LnBuZyIsImVkaXRzIjp7InJlc2l6ZSI6eyJ3aWR0aCI6NDAwfSwid2VicCI6eyJxdWFsaXR5Ijo1MH19fQ==,/sneakers/nike/nike-killshot-og-sail-oil-green-dc7627-105-ka/84174?from=search
Li-Ning Bubble Slide Paris Fashion Week Red,490000,https://d5ibtax54de3q.cloudfront.net/eyJidWNrZXQiOiJraWNrYXZlbnVlLWFzc2V0cyIsImtleSI6InByb2R1Y3RzLzEwMjU0OC9lNDg0OGQ0ZTA4MzY0MGZiY2Y5MTZjNGE5ZmZhOTlkMy5wbmciLCJlZGl0cyI6eyJyZXNpemUiOnsid2lkdGgiOjQwMH0sIndlYnAiOnsicXVhbGl0eSI6NTB9fX0=,/sneakers/li-ning/li-ning-bubble-slide-paris-fashion-week-red-abtq005-3-ka-2/102548?from=search
Nike SB Heritage Vulc Summit White Cardinal Red,620000,https://d5ibtax54de3q.cloudfront.net/eyJidWNrZXQiOiJraWNrYXZlbnVlLWFzc2V0cyIsImtleSI6InByb2R1Y3RzLzk2MjkzLzQ4M2ExNjVjZjAwOTZmMjNhNzdjNjA3OWJkZGQzNjkyLnBuZyIsImVkaXRzIjp7InJlc2l6ZSI6eyJ3aWR0aCI6NDAwfSwid2VicCI6eyJxdWFsaXR5Ijo1MH19fQ==,/sneakers/nike/nike-sb-heritage-vulc-summit-white-cardinal-red-cd5010-100-ka/96293?from=search
Jordan 1 Moto Smokey Mauve,3680000,https://d5ibtax54de3q.cloudfront.net/eyJidWNrZXQiOiJraWNrYXZlbnVlLWFzc2V0cyIsImtleSI6InByb2R1Y3RzLzkyMzc0Lzg3NTQ4MjdiNThlMjg4Nzc4MGM4YjYxNmNlNjBmNWQzLnBuZyIsImVkaXRzIjp7InJlc2l6ZSI6eyJ3aWR0aCI6NDAwfSwid2VicCI6eyJxdWFsaXR5Ijo1MH19fQ==,/sneakers/air-jordan/jordan-1-moto-smokey-mauve-at3146-204-ka/92374?from=search
New Balance 860v2 Aime Leon Dore Orange,6950000,https://d5ibtax54de3q.cloudfront.net/eyJidWNrZXQiOiJraWNrYXZlbnVlLWFzc2V0cyIsImtleSI6InByb2R1Y3RzLzEwNTYzNC8zMWJhMTdjMGU4NzJmNTRhZjA5YjBkMjk3OGIyMjhlOS5wbmciLCJlZGl0cyI6eyJyZXNpemUiOnsid2lkdGgiOjQwMH0sIndlYnAiOnsicXVhbGl0eSI6NTB9fX0=,/sneakers/new-balance/new-balance-860v2-aime-leon-dore-orange-ml860ab2-ka/105634?from=search
ASICS Gel Spotlyte V2 Low Cream White Blue,1690000,https://d5ibtax54de3q.cloudfront.net/eyJidWNrZXQiOiJraWNrYXZlbnVlLWFzc2V0cyIsImtleSI6InByb2R1Y3RzLzEwMTAwOS9kMWMxYmZlODhkMTJjYzU0ZWIyMmE0N2M4NTAxZjVjMi5wbmciLCJlZGl0cyI6eyJyZXNpemUiOnsid2lkdGgiOjQwMH0sIndlYnAiOnsicXVhbGl0eSI6NTB9fX0=,/sneakers/asics/asics-gel-spotlyte-v2-low-cream-white-blue-1203a258-105-ka-2/101009?from=search
Air Jordan Hydro 11 Emerald,4030000,https://d5ibtax54de3q.cloudfront.net/eyJidWNrZXQiOiJraWNrYXZlbnVlLWFzc2V0cyIsImtleSI6InByb2R1Y3RzLzkzNjQ2L2EyY2Q2Njc4YTY2MmU2ZWQ0Y2M0NWQ3NjViZDVhNWNiLnBuZyIsImVkaXRzIjp7InJlc2l6ZSI6eyJ3aWR0aCI6NDAwfSwid2VicCI6eyJxdWFsaXR5Ijo1MH19fQ==,/sneakers/air-jordan/air-jordan-hydro-11-emerald-aa1336-117-ka/93646?from=search
Air Jordan Hydro 4 Slide White Black,4990000,https://d5ibtax54de3q.cloudfront.net/eyJidWNrZXQiOiJraWNrYXZlbnVlLWFzc2V0cyIsImtleSI6InByb2R1Y3RzLzkzNjU1L2ZmYjE3ZWY4N2QxMGMxY2ViYTExMDI1MmM1NGYxYTY3LnBuZyIsImVkaXRzIjp7InJlc2l6ZSI6eyJ3aWR0aCI6NDAwfSwid2VicCI6eyJxdWFsaXR5Ijo1MH19fQ==,/sneakers/air-jordan/air-jordan-hydro-4-slide-white-black-532225-104-ka/93655?from=search
Nike Renew Elevate 3 Black Anthracite,1400000,https://d5ibtax54de3q.cloudfront.net/eyJidWNrZXQiOiJraWNrYXZlbnVlLWFzc2V0cyIsImtleSI6InByb2R1Y3RzLzg1MzQyLzA1NjIxNThhNGUzYjYxOWE3MzdlY2YwZTQxYzNlOTI4LnBuZyIsImVkaXRzIjp7InJlc2l6ZSI6eyJ3aWR0aCI6NDAwfSwid2VicCI6eyJxdWFsaXR5Ijo1MH19fQ==,/sneakers/nike/nike-renew-elevate-3-black-anthracite-dd9304-001-ka/85342?from=search
New Balance 550 AURALEE,8290000,https://d5ibtax54de3q.cloudfront.net/eyJidWNrZXQiOiJraWNrYXZlbnVlLWFzc2V0cyIsImtleSI6InByb2R1Y3RzLzk0ODc4LzQyNzJkZTU3ZjFkMDgzNWVlZmI1NGJlZWFiNjU1YmY5LnBuZyIsImVkaXRzIjp7InJlc2l6ZSI6eyJ3aWR0aCI6NDAwfSwid2VicCI6eyJxdWFsaXR5Ijo1MH19fQ==,/sneakers/new-balance/jordan-jordan-why-not-zer01-chaos-pf-total-orange-bb550ar-ka/94878?from=search
New Balance 530 White Gold,1500000,https://d5ibtax54de3q.cloudfront.net/eyJidWNrZXQiOiJraWNrYXZlbnVlLWFzc2V0cyIsImtleSI6InByb2R1Y3RzLzk1OTY3Lzg5YWJjMTkzNTBlZWJjN2ZlZTQ5YTk5MDIwODQxMzY1LnBuZyIsImVkaXRzIjp7InJlc2l6ZSI6eyJ3aWR0aCI6NDAwfSwid2VicCI6eyJxdWFsaXR5Ijo1MH19fQ==,/sneakers/new-balance/new-balance-530-white-gold-mr530rd-ka/95967?from=search
Nike SB Dunk High Deep Burgundy Gridiron,5200000,https://d5ibtax54de3q.cloudfront.net/eyJidWNrZXQiOiJraWNrYXZlbnVlLWFzc2V0cyIsImtleSI6InByb2R1Y3RzLzg5NjgwLzdhNmFlZjI4ZmJjNjQyMTFmOTFkNDRiNWNmZWQ0YmY1LnBuZyIsImVkaXRzIjp7InJlc2l6ZSI6eyJ3aWR0aCI6NDAwfSwid2VicCI6eyJxdWFsaXR5Ijo1MH19fQ==,/sneakers/nike/nike-sb-dunk-high-deep-burgundy-gridiron-305050-602-ka/89680?from=search
New Balance 576 Made in England Vulcan,4620000,https://d5ibtax54de3q.cloudfront.net/eyJidWNrZXQiOiJraWNrYXZlbnVlLWFzc2V0cyIsImtleSI6InByb2R1Y3RzLzk1MjA4LzYwZGFhMzU0NjgzY2RmNTdlNjYxNTI4NDI4YzA3YjBlLnBuZyIsImVkaXRzIjp7InJlc2l6ZSI6eyJ3aWR0aCI6NDAwfSwid2VicCI6eyJxdWFsaXR5Ijo1MH19fQ==,/sneakers/new-balance/new-balance-576-made-in-england-vulcan-ou576ggn-ka/95208?from=search
Hoka One One Clifton 8 Fiesta Orange Purple,1800000,https://d5ibtax54de3q.cloudfront.net/eyJidWNrZXQiOiJraWNrYXZlbnVlLWFzc2V0cyIsImtleSI6InByb2R1Y3RzLzk3NzIzLzJlMzE2NGY4NTRmMDIxYzg5NWE0YWNlZGIyZWIyZDNlLnBuZyIsImVkaXRzIjp7InJlc2l6ZSI6eyJ3aWR0aCI6NDAwfSwid2VicCI6eyJxdWFsaXR5Ijo1MH19fQ==,/sneakers/hoka/hoka-one-one-clifton-8-fiesta-orange-purple-1119393-fbln-ka/97723?from=search
Hoka One One Clifton 9 Coastal Sky,2380000,https://d5ibtax54de3q.cloudfront.net/eyJidWNrZXQiOiJraWNrYXZlbnVlLWFzc2V0cyIsImtleSI6InByb2R1Y3RzLzk3NzQwLzk1M2E1MGZhNDUxY2Q0ZTkxNzlmZDk3YWFlYzMwYzg5LnBuZyIsImVkaXRzIjp7InJlc2l6ZSI6eyJ3aWR0aCI6NDAwfSwid2VicCI6eyJxdWFsaXR5Ijo1MH19fQ==,/sneakers/hoka/hoka-one-one-clifton-9-coastal-sky-1127895-csaa-ka/97740?from=search
Hoka One One Clifton 9 Shifting Sand,2050000,https://d5ibtax54de3q.cloudfront.net/eyJidWNrZXQiOiJraWNrYXZlbnVlLWFzc2V0cyIsImtleSI6InByb2R1Y3RzLzk3NzQ1LzQzNzkwMDZmYjU3MzA1NzhkODk5ZjRiNzM4OTk0ZTJjLnBuZyIsImVkaXRzIjp7InJlc2l6ZSI6eyJ3aWR0aCI6NDAwfSwid2VicCI6eyJxdWFsaXR5Ijo1MH19fQ==,/sneakers/hoka/hoka-one-one-clifton-9-shifting-sand-1127895-sseg-ka/97745?from=search
Hoka One One Clifton Edge Lunar Rock Cyan Red,1820000,https://d5ibtax54de3q.cloudfront.net/eyJidWNrZXQiOiJraWNrYXZlbnVlLWFzc2V0cyIsImtleSI6InByb2R1Y3RzLzk3NzU3LzdhNjNiZGU2MTg1ZjdlNjVmYWQ5NGUzZjgxNDQ4OWJlLnBuZyIsImVkaXRzIjp7InJlc2l6ZSI6eyJ3aWR0aCI6NDAwfSwid2VicCI6eyJxdWFsaXR5Ijo1MH19fQ==,/sneakers/hoka/hoka-one-one-clifton-edge-lunar-rock-cyan-red-1110510-lrwh-ka/97757?from=search
Converse Chuck Taylor All Star x Turnstile 70 High Black Grey,2500000,https://d5ibtax54de3q.cloudfront.net/eyJidWNrZXQiOiJraWNrYXZlbnVlLWFzc2V0cyIsImtleSI6InByb2R1Y3RzLzEwNTU5MC80YmQ5ZDAwNjVjYzA3NDNjMTcwMDQ3MmJmMWI3N2YwYi5wbmciLCJlZGl0cyI6eyJyZXNpemUiOnsid2lkdGgiOjQwMH0sIndlYnAiOnsicXVhbGl0eSI6NTB9fX0=,/sneakers/converse/converse-chuck-taylor-all-star-x-turnstile-70-high-black-grey-a08656c-ka/105590?from=search
Air Jordan 3 Retro & Nike Air Max 1 Atmos Pack,16250000,https://d5ibtax54de3q.cloudfront.net/eyJidWNrZXQiOiJraWNrYXZlbnVlLWFzc2V0cyIsImtleSI6InByb2R1Y3RzLzkyNTkwLzc5MmI0NjRjMzg1NjMxYmUyYjI1ZjRhMzdmZTk5ZmFlLnBuZyIsImVkaXRzIjp7InJlc2l6ZSI6eyJ3aWR0aCI6NDAwfSwid2VicCI6eyJxdWFsaXR5Ijo1MH19fQ==,/sneakers/air-jordan/air-jordan-3-retro-nike-air-max-1-atmos-pack-923098-900-ka/92590?from=search
New Balance Furon V7 Pro FG Stone Island Raheem Sterling,3150000,https://d5ibtax54de3q.cloudfront.net/eyJidWNrZXQiOiJraWNrYXZlbnVlLWFzc2V0cyIsImtleSI6InByb2R1Y3RzLzk5MDQzLzEyZDI5MjhjYTgwNGQ5NGI3MGRmMGFmY2Q4NmE5OTIxLnBuZyIsImVkaXRzIjp7InJlc2l6ZSI6eyJ3aWR0aCI6NDAwfSwid2VicCI6eyJxdWFsaXR5Ijo1MH19fQ==,/sneakers/new-balance/new-balance-furon-v7-pro-fg-stone-island-raheem-sterling-sf1fsi7-ka-2/99043?from=search
Hoka One One Rincon 3 Nimbus Cloud Steel Wool,1970000,https://d5ibtax54de3q.cloudfront.net/eyJidWNrZXQiOiJraWNrYXZlbnVlLWFzc2V0cyIsImtleSI6InByb2R1Y3RzLzk3OTI2LzU2YzQwNTAyOGJjYjU5OTEzNGMwOTllNjQ1OTEwODRhLnBuZyIsImVkaXRzIjp7InJlc2l6ZSI6eyJ3aWR0aCI6NDAwfSwid2VicCI6eyJxdWFsaXR5Ijo1MH19fQ==,/sneakers/hoka/hoka-one-one-rincon-3-nimbus-cloud-steel-wool-1119395-ncsw-ka/97926?from=search
Nike Cortez Dark Pony,1410000,https://d5ibtax54de3q.cloudfront.net/eyJidWNrZXQiOiJraWNrYXZlbnVlLWFzc2V0cyIsImtleSI6InByb2R1Y3RzLzExMjQzNC84NDRiNjQxZGJkNDUyNmIwYjI4MTczZDY3ZmE4NjBlMC5wbmciLCJlZGl0cyI6eyJyZXNpemUiOnsid2lkdGgiOjQwMH0sIndlYnAiOnsicXVhbGl0eSI6NTB9fX0=,/sneakers/nike/nike-cortez-dark-pony-dm4044-107-ka/112434?from=search
Nike P-6000 Metallic Silver Sail (Kick Point Only),519000,https://d5ibtax54de3q.cloudfront.net/eyJidWNrZXQiOiJraWNrYXZlbnVlLWFzc2V0cyIsImtleSI6InByb2R1Y3RzLzExMjQ3My9hMTVlMGVjNzEwYjhlZTI3YTY1YjQwNTkzODhmNmZhYS5wbmciLCJlZGl0cyI6eyJyZXNpemUiOnsid2lkdGgiOjQwMH0sIndlYnAiOnsicXVhbGl0eSI6NTB9fX0=,/sneakers/nike/nike-p-6000-metallic-silver-sail-kick-point-only-kp-cn0149-001-ka/112473?from=search
Hoka One One Challenger ATR 7 'Mock Orange',2110000,https://d5ibtax54de3q.cloudfront.net/eyJidWNrZXQiOiJraWNrYXZlbnVlLWFzc2V0cyIsImtleSI6InByb2R1Y3RzLzk3Mzg3Lzg2YWI3OWRhMWI4YTViNmEzYzY2M2Q1MzlmYzhjOGM1LnBuZyIsImVkaXRzIjp7InJlc2l6ZSI6eyJ3aWR0aCI6NDAwfSwid2VicCI6eyJxdWFsaXR5Ijo1MH19fQ==,/sneakers/hoka/hoka-one-one-challenger-atr-7-mock-orange-1134498-movo-ka/97387?from=search
Hoka One One Kawana 'Peach Parfait',1840000,https://d5ibtax54de3q.cloudfront.net/eyJidWNrZXQiOiJraWNrYXZlbnVlLWFzc2V0cyIsImtleSI6InByb2R1Y3RzLzk3NDEyLzI5NDRlNWNmMWJkYzc2MzVjZDBmNjJjMWNmNjBmZWY0LnBuZyIsImVkaXRzIjp7InJlc2l6ZSI6eyJ3aWR0aCI6NDAwfSwid2VicCI6eyJxdWFsaXR5Ijo1MH19fQ==,/sneakers/hoka/hoka-one-one-kawana-peach-parfait-1123164-ppsc-ka/97412?from=search
Air Jordan Series ES Elemental Gold,1510000,https://d5ibtax54de3q.cloudfront.net/eyJidWNrZXQiOiJraWNrYXZlbnVlLWFzc2V0cyIsImtleSI6InByb2R1Y3RzLzk0MTUwLzkyMGZkMzk0ZDkyMGUwZjg1MDkwZDMyOTlmMTkyNGI2LnBuZyIsImVkaXRzIjp7InJlc2l6ZSI6eyJ3aWR0aCI6NDAwfSwid2VicCI6eyJxdWFsaXR5Ijo1MH19fQ==,/sneakers/air-jordan/air-jordan-series-es-elemental-gold-dn1856-700-ka/94150?from=search
Air Jordan CP3.X AE Playoffs,5080000,https://d5ibtax54de3q.cloudfront.net/eyJidWNrZXQiOiJraWNrYXZlbnVlLWFzc2V0cyIsImtleSI6InByb2R1Y3RzLzkzNDM0L2U4ZmQ1MWNkYzk2ZTBmMjg3NTAwMWZhNjUzMTU2N2UxLnBuZyIsImVkaXRzIjp7InJlc2l6ZSI6eyJ3aWR0aCI6NDAwfSwid2VicCI6eyJxdWFsaXR5Ijo1MH19fQ==,/sneakers/air-jordan/jordan-cp3x-ae-playoffs-897507-100-ka/93434?from=search
New Balance 574 Black White Blue,520000,https://d5ibtax54de3q.cloudfront.net/eyJidWNrZXQiOiJraWNrYXZlbnVlLWFzc2V0cyIsImtleSI6InByb2R1Y3RzLzk1MDEyL2UwMTE2NDg2MDYxN2FmNzZmYjE4ZTdmYTFhYmJjYWFhLnBuZyIsImVkaXRzIjp7InJlc2l6ZSI6eyJ3aWR0aCI6NDAwfSwid2VicCI6eyJxdWFsaXR5Ijo1MH19fQ==,/sneakers/new-balance/jordan-legacy-312-low-white-game-royal-university-red-ms574scs-ka/95012?from=search
New Balance 574 Black White Gum,1730000,https://d5ibtax54de3q.cloudfront.net/eyJidWNrZXQiOiJraWNrYXZlbnVlLWFzc2V0cyIsImtleSI6InByb2R1Y3RzLzk1MDE1LzllNmFjNGE5ZjBhMWZjZmEyNTgyZjQyOTBjZDJlMjA2LnBuZyIsImVkaXRzIjp7InJlc2l6ZSI6eyJ3aWR0aCI6NDAwfSwid2VicCI6eyJxdWFsaXR5Ijo1MH19fQ==,/sneakers/new-balance/jordan-legacy-312-valentines-day-u574ug2-ka/95015?from=search
Nike Air Max 90 Midnight Navy,3380000,https://d5ibtax54de3q.cloudfront.net/eyJidWNrZXQiOiJraWNrYXZlbnVlLWFzc2V0cyIsImtleSI6InByb2R1Y3RzLzk2NzI1L2EzYThlODIzMTA2OTU1MjhkMmNmNjI3NjU2NDJlMmJiLnBuZyIsImVkaXRzIjp7InJlc2l6ZSI6eyJ3aWR0aCI6NDAwfSwid2VicCI6eyJxdWFsaXR5Ijo1MH19fQ==,/sneakers/nike/-nike-air-max-90-midnight-navy-fb9658-400-ka/96725?from=search
Puma Palermo OG Silver Sky Cayenne Pepper,1750000,https://d5ibtax54de3q.cloudfront.net/eyJidWNrZXQiOiJraWNrYXZlbnVlLWFzc2V0cyIsImtleSI6InByb2R1Y3RzLzEwODUwMS9lMzE0YTllNThmNWE4N2MwNjA3ODM3YzI4ZDg5ZTk5MS5wbmciLCJlZGl0cyI6eyJyZXNpemUiOnsid2lkdGgiOjQwMH0sIndlYnAiOnsicXVhbGl0eSI6NTB9fX0=,/sneakers/puma/puma-palermo-og-silver-sky-cayenne-pepper-383011-06-ka/108501?from=search
New Balance 996 Moonbeam Gold,1880000,https://d5ibtax54de3q.cloudfront.net/eyJidWNrZXQiOiJraWNrYXZlbnVlLWFzc2V0cyIsImtleSI6InByb2R1Y3RzLzk4NzEyLzA0YjA5OTk2ZjBlYzllZDc2YzZmYTgwNDk0M2Q3NTI1LnBuZyIsImVkaXRzIjp7InJlc2l6ZSI6eyJ3aWR0aCI6NDAwfSwid2VicCI6eyJxdWFsaXR5Ijo1MH19fQ==,/sneakers/new-balance/new-balance-996-moonbeam-gold-cm996bi-ka-2/98712?from=search
New Balance 996 Gore Tex Grey Metallic Silver,1820000,https://d5ibtax54de3q.cloudfront.net/eyJidWNrZXQiOiJraWNrYXZlbnVlLWFzc2V0cyIsImtleSI6InByb2R1Y3RzLzk4NzIyLzEzY2ZmYWQwZDgzYzk0NGRhYWViMzEzN2RiYjQ4OTc4LnBuZyIsImVkaXRzIjp7InJlc2l6ZSI6eyJ3aWR0aCI6NDAwfSwid2VicCI6eyJxdWFsaXR5Ijo1MH19fQ==,/sneakers/new-balance/new-balance-996-gore-tex-grey-metallic-silver-cm996xa2-ka-2/98722?from=search
New Balance Two WXY V3 Abstract,2200000,https://d5ibtax54de3q.cloudfront.net/eyJidWNrZXQiOiJraWNrYXZlbnVlLWFzc2V0cyIsImtleSI6InByb2R1Y3RzLzk5MjM3L2QwYWE1NThiMGE0ZjNmYzJmMmIzNzY5MjYwYjI3N2FhLnBuZyIsImVkaXRzIjp7InJlc2l6ZSI6eyJ3aWR0aCI6NDAwfSwid2VicCI6eyJxdWFsaXR5Ijo1MH19fQ==,/sneakers/new-balance/new-balance-two-wxy-v3-abstract-bb2wyns3-ka-2/99237?from=search
ASICS Gel Mai Japanese Text,940000,https://d5ibtax54de3q.cloudfront.net/eyJidWNrZXQiOiJraWNrYXZlbnVlLWFzc2V0cyIsImtleSI6InByb2R1Y3RzLzEwMDU2NS9kZTg1MGQ4MWJkMTk5ZmVlMmM3ZTkxMDk0OWRiNWFjMC5wbmciLCJlZGl0cyI6eyJyZXNpemUiOnsid2lkdGgiOjQwMH0sIndlYnAiOnsicXVhbGl0eSI6NTB9fX0=,/sneakers/asics/asics-gel-mai-japanese-text-1193a098-001-ka-2/100565?from=search
Adidas Superstar Pharrell Core Black,3410000,https://d5ibtax54de3q.cloudfront.net/eyJidWNrZXQiOiJraWNrYXZlbnVlLWFzc2V0cyIsImtleSI6InByb2R1Y3RzLzExMjAyMS80MWRkM2Y1YmFkNTQyZDNkZTlhOTE4NTEzNTQ0NWMzNi5wbmciLCJlZGl0cyI6eyJyZXNpemUiOnsid2lkdGgiOjQwMH0sIndlYnAiOnsicXVhbGl0eSI6NTB9fX0=,/sneakers/adidas/adidas-superstar-pharrell-core-black-gy4981-ka/112021?from=search
Converse Chuck Taylor 70 High Marquis Vintage White,770000,https://d5ibtax54de3q.cloudfront.net/eyJidWNrZXQiOiJraWNrYXZlbnVlLWFzc2V0cyIsImtleSI6InByb2R1Y3RzLzEwODAyOS85YjAxNmM1OGY4MzcwY2NmZjcxNWIxZDY5OTFmN2Y2YS5wbmciLCJlZGl0cyI6eyJyZXNpemUiOnsid2lkdGgiOjQwMH0sIndlYnAiOnsicXVhbGl0eSI6NTB9fX0=,/sneakers/converse/converse-chuck-taylor-70-high-marquis-vintage-white-a03426c-ka/108029?from=search
On Running Cloudultra Rhubarb Ray (Women's),3600000,https://d5ibtax54de3q.cloudfront.net/eyJidWNrZXQiOiJraWNrYXZlbnVlLWFzc2V0cyIsImtleSI6InByb2R1Y3RzLzEwOTM0OS8xMDYzNGI2MTkyZjcyMmI1MTY4ODkwMmU0Y2VjYmQwMi5wbmciLCJlZGl0cyI6eyJyZXNpemUiOnsid2lkdGgiOjQwMH0sIndlYnAiOnsicXVhbGl0eSI6NTB9fX0=,/sneakers/on-running/on-running-cloudultra-rhubarb-ray-w-4498321-ka/109349?from=search
New Balance 990 No Vacancy Inn,34700000,https://d5ibtax54de3q.cloudfront.net/eyJidWNrZXQiOiJraWNrYXZlbnVlLWFzc2V0cyIsImtleSI6InByb2R1Y3RzLzk4NjY2LzBjNTA0YzQyNDEwYjVlMzY2NGM4ZDM1Yjg1ZjU0MTg1LnBuZyIsImVkaXRzIjp7InJlc2l6ZSI6eyJ3aWR0aCI6NDAwfSwid2VicCI6eyJxdWFsaXR5Ijo1MH19fQ==,/sneakers/new-balance/new-balance-990-no-vacancy-inn-us990mc3-ka/98666?from=search
ASICS Gel-Lyte V India Ink Burgundy,1280000,https://d5ibtax54de3q.cloudfront.net/eyJidWNrZXQiOiJraWNrYXZlbnVlLWFzc2V0cyIsImtleSI6InByb2R1Y3RzLzEwMTMzMi81NTZhOGVkNjA0ZWJkNTRjZTc1M2FiN2VjNDgyY2M3ZC5wbmciLCJlZGl0cyI6eyJyZXNpemUiOnsid2lkdGgiOjQwMH0sIndlYnAiOnsicXVhbGl0eSI6NTB9fX0=,/sneakers/asics/asics-gel-lyte-v-india-ink-burgundy-hn6a4-5026-ka/101332?from=search
Nike Reax 8 TR Mesh Black Metallic Gold,1740000,https://d5ibtax54de3q.cloudfront.net/eyJidWNrZXQiOiJraWNrYXZlbnVlLWFzc2V0cyIsImtleSI6InByb2R1Y3RzLzEwODI0MC8yM2JhYzI3YzhhOTVmZDI0NWRmNmE5OWMwMjlmMDFjZi5wbmciLCJlZGl0cyI6eyJyZXNpemUiOnsid2lkdGgiOjQwMH0sIndlYnAiOnsicXVhbGl0eSI6NTB9fX0=,/sneakers/nike/nike-reax-8-tr-mesh-black-metallic-gold-621716-020-ka/108240?from=search
ASICS Gel Quantum 360 6 Glacier Grey Red,1620000,https://d5ibtax54de3q.cloudfront.net/eyJidWNrZXQiOiJraWNrYXZlbnVlLWFzc2V0cyIsImtleSI6InByb2R1Y3RzLzEwMDg2NS83MDMxYjI1MzMyZjEyMTUxNGUzZDFhNzc2NGUyZmJlNC5wbmciLCJlZGl0cyI6eyJyZXNpemUiOnsid2lkdGgiOjQwMH0sIndlYnAiOnsicXVhbGl0eSI6NTB9fX0=,/sneakers/asics/asics-gel-quantum-360-6-glacier-grey-red-1201a394-960-ka-2/100865?from=search
ASICS Skyhand OG HAY Flame Scarlet,1970000,https://d5ibtax54de3q.cloudfront.net/eyJidWNrZXQiOiJraWNrYXZlbnVlLWFzc2V0cyIsImtleSI6InByb2R1Y3RzLzExMzM1NS9mZTI3ZGRmZDBiYjhkMmFiOTlmZWRjMjg0NmMyZTgzZS5wbmciLCJlZGl0cyI6eyJyZXNpemUiOnsid2lkdGgiOjQwMH0sIndlYnAiOnsicXVhbGl0eSI6NTB9fX0=,/sneakers/asics/asics-skyhand-og-hay-flame-scarlet-1203a563-500-ka/113355?from=search
Asics Gel Kayano 14 Unlimited Pack - White Fawn,3340000,https://d5ibtax54de3q.cloudfront.net/eyJidWNrZXQiOiJraWNrYXZlbnVlLWFzc2V0cyIsImtleSI6InByb2R1Y3RzLzExMDE3MC8wNzU1YjE1MWQ5NTFjN2E5YTJhM2IzZWIxNGJmOGE5My5wbmciLCJlZGl0cyI6eyJyZXNpemUiOnsid2lkdGgiOjQwMH0sIndlYnAiOnsicXVhbGl0eSI6NTB9fX0=,/sneakers/asics/asics-gel-kayano-14-unlimited-pack-white-fawn-1203a667-100-ka/110170?from=search
New Balance SD100v4 White Vibrant Apricot,730000,https://d5ibtax54de3q.cloudfront.net/eyJidWNrZXQiOiJraWNrYXZlbnVlLWFzc2V0cyIsImtleSI6InByb2R1Y3RzLzk5MTkxLzcwOGY3N2QyMjk4YzMyMDE5NzVkMTVlMDYzOGZiNWFkLnBuZyIsImVkaXRzIjp7InJlc2l6ZSI6eyJ3aWR0aCI6NDAwfSwid2VicCI6eyJxdWFsaXR5Ijo1MH19fQ==,/sneakers/new-balance/new-balance-sd100v4-white-vibrant-apricot-usd100w4-ka-2/99191?from=search
New Balance 247 White Gum,620000,https://d5ibtax54de3q.cloudfront.net/eyJidWNrZXQiOiJraWNrYXZlbnVlLWFzc2V0cyIsImtleSI6InByb2R1Y3RzLzk0NTY4LzNlNjU3ZDljOWNmOWNmOWJjZmJiMDJhZTZkZjE3ZjVhLnBuZyIsImVkaXRzIjp7InJlc2l6ZSI6eyJ3aWR0aCI6NDAwfSwid2VicCI6eyJxdWFsaXR5Ijo1MH19fQ==,/sneakers/new-balance/new-balance-247-white-gum-mrl247dw-ka/94568?from=search
Adidas Alphaedge+ Black,890000,https://d5ibtax54de3q.cloudfront.net/eyJidWNrZXQiOiJraWNrYXZlbnVlLWFzc2V0cyIsImtleSI6InByb2R1Y3RzLzk2NDU4LzdiYzgzMzk0ZDk1MWNmYjk2YzVlMDZmNTI0ZTM3ZTA0LnBuZyIsImVkaXRzIjp7InJlc2l6ZSI6eyJ3aWR0aCI6NDAwfSwid2VicCI6eyJxdWFsaXR5Ijo1MH19fQ==,/sneakers/adidas/adidas-alphaedge-black-if7294-ka/96458?from=search
ASICS Japan S Black Cream,1840000,https://d5ibtax54de3q.cloudfront.net/eyJidWNrZXQiOiJraWNrYXZlbnVlLWFzc2V0cyIsImtleSI6InByb2R1Y3RzLzEwMTgyMS81NzVjYWVlMWQxNmYyYjY4M2U5NTBlNmRkMjE3OWEwZS5wbmciLCJlZGl0cyI6eyJyZXNpemUiOnsid2lkdGgiOjQwMH0sIndlYnAiOnsicXVhbGl0eSI6NTB9fX0=,/sneakers/asics/asics-japan-s-black-cream-1201a695-002-ka-2/101821?from=search
ASICS Gel Quantum 180 7 White Black,1550000,https://d5ibtax54de3q.cloudfront.net/eyJidWNrZXQiOiJraWNrYXZlbnVlLWFzc2V0cyIsImtleSI6InByb2R1Y3RzLzEwMDg0NS8yYzM4ZGJmNWE2OTczODZjZDg2NDdkZjY4YzYzY2YwZi5wbmciLCJlZGl0cyI6eyJyZXNpemUiOnsid2lkdGgiOjQwMH0sIndlYnAiOnsicXVhbGl0eSI6NTB9fX0=,/sneakers/asics/asics-gel-quantum-180-7-white-black-1201a631-101-ka-2/100845?from=search
Adidas Crazy IIInfinity Red Core Black,2510000,https://d5ibtax54de3q.cloudfront.net/eyJidWNrZXQiOiJraWNrYXZlbnVlLWFzc2V0cyIsImtleSI6InByb2R1Y3RzLzExNTQ1MC80MDFkMGM3OTY1YmJkYTIzMTMwNGIyY2VlODQxYjQ2MC5wbmciLCJlZGl0cyI6eyJyZXNpemUiOnsid2lkdGgiOjQwMH0sIndlYnAiOnsicXVhbGl0eSI6NTB9fX0=,/sneakers/adidas/adidas-crazy-iiinfinity-red-core-black-if4540-ka/115450?from=search
On Running Cloud X Black Asphalt Grey,3670000,https://d5ibtax54de3q.cloudfront.net/eyJidWNrZXQiOiJraWNrYXZlbnVlLWFzc2V0cyIsImtleSI6InByb2R1Y3RzLzk3MDIzLzE4Njk5YWY0YWMxYzNmMWFiM2U4N2I1ZGNiZDZjMzQwLnBuZyIsImVkaXRzIjp7InJlc2l6ZSI6eyJ3aWR0aCI6NDAwfSwid2VicCI6eyJxdWFsaXR5Ijo1MH19fQ==,/sneakers/on-running/on-running-cloud-x-black-asphalt-grey-4099706-ka/97023?from=search
Puma Suede Bloc White Amazon Green,890000,https://d5ibtax54de3q.cloudfront.net/eyJidWNrZXQiOiJraWNrYXZlbnVlLWFzc2V0cyIsImtleSI6InByb2R1Y3RzLzEwOTAyNy84ZmRhNWI4MmQ4MmNiMDc1OTFkMWFlMTAxZTg3NTkxNC5wbmciLCJlZGl0cyI6eyJyZXNpemUiOnsid2lkdGgiOjQwMH0sIndlYnAiOnsicXVhbGl0eSI6NTB9fX0=,/sneakers/puma/puma-suede-bloc-white-amazon-green-380705-02-ka/109027?from=search
On Running Cloudswift Denim Midnight,2400000,/static/media/kick_avenue_empty_image.cf172573.png,/sneakers/on-running/on-running-cloudswift-denim-midnight-3md10560045-ka/109596?from=search
Salomon XT-Wings 2 Quiet Shade Blue Aster Gum,3160000,https://d5ibtax54de3q.cloudfront.net/eyJidWNrZXQiOiJraWNrYXZlbnVlLWFzc2V0cyIsImtleSI6InByb2R1Y3RzLzEwMjUwMC9jY2QxY2I3MzI2ZmI4MDYzODJiMmE2NDhhZDA0OTZkZC5wbmciLCJlZGl0cyI6eyJyZXNpemUiOnsid2lkdGgiOjQwMH0sIndlYnAiOnsicXVhbGl0eSI6NTB9fX0=,/sneakers/salomon/salomon-xt-wings-2-quiet-shade-blue-aster-gum-414686-ka-2/102500?from=search
Under Armour Twenty47 Black White,900000,https://d5ibtax54de3q.cloudfront.net/eyJidWNrZXQiOiJraWNrYXZlbnVlLWFzc2V0cyIsImtleSI6InByb2R1Y3RzLzExNTkwOS85NTY1YjUxNjM3ODVmZGE4MjFjODNhOTU5NzQ5MmNlNy5wbmciLCJlZGl0cyI6eyJyZXNpemUiOnsid2lkdGgiOjQwMH0sIndlYnAiOnsicXVhbGl0eSI6NTB9fX0=,/sneakers/under-armour/under-armour-twenty47-black-white-3025619-001-ka/115909?from=search
Adidas MC87 Spikeless Golf Black White,3790000,https://d5ibtax54de3q.cloudfront.net/eyJidWNrZXQiOiJraWNrYXZlbnVlLWFzc2V0cyIsImtleSI6InByb2R1Y3RzLzEwOTUzOS83NmZiNjEwMTczZDEyMTU1ZTc0OWM0Mjg4YzgyYjVkMy5wbmciLCJlZGl0cyI6eyJyZXNpemUiOnsid2lkdGgiOjQwMH0sIndlYnAiOnsicXVhbGl0eSI6NTB9fX0=,/sneakers/adidas/adidas-mc87-spikeless-golf-black-white-ih4821-ka/109539?from=search
ASICS Kahana TR V2 White Grey Yellow,1420000,https://d5ibtax54de3q.cloudfront.net/eyJidWNrZXQiOiJraWNrYXZlbnVlLWFzc2V0cyIsImtleSI6InByb2R1Y3RzLzEwMTg4MC8zZGU2NmQyNzczZjIwMzI0ZmZiMWZhOTIxNmRjNzE5Yi5wbmciLCJlZGl0cyI6eyJyZXNpemUiOnsid2lkdGgiOjQwMH0sIndlYnAiOnsicXVhbGl0eSI6NTB9fX0=,/sneakers/asics/asics-kahana-tr-v2-white-grey-yellow-1203a259-100-ka/101880?from=search
Reebok Classic Slide Black,320000,https://d5ibtax54de3q.cloudfront.net/eyJidWNrZXQiOiJraWNrYXZlbnVlLWFzc2V0cyIsImtleSI6InByb2R1Y3RzLzExMTk3MC82YTMwODU2MGViMGEyNDM4MWMzNjE0NTZlMzNhNDcwNS5wbmciLCJlZGl0cyI6eyJyZXNpemUiOnsid2lkdGgiOjQwMH0sIndlYnAiOnsicXVhbGl0eSI6NTB9fX0=,/sneakers/reebok/reebok-classic-slide-black-rees00213706005012-ka/111970?from=search
Puma Suede VTG Kamen Rider Atmos Green Lagoon,1640000,https://d5ibtax54de3q.cloudfront.net/eyJidWNrZXQiOiJraWNrYXZlbnVlLWFzc2V0cyIsImtleSI6InByb2R1Y3RzLzExMjgwMi83NmRmZGEzZmE1ODMwN2Y5MTIzN2VlZTZhYThmMmQ5My5wbmciLCJlZGl0cyI6eyJyZXNpemUiOnsid2lkdGgiOjQwMH0sIndlYnAiOnsicXVhbGl0eSI6NTB9fX0=,/sneakers/puma/puma-suede-vtg-kamen-rider-atmos-green-lagoon-394967-01-ka/112802?from=search
Nike Air Max Dn Neutral Olive Black,2290000,https://d5ibtax54de3q.cloudfront.net/eyJidWNrZXQiOiJraWNrYXZlbnVlLWFzc2V0cyIsImtleSI6InByb2R1Y3RzLzExNDMwMi81NzNjYWFiNjc0YWNlNjAxZjg5MjFiODc0YmU2NWRmMi5wbmciLCJlZGl0cyI6eyJyZXNpemUiOnsid2lkdGgiOjQwMH0sIndlYnAiOnsicXVhbGl0eSI6NTB9fX0=,/sneakers/nike/nike-air-max-dn-neutral-olive-black-dv3337-201-ka/114302?from=search
Adidas Gazelle Bold Aqua Off White Cream White,1130000,https://d5ibtax54de3q.cloudfront.net/eyJidWNrZXQiOiJraWNrYXZlbnVlLWFzc2V0cyIsImtleSI6InByb2R1Y3RzLzExMDg0Ny84MDRjMjBiZDE3ODkwYTk5YWIyMzBiYzY0NTIzZmExNS5wbmciLCJlZGl0cyI6eyJyZXNpemUiOnsid2lkdGgiOjQwMH0sIndlYnAiOnsicXVhbGl0eSI6NTB9fX0=,/sneakers/adidas/adidas-gazelle-bold-aqua-off-white-cream-white-gy7337-ka/110847?from=search
Adidas Gazelle OG Mastermind,7390000,https://d5ibtax54de3q.cloudfront.net/eyJidWNrZXQiOiJraWNrYXZlbnVlLWFzc2V0cyIsImtleSI6InByb2R1Y3RzLzExMDg3Ni9lNDk0NjlmOGRlMGY4MjUzMmUxZDgxOGRlMTc1MmQ1OS5wbmciLCJlZGl0cyI6eyJyZXNpemUiOnsid2lkdGgiOjQwMH0sIndlYnAiOnsicXVhbGl0eSI6NTB9fX0=,/sneakers/adidas/adidas-gazelle-og-mastermind-g95045-ka/110876?from=search
Hoka One One Anacapa Low Gore-Tex Black,3050000,https://d5ibtax54de3q.cloudfront.net/eyJidWNrZXQiOiJraWNrYXZlbnVlLWFzc2V0cyIsImtleSI6InByb2R1Y3RzLzM1OTc2LzAxYjViYzQ1NmM3NzBhNDNiZmZiODgzMGY3MmJiOThjLnBuZyIsImVkaXRzIjp7InJlc2l6ZSI6eyJ3aWR0aCI6NDAwfSwid2VicCI6eyJxdWFsaXR5Ijo1MH19fQ==,/sneakers/hoka/hoka-one-one-anacapa-low-gore-tex-black-1122017-bblc-ka/35976?from=search
Nike ZoomX Invincible Run 3 Noise Aqua Green Abyss,1950000,https://d5ibtax54de3q.cloudfront.net/eyJidWNrZXQiOiJraWNrYXZlbnVlLWFzc2V0cyIsImtleSI6InByb2R1Y3RzLzkzMTMzL2M0ODEzNzBjNDA1ODQ2NTdiMDAwYzliYWM5MTZlYjg1LnBuZyIsImVkaXRzIjp7InJlc2l6ZSI6eyJ3aWR0aCI6NDAwfSwid2VicCI6eyJxdWFsaXR5Ijo1MH19fQ==,/sneakers/nike/nike-zoomx-invincible-run-3-noise-aqua-green-abyss-dr2615-401-ka/93133?from=search
Vans Era Juniper Green White,760000,https://d5ibtax54de3q.cloudfront.net/eyJidWNrZXQiOiJraWNrYXZlbnVlLWFzc2V0cyIsImtleSI6InByb2R1Y3RzLzcyMzI2L2Q2YjIwMGU0OWE4Y2QwNWFiM2QzYjE3ZTk2ZjlkZTczLnBuZyIsImVkaXRzIjp7InJlc2l6ZSI6eyJ3aWR0aCI6NDAwfSwid2VicCI6eyJxdWFsaXR5Ijo1MH19fQ==,/sneakers/vans/vans-era-juniper-green-white-vn0a5fc93jd-ka/72326?from=search
Nike ZoomX Zegama Trail Diffused Taupe,1770000,https://d5ibtax54de3q.cloudfront.net/eyJidWNrZXQiOiJraWNrYXZlbnVlLWFzc2V0cyIsImtleSI6InByb2R1Y3RzLzYzMDAwLzkxYzkxZDIyYWM4Y2JjZDcwODcxYTNlNDMzNmYyMGVhLmpwZWciLCJlZGl0cyI6eyJyZXNpemUiOnsid2lkdGgiOjQwMH0sIndlYnAiOnsicXVhbGl0eSI6NTB9fX0=,/sneakers/nike/nike-zoomx-zegama-trail-diffused-taupe-dh0623-200-ka/63000?from=search
New Balance 991 Anniversary XLD,3430000,https://d5ibtax54de3q.cloudfront.net/eyJidWNrZXQiOiJraWNrYXZlbnVlLWFzc2V0cyIsImtleSI6InByb2R1Y3RzLzIwNzkzL2E5ZTkyNDUzNTcyZGQyZTAxOTFiMmFkZDU3ZDYzNTM4LnBuZyIsImVkaXRzIjp7InJlc2l6ZSI6eyJ3aWR0aCI6NDAwfSwid2VicCI6eyJxdWFsaXR5Ijo1MH19fQ==,/sneakers/new-balance/new-balance-991-anniversary-xld-m991ani-ka-2/20793?from=search
Nike MD Runner 2 Light Bone Obsidian,1350000,https://d5ibtax54de3q.cloudfront.net/eyJidWNrZXQiOiJraWNrYXZlbnVlLWFzc2V0cyIsImtleSI6InByb2R1Y3RzLzYzNjg1LzgwMTZkYTc1Zjc4NzY1OWE4YzRjMzBlZTJhYmY4NjQ4LmpwZWciLCJlZGl0cyI6eyJyZXNpemUiOnsid2lkdGgiOjQwMH0sIndlYnAiOnsicXVhbGl0eSI6NTB9fX0=,/sneakers/nike/nike-md-runner-2-light-bone-obsidian-749794-009-ka/63685?from=search
Air Jordan Series ES Pistachio Frost (Women's),790000,https://d5ibtax54de3q.cloudfront.net/eyJidWNrZXQiOiJraWNrYXZlbnVlLWFzc2V0cyIsImtleSI6InByb2R1Y3RzLzk0MzA3LzI5M2U3MjFmNDM3MzUyNTYyMWQzYWEwZmQ3YWQ5ZTc3LnBuZyIsImVkaXRzIjp7InJlc2l6ZSI6eyJ3aWR0aCI6NDAwfSwid2VicCI6eyJxdWFsaXR5Ijo1MH19fQ==,/sneakers/nike/jordan-air-jordan-31-low-bg-dn1857-300-ka/94307?from=search
Nike Air Max 90 Premium Wheat,2680000,https://d5ibtax54de3q.cloudfront.net/eyJidWNrZXQiOiJraWNrYXZlbnVlLWFzc2V0cyIsImtleSI6InByb2R1Y3RzLzEwNDE3OC9kM2EzNjcwOGQ0YTY4NzVlMzZkNTU0MmMzMGFmOGMyMC5wbmciLCJlZGl0cyI6eyJyZXNpemUiOnsid2lkdGgiOjQwMH0sIndlYnAiOnsicXVhbGl0eSI6NTB9fX0=,/sneakers/nike/nike-air-max-90-premium-wheat-fz5102-299-ka/104178?from=search
New Balance 1906R Polka Dot Phantom,2120000,https://d5ibtax54de3q.cloudfront.net/eyJidWNrZXQiOiJraWNrYXZlbnVlLWFzc2V0cyIsImtleSI6InByb2R1Y3RzLzEwNTQ2Mi8zODE4MjVkOThhYTQxMmRkNGE3MGY3ZDMyMTUwZTJmZS5wbmciLCJlZGl0cyI6eyJyZXNpemUiOnsid2lkdGgiOjQwMH0sIndlYnAiOnsicXVhbGl0eSI6NTB9fX0=,/sneakers/new-balance/new-balance-1906r-polka-dot-phantom-m1906rpb-ka/105462?from=search
Nike Blazer Mid 77 Premium Toasty Sequoia Quilted,1080000,https://d5ibtax54de3q.cloudfront.net/eyJidWNrZXQiOiJraWNrYXZlbnVlLWFzc2V0cyIsImtleSI6InByb2R1Y3RzLzc2MjQzL2QwYTcyODQ0NDk5YjkyMTczNWY3MGYwOWYzNGE0OTU3LnBuZyIsImVkaXRzIjp7InJlc2l6ZSI6eyJ3aWR0aCI6NDAwfSwid2VicCI6eyJxdWFsaXR5Ijo1MH19fQ==,/sneakers/nike/nike-blazer-mid-77-premium-toasty-sequoia-quilted-dd8024-300-ka/76243?from=search
New Balance 990v1 MiUSA Teddy Santis Macadamia Nut,2500000,https://d5ibtax54de3q.cloudfront.net/eyJidWNrZXQiOiJraWNrYXZlbnVlLWFzc2V0cyIsImtleSI6InByb2R1Y3RzLzM0MzE4LzgwYjgwNzYzMDYxZmM1OGY4ZTFiNWFhNWFkNGU1MGEzLnBuZyIsImVkaXRzIjp7InJlc2l6ZSI6eyJ3aWR0aCI6NDAwfSwid2VicCI6eyJxdWFsaXR5Ijo1MH19fQ==,/sneakers/new-balance/new-balance-990v1-miusa-teddy-santis-macadamia-nut-m990ad1-ka-2/34318?from=search
Nike Air Max TW Triple White,900000,https://d5ibtax54de3q.cloudfront.net/eyJidWNrZXQiOiJraWNrYXZlbnVlLWFzc2V0cyIsImtleSI6InByb2R1Y3RzLzgxNzE3LzllYWRiOWQwNGE4NjNjNGIyN2Y4ODUzMjNkZmE0NGEwLnBuZyIsImVkaXRzIjp7InJlc2l6ZSI6eyJ3aWR0aCI6NDAwfSwid2VicCI6eyJxdWFsaXR5Ijo1MH19fQ==,/sneakers/nike/nike-air-max-tw-triple-white-dq3984-102-ka-2/81717?from=search
ASICS Gel Quantum 180 RE Black Carrier Grey,1900000,https://d5ibtax54de3q.cloudfront.net/eyJidWNrZXQiOiJraWNrYXZlbnVlLWFzc2V0cyIsImtleSI6InByb2R1Y3RzLzEwMTQyNS80M2FmZGY5M2U0YTA4YzIzMDhlYzZmMGJhODhlNDRjYi5wbmciLCJlZGl0cyI6eyJyZXNpemUiOnsid2lkdGgiOjQwMH0sIndlYnAiOnsicXVhbGl0eSI6NTB9fX0=,/sneakers/asics/asics-gel-quantum-180-re-black-carrier-grey-1201a376-001-ka-2/101425?from=search
Li-Ning Glare x Way of Wade 9 LS Black,1940000,https://d5ibtax54de3q.cloudfront.net/eyJidWNrZXQiOiJraWNrYXZlbnVlLWFzc2V0cyIsImtleSI6InByb2R1Y3RzLzEwMjYyNC9mMTgxMDk4YTkyYWE3ODY3NjMyNGFmMDU3ZmQ3NzFjYy5wbmciLCJlZGl0cyI6eyJyZXNpemUiOnsid2lkdGgiOjQwMH0sIndlYnAiOnsicXVhbGl0eSI6NTB9fX0=,/sneakers/li-ning/li-ning-glare-x-way-of-wade-9-ls-black-abcs073-4-ka-2/102624?from=search
Hoka One One Clifton 8 2E Wide 'Black',3140000,https://d5ibtax54de3q.cloudfront.net/eyJidWNrZXQiOiJraWNrYXZlbnVlLWFzc2V0cyIsImtleSI6InByb2R1Y3RzLzk3NzEzLzJjZTMxYWYwZDcwMTA4MmU3NTcwYWJkYTljMWY4YmE4LnBuZyIsImVkaXRzIjp7InJlc2l6ZSI6eyJ3aWR0aCI6NDAwfSwid2VicCI6eyJxdWFsaXR5Ijo1MH19fQ==,/sneakers/hoka/hoka-one-one-clifton-8-2e-wide-black-1121374-bblc-ka/97713?from=search
NIke Court Royale 2 Next Nature White Lt Photo Blue,980000,https://d5ibtax54de3q.cloudfront.net/eyJidWNrZXQiOiJraWNrYXZlbnVlLWFzc2V0cyIsImtleSI6InByb2R1Y3RzLzYwMzU0Lzg0NDhiMTU1ZGUzOTkxNmRiMTcwNDk3NDY3ZjE2YzYwLmpwZWciLCJlZGl0cyI6eyJyZXNpemUiOnsid2lkdGgiOjQwMH0sIndlYnAiOnsicXVhbGl0eSI6NTB9fX0=,/sneakers/nike/nike-court-royale-2-next-nature-white-lt-photo-blue-dh3160-103-ka/60354?from=search
Nike Air Max Pulse Black Malachite,1250000,https://d5ibtax54de3q.cloudfront.net/eyJidWNrZXQiOiJraWNrYXZlbnVlLWFzc2V0cyIsImtleSI6InByb2R1Y3RzLzgxNjAwL2M2ZDZiYTljODFkOTEzNWFmNzU3MDJmNjA5NzdlZjgwLnBuZyIsImVkaXRzIjp7InJlc2l6ZSI6eyJ3aWR0aCI6NDAwfSwid2VicCI6eyJxdWFsaXR5Ijo1MH19fQ==,/sneakers/nike/nike-air-max-pulse-black-malachite-fn7459-003-ka-2/81600?from=search
On Running Cloudvista 2 Lima Kiwi,3340000,https://d5ibtax54de3q.cloudfront.net/eyJidWNrZXQiOiJraWNrYXZlbnVlLWFzc2V0cyIsImtleSI6InByb2R1Y3RzLzExMTM5Ni9mNzllMGQ1YjkwMjc2MmIwMjQyNDdmODI4YWViYmFmYy5wbmciLCJlZGl0cyI6eyJyZXNpemUiOnsid2lkdGgiOjQwMH0sIndlYnAiOnsicXVhbGl0eSI6NTB9fX0=,/sneakers/on-running/on-running-cloudvista-2-lima-kiwi-3me30112853-ka/111396?from=search
Nike Air Max Alpha Trainer 6 Black White,1060000,https://d5ibtax54de3q.cloudfront.net/eyJidWNrZXQiOiJraWNrYXZlbnVlLWFzc2V0cyIsImtleSI6InByb2R1Y3RzLzEwNzg1MC83N2Y0OTM1ZTY3MTk2MWQwNGMzYzk4NmUxOTYwM2UzNC5wbmciLCJlZGl0cyI6eyJyZXNpemUiOnsid2lkdGgiOjQwMH0sIndlYnAiOnsicXVhbGl0eSI6NTB9fX0=,/sneakers/nike/nike-air-max-alpha-trainer-6-black-white-fq1833-001-ka/107850?from=search
Nike Air Kukini SE Cream Grey,1210000,https://d5ibtax54de3q.cloudfront.net/eyJidWNrZXQiOiJraWNrYXZlbnVlLWFzc2V0cyIsImtleSI6InByb2R1Y3RzLzgxMTQ3Lzg1OTliMTk0MWYzYmM3NWM1MTAxNmZjNGU0NDc5Nzg2LnBuZyIsImVkaXRzIjp7InJlc2l6ZSI6eyJ3aWR0aCI6NDAwfSwid2VicCI6eyJxdWFsaXR5Ijo1MH19fQ==,/sneakers/nike/nike-air-kukini-se-cream-grey-dv0659-201-ka/81147?from=search
Nike SB Air Max Ishod Wair 2 White Varsity Red,1020000,https://d5ibtax54de3q.cloudfront.net/eyJidWNrZXQiOiJraWNrYXZlbnVlLWFzc2V0cyIsImtleSI6InByb2R1Y3RzLzc5MjQzL2ViMmNjZGNhNDQzZWQ5YjI1ZDA5N2RiMjA4YjRhNmVkLnBuZyIsImVkaXRzIjp7InJlc2l6ZSI6eyJ3aWR0aCI6NDAwfSwid2VicCI6eyJxdWFsaXR5Ijo1MH19fQ==,/sneakers/nike/nike-sb-air-max-ishod-wair-2-white-varsity-red-fb2393-100-ka/79243?from=search
Nike Air Max Terrascape Plus Medium Olive,1430000,https://d5ibtax54de3q.cloudfront.net/eyJidWNrZXQiOiJraWNrYXZlbnVlLWFzc2V0cyIsImtleSI6InByb2R1Y3RzLzgxNjg3L2FiNGJjOWMxNGY0NzRhMTdmOTAyNmI5YTQ0Y2M5OWU5LnBuZyIsImVkaXRzIjp7InJlc2l6ZSI6eyJ3aWR0aCI6NDAwfSwid2VicCI6eyJxdWFsaXR5Ijo1MH19fQ==,/sneakers/nike/nike-air-max-terrascape-plus-medium-olive-dv7513-301-ka/81687?from=search
Air Jordan 1 Centre Court White Green,870000,https://d5ibtax54de3q.cloudfront.net/eyJidWNrZXQiOiJraWNrYXZlbnVlLWFzc2V0cyIsImtleSI6InByb2R1Y3RzLzkyMjUzLzYzMWEwZWJiMGUzM2VkOTQ1MDE1YmU2YWY1ZGU2YjRlLnBuZyIsImVkaXRzIjp7InJlc2l6ZSI6eyJ3aWR0aCI6NDAwfSwid2VicCI6eyJxdWFsaXR5Ijo1MH19fQ==,/sneakers/air-jordan/air-jordan-1-centre-court-white-green-dj2756-113-ka/92253?from=search
Adidas Gazelle Indoor Linen Green Solar Orange (Women's),1110000,https://d5ibtax54de3q.cloudfront.net/eyJidWNrZXQiOiJraWNrYXZlbnVlLWFzc2V0cyIsImtleSI6InByb2R1Y3RzLzExMDU4Ni9mODMyMzBjNDIzN2VlNzM3ZDZkZGI4MTg5ZTRmZDY3Ny5wbmciLCJlZGl0cyI6eyJyZXNpemUiOnsid2lkdGgiOjQwMH0sIndlYnAiOnsicXVhbGl0eSI6NTB9fX0=,/sneakers/adidas/adidas-gazelle-indoor-linen-green-solar-orange-w-if6982-ka/110586?from=search
New Balance 990v1 MiUSA Teddy Santis Marblehead Incense,2590000,https://d5ibtax54de3q.cloudfront.net/eyJidWNrZXQiOiJraWNrYXZlbnVlLWFzc2V0cyIsImtleSI6InByb2R1Y3RzLzM0Nzg2LzhjYzdjYWJmOWU5NzlmMGE3NTVkOWY4YmZkZTFkYWYwLnBuZyIsImVkaXRzIjp7InJlc2l6ZSI6eyJ3aWR0aCI6NDAwfSwid2VicCI6eyJxdWFsaXR5Ijo1MH19fQ==,/sneakers/new-balance/new-balance-990v1-miusa-teddy-santis-marblehead-incense-m990ta1-ka-2/34786?from=search
ASICS Gel Jadeite Black Pure Gold,1380000,https://d5ibtax54de3q.cloudfront.net/eyJidWNrZXQiOiJraWNrYXZlbnVlLWFzc2V0cyIsImtleSI6InByb2R1Y3RzLzEwMDI1OS8xZDk4MmZlNzI3ZTc1NWFlZmE5MDExYzIxMGZhZDNmNi5wbmciLCJlZGl0cyI6eyJyZXNpemUiOnsid2lkdGgiOjQwMH0sIndlYnAiOnsicXVhbGl0eSI6NTB9fX0=,/sneakers/asics/asics-gel-jadeite-black-pure-gold-1011b401-001-ka-2/100259?from=search
Li-Ning Wade 808 2 Ultra Family Love,1570000,https://d5ibtax54de3q.cloudfront.net/eyJidWNrZXQiOiJraWNrYXZlbnVlLWFzc2V0cyIsImtleSI6InByb2R1Y3RzLzEwMjc0MC85MGUxNzMwNDViZjcxMmNiNDZhZGNhMWYwNTgyMGUzMS5wbmciLCJlZGl0cyI6eyJyZXNpemUiOnsid2lkdGgiOjQwMH0sIndlYnAiOnsicXVhbGl0eSI6NTB9fX0=,/sneakers/li-ning/li-ning-wade-808-2-ultra-family-love-abps063-3-ka/102740?from=search
Air Jordan Why Not Zer0.5 PF Raging Grace,1110000,https://d5ibtax54de3q.cloudfront.net/eyJidWNrZXQiOiJraWNrYXZlbnVlLWFzc2V0cyIsImtleSI6InByb2R1Y3RzLzkzOTIyLzczN2UyNzlhZWIzM2Q4YWJjM2VmNmNhYTI2YTM2OTc4LnBuZyIsImVkaXRzIjp7InJlc2l6ZSI6eyJ3aWR0aCI6NDAwfSwid2VicCI6eyJxdWFsaXR5Ijo1MH19fQ==,/sneakers/nike/jordan-jordan-why-not-zer05-pf-raging-grace-do8966-002-ka/93922?from=search
Crocs Pollex Clog Salehe Bembury Crocodile,900000,https://d5ibtax54de3q.cloudfront.net/eyJidWNrZXQiOiJraWNrYXZlbnVlLWFzc2V0cyIsImtleSI6InByb2R1Y3RzLzMyNDAxLzg3NzZiYzFkMDExZTk3NjBkZDQxNTQ0ZTkwYWI1MzQ5LnBuZyIsImVkaXRzIjp7InJlc2l6ZSI6eyJ3aWR0aCI6NDAwfSwid2VicCI6eyJxdWFsaXR5Ijo1MH19fQ==,/sneakers/crocs/crocs-pollex-clog-salehe-bembury-crocodile-207393-30t-ka/32401?from=search
Crocs Pollex Clog by Salehe Bembury Cobbler,2480000,https://d5ibtax54de3q.cloudfront.net/eyJidWNrZXQiOiJraWNrYXZlbnVlLWFzc2V0cyIsImtleSI6InByb2R1Y3RzLzM3NDA3Lzc3NzI1NjkzZWE2ZGEwMmQ1MjkxNzc3NDFiMDFmOTQyLnBuZyIsImVkaXRzIjp7InJlc2l6ZSI6eyJ3aWR0aCI6NDAwfSwid2VicCI6eyJxdWFsaXR5Ijo1MH19fQ==,/sneakers/crocs/crocs-pollex-clog-by-salehe-bembury-cobbler-207393-837-ka/37407?from=search
Li-Ning Speed 9 Premium White Pink,1030000,https://d5ibtax54de3q.cloudfront.net/eyJidWNrZXQiOiJraWNrYXZlbnVlLWFzc2V0cyIsImtleSI6InByb2R1Y3RzLzEwMjcwOC8xNjg3OWQzMDM1ZjQyMTJlNmFjMzU1NTM3ODNjZjE0Mi5wbmciLCJlZGl0cyI6eyJyZXNpemUiOnsid2lkdGgiOjQwMH0sIndlYnAiOnsicXVhbGl0eSI6NTB9fX0=,/sneakers/li-ning/li-ning-speed-9-premium-white-pink-abas071-2-ka/102708?from=search
Nike Air Max Solo White Pure Platinum,920000,https://d5ibtax54de3q.cloudfront.net/eyJidWNrZXQiOiJraWNrYXZlbnVlLWFzc2V0cyIsImtleSI6InByb2R1Y3RzLzc1Mzc5L2Y2ZGJhYTA5NTU1YjM5NWZiM2IzMTE1MDJmYzZmM2QzLnBuZyIsImVkaXRzIjp7InJlc2l6ZSI6eyJ3aWR0aCI6NDAwfSwid2VicCI6eyJxdWFsaXR5Ijo1MH19fQ==,/sneakers/nike/nike-air-max-solo-white-pure-platinum-dx3666-100-ka/75379?from=search
Nike Kyrie 7 EP Visions,3160000,https://d5ibtax54de3q.cloudfront.net/eyJidWNrZXQiOiJraWNrYXZlbnVlLWFzc2V0cyIsImtleSI6InByb2R1Y3RzLzgyMzM2LzQ5Yjk0OTlhNzkzNDY1OWU4Mjc0YmFiYTc0NWNkNTU5LnBuZyIsImVkaXRzIjp7InJlc2l6ZSI6eyJ3aWR0aCI6NDAwfSwid2VicCI6eyJxdWFsaXR5Ijo1MH19fQ==,/sneakers/nike/nike-kyrie-7-ep-visions-dc9121-001-ka-2/82336?from=search
New Balance 610 Angora,1070000,https://d5ibtax54de3q.cloudfront.net/eyJidWNrZXQiOiJraWNrYXZlbnVlLWFzc2V0cyIsImtleSI6InByb2R1Y3RzLzk4NTI5LzBkNWJhZjQ2NWQ4NGE2ZTAxMWNkYThjZjYxZjY1MmVkLnBuZyIsImVkaXRzIjp7InJlc2l6ZSI6eyJ3aWR0aCI6NDAwfSwid2VicCI6eyJxdWFsaXR5Ijo1MH19fQ==,/sneakers/new-balance/new-balance-610-angora-ml610tf-ka/98529?from=search
Nike ACG Lowcate Bacon,1010000,https://d5ibtax54de3q.cloudfront.net/eyJidWNrZXQiOiJraWNrYXZlbnVlLWFzc2V0cyIsImtleSI6InByb2R1Y3RzLzg0NTEzL2I4MTA5ZjVlYmQ5MWVmNDY3YjlkN2VhMjA4MzZiY2MwLnBuZyIsImVkaXRzIjp7InJlc2l6ZSI6eyJ3aWR0aCI6NDAwfSwid2VicCI6eyJxdWFsaXR5Ijo1MH19fQ==,/sneakers/nike/nike-acg-lowcate-bacon-dm8019-201-ka/84513?from=search
ASICS Magic Speed 2 Ekiden,2770000,https://d5ibtax54de3q.cloudfront.net/eyJidWNrZXQiOiJraWNrYXZlbnVlLWFzc2V0cyIsImtleSI6InByb2R1Y3RzLzEwMTkzMy81ZjNiNmRmNGZjOGUyOWQxYTMyNWU0MDg5MzViNWUxMC5wbmciLCJlZGl0cyI6eyJyZXNpemUiOnsid2lkdGgiOjQwMH0sIndlYnAiOnsicXVhbGl0eSI6NTB9fX0=,/sneakers/asics/asics-magic-speed-2-ekiden-1011b497-300-ka/101933?from=search
ASICS Novablast 3 Black Island Blue,2240000,https://d5ibtax54de3q.cloudfront.net/eyJidWNrZXQiOiJraWNrYXZlbnVlLWFzc2V0cyIsImtleSI6InByb2R1Y3RzLzEwMjEyMC8zMzA2MjlmM2VhYzg3NzZmYWU2ZjgwNWQyNDYxOTY4MC5wbmciLCJlZGl0cyI6eyJyZXNpemUiOnsid2lkdGgiOjQwMH0sIndlYnAiOnsicXVhbGl0eSI6NTB9fX0=,/sneakers/asics/asics-novablast-3-black-island-blue-1011b458-004-ka/102120?from=search
Vans Sk8-Mid 83 DX Anaheim x Neighborhood Black,2140000,https://d5ibtax54de3q.cloudfront.net/eyJidWNrZXQiOiJraWNrYXZlbnVlLWFzc2V0cyIsImtleSI6InByb2R1Y3RzLzc4MzMyLzc5NTA4MzlhYTA4ZjY2MWE3NDU2OTc1YzFhY2E5YzY2LnBuZyIsImVkaXRzIjp7InJlc2l6ZSI6eyJ3aWR0aCI6NDAwfSwid2VicCI6eyJxdWFsaXR5Ijo1MH19fQ==,/sneakers/vans/vans-sk8-mid-83-dx-anaheim-x-neighborhood-black-vn0a5jmfcjj-ka/78332?from=search
Nike Dunk Low Retro PRM Mars Stone,1050000,https://d5ibtax54de3q.cloudfront.net/eyJidWNrZXQiOiJraWNrYXZlbnVlLWFzc2V0cyIsImtleSI6InByb2R1Y3RzLzc1NjE1LzAzZjc1NDVkYzcyZDAyNzdhYTg5MDAxZDcxOTUyOTA3LnBuZyIsImVkaXRzIjp7InJlc2l6ZSI6eyJ3aWR0aCI6NDAwfSwid2VicCI6eyJxdWFsaXR5Ijo1MH19fQ==,/sneakers/nike/nike-dunk-low-retro-prm-mars-stone-dr9704-200-ka/75615?from=search
Adidas Y-3 Gazelle Off White,3020000,https://d5ibtax54de3q.cloudfront.net/eyJidWNrZXQiOiJraWNrYXZlbnVlLWFzc2V0cyIsImtleSI6InByb2R1Y3RzLzExMDY3NS9iNWZiOWRiMjA1ZWQyYmI1NGU3N2ZkYzkxNDFlNjA5Zi5wbmciLCJlZGl0cyI6eyJyZXNpemUiOnsid2lkdGgiOjQwMH0sIndlYnAiOnsicXVhbGl0eSI6NTB9fX0=,/sneakers/adidas/adidas-y-3-gazelle-off-white-fz6404-ka/110675?from=search
